CASEID,PSU,CASENO,CASENUMBER,CATEGORY,VEHNO,VIN,VINLENGTH,VPICMAKE,VPICMODEL,VPICBODYCLASS,ICFINALBODY,MAKE,MODEL,MODELYR,BODYTYPE,BODYCAT,VEHCLASS,SPECUSE,TRANSTAT,DAMPLANE,DAMSEV,CURBWT,CURBSRC,CARGOWT,CARGOSRC,INSPTYPE,INSPLAG,TOWED,SPEEDLIMIT,DRPRESENT,PARALCOHOL,ALCTEST,ALCTESTRESULT,ALCTESTSRC,PARDRUG,DRUGTEST,ZIP,RACE,ETHNICITY,RELTOJUNCT,TRAFFLOW,RDLANES,INITLANE,SURFTYPE,SURFCOND,ALIGNMENT,PROFILE,LINERIGHT,LINELEFT,RUMBINIT,RUMBROAD,LIGHTCOND,WEATHER,TRAFDEV,TRAFFUNCT,DISTRACT,PREFHE,PREMOVE,CRITCAT,CRITEVENT,MANEUVER,PRESTAB,PRELOC,CRASHCAT,CRASHCONF,CRASHTYPE,ROLLTYPE,ROLLTURN,ROLLINTRPT,ROLLPREMAN,ROLLINITYP,ROLLINLOC,ROLLOBJ,ROLLTRIP,ROLLDIR,ROLLDIST,DVANGTHIS,DVANGOTH,TOWHITCH,TRAJDOC,TREEPOLE,DVEVENT,DVBASIS,DVTOTAL,DVLONG,DVLAT,DVENERGY,DVSPEED,DVMOMENT,DVBES,DVEST,DVCONF,VAIS,VISS,VINJURED,VTREAT,INITOBJCLASS,HEADANGLECAT,SHLDRWIDTH,STRKLENGTH,STRKWIDTH,STRKHEIGHT,EDGEDISTX,EDGEDISTY,EDGEDISTZ,CASEWGT,PSUSTRAT,VERSION
20282,10,1,1-10-2021-001-06,6,1,1FADP3F29FL3,17,460,1779,13,0,12,37,2015,4,1,3,0,1,F,2,1340,5,0,1,1,13,2,56,1,0,0,995,0,0,0,45406,9,9,0,4,2,1,2,2,1,1,0,2,0,0,3,8,0,0,3,1,1,2,13,1,1,4,1,C,11,0,0,0,0,0,0,0,0,0,0,100,90,0,0,0,2,11,999,999,999,9999999,999,999,999,7,0,9,97,0,8,0,995,9.8,998,998,998,99.8,99.8,99.8,71.5692747401652,4,6
20282,10,1,1-10-2021-001-06,6,2,YV1CZ59HX410,17,485,3132,7,0,51,401,2004,14,3,14,0,2,B,2,2046,5,9999,9,4,18,,,,,,,,,,,,,,,,,,,,,,,,,,,,,,,,,,,,,,,,,,,,,,,,,,,,,,,,,,,,,,,,,,95,95,95,95,,,,,,,,,,71.5692747401652,4,6
20282,10,1,1-10-2021-001-06,6,3,1G3WH52H82F2,17,4162,8988,13,0,21,23,2002,4,1,3,0,2,B,9,1557,5,9999,9,0,998,,,,,,,,,,,,,,,,,,,,,,,,,,,,,,,,,,,,,,,,,,,,,,,,,,,,,,,,,,,,,,,,,,95,95,95,95,,,,,,,,,,71.5692747401652,4,6
20284,17,1,1-17-2021-001-04,4,1,1G1ZD5ST6LF0,17,467,1834,13,0,20,37,2020,4,1,4,0,1,U,1,1418,5,0,1,1,7,2,40,1,9,0,995,0,9,0,61284,1,2,1,3,1,1,1,5,3,9,1,2,2,2,2,4,0,0,1,1,14,1,6,7,4,4,1,B,7,0,0,0,0,0,0,0,0,0,0,998,998,0,0,0,1,12,999,999,999,9999999,999,999,999,6,0,0,0,0,0,0,998,9.9,999,999,999,99.9,99.9,99.9,174.139873195186,4,6
20287,48,1,1-48-2021-001-05,5,1,1FDEE14H6RHC,17,460,1796,95,0,12,461,1994,21,4,21,0,1,F,2,2295,5,0,1,1,7,2,56,1,0,0,995,0,0,0,84302,9,9,3,5,5,2,2,2,1,1,3,2,0,0,1,8,0,0,9,1,15,3,54,99,1,2,3,G,52,0,0,0,0,0,0,0,0,0,0,20,160,0,0,0,1,3,36,-34,12,153607,998,82,36,0,2,99,99,0,99,0,995,9.8,998,998,998,99.8,99.8,99.8,78.857409982963,12,6
20287,48,1,1-48-2021-001-05,5,2,1FTFW1ET4EKE,17,460,1801,60,0,12,481,2014,34,5,31,0,1,F,2,2593,8,0,1,1,7,2,56,1,0,0,995,0,0,0,84302,1,2,3,5,5,3,2,2,1,1,4,4,0,0,1,8,0,0,1,0,1,4,62,1,1,1,3,G,52,0,0,0,0,0,0,0,0,0,0,160,20,0,0,0,1,3,31,-29,-11,127100,998,-89,31,0,2,3,10,1,4,0,995,9.8,998,998,998,99.8,99.8,99.8,78.857409982963,12,6
20295,73,1,1-73-2021-001-03,3,1,1G1ZD5ST7LF1,17,467,1834,13,0,20,37,2020,4,1,4,0,1,F,2,1418,5,0,1,4,11,2,89,1,1,0,995,0,1,0,04537,9,9,2,4,2,1,2,1,2,1,1,1,0,0,4,1,0,0,9,1,14,2,13,99,1,4,1,A,1,0,0,0,0,0,0,0,0,0,0,998,998,0,0,1,1,12,999,999,999,9999999,999,999,999,7,0,3,22,1,3,0,998,0.0,18,18,120,16.8,0.0,16.8,84.9174987531493,3,6
20297,28,1,1-28-2021-001-04,4,1,1FTFW1E54JKF,17,460,1801,60,0,12,481,2018,34,5,31,0,1,F,1,2236,5,136,1,1,4,2,72,1,0,0,995,0,0,0,16912,1,2,0,4,2,1,2,1,3,2,1,2,0,0,2,1,0,0,3,1,14,2,12,1,1,4,1,B,6,0,0,0,0,0,0,0,0,0,0,998,998,0,0,0,1,5,999,999,999,9999999,999,999,999,6,0,0,0,0,0,0,998,0.5,120,44,67,1.6,0.8,2.1,45.9105930634752,3,6
20303,32,1,1-32-2021-001-03,3,1,SLA689X54KU1,17,445,25883,7,0,69,42,2019,15,3,15,0,1,F,9,2753,5,9999,9,0,998,2,72,1,0,0,995,0,0,0,99999,9,9,0,1,3,3,2,2,1,1,3,2,0,0,3,2,0,0,9,1,1,2,12,99,1,4,1,B,6,0,0,0,0,0,0,0,0,0,0,998,998,0,0,2,1,0,999,999,999,9999999,999,999,999,9,0,9,97,0,0,0,998,0.0,999,999,120,2.1,0.3,2.0,100.4525138217,7,6
20312,26,1,1-26-2021-001-03,3,1,5N1AT2MT1JC7,17,478,1913,8,0,35,51,2018,6,1,3,0,1,F,1,1550,5,0,1,3,24,2,24,1,0,0,995,0,0,0,95621,1,2,0,4,2,1,2,1,3,1,0,4,0,0,1,1,0,0,3,1,14,2,13,1,1,4,1,A,1,0,0,0,0,0,0,0,0,0,0,998,998,0,0,0,1,12,999,999,999,9999999,999,999,999,6,0,2,5,0,4,0,998,0.0,120,999,96,0.0,0.0,0.0,30.3310210611372,10,6
20314,18,1,1-18-2021-001-04,4,1,1C4RDJDG9JC2,17,476,3508,7,0,7,422,2018,15,3,15,0,1,F,9,2262,5,0,1,3,7,2,113,1,0,0,995,0,0,0,54729,9,9,0,1,2,1,1,1,3,1,1,3,2,3,2,8,0,0,9,0,14,6,87,99,1,1,1,C,13,0,0,0,0,0,0,0,0,0,0,998,998,0,0,0,1,12,999,999,999,9999999,999,999,999,9,0,0,0,0,0,0,998,9.8,998,998,998,99.8,99.8,99.8,63.5551976654417,6,6
20317,19,1,1-19-2021-001-04,4,1,19XFC2F50JE0,17,474,1863,13,0,37,31,2018,4,1,3,0,1,U,2,1244,5,0,1,1,5,3,89,1,0,0,995,0,0,0,36116,2,9,0,4,2,1,2,1,1,1,1,2,0,0,1,1,0,0,9,0,1,6,87,99,1,1,1,C,13,0,0,0,0,0,0,0,0,0,0,998,998,0,0,0,2,7,999,999,999,9999999,999,999,999,7,0,0,0,0,0,0,998,9.8,998,998,998,99.8,99.8,99.8,204.388409819903,9,6
20321,15,1,1-15-2021-001-07,7,1,2HKRM4H54CH6,17,474,1865,7,0,37,402,2012,14,3,14,0,1,R,9,1583,5,0,1,4,18,2,48,1,8,9,998,8,7,9,11550,1,2,2,1,3,3,2,1,1,1,1,2,0,0,1,1,1,2,1,0,11,2,15,1,1,1,4,J,68,0,0,0,0,0,0,0,0,0,0,110,0,0,0,0,1,12,999,999,999,9999999,999,999,999,9,0,0,0,0,0,0,995,9.8,998,998,998,99.8,99.8,99.8,17.5132595737673,1,6
20321,15,1,1-15-2021-001-07,7,2,3N1AB61E17L6,17,478,1907,13,0,35,43,2007,4,1,3,0,1,F,9,1273,5,9999,9,4,25,2,48,1,8,9,998,8,7,9,11040,9,9,2,1,3,2,2,1,1,1,1,1,0,0,1,1,1,2,9,0,1,4,62,99,1,1,4,J,69,0,0,0,0,0,0,0,0,0,0,0,110,0,0,0,1,12,999,999,999,9999999,999,999,999,9,0,0,0,0,0,0,995,9.8,998,998,998,99.8,99.8,99.8,17.5132595737673,1,6
20327,29,1,1-29-2021-001-05,5,1,1G1JC5SB8D41,17,467,1835,13,0,20,28,2013,4,1,1,0,1,F,3,1237,5,0,1,1,10,2,48,1,8,0,995,0,0,0,02745,9,9,0,4,2,1,2,2,1,1,0,2,0,0,1,2,0,0,9,1,1,2,10,1,1,2,3,G,50,0,0,0,0,0,0,0,0,0,0,150,345,0,0,0,1,1,44,-44,-8,167959,998,-23,55,0,1,3,11,1,4,0,995,9.8,998,998,998,99.8,99.8,99.8,26.8849197543191,2,6
20327,29,1,1-29-2021-001-05,5,2,JTLKT3249401,17,448,2210,7,0,49,49,2004,6,1,1,0,1,F,3,1120,8,0,1,1,24,2,48,1,8,0,995,0,0,0,02740,9,9,0,4,2,1,2,2,1,1,0,2,0,0,1,2,0,0,9,0,1,4,62,99,1,1,3,G,51,0,0,0,0,0,0,0,0,0,0,345,150,0,0,0,1,1,51,-50,9,71317,998,36,38,0,1,9,97,0,8,0,995,9.8,998,998,998,99.8,99.8,99.8,26.8849197543191,2,6
20330,21,1,1-21-2021-001-09,9,1,JHMZE13551T0,17,474,1870,5,0,37,37,2001,3,1,1,0,1,F,1,852,5,0,1,1,12,2,64,1,9,0,995,0,9,0,99999,9,9,0,5,5,1,2,1,1,1,0,3,0,0,1,1,0,0,9,1,1,2,11,99,1,4,1,C,11,0,0,0,0,0,0,0,0,0,0,285,285,0,0,0,1,98,999,999,999,9999999,999,999,999,6,0,99,99,0,99,0,995,2.3,78,15,15,0.0,0.0,0.0,100.603121066211,11,6
20330,21,1,1-21-2021-001-09,9,2,5TDZA3EH4CS0,17,448,2213,7,0,49,403,2012,14,3,14,0,2,L,1,1745,5,9999,9,5,18,,,,,,,,,,,,,,,,,,,,,,,,,,,,,,,,,,,,,,,,,,,,,,,,,,,,,,,,,,,,,,,,,,95,95,95,95,,,,,,,,,,100.603121066211,11,6
20332,30,1,1-30-2021-001-03,3,1,1C3CCBAB3CN1,17,477,2053,13,0,6,18,2012,4,1,3,0,1,R,9,1537,5,9999,9,0,998,2,64,1,0,0,995,0,0,0,85301,9,9,2,4,5,2,2,1,1,1,3,1,0,0,3,1,1,2,3,0,1,2,17,99,1,1,5,L,87,0,0,0,0,0,0,0,0,0,0,90,0,0,0,0,1,0,999,999,999,9999999,999,999,999,9,0,9,97,0,99,0,995,9.8,998,998,998,99.8,99.8,99.8,51.7591756077478,10,6
20332,30,1,1-30-2021-001-03,3,2,5TFAY5F10LX9,17,448,2467,60,0,49,482,2020,34,5,31,0,1,F,1,2555,5,9999,9,4,62,2,64,1,0,0,995,0,0,0,85033,9,9,2,4,7,4,2,1,1,1,3,1,0,0,3,1,1,2,1,0,1,4,66,99,1,1,5,L,86,0,0,0,0,0,0,0,0,0,0,0,90,0,0,0,1,12,999,999,999,9999999,999,999,999,6,0,9,97,0,8,0,995,9.8,998,998,998,99.8,99.8,99.8,51.7591756077478,10,6
20335,20,2,1-20-2021-002-04,4,1,1G1FY6S05K41,17,467,13672,5,0,20,40,2019,5,1,2,0,1,F,2,1625,5,0,1,1,7,2,56,1,0,0,995,0,0,0,93955,1,9,2,2,3,1,2,1,1,1,0,3,0,0,3,1,1,2,1,0,1,4,62,1,1,1,4,J,69,0,0,0,0,0,0,0,0,0,0,250,0,0,0,0,1,1,26,-26,0,18428,998,31,16,0,1,0,0,0,0,0,995,0.0,40,40,120,2.3,1.1,2.5,48.2951484801239,11,6
20335,20,2,1-20-2021-002-04,4,2,3VW4T7AJ5DM2,17,482,3137,13,0,30,40,2013,4,1,3,0,1,R,2,1307,5,0,1,1,11,2,56,1,0,0,995,0,0,0,95122,9,1,2,1,4,4,2,1,1,1,1,0,0,0,3,1,1,2,1,0,11,2,15,1,1,1,4,J,68,0,0,0,0,0,0,0,0,0,0,0,250,0,0,0,1,1,30,-10,-28,96158,998,79,36,0,1,1,1,0,99,0,995,9.8,998,998,998,99.8,99.8,99.8,48.2951484801239,11,6
20341,77,1,1-77-2021-001-02,2,1,1G1ZD5STXKF1,17,467,1834,13,0,20,37,2019,4,1,4,0,1,F,3,1400,5,0,1,1,4,2,89,1,0,0,995,0,0,0,22903,2,2,0,4,2,1,2,1,1,4,1,2,1,0,2,1,0,0,1,1,1,6,87,3,1,4,1,B,8,1,6,1,2,2,4,42,4,1,24,998,998,0,0,0,2,12,999,999,999,9999999,999,999,999,8,0,1,3,0,6,3,998,0.6,999,999,999,99.9,99.9,99.9,104.8752156361,9,6
20344,10,2,1-10-2021-002-02,2,1,KNDJP3A53H74,17,499,2460,7,0,63,37,2017,6,1,2,0,1,F,1,1231,5,0,1,1,12,2,72,1,0,0,995,0,0,0,45415,1,9,0,5,5,1,2,1,1,1,0,3,0,0,1,1,0,0,1,0,1,3,50,1,1,1,2,D,20,0,0,0,0,0,0,0,0,0,0,60,60,0,0,0,1,5,999,999,999,9999999,999,999,18,2,0,1,1,0,4,0,995,9.8,998,998,998,99.8,99.8,99.8,49.2079645755902,4,6
20344,10,2,1-10-2021-002-02,2,2,1GBCS10A6M29,17,467,14457,7,0,20,401,1991,14,3,14,0,1,B,2,1200,5,0,1,4,4,2,72,1,0,0,995,0,0,0,45406,9,9,0,5,5,1,2,1,1,1,0,3,0,0,1,1,0,0,1,0,5,3,53,1,1,1,2,D,21,0,0,0,0,0,0,0,0,0,0,60,60,0,0,0,1,98,999,999,999,9999999,999,999,999,7,0,9,97,0,5,0,995,9.8,998,998,998,99.8,99.8,99.8,49.2079645755902,4,6
20347,17,2,1-17-2021-002-05,5,1,KMHCT4AE8FU9,17,498,2773,13,0,55,36,2015,4,1,2,0,1,R,1,1155,5,0,1,1,6,2,48,1,9,1,217,2,9,2,61244,2,2,0,4,2,1,1,5,1,1,0,4,0,0,3,5,0,0,9,1,1,1,6,99,4,4,1,B,7,0,0,0,0,0,0,0,0,0,0,998,998,0,1,1,4,1,10,-5,-9,5618,998,42,10,0,4,4,24,1,3,0,998,0.0,999,999,120,5.7,1.8,6.0,141.25277823104,4,6
20351,24,1,1-24-2021-001-04,4,1,WBAVD13526KV,17,452,2765,13,0,34,34,2006,4,1,3,0,1,R,1,1615,5,9999,9,0,998,5,56,1,0,0,995,0,0,0,08234,9,9,2,4,3,2,2,1,1,1,1,1,0,0,1,1,2,2,9,0,11,2,15,99,1,1,4,K,76,0,0,0,0,0,0,0,0,0,0,90,30,0,0,0,1,3,3,1,-3,858,998,-213,2,0,4,95,95,95,95,0,995,9.8,998,998,998,99.8,99.8,99.8,222.125825515611,1,6
20351,24,1,1-24-2021-001-04,4,2,1N6BD0CTXHN7,17,478,1919,60,0,35,472,2017,34,5,30,0,1,L,1,1712,5,0,1,1,11,2,80,1,0,0,995,0,0,0,08087,9,9,2,4,5,2,2,1,1,1,1,2,0,0,1,1,0,0,9,0,1,4,65,1,1,1,4,K,77,0,0,0,0,0,0,0,0,0,0,30,90,0,0,0,1,3,3,-3,1,2036,998,-131,4,0,4,0,0,0,0,0,995,9.8,998,998,998,99.8,99.8,99.8,222.125825515611,1,6
20353,52,1,1-52-2021-001-06,6,1,1GNSKCKC0GR2,17,467,1852,7,0,20,421,2016,15,3,15,0,1,F,1,2408,5,0,1,1,10,2,56,1,0,0,995,0,0,0,59106,1,9,0,5,3,1,2,1,1,1,1,2,0,0,1,8,0,0,3,1,1,2,12,1,1,4,1,B,6,0,0,0,0,0,0,0,0,0,0,998,998,0,0,0,3,1,14,-14,0,22108,998,75,14,0,4,1,1,0,4,0,998,1.5,20,20,80,9.3,2.8,9.6,54.0863209418249,12,6
20354,52,2,1-52-2021-002-03,3,1,JTMRJREV3HD1,17,448,2217,7,0,49,402,2017,14,3,14,0,1,F,1,1765,5,0,1,1,5,2,56,1,0,0,995,0,0,0,59102,9,9,2,1,3,3,2,2,1,1,1,0,0,0,4,2,1,2,9,0,11,2,15,7,1,1,4,J,68,0,0,0,0,0,0,0,0,0,0,50,270,0,0,0,1,1,23,-22,-8,51971,998,-71,24,0,4,9,97,0,0,0,995,9.8,998,998,998,99.8,99.8,99.8,26.594650862345,12,6
20354,52,2,1-52-2021-002-03,3,2,5N1ED28Y23C6,17,478,1916,7,0,35,402,2003,14,3,14,0,1,F,1,1897,5,0,1,1,5,2,56,1,0,0,995,0,0,0,59102,9,9,2,1,3,2,2,2,1,1,1,1,0,0,4,2,1,2,9,0,1,4,62,99,1,1,4,J,69,0,0,0,0,0,0,0,0,0,0,270,50,0,0,0,1,1,21,-20,7,34527,998,45,20,0,4,9,97,0,0,0,995,9.8,998,998,998,99.8,99.8,99.8,26.594650862345,12,6
20355,66,1,1-66-2021-001-04,4,1,4S3BE8961472,17,523,2232,13,0,48,34,2004,4,1,3,0,1,B,2,1501,5,0,1,1,13,2,89,1,0,0,995,0,7,0,49684,9,9,1,4,2,1,2,2,1,1,1,2,0,0,1,4,0,0,9,0,10,3,53,1,1,1,2,D,31,0,0,0,0,0,0,0,0,0,0,225,215,0,0,0,1,1,25,25,0,49315,998,35,28,0,4,0,0,0,0,0,995,9.8,998,998,998,99.8,99.8,99.8,345.935751930258,6,6
20355,66,1,1-66-2021-001-04,4,2,3GCUYDED9KG3,17,467,1850,60,0,20,481,2019,34,5,31,0,1,F,1,2184,5,0,1,1,12,2,89,1,0,0,995,0,7,0,64755,1,2,1,4,2,1,2,2,1,1,1,2,0,0,1,4,0,0,1,0,1,3,52,3,1,1,2,D,28,0,0,0,0,0,0,0,0,0,0,215,225,0,0,0,1,1,17,-17,-3,18108,998,8,14,0,4,0,0,0,0,0,995,9.8,998,998,998,99.8,99.8,99.8,345.935751930258,6,6
20357,25,1,1-25-2021-001-04,4,1,JA4AP3AUXJU0,17,481,13867,7,0,52,47,2018,6,1,3,0,1,F,1,1545,5,0,1,3,11,2,48,1,8,0,995,0,7,0,04106,9,9,3,4,3,1,2,1,1,1,1,2,0,0,2,1,5,2,1,0,6,4,62,4,1,5,4,J,69,0,0,0,0,0,0,0,0,0,0,160,270,0,0,0,1,12,999,999,999,9999999,999,999,999,6,0,0,0,0,0,0,995,9.8,998,998,998,99.8,99.8,99.8,3630.87782139027,2,6
20357,25,1,1-25-2021-001-04,4,2,1J4GW58N41C5,17,483,1949,7,0,2,404,2001,14,3,14,0,1,R,9,1828,5,9999,9,0,998,5,48,1,8,0,995,0,7,0,06418,9,9,3,4,3,2,2,1,1,1,3,2,0,0,2,1,5,2,1,0,11,2,15,99,1,1,4,J,68,0,0,0,0,0,0,0,0,0,0,270,160,0,0,0,1,0,999,999,999,9999999,999,999,999,9,0,95,95,95,95,0,995,9.8,998,998,998,99.8,99.8,99.8,3630.87782139027,2,6
20359,73,2,1-73-2021-002-09,9,1,1G4AG55M1T64,17,468,8843,13,0,18,7,1996,4,1,3,0,1,U,1,1383,5,54,1,4,12,2,72,1,8,0,995,0,7,0,04443,9,9,0,4,2,1,2,3,1,1,1,4,0,0,2,1,0,0,9,1,1,2,12,99,1,4,1,B,6,0,0,0,0,0,0,0,0,0,0,998,998,0,0,0,1,12,999,999,999,9999999,999,999,999,6,0,0,0,0,0,0,998,9.8,998,998,998,99.8,99.8,99.8,695.975639523711,3,6
20361,16,1,1-16-2021-001-03,3,1,3N1CN8DV2LL9,17,478,1894,13,0,35,50,2020,4,1,4,0,1,L,1,1202,8,0,1,1,16,2,40,1,0,0,995,0,0,0,45223,9,9,2,4,2,1,2,1,1,1,0,2,0,0,2,1,2,2,9,0,1,2,17,4,1,1,5,L,89,0,0,0,0,0,0,0,0,0,0,180,250,0,0,0,1,1,23,4,23,33487,998,-17,24,0,1,99,99,0,99,0,995,9.8,998,998,998,99.8,99.8,99.8,453.947044454748,5,6
20361,16,1,1-16-2021-001-03,3,2,1FAHP2KT6EG1,17,460,1782,13,0,12,17,2014,4,1,4,0,1,F,1,1822,5,0,1,1,15,2,40,1,0,0,995,0,0,0,45239,9,9,2,4,4,2,2,1,1,1,3,2,0,0,2,1,0,0,1,0,1,4,66,98,1,1,5,L,88,0,0,0,0,0,0,0,0,0,0,250,180,0,0,0,1,1,19,-18,-3,24428,998,11,18,0,1,0,0,0,0,0,995,9.8,998,998,998,99.8,99.8,99.8,453.947044454748,5,6
20362,28,2,1-28-2021-002-04,4,1,1FMCU9GD2HUE,17,460,1798,7,0,12,402,2017,14,3,14,0,1,F,1,1668,5,0,1,5,5,2,40,1,0,0,995,0,0,0,16915,9,9,2,1,1,1,2,1,1,1,1,2,0,0,3,1,0,0,9,0,1,3,50,4,1,1,2,D,20,0,0,0,0,0,0,0,0,0,0,75,75,0,0,0,1,5,999,999,999,9999999,999,999,999,6,0,0,0,0,0,0,995,9.8,998,998,998,99.8,99.8,99.8,184.198165390185,3,6
20362,28,2,1-28-2021-002-04,4,2,999999999999,99,460,1808,112,11,12,880,2019,67,8,60,0,1,B,9,,,,,,,5,40,1,0,0,995,0,0,0,16746,9,9,2,1,1,1,2,1,1,1,1,2,0,0,3,1,0,0,9,0,5,3,53,1,1,1,2,D,23,,,,,,,,,,,,,,,,,,,,,,,,,,,95,95,95,95,,,9.8,998,998,998,99.8,99.8,99.8,184.198165390185,3,6
20365,32,2,1-32-2021-002-07,7,1,1HGCR2F34GA1,17,474,1861,13,0,37,32,2016,4,1,4,0,1,R,1,1496,5,0,1,1,5,2,56,1,0,0,995,0,0,0,75035,1,9,2,1,4,4,1,1,2,2,1,0,0,0,3,1,1,2,9,0,11,2,15,1,1,1,4,J,68,0,0,0,0,0,0,0,0,0,0,355,230,0,0,0,1,1,22,-19,-11,9591,998,53,12,0,1,0,0,0,0,0,995,9.8,998,998,998,99.8,99.8,99.8,13698.2428538335,7,6
20365,32,2,1-32-2021-002-07,7,2,1FADP3F22DL1,17,460,1779,13,0,12,37,2013,4,1,3,0,1,F,1,1340,5,0,1,1,9,2,56,1,0,0,995,0,0,0,75455,1,9,2,1,3,3,1,1,1,4,3,0,0,0,3,1,1,2,9,0,1,4,62,4,1,1,4,J,69,0,0,0,0,0,0,0,0,0,0,230,355,0,0,0,1,1,24,-22,8,71750,998,106,29,0,1,0,0,0,0,0,995,9.8,998,998,998,99.8,99.8,99.8,13698.2428538335,7,6
20367,14,1,1-14-2021-001-04,4,1,3N1AB8CV9LY2,17,478,1907,13,0,35,43,2020,4,1,3,0,1,F,1,1385,5,0,1,1,21,2,56,1,0,0,995,0,0,0,78260,9,1,0,4,2,1,2,1,1,1,1,2,0,0,2,1,0,0,9,0,1,6,87,7,1,1,1,C,13,0,0,0,0,0,0,0,0,0,0,998,998,0,0,0,1,10,999,999,999,9999999,999,-3,14,2,0,0,0,0,0,0,998,9.8,998,998,998,99.8,99.8,99.8,2225.23386789893,8,6
20369,13,1,1-13-2021-001-04,4,1,1G4PP5SK9G41,17,468,1823,13,0,18,25,2016,4,1,3,0,1,L,9,1497,5,9999,9,0,998,5,72,1,8,0,995,0,7,0,76180,9,9,1,2,3,1,1,1,2,1,1,3,0,0,3,1,0,0,9,1,15,2,10,99,1,2,2,F,47,0,0,0,0,0,0,0,0,0,0,195,230,0,0,0,1,0,999,999,999,9999999,999,999,999,9,0,95,95,95,95,0,995,9.8,998,998,998,99.8,99.8,99.8,6717.54316040136,7,6
20369,13,1,1-13-2021-001-04,4,2,1N4AL3AP3JC2,17,478,1904,13,0,35,47,2018,4,1,4,0,1,F,2,1453,5,0,1,1,12,2,72,1,8,0,995,0,7,0,76040,3,2,1,2,3,2,1,1,2,1,3,3,0,0,3,1,0,0,1,0,14,4,61,1,1,1,2,F,45,0,0,0,0,0,0,0,0,0,0,230,195,0,0,0,1,12,999,999,999,9999999,999,999,999,7,0,0,0,0,0,0,995,9.8,998,998,998,99.8,99.8,99.8,6717.54316040136,7,6
20372,31,1,1-31-2021-001-07,7,1,1G6AE5SX6D01,17,469,1824,13,0,19,24,2013,4,1,4,0,1,F,1,1503,5,0,1,1,4,2,56,1,0,0,995,0,0,0,62859,9,9,0,4,2,1,2,1,1,1,0,4,0,0,1,1,0,0,3,0,1,3,50,2,1,1,2,D,20,0,0,0,0,0,0,0,0,0,0,65,65,0,0,0,1,3,24,-24,0,19188,998,-6,18,0,4,0,0,0,0,0,995,9.8,998,998,998,99.8,99.8,99.8,484.881171238789,6,6
20372,31,1,1-31-2021-001-07,7,2,3GTU2VEC2FG4,17,472,1857,60,0,23,481,2015,34,5,31,0,1,B,1,2394,5,9999,9,0,998,5,56,1,0,0,995,0,0,0,62821,9,9,0,4,2,1,2,1,1,1,0,4,0,0,1,1,0,0,9,0,5,3,53,1,1,1,2,D,21,0,0,0,0,0,0,0,0,0,0,65,65,0,0,0,1,3,16,16,0,40149,998,0,21,0,4,95,95,95,95,0,995,9.8,998,998,998,99.8,99.8,99.8,484.881171238789,6,6
20374,76,1,1-76-2021-001-05,5,1,3VWD17AJ7GM3,17,482,3137,13,0,30,40,2016,4,1,3,0,1,L,2,1364,5,0,2,1,12,2,89,1,8,0,995,0,7,0,12496,1,2,2,4,2,1,2,3,2,1,1,2,1,0,1,4,0,0,1,1,14,3,52,3,2,2,2,D,28,0,0,0,0,0,0,0,0,0,0,250,10,0,0,0,2,1,26,-9,24,105627,998,-179,27,0,3,1,1,0,5,0,995,9.8,998,998,998,99.8,99.8,99.8,18.2095784841132,3,6
20374,76,1,1-76-2021-001-05,5,2,2FMDK4GC4EBB,17,460,1797,7,0,12,24,2014,6,1,4,0,1,B,1,1993,5,0,1,1,36,2,89,1,8,0,995,0,7,0,12451,9,9,2,4,2,1,2,3,2,1,1,2,1,0,1,4,0,0,9,0,2,3,53,9,1,1,2,D,29,0,0,0,0,0,0,0,0,0,0,190,195,0,0,0,1,3,8,7,1,7842,998,14,10,0,4,0,0,0,0,0,995,9.8,998,998,998,99.8,99.8,99.8,18.2095784841132,3,6
20374,76,1,1-76-2021-001-05,5,3,1FMDU34X6TUD,17,460,1800,7,0,12,401,1996,14,3,14,0,1,F,1,1631,5,0,1,1,36,2,89,1,8,0,995,0,7,0,12414,9,9,2,4,2,1,2,3,3,1,1,2,1,0,1,4,0,0,9,0,14,4,62,99,1,1,6,M,98,0,0,0,0,0,0,0,0,0,0,10,250,0,0,0,2,1,22,-22,4,28850,998,32,20,0,4,9,97,0,8,0,995,1.4,999,999,-62,8.0,5.2,9.6,18.2095784841132,3,6
20380,23,1,1-23-2021-001-02,2,1,KL8CD6SA9LC4,17,467,1836,5,0,20,29,2020,5,1,1,0,1,T,1,1019,5,0,1,1,22,2,113,1,1,0,995,0,0,0,32174,9,9,0,2,3,3,2,1,1,1,3,2,1,3,2,1,5,2,9,1,1,2,12,5,2,4,1,B,6,1,4,2,2,1,4,61,1,1,999,997,997,0,0,0,3,6,999,999,999,9999999,999,999,999,6,0,1,1,0,8,3,997,3.2,999,999,999,16.9,4.9,17.8,76.5871994777887,5,6
20381,18,2,1-18-2021-002-04,4,1,1C4SDJCT0JC1,17,476,3508,7,0,7,422,2018,15,3,15,0,1,F,1,2441,8,0,1,1,5,2,89,1,0,0,995,0,0,0,54724,1,2,0,4,2,1,2,1,1,1,1,4,0,0,2,8,0,0,1,0,1,6,87,2,1,1,1,C,13,0,0,0,0,0,0,0,0,0,0,998,998,0,0,0,1,10,999,999,999,9999999,999,55,11,2,0,0,0,0,0,0,998,9.8,998,998,998,99.8,99.8,99.8,387.937724789666,6,6