CASEID,PSU,CASENO,CASENUMBER,CATEGORY,VEHNO,VIN,VINLENGTH,VPICMAKE,VPICMODEL,VPICBODYCLASS,ICFINALBODY,MAKE,MODEL,MODELYR,BODYTYPE,BODYCAT,VEHCLASS,SPECUSE,TRANSTAT,DAMPLANE,DAMSEV,CURBWT,CURBSRC,CARGOWT,CARGOSRC,INSPTYPE,INSPLAG,TOWED,SPEEDLIMIT,DRPRESENT,PARALCOHOL,ALCTEST,ALCTESTRESULT,ALCTESTSRC,PARDRUG,DRUGTEST,ZIP,RACE,ETHNICITY,RELTOJUNCT,TRAFFLOW,RDLANES,INITLANE,SURFTYPE,SURFCOND,ALIGNMENT,PROFILE,LINERIGHT,LINELEFT,RUMBINIT,RUMBROAD,LIGHTCOND,WEATHER,TRAFDEV,TRAFFUNCT,DISTRACT,PREFHE,PREMOVE,CRITCAT,CRITEVENT,MANEUVER,PRESTAB,PRELOC,CRASHCAT,CRASHCONF,CRASHTYPE,ROLLTYPE,ROLLTURN,ROLLINTRPT,ROLLPREMAN,ROLLINITYP,ROLLINLOC,ROLLOBJ,ROLLTRIP,ROLLDIR,ROLLDIST,DVANGTHIS,DVANGOTH,TOWHITCH,TRAJDOC,TREEPOLE,DVEVENT,DVBASIS,DVTOTAL,DVLONG,DVLAT,DVENERGY,DVSPEED,DVMOMENT,DVBES,DVEST,DVCONF,VAIS,VISS,VINJURED,VTREAT,INITOBJCLASS,HEADANGLECAT,SHLDRWIDTH,STRKLENGTH,STRKWIDTH,STRKHEIGHT,EDGEDISTX,EDGEDISTY,EDGEDISTZ,CASEWGT,PSUSTRAT,VERSION
20384,15,2,1-15-2021-002-03,3,1,2HKRW2H57JH6,17,474,1865,7,0,37,402,2018,14,3,14,0,1,F,2,1580,5,9999,9,4,43,2,48,1,8,9,998,8,7,9,11572,9,9,2,4,2,1,2,1,1,1,0,0,0,0,3,1,2,2,9,0,1,2,17,99,1,1,5,L,86,0,0,0,0,0,0,0,0,0,0,255,0,0,0,0,1,12,999,999,999,9999999,999,999,999,7,0,0,0,0,0,0,995,9.8,998,998,998,99.8,99.8,99.8,38.9076244801475,1,6
20384,15,2,1-15-2021-002-03,3,2,KNMAT2MV6KP5,17,478,1913,7,0,35,404,2019,14,3,14,0,1,R,2,1610,5,9999,9,4,43,2,48,1,8,9,998,8,7,9,11415,9,9,2,4,2,1,2,1,1,1,1,2,0,0,3,1,0,0,9,0,1,4,66,99,1,1,5,L,87,0,0,0,0,0,0,0,0,0,0,0,255,0,0,0,1,12,999,999,999,9999999,999,999,999,7,0,99,99,0,5,0,995,9.8,998,998,998,99.8,99.8,99.8,38.9076244801475,1,6
20387,29,2,1-29-2021-002-05,5,1,4T1BF28B63U3,17,448,2465,13,0,49,43,2003,4,1,3,0,1,F,1,1560,5,9999,9,0,998,2,56,1,8,9,998,8,7,9,02740,1,2,2,1,2,1,2,1,1,1,1,1,0,0,3,1,1,2,3,0,1,2,17,99,1,1,5,L,88,0,0,0,0,0,0,0,0,0,0,100,0,0,1,0,1,3,11,-7,-8,8517,998,-154,8,0,4,1,1,0,4,0,995,0.4,999,999,999,0.0,0.0,0.0,134.852049800159,2,6
20387,29,2,1-29-2021-002-05,5,2,3VW267AJ3GM3,17,482,3137,13,0,30,40,2016,4,1,3,0,1,L,1,1364,5,0,1,1,11,2,56,1,8,9,998,8,7,9,02720,9,9,2,4,2,1,2,1,1,1,0,2,0,0,3,1,1,2,1,0,1,4,66,1,1,1,5,L,89,0,0,0,0,0,0,0,0,0,0,0,100,0,1,0,1,3,12,-11,6,19759,998,-102,15,0,1,9,97,0,8,0,995,9.8,998,998,998,99.8,99.8,99.8,134.852049800159,2,6
20388,26,2,1-26-2021-002-06,6,1,4T1BK1EB6FU1,17,448,2465,13,0,49,43,2015,4,1,4,0,1,F,9,1610,5,9999,9,0,998,2,40,1,9,9,998,8,9,9,99999,9,1,0,4,2,1,2,1,1,1,0,0,0,0,3,1,0,0,9,1,1,2,13,99,1,4,1,C,11,0,0,0,0,0,0,0,0,0,0,0,345,0,0,0,1,0,999,999,999,9999999,999,999,999,9,0,99,99,0,0,0,995,9.8,998,998,998,99.8,99.8,99.8,104.754831408297,10,6
20388,26,2,1-26-2021-002-06,6,2,JT2BG22K3W02,17,448,2469,13,0,49,40,1998,4,1,3,0,2,B,9,1360,5,9999,9,0,998,,,,,,,,,,,,,,,,,,,,,,,,,,,,,,,,,,,,,,,,,,,,,,,,,,,,,,,,,,,,,,,,,,95,95,95,95,,,,,,,,,,104.754831408297,10,6
20391,22,1,1-22-2021-001-01,1,1,3GCUKREC4JG1,17,467,1850,60,0,20,481,2018,34,5,30,0,1,F,2,2394,5,0,1,1,9,2,97,1,9,1,0,3,9,1,83832,1,2,0,4,2,1,2,1,1,1,1,4,3,3,1,1,0,0,9,1,1,2,10,1,1,2,3,G,50,0,0,0,0,0,0,0,0,0,0,180,5,0,0,0,1,1,38,-37,7,164446,998,-24,41,0,1,6,75,1,1,0,995,9.8,998,998,998,99.8,99.8,99.8,42.5090957210553,12,6
20391,22,1,1-22-2021-001-01,1,2,1FMSU43F91ED,17,460,2370,7,0,12,423,2001,16,3,16,0,1,F,2,3487,5,0,1,1,10,2,97,1,0,8,997,8,0,3,83536,9,9,0,4,2,1,2,1,1,1,1,2,3,3,1,1,0,0,9,0,1,4,62,4,1,1,3,G,51,1,1,2,5,7,1,1,3,1,13,5,180,0,0,0,1,1,25,-24,9,70723,998,40,22,0,1,1,1,0,4,1,995,9.8,998,998,998,99.8,99.8,99.8,42.5090957210553,12,6
20392,19,2,1-19-2021-002-02,2,1,3N1AB7AP4JY3,17,478,1907,13,0,35,43,2018,4,1,3,0,1,F,1,1300,5,0,1,1,11,2,113,1,0,1,0,2,0,2,35950,1,9,0,1,2,1,2,1,1,1,3,2,1,3,2,8,0,0,3,1,1,2,12,1,1,4,1,B,6,1,4,2,2,1,4,61,1,1,999,998,998,0,1,9,1,1,15,-15,0,12184,998,53,15,0,4,1,1,0,4,3,998,3.2,999,999,999,99.9,99.9,99.9,47.1230765782335,9,6
20393,19,3,1-19-2021-003-07,7,1,2T2ZK1BA7FC1,17,515,2214,7,0,59,403,2015,14,3,14,0,1,F,1,1970,5,0,1,1,5,2,56,1,0,0,995,0,0,0,35243,1,2,0,4,2,1,2,2,1,1,0,0,0,0,2,2,0,0,3,1,1,2,13,3,2,4,1,A,1,0,0,0,0,0,0,0,0,0,0,998,998,0,1,0,1,10,999,999,999,9999999,999,32,21,2,0,0,0,0,0,0,998,0.0,45,40,95,9.6,2.6,10.0,676.965919523765,9,6
20394,19,4,1-19-2021-004-08,8,1,1GCEC14V3XE1,17,467,1850,60,0,20,481,1999,34,5,31,0,1,F,1,2505,8,0,1,1,6,2,72,1,9,0,995,0,9,0,35903,1,9,2,1,7,3,2,1,1,1,3,1,0,0,1,1,1,2,9,1,15,2,11,1,1,2,2,F,46,0,0,0,0,0,0,0,0,0,0,150,125,0,0,0,1,3,24,-24,-4,48152,998,29,21,0,4,2,5,0,4,0,995,9.8,998,998,998,99.8,99.8,99.8,123.555225416232,9,6
20394,19,4,1-19-2021-004-08,8,2,3D7KU28DX4G1,17,476,1938,60,0,7,482,2004,34,5,31,0,1,L,1,2719,5,9999,9,0,998,5,72,1,0,0,995,0,0,0,35903,9,9,2,4,2,1,2,1,1,1,0,0,0,0,1,1,0,0,9,0,1,4,60,1,1,1,2,F,45,0,0,0,0,0,0,0,0,0,0,125,150,0,0,0,1,3,24,18,15,82090,998,59,26,0,4,95,95,95,95,0,995,9.8,998,998,998,99.8,99.8,99.8,123.555225416232,9,6
20394,19,4,1-19-2021-004-08,8,3,2HGFG3B86FH5,17,474,1863,3,0,37,31,2015,2,1,2,0,1,R,9,1281,5,9999,9,0,998,5,72,1,0,0,995,0,0,0,35954,9,9,2,1,7,4,2,1,1,1,1,2,0,0,1,1,1,2,1,0,2,4,61,1,1,1,6,M,98,0,0,0,0,0,0,0,0,0,0,120,165,0,0,0,2,0,999,999,999,9999999,999,999,999,9,0,95,95,95,95,0,995,9.8,998,998,998,99.8,99.8,99.8,123.555225416232,9,6
20399,21,2,1-21-2021-002-09,9,1,YS3FB49S6410,17,572,2992,13,0,47,35,2004,4,1,3,0,1,F,1,1440,5,9999,9,4,21,2,40,1,9,0,995,0,7,0,92376,9,9,0,4,2,1,2,1,1,1,0,2,0,0,3,1,0,0,9,1,1,2,13,99,1,4,1,C,11,0,0,0,0,0,0,0,0,0,0,998,998,0,1,0,7,12,999,999,999,9999999,999,999,999,6,0,99,99,0,0,0,998,0.0,120,15,15,0.0,0.0,0.0,201.206242132422,11,6
20399,21,2,1-21-2021-002-09,9,2,JHMCG66852C0,17,474,1861,13,0,37,32,2002,4,1,3,0,2,L,1,1375,5,9999,9,4,21,,,,,,,,,,,,,,,,,,,,,,,,,,,,,,,,,,,,,,,,,,,,,,,,,,,,,,,,,,,,,,,,,,95,95,95,95,,,,,,,,,,201.206242132422,11,6
20399,21,2,1-21-2021-002-09,9,3,1N4AL11D26N4,17,478,1904,13,0,35,47,2006,4,1,4,0,2,B,1,1378,5,9999,9,4,25,,,,,,,,,,,,,,,,,,,,,,,,,,,,,,,,,,,,,,,,,,,,,,,,,,,,,,,,,,,,,,,,,,95,95,95,95,,,,,,,,,,201.206242132422,11,6
20399,21,2,1-21-2021-002-09,9,4,JT4RN62D7G00,17,448,2216,7,0,49,401,1986,14,3,14,0,2,F,1,1547,5,9999,9,4,21,,,,,,,,,,,,,,,,,,,,,,,,,,,,,,,,,,,,,,,,,,,,,,,,,,,,,,,,,,,,,,,,,,95,95,95,95,,,,,,,,,,201.206242132422,11,6
20407,77,2,1-77-2021-002-01,1,1,KMHDH4AE0DU6,17,498,2735,13,0,55,35,2013,4,1,3,0,1,F,3,1265,5,0,1,1,7,2,56,1,9,1,60,3,9,2,22911,2,2,0,1,2,99,2,1,2,2,9,9,0,0,2,1,0,0,9,1,14,2,12,99,1,4,3,G,50,0,0,0,0,0,0,0,0,0,0,130,300,0,0,0,1,1,61,-60,11,287400,998,28,73,0,1,1,1,0,1,0,995,9.8,998,998,998,99.8,99.8,99.8,159.868254159889,9,6
20407,77,2,1-77-2021-002-01,1,2,5TFUU4EN6DX0,17,448,2223,60,0,49,472,2013,34,5,30,0,1,F,3,1860,5,0,1,1,5,2,56,1,0,0,995,0,0,0,22911,9,9,0,1,2,2,2,1,3,4,3,2,0,0,2,1,0,0,1,0,14,4,62,4,1,1,3,G,51,1,1,2,5,7,1,3,2,2,12,300,130,0,0,0,1,1,42,-42,0,55294,998,-37,26,0,1,0,0,0,0,1,995,9.8,998,998,998,99.8,99.8,99.8,159.868254159889,9,6
20407,77,2,1-77-2021-002-01,1,3,1GNFK16KXSJ4,17,467,1851,7,0,20,431,1995,16,3,16,0,1,F,9,2372,5,9999,9,0,998,5,56,1,0,0,995,0,0,0,22959,9,9,0,1,2,1,2,1,3,4,0,3,0,0,2,1,0,0,1,0,14,4,60,99,1,1,6,M,98,0,0,0,0,0,0,0,0,0,0,310,330,0,0,0,2,0,999,999,999,9999999,999,999,999,9,0,95,95,95,95,0,995,0.0,100,40,75,2.1,1.2,2.1,159.868254159889,9,6
20408,54,1,1-54-2021-001-06,6,1,2G1FB1E39D91,17,467,1829,3,0,20,9,2013,2,1,4,0,1,F,2,1700,5,0,1,1,7,2,89,1,0,0,995,0,0,0,35654,1,9,1,2,3,3,2,1,1,1,3,2,1,3,3,1,0,0,3,1,1,2,12,8,3,4,1,A,2,0,0,0,0,0,0,0,0,0,0,998,998,0,0,0,1,1,26,-26,5,51548,998,39,26,0,3,1,1,0,4,0,998,1.7,120,32,75,0.0,0.4,0.4,359.169641823415,9,6
20410,10,3,1-10-2021-003-01,1,1,3D3KS28T59G5,17,476,1938,60,0,7,482,2009,34,5,30,0,1,F,2,2764,5,0,1,4,7,2,56,1,0,1,184,3,0,1,45416,1,9,0,2,5,2,2,1,1,1,3,1,0,0,3,1,0,0,9,1,1,2,12,99,1,4,1,B,6,1,4,2,6,6,4,42,3,1,11,998,998,0,1,9,2,12,999,999,999,9999999,999,999,999,7,0,4,34,1,1,3,998,0.0,999,999,999,2.0,1.0,2.0,23.791275226059,4,6
20411,10,4,1-10-2021-004-07,7,1,1G1ZG5E78CF2,17,467,1834,13,0,20,37,2012,4,1,4,0,1,F,1,1551,5,0,1,1,7,2,89,1,0,0,995,0,0,0,45424,9,9,1,3,2,1,1,1,1,9,1,1,0,0,1,1,2,2,9,0,1,3,50,2,1,1,2,D,20,0,0,0,0,0,0,0,0,0,0,130,130,0,0,0,1,3,22,-22,0,27074,998,0,21,0,4,0,0,0,0,0,995,9.8,998,998,998,99.8,99.8,99.8,945.858612811059,4,6
20411,10,4,1-10-2021-004-07,7,2,5N1AT2MV1FC7,17,478,1913,8,0,35,51,2015,6,1,3,0,1,B,1,1610,5,9999,9,0,998,5,89,1,0,0,995,0,0,0,45324,9,9,1,3,2,1,1,1,1,9,1,1,0,0,1,1,2,2,1,0,5,3,53,1,1,1,2,D,21,0,0,0,0,0,0,0,0,0,0,130,130,0,0,0,1,3,23,23,0,36216,998,0,24,0,4,95,95,95,95,0,995,9.8,998,998,998,99.8,99.8,99.8,945.858612811059,4,6
20412,10,5,1-10-2021-005-07,7,1,JM3KE4DE2D01,17,473,2369,7,0,41,403,2013,14,3,14,0,1,F,2,1604,5,0,1,5,5,2,24,1,0,0,995,0,0,0,45449,9,9,0,4,2,1,2,1,2,1,0,2,0,0,3,1,0,0,1,1,14,2,13,1,1,4,1,A,1,0,0,0,0,0,0,0,0,0,0,998,998,0,0,1,1,12,999,999,999,9999999,999,999,999,7,0,0,0,0,0,0,998,0.0,999,999,999,1.4,0.2,1.4,945.858612811059,4,6
20414,17,3,1-17-2021-003-02,2,1,2GNFLFE33H62,17,467,1847,7,0,20,404,2017,14,3,14,0,1,L,1,1881,5,0,1,1,8,2,48,1,9,0,995,0,9,0,61265,9,9,3,4,2,1,2,1,1,1,0,0,0,0,1,1,2,2,9,0,4,2,16,1,1,1,4,K,78,0,0,0,0,0,0,0,0,0,0,200,280,0,0,0,1,3,7,-1,7,7480,998,61,9,0,4,9,97,0,99,0,995,9.8,998,998,998,99.8,99.8,99.8,81.5970863579302,4,6
20414,17,3,1-17-2021-003-02,2,2,1GNALAEK2FZ1,17,467,1847,7,0,20,404,2015,14,3,14,0,1,F,1,1706,5,0,1,1,9,2,48,1,9,0,995,0,9,0,61265,9,9,3,4,3,1,2,1,1,1,1,2,0,0,1,1,0,0,9,0,1,4,70,2,1,1,4,K,79,0,0,0,0,0,0,0,0,0,0,280,200,0,0,0,1,3,8,-8,-3,4058,998,-76,7,0,4,1,2,0,4,0,995,9.8,998,998,998,99.8,99.8,99.8,81.5970863579302,4,6
20416,48,2,1-48-2021-002-10,10,1,JN8HD17Y8NW0,17,478,1911,7,0,35,401,1992,14,3,14,0,1,U,9,1725,5,0,2,4,13,2,89,1,0,0,995,0,0,0,84401,1,2,0,4,2,1,2,1,1,1,1,2,0,0,2,5,0,0,1,1,1,2,12,99,1,4,1,B,8,0,0,0,0,0,0,0,0,0,0,999,999,0,1,0,2,7,999,999,999,9999999,999,999,999,9,0,0,0,0,0,0,999,1.8,45,91,45,84.0,11.0,85.0,4455.60834933852,12,6
20417,24,2,1-24-2021-002-03,3,1,WDC0G4KB2JV0,17,449,5885,7,0,42,405,2018,14,3,14,0,1,L,1,1815,5,9999,9,0,998,2,40,1,0,0,995,0,0,0,08205,1,2,2,4,3,2,2,1,1,1,1,2,0,0,1,1,1,2,9,0,11,2,15,99,1,1,4,K,82,0,0,0,0,0,0,0,0,0,0,80,190,0,0,0,1,3,20,-10,18,48044,998,-65,23,0,4,1,1,0,0,0,995,9.8,998,998,998,99.8,99.8,99.8,609.977476620413,1,6
20417,24,2,1-24-2021-002-03,3,2,5J8TC2H6XLL0,17,475,1871,7,0,54,402,2020,14,3,14,0,1,F,1,1830,5,0,1,1,9,2,72,1,0,0,995,0,0,0,08205,1,2,2,4,3,1,2,1,1,1,1,1,0,0,1,1,1,2,9,0,1,4,67,2,1,1,4,K,83,0,0,0,0,0,0,0,0,0,0,190,80,0,0,0,1,3,20,-20,-4,26065,998,-73,17,0,4,0,0,0,0,0,995,9.8,998,998,998,99.8,99.8,99.8,609.977476620413,1,6
20418,24,3,1-24-2021-003-02,2,1,1HGCR2F31HA1,17,474,1861,13,0,37,32,2017,4,1,4,0,1,F,1,1496,5,9999,9,0,998,2,40,1,0,0,995,0,0,0,10473,9,9,2,3,4,98,2,2,1,1,1,0,0,0,1,2,1,2,9,0,1,2,17,99,1,1,5,L,90,0,0,0,0,0,0,0,0,0,0,160,70,0,0,0,1,3,13,-11,-6,9379,998,-103,10,0,4,1,1,0,4,0,995,0.0,10,10,58,0.3,0.2,0.4,124.154189955081,1,6
20418,24,3,1-24-2021-003-02,2,2,W1N0G8EBXLF8,17,449,5885,7,0,42,405,2020,14,3,14,0,1,L,1,1804,5,0,1,1,20,2,40,1,0,0,995,0,0,0,08234,1,2,2,4,6,2,2,2,1,1,1,1,0,0,1,2,1,2,1,0,1,4,66,4,1,1,5,L,90,0,0,0,0,0,0,0,0,0,0,70,160,0,0,0,1,3,11,-6,10,15162,998,13,14,0,4,9,97,0,99,0,995,0.0,93,15,15,0.0,0.0,0.0,124.154189955081,1,6
20421,28,3,1-28-2021-003-06,6,1,1GCVKRECXEZ1,17,467,1850,60,0,20,481,2014,34,5,31,0,1,L,1,2360,5,0,1,1,9,2,48,1,0,0,995,0,0,0,16948,9,9,1,3,1,1,2,1,3,1,1,2,3,3,1,1,2,2,9,0,11,2,15,2,1,1,4,K,82,0,0,0,0,0,0,0,0,0,0,140,240,0,0,0,1,1,18,-9,16,34543,998,-99,17,0,4,9,97,0,99,0,995,9.8,998,998,998,99.8,99.8,99.8,54.5069177466074,3,6
20421,28,3,1-28-2021-003-06,6,2,1B3LC46K28N2,17,476,1892,13,0,7,26,2008,4,1,3,0,1,F,2,1542,5,0,1,1,8,2,72,1,0,1,0,2,0,2,16917,1,2,1,4,3,1,2,1,1,1,1,1,0,0,1,1,0,0,9,0,1,4,67,2,1,1,4,K,83,0,0,0,0,0,0,0,0,0,0,240,140,0,0,0,1,1,28,-26,-9,64005,998,-67,29,0,4,2,5,0,3,0,995,9.8,998,998,998,99.8,99.8,99.8,54.5069177466074,3,6
20422,28,4,1-28-2021-004-07,7,1,JTKJF5C75D30,17,448,2207,5,0,67,32,2013,3,1,3,0,1,L,1,1377,5,0,1,1,8,2,72,1,0,0,995,0,0,0,16901,9,9,0,4,2,1,2,1,3,9,1,2,0,0,1,8,0,0,9,1,14,1,6,2,4,4,1,B,7,1,1,2,1,1,4,61,1,2,999,997,997,0,0,0,2,6,999,999,999,9999999,999,999,999,6,0,0,0,0,0,3,997,9.9,999,999,999,99.9,99.9,99.9,151.611558218426,3,6
20424,27,2,1-27-2021-002-03,3,1,5N1AR18WX5C7,17,478,1911,7,0,35,401,2005,14,3,14,0,1,F,1,2150,5,0,1,1,11,2,64,1,0,0,995,0,0,0,11368,9,9,2,4,2,1,2,1,2,1,1,2,0,0,1,1,1,2,1,0,14,4,67,7,1,1,4,K,83,0,0,0,0,0,0,0,0,0,0,170,100,0,0,0,1,1,15,-13,-7,32252,998,-54,18,0,4,0,0,0,0,0,995,9.8,998,998,998,99.8,99.8,99.8,41.7305085402554,3,6
20424,27,2,1-27-2021-002-03,3,2,4S3GTAV64L37,17,523,2235,5,0,48,38,2020,5,1,3,0,1,L,1,1382,5,0,1,1,26,2,64,1,0,0,995,0,0,0,01254,1,1,2,4,2,1,2,1,1,2,1,2,0,0,1,1,1,2,9,0,11,2,15,11,1,1,4,K,82,0,0,0,0,0,0,0,0,0,0,100,170,0,0,0,1,1,22,-4,22,17803,998,-2,17,0,4,1,1,0,0,0,995,0.5,18,18,98,1.2,0.1,1.3,41.7305085402554,3,6
20426,73,3,1-73-2021-003-04,4,1,1GCRYEED2LZ3,17,467,1850,60,0,20,481,2020,34,5,31,0,1,F,1,2184,5,0,1,1,11,2,64,1,0,0,995,0,0,0,04901,1,2,2,4,2,1,2,1,1,1,1,4,1,0,1,1,0,0,1,0,1,6,87,1,1,1,1,C,13,0,0,0,0,0,0,0,0,0,0,998,998,0,0,0,1,10,999,999,999,9999999,999,20,18,2,0,0,0,0,0,0,998,9.8,998,998,998,99.8,99.8,99.8,256.038376819247,3,6
20427,73,4,1-73-2021-004-09,9,1,1HGFA16856L0,17,474,1863,13,0,37,31,2006,4,1,3,0,1,9,9,1224,5,9999,9,0,998,2,113,1,8,1,0,2,7,0,04270,9,9,0,3,2,1,2,2,1,9,1,3,2,3,2,1,0,0,1,1,1,1,5,99,4,4,1,A,2,1,99,1,6,1,4,61,1,1,999,999,999,0,0,9,99,0,999,999,999,9999999,999,999,999,9,0,1,2,0,4,3,999,9.9,999,999,999,99.9,99.9,99.9,444.417127030805,3,6
20428,25,2,1-25-2021-002-07,7,1,5XXGM4A77DG1,17,499,2739,13,0,63,34,2013,4,1,4,0,1,F,1,1454,5,0,1,3,7,2,56,1,8,0,995,0,7,0,04015,9,9,0,4,2,1,2,1,2,2,1,2,0,0,2,1,0,0,1,1,14,2,12,99,1,4,1,B,6,0,0,0,0,0,0,0,0,0,0,998,998,0,0,0,2,12,999,999,999,9999999,999,999,999,6,0,0,0,0,0,0,998,0.0,999,999,999,14.9,3.0,3.0,923.85697446811,2,6
20429,25,3,1-25-2021-003-08,8,1,JF1GG67646G8,17,523,2235,15,0,48,38,2006,6,1,1,0,1,L,2,1393,5,0,1,1,3,2,56,1,0,1,0,2,7,2,03838,9,9,0,4,2,1,2,5,3,1,1,2,0,0,2,3,0,0,1,1,14,1,5,99,3,4,1,A,2,1,3,2,6,1,4,68,1,2,10,998,998,0,1,7,1,10,999,999,999,9999999,999,-20,27,3,0,2,5,0,4,3,998,0.2,999,999,999,9.2,2.2,9.5,128.934874562164,2,6
20431,32,3,1-32-2021-003-03,3,1,1FDUF5GT9GED,17,460,1808,63,11,12,881,2016,61,8,60,0,1,F,9,,,,,,,5,113,1,0,0,995,0,0,0,76031,9,9,1,2,4,3,1,2,3,2,3,3,0,0,2,8,0,0,9,0,14,3,50,99,1,1,2,D,20,,,,,,,,,,,,,,,,,,,,,,,,,,,95,95,95,95,,,9.8,998,998,998,99.8,99.8,99.8,876.735351282265,7,6
20431,32,3,1-32-2021-003-03,3,2,KM8J33AL1MU3,17,498,2058,7,0,55,402,2021,14,3,14,0,1,F,2,1501,8,0,1,1,8,2,113,1,0,0,995,0,0,0,75137,2,9,1,2,4,3,1,2,3,2,3,3,0,0,2,8,0,0,9,0,5,3,53,1,1,1,2,D,21,0,0,0,0,0,0,0,0,0,0,60,60,0,0,0,2,12,999,999,999,9999999,999,999,999,7,0,1,2,0,4,0,995,9.8,998,998,998,99.8,99.8,99.8,876.735351282265,7,6
20431,32,3,1-32-2021-003-03,3,3,4TAUN53B4SZ0,17,448,2223,60,0,49,472,1995,34,5,30,0,1,B,2,1243,5,0,1,4,32,2,113,1,0,0,995,0,0,0,75051,9,1,1,2,4,3,1,2,3,2,3,3,0,0,2,8,0,0,9,0,5,3,53,1,1,1,6,M,98,0,0,0,0,0,0,0,0,0,0,60,60,0,0,0,2,12,999,999,999,9999999,999,999,999,7,0,0,0,0,0,0,995,9.8,998,998,998,99.8,99.8,99.8,876.735351282265,7,6
20431,32,3,1-32-2021-003-03,3,4,1FTYR3XGXJKA,17,460,3608,95,0,12,462,2018,21,4,21,0,1,B,1,2268,5,454,2,1,16,2,113,1,0,0,995,0,0,0,75104,2,2,1,2,4,3,1,2,3,2,3,3,0,0,2,8,0,0,1,0,5,3,53,1,1,1,6,M,98,0,0,0,0,0,0,0,0,0,0,60,60,0,0,0,3,12,999,999,999,9999999,999,999,999,6,0,0,0,0,0,0,995,9.8,998,998,998,99.8,99.8,99.8,876.735351282265,7,6
20432,32,4,1-32-2021-004-07,7,1,WMWZC3C58CWL,17,456,1880,8,0,69,54,2012,6,1,2,0,1,T,1,1295,5,0,1,1,19,2,56,1,0,0,995,0,0,0,75019,3,9,2,4,2,1,1,1,3,1,2,0,0,0,1,1,2,2,9,0,11,2,15,99,1,1,4,K,76,1,2,1,1,1,4,61,1,1,10,997,997,0,0,0,3,6,999,999,999,9999999,999,999,999,6,0,0,0,0,0,3,997,0.0,80,20,17,0.0,0.0,0.0,4360.02830263929,7,6
20432,32,4,1-32-2021-004-07,7,2,YV4952CY1E16,17,485,3132,7,0,51,401,2014,14,3,14,0,1,L,1,2160,5,0,1,5,21,2,56,1,0,0,995,0,0,0,75019,3,9,2,1,3,2,1,1,3,1,3,0,0,0,1,1,2,2,9,0,14,4,65,99,1,1,4,K,77,0,0,0,0,0,0,0,0,0,0,70,85,0,0,0,1,12,999,999,999,9999999,999,999,999,6,0,0,0,0,0,0,995,9.8,998,998,998,99.8,99.8,99.8,4360.02830263929,7,6
20433,32,5,1-32-2021-005-09,9,1,1GKFK63878J1,17,472,1859,7,0,23,421,2008,15,3,15,0,1,F,9,2506,5,9999,9,0,998,2,64,1,0,0,995,0,0,0,75252,9,9,1,3,1,1,1,1,3,1,1,1,0,0,2,1,0,0,9,1,14,2,13,99,1,4,1,A,1,0,0,0,0,0,0,0,0,0,0,998,998,0,0,0,1,0,999,999,999,9999999,999,999,999,9,0,99,99,0,0,0,998,0.0,999,999,999,0.0,0.0,0.0,5570.35845819782,7,6
20436,59,1,1-59-2021-001-05,5,1,1C3EL75RX5N6,17,477,1877,1,0,6,43,2005,1,1,3,0,1,F,1,1522,5,0,1,4,2,2,72,1,0,0,995,0,0,0,47834,9,9,2,1,3,3,2,2,1,1,1,1,0,0,1,7,1,2,9,0,11,2,15,99,1,1,4,J,68,0,0,0,0,0,0,0,0,0,0,220,85,0,0,0,1,3,12,-9,-8,10966,998,-129,10,0,1,1,1,0,5,0,995,9.8,998,998,998,99.8,99.8,99.8,68.0216528781747,6,6
20436,59,1,1-59-2021-001-05,5,2,3GYFNEE3XFS5,17,469,1844,7,0,19,20,2015,6,1,4,0,1,F,1,2015,5,0,1,1,2,2,72,1,0,0,995,0,0,0,47805,1,2,2,1,4,3,2,2,1,4,3,1,0,0,1,7,1,2,1,0,1,4,62,1,1,1,4,J,69,0,0,0,0,0,0,0,0,0,0,85,220,0,0,0,1,3,9,-8,1,11205,998,-20,11,0,4,1,2,0,4,0,995,9.8,998,998,998,99.8,99.8,99.8,68.0216528781747,6,6
20436,59,1,1-59-2021-001-05,5,3,3FA6P0K96DR3,17,460,1780,13,0,12,23,2013,4,1,4,0,1,L,1,1651,5,0,1,1,3,2,89,1,0,0,995,0,0,0,47885,1,2,2,2,3,1,2,2,1,1,1,1,0,0,1,7,1,2,1,0,10,4,60,2,1,1,6,M,98,0,0,0,0,0,0,0,0,0,0,40,155,0,0,0,2,3,9,3,9,13445,998,-180,9,0,4,1,1,0,5,0,995,9.8,998,998,998,99.8,99.8,99.8,68.0216528781747,6,6
20437,23,2,1-23-2021-002-03,3,1,1N6AA1F32KN5,17,478,1920,60,0,35,481,2019,34,5,31,0,1,F,2,3175,5,9999,9,1,17,2,89,1,1,1,335,1,1,0,43015,9,9,0,4,2,1,2,1,3,1,1,2,0,0,1,1,0,0,1,1,14,2,13,99,9,4,1,A,1,0,0,0,0,0,0,0,0,0,0,998,998,0,0,0,2,98,999,999,999,9999999,999,999,999,7,0,9,97,0,5,0,998,0.6,16,16,999,48.7,15.5,50.0,334.819976913066,5,6
20438,23,3,1-23-2021-003-03,3,1,5XYPG4A38KG4,17,499,2769,7,0,63,402,2019,14,3,14,0,1,L,1,1728,5,0,1,1,17,2,40,1,0,0,995,0,0,0,43062,9,9,2,1,3,1,2,1,1,1,0,1,0,0,1,8,2,2,1,0,1,2,17,99,1,1,5,L,89,0,0,0,0,0,0,0,0,0,0,270,355,0,0,0,1,3,10,-3,9,11730,998,-127,10,0,4,1,1,0,5,0,995,9.8,998,998,998,99.8,99.8,99.8,334.819976913066,5,6