CASEID,PSU,CASENO,CASENUMBER,CATEGORY,VEHNO,VIN,VINLENGTH,VPICMAKE,VPICMODEL,VPICBODYCLASS,ICFINALBODY,MAKE,MODEL,MODELYR,BODYTYPE,BODYCAT,VEHCLASS,SPECUSE,TRANSTAT,DAMPLANE,DAMSEV,CURBWT,CURBSRC,CARGOWT,CARGOSRC,INSPTYPE,INSPLAG,TOWED,SPEEDLIMIT,DRPRESENT,PARALCOHOL,ALCTEST,ALCTESTRESULT,ALCTESTSRC,PARDRUG,DRUGTEST,ZIP,RACE,ETHNICITY,RELTOJUNCT,TRAFFLOW,RDLANES,INITLANE,SURFTYPE,SURFCOND,ALIGNMENT,PROFILE,LINERIGHT,LINELEFT,RUMBINIT,RUMBROAD,LIGHTCOND,WEATHER,TRAFDEV,TRAFFUNCT,DISTRACT,PREFHE,PREMOVE,CRITCAT,CRITEVENT,MANEUVER,PRESTAB,PRELOC,CRASHCAT,CRASHCONF,CRASHTYPE,ROLLTYPE,ROLLTURN,ROLLINTRPT,ROLLPREMAN,ROLLINITYP,ROLLINLOC,ROLLOBJ,ROLLTRIP,ROLLDIR,ROLLDIST,DVANGTHIS,DVANGOTH,TOWHITCH,TRAJDOC,TREEPOLE,DVEVENT,DVBASIS,DVTOTAL,DVLONG,DVLAT,DVENERGY,DVSPEED,DVMOMENT,DVBES,DVEST,DVCONF,VAIS,VISS,VINJURED,VTREAT,INITOBJCLASS,HEADANGLECAT,SHLDRWIDTH,STRKLENGTH,STRKWIDTH,STRKHEIGHT,EDGEDISTX,EDGEDISTY,EDGEDISTZ,CASEWGT,PSUSTRAT,VERSION
20438,23,3,1-23-2021-003-03,3,2,1FT7W2B62FED,17,460,1805,60,0,12,481,2015,34,5,31,0,1,F,1,3149,5,9999,9,0,998,5,89,1,0,0,995,0,0,0,43344,9,9,2,1,4,3,2,1,1,1,3,1,0,0,1,8,0,0,1,0,1,4,66,99,1,1,5,L,88,0,0,0,0,0,0,0,0,0,0,355,270,0,0,0,1,3,6,-5,-3,7118,998,-150,6,0,4,95,95,95,95,0,995,9.8,998,998,998,99.8,99.8,99.8,334.819976913066,5,6
20440,13,2,1-13-2021-002-05,5,1,4T1BG22K2XU4,17,448,2469,13,0,49,40,1999,4,1,3,0,1,L,1,1360,5,0,1,1,15,2,64,1,8,0,995,0,7,0,76021,1,1,1,2,6,2,2,1,1,1,1,1,0,0,1,8,1,2,9,0,1,2,17,99,1,1,5,L,89,0,0,0,0,0,0,0,0,0,0,270,350,0,0,0,1,1,21,-13,16,28629,998,28,23,0,4,1,2,0,6,0,995,9.8,998,998,998,99.8,99.8,99.8,401.656518587378,7,6
20440,13,2,1-13-2021-002-05,5,2,JM1CW2CL7E01,17,473,2075,15,0,41,52,2014,6,1,3,0,1,F,1,1569,5,0,1,1,14,2,64,1,8,0,995,0,7,0,76021,1,2,1,1,4,2,2,1,1,1,1,1,0,0,1,8,1,2,9,0,1,4,66,7,1,1,5,L,88,0,0,0,0,0,0,0,0,0,0,350,270,0,0,0,1,1,18,-11,-14,34651,998,-137,17,0,3,2,9,0,3,0,995,9.8,998,998,998,99.8,99.8,99.8,401.656518587378,7,6
20443,76,2,1-76-2021-002-04,4,1,1N4BL4BV6KC2,17,478,1904,13,0,35,47,2019,4,1,4,0,1,F,1,1545,5,0,1,1,39,2,89,1,8,9,998,8,7,9,08005,9,9,0,4,2,1,2,1,3,1,1,2,1,0,3,1,0,0,9,1,14,2,13,7,1,4,1,A,1,0,0,0,0,0,0,0,0,0,0,998,998,0,0,0,1,1,16,-16,0,16106,998,0,16,0,4,0,0,0,0,0,998,1.5,999,999,999,21.6,3.1,21.9,91.259366153553,3,6
20445,66,2,1-66-2021-002-03,3,1,1FTZF1721XKA,17,460,1801,60,0,12,481,1999,34,5,31,0,1,F,2,1765,5,0,1,1,5,2,97,1,9,1,0,2,7,1,65708,9,1,0,4,2,1,2,3,1,1,1,4,3,3,1,4,0,0,9,1,1,1,5,99,2,2,3,G,50,0,0,0,0,0,0,0,0,0,0,35,250,0,0,0,1,12,999,999,999,9999999,999,999,26,3,0,3,10,1,3,0,995,9.8,998,998,998,99.8,99.8,99.8,361.761009117995,6,6
20445,66,2,1-66-2021-002-03,3,2,5N1DL0MM0HC5,17,480,1910,8,0,58,403,2017,14,3,14,0,1,F,2,2077,5,9999,9,1,5,2,97,1,0,0,995,0,7,0,65810,1,2,0,4,2,1,2,3,1,1,1,2,3,3,1,4,0,0,9,0,1,4,62,2,1,1,3,G,51,0,0,0,0,0,0,0,0,0,0,250,35,0,0,0,1,12,999,999,999,9999999,999,999,35,3,0,2,5,0,4,0,995,2.5,999,45,999,99.9,2.5,99.9,361.761009117995,6,6
20446,19,5,1-19-2021-005-06,6,1,5NPDH4AE2EH5,17,498,2735,13,0,55,35,2014,4,1,3,0,1,F,2,1305,5,0,1,1,6,2,105,1,1,9,998,8,0,0,35121,1,9,0,1,2,1,2,1,2,1,1,3,2,1,2,8,0,0,9,1,14,2,13,1,1,4,1,A,1,0,0,0,0,0,0,0,0,0,0,998,998,0,1,2,1,10,999,999,999,9999999,999,1,26,3,0,99,99,0,8,0,998,0.6,23,23,63,35.2,12.3,36.1,127.14712417509,9,6
20447,19,6,1-19-2021-006-05,5,1,5XYZU3LB0EG1,17,498,2057,7,0,55,401,2014,14,3,14,0,1,F,1,1690,5,0,1,1,5,2,56,1,0,1,0,2,0,2,35952,1,2,0,4,2,1,2,2,3,1,0,0,0,0,2,1,0,0,9,1,14,2,13,3,2,4,1,A,1,0,0,0,0,0,0,0,0,0,0,998,998,0,1,1,3,1,23,-23,-4,37099,998,-12,23,0,1,3,17,1,3,0,998,0.0,3,3,999,20.0,3.9,21.0,47.5090336657469,9,6
20448,19,7,1-19-2021-007-10,10,1,2G4WB52K1X15,17,468,1822,13,0,18,20,1999,4,1,3,0,1,R,1,1562,5,0,1,1,8,3,72,1,0,0,995,0,0,0,35905,1,9,2,4,6,4,2,1,1,4,1,2,0,0,1,8,1,2,9,0,11,2,15,1,1,1,4,J,68,0,0,0,0,0,0,0,0,0,0,265,125,0,1,0,1,5,999,999,999,9999999,999,999,6,1,0,0,0,0,0,0,995,9.8,998,998,998,99.8,99.8,99.8,1465.68041376807,9,6
20448,19,7,1-19-2021-007-10,10,2,1FVACWDC96HW,17,450,2499,11,0,82,881,2006,62,8,60,0,1,R,9,,,,,,,5,72,1,0,0,995,0,0,0,35907,9,9,2,4,6,3,2,1,1,1,3,1,0,0,1,8,1,2,1,0,1,2,17,3,1,2,4,J,69,,,,,,,,,,,,,,,,,,,,,,,,,,,95,95,95,95,,,9.8,998,998,998,99.8,99.8,99.8,1465.68041376807,9,6
20449,19,8,1-19-2021-008-05,5,1,KL4CJCSB1FB2,17,468,1842,7,0,18,404,2015,14,3,14,0,1,F,2,1468,5,0,2,1,4,2,56,1,0,0,995,0,0,0,35904,1,2,2,4,2,1,2,1,1,1,0,2,0,0,1,1,2,2,1,0,11,2,15,1,1,1,4,K,82,0,0,0,0,0,0,0,0,0,0,260,25,0,1,0,1,1,31,-27,15,70630,998,75,28,0,4,3,10,1,4,0,995,9.8,998,998,998,99.8,99.8,99.8,47.5090336657469,9,6
20449,19,8,1-19-2021-008-05,5,2,1FTBF2B68EEB,17,460,1805,60,0,12,481,2014,34,5,31,0,1,F,1,2888,5,102,1,1,4,2,56,1,0,0,995,0,0,0,35904,1,9,2,4,4,2,2,1,1,1,2,3,0,0,1,1,0,0,9,0,1,4,67,3,1,1,4,K,83,0,0,0,0,0,0,0,0,0,0,25,260,0,1,0,1,1,17,-16,-6,51918,998,-57,20,0,4,0,0,0,0,0,995,9.8,998,998,998,99.8,99.8,99.8,47.5090336657469,9,6
20449,19,8,1-19-2021-008-05,5,3,JTMZFREV4GD0,17,448,2217,7,0,49,402,2016,14,3,14,0,1,L,9,1555,5,9999,9,0,998,5,56,1,0,0,995,0,0,0,35957,9,9,2,4,4,2,2,1,1,1,3,2,0,0,1,1,0,0,9,0,1,4,62,99,1,1,6,M,98,0,0,0,0,0,0,0,0,0,0,210,5,0,0,0,2,0,999,999,999,9999999,999,999,999,9,0,95,95,95,95,0,995,9.8,998,998,998,99.8,99.8,99.8,47.5090336657469,9,6
20451,22,2,1-22-2021-002-07,7,1,4S3BMBK67D30,17,523,2232,13,0,48,34,2013,4,1,3,0,1,F,1,1550,5,0,1,1,14,2,40,1,0,0,995,0,0,0,83501,9,9,2,4,2,1,2,1,1,1,0,0,0,0,1,1,2,2,9,0,11,2,15,99,1,1,4,K,84,0,0,0,0,0,0,0,0,0,0,105,20,0,0,0,1,3,17,-16,-3,12403,998,17,14,0,4,99,99,0,99,0,995,9.8,998,998,998,99.8,99.8,99.8,220.956221545704,12,6
20451,22,2,1-22-2021-002-07,7,2,5FNYF18497B0,17,474,1864,7,0,37,421,2007,15,3,15,0,1,L,1,2007,5,9999,9,0,998,5,40,1,0,0,995,0,0,0,83501,9,9,2,5,5,1,2,1,1,1,0,3,0,0,1,1,0,0,9,0,1,4,66,99,1,1,4,K,84,0,0,0,0,0,0,0,0,0,0,20,105,0,0,0,1,3,14,-2,13,20052,998,-30,16,0,4,95,95,95,95,0,995,9.8,998,998,998,99.8,99.8,99.8,220.956221545704,12,6
20452,22,3,1-22-2021-003-06,6,1,4T1BD1EB6DU0,17,448,2465,13,0,49,43,2013,4,1,4,0,1,R,1,1620,5,0,1,1,14,2,40,1,9,0,995,0,9,0,99403,9,9,0,1,2,1,2,2,1,1,3,0,0,0,3,1,0,0,9,1,1,2,14,1,1,4,1,C,14,0,0,0,0,0,0,0,0,0,0,998,998,0,1,0,6,1,8,-8,-1,5135,998,57,8,0,4,0,0,0,5,0,998,0.0,10,15,15,0.0,0.0,0.0,101.807085820683,12,6
20453,16,3,1-16-2021-003-03,3,1,5NPD74LF8HH1,17,498,2735,13,0,55,35,2017,4,1,3,0,1,F,1,1275,5,0,1,1,6,2,40,1,0,0,995,0,0,0,45240,9,9,2,4,4,2,2,1,1,1,3,2,0,0,1,1,1,2,3,0,11,2,15,99,1,1,4,J,68,0,0,0,0,0,0,0,0,0,0,120,335,0,0,0,1,12,999,999,999,9999999,999,999,999,2,0,9,97,0,5,0,995,9.8,998,998,998,99.8,99.8,99.8,307.79793894265,5,6
20453,16,3,1-16-2021-003-03,3,2,4T1BE46K49U8,17,448,2469,13,0,49,40,2009,4,1,4,0,1,F,9,1500,5,9999,9,0,998,5,40,1,0,0,995,0,0,0,45239,9,9,2,4,4,2,2,1,1,1,3,2,0,0,1,1,1,2,1,0,1,4,62,99,1,1,4,J,69,0,0,0,0,0,0,0,0,0,0,335,120,0,0,0,1,0,999,999,999,9999999,999,999,999,9,0,95,95,95,95,0,995,9.8,998,998,998,99.8,99.8,99.8,307.79793894265,5,6
20455,18,3,1-18-2021-003-06,6,1,1FAHP3F22CL4,17,460,1779,13,0,12,37,2012,4,1,3,0,1,T,3,1340,5,0,1,1,12,2,56,1,1,0,995,0,0,0,54703,9,9,0,4,2,1,2,1,1,2,1,2,0,0,2,1,0,0,1,1,1,2,13,99,1,4,1,A,1,1,4,2,2,1,4,61,1,1,25,997,997,0,0,0,2,6,999,999,999,9999999,999,999,999,8,0,99,99,0,99,3,997,1.5,999,999,999,12.0,1.7,12.2,692.929684261685,6,6
20457,15,3,1-15-2021-003-03,3,1,1FATP8UH1K51,17,460,1781,1,0,12,3,2019,1,1,3,0,1,T,1,1681,5,0,1,1,23,2,48,1,8,9,998,8,7,9,11710,9,9,0,4,2,1,2,1,1,1,0,0,0,0,3,8,0,0,9,1,1,2,13,99,1,4,1,C,11,1,4,2,3,1,1,61,1,2,16,997,997,0,0,0,2,6,999,999,999,9999999,999,999,999,6,0,1,1,0,4,3,997,9.8,998,998,998,99.8,99.8,99.8,22.8505985566956,1,6
20457,15,3,1-15-2021-003-03,3,2,5TFSX5EN2HX0,17,448,2223,60,0,49,472,2017,34,5,31,0,2,L,9,1806,5,9999,9,0,998,,,,,,,,,,,,,,,,,,,,,,,,,,,,,,,,,,,,,,,,,,,,,,,,,,,,,,,,,,,,,,,,,,95,95,95,95,,,,,,,,,,22.8505985566956,1,6
20458,15,4,1-15-2021-004-07,7,1,1FTYR1ZM0GKB,17,460,3608,95,0,12,462,2016,21,4,21,0,1,F,9,2268,5,9999,9,0,998,2,89,1,8,9,998,8,7,9,11704,9,9,0,2,4,3,2,1,2,1,3,1,0,3,5,1,0,0,9,0,14,3,52,99,1,1,2,D,28,0,0,0,0,0,0,0,0,0,0,75,75,0,0,0,1,0,999,999,999,9999999,999,999,999,9,0,0,0,0,0,0,995,9.8,998,998,998,99.8,99.8,99.8,96.9412994031803,1,6
20458,15,4,1-15-2021-004-07,7,2,1FVACXFC5KHK,17,450,2499,11,0,82,898,2019,63,8,60,0,1,B,9,,,,,,,5,89,1,8,9,998,8,7,9,11590,9,9,0,2,4,3,2,1,2,1,3,1,0,3,5,1,0,0,9,0,2,2,18,99,1,1,2,D,29,,,,,,,,,,,,,,,,,,,,,,,,,,,95,95,95,95,,,9.8,998,998,998,99.8,99.8,99.8,96.9412994031803,1,6
20462,29,3,1-29-2021-003-04,4,1,3GKALTEV2ML3,17,472,1858,7,0,23,402,2021,14,3,14,0,1,F,1,1660,8,0,1,3,7,2,56,1,0,0,995,0,0,0,02893,9,9,4,3,1,1,2,1,1,1,0,0,0,0,5,8,0,0,1,0,11,2,15,2,1,1,4,K,82,0,0,0,0,0,0,0,0,0,0,40,180,0,0,0,1,1,12,-11,6,13390,998,144,10,0,4,0,0,0,0,0,995,9.8,998,998,998,99.8,99.8,99.8,218.31218245407,2,6
20462,29,3,1-29-2021-003-04,4,2,JM3TCBDY8K03,17,473,2077,7,0,41,421,2019,15,3,15,0,1,R,1,1987,5,0,1,1,6,2,56,1,0,0,995,0,0,0,02903,9,9,4,4,4,2,2,1,1,1,3,2,0,0,5,8,0,0,1,0,1,4,72,2,1,1,4,K,83,0,0,0,0,0,0,0,0,0,0,180,40,0,0,0,1,1,10,-10,-2,17779,998,66,14,0,1,0,0,0,0,0,995,9.8,998,998,998,99.8,99.8,99.8,218.31218245407,2,6
20463,29,4,1-29-2021-004-07,7,1,1G2AL18FX871,17,536,4259,3,0,22,19,2008,2,1,2,0,1,F,1,1295,5,9999,9,0,998,2,56,1,0,0,995,0,0,0,02740,9,9,0,4,2,1,2,1,2,1,1,2,0,0,1,1,0,0,3,0,14,3,50,99,1,1,2,D,20,0,0,0,0,0,0,0,0,0,0,325,320,0,0,0,1,3,13,-13,2,10083,998,35,13,0,4,0,0,0,0,0,995,9.8,998,998,998,99.8,99.8,99.8,393.531514851096,2,6
20463,29,4,1-29-2021-004-07,7,2,3CZRU6H35GM7,17,474,9212,7,0,37,404,2016,14,3,14,0,1,B,1,1389,5,0,1,3,8,2,56,1,0,0,995,0,0,0,02719,9,9,0,4,2,1,2,1,2,1,1,2,0,0,1,1,0,0,1,0,5,3,53,99,1,1,2,D,22,0,0,0,0,0,0,0,0,0,0,320,325,0,0,0,1,3,12,12,-2,7621,998,-3,12,0,4,0,0,0,0,0,995,9.8,998,998,998,99.8,99.8,99.8,393.531514851096,2,6
20465,30,3,1-30-2021-003-04,4,1,3GCPKSE37BG3,17,467,1850,60,0,20,481,2011,34,5,31,0,1,F,9,2408,5,9999,9,0,998,5,105,1,9,0,995,0,9,0,85042,9,9,0,3,6,4,2,1,1,1,3,3,0,0,3,1,0,0,9,1,1,3,52,99,1,1,2,D,28,0,0,0,0,0,0,0,0,0,0,80,80,0,0,0,1,0,999,999,999,9999999,999,999,999,9,0,95,95,95,95,0,995,9.8,998,998,998,99.8,99.8,99.8,1204.49129281585,10,6
20465,30,3,1-30-2021-003-04,4,2,5NPE24AF9FH1,17,498,2459,13,0,55,33,2015,4,1,4,0,1,B,9,1475,5,9999,9,0,998,5,105,1,0,0,995,0,0,0,85383,9,9,0,3,6,3,2,1,1,1,3,3,0,0,3,1,0,0,1,0,2,3,53,99,1,1,2,D,29,0,0,0,0,0,0,0,0,0,0,80,80,0,0,0,1,0,999,999,999,9999999,999,999,999,9,0,95,95,95,95,0,995,9.8,998,998,998,99.8,99.8,99.8,1204.49129281585,10,6
20465,30,3,1-30-2021-003-04,4,3,3GNCJKSB2LL3,17,467,10988,7,0,20,406,2020,14,3,14,0,1,F,2,1382,5,9999,9,4,47,2,105,1,0,0,995,0,0,0,85383,9,9,0,3,6,3,2,1,1,1,3,3,0,0,3,1,0,0,1,0,2,3,52,99,9,1,6,M,98,0,0,0,0,0,0,0,0,0,0,80,80,0,0,0,2,12,999,999,999,9999999,999,999,999,7,0,0,0,0,0,0,995,9.8,998,998,998,99.8,99.8,99.8,1204.49129281585,10,6
20466,30,4,1-30-2021-004-01,1,1,5FNRL3H92AB0,17,474,1869,2,0,37,441,2010,20,4,20,0,1,F,9,2106,5,9999,9,0,998,2,105,1,0,0,995,0,0,0,85335,9,9,1,3,5,1,1,1,1,1,1,1,0,0,1,1,0,0,9,1,1,3,59,99,9,9,2,D,33,0,0,0,0,0,0,0,0,0,0,180,180,0,0,0,1,0,999,999,999,9999999,999,999,999,9,0,1,2,0,6,0,995,9.8,998,998,998,99.8,99.8,99.8,42.5599476527366,10,6
20466,30,4,1-30-2021-004-01,1,2,JTDKAMFU0M31,17,448,2209,5,0,49,46,2021,5,1,3,0,1,R,9,1379,8,9999,9,0,998,2,105,1,0,1,0,3,0,1,85339,9,9,1,3,5,1,1,1,1,1,1,1,0,0,1,1,0,0,9,0,1,3,53,99,1,1,2,D,33,0,0,0,0,0,0,0,0,0,0,180,180,0,0,0,2,0,999,999,999,9999999,999,999,999,9,0,5,26,1,1,0,995,3.5,999,999,999,0.0,0.0,0.0,42.5599476527366,10,6
20467,15,5,1-15-2021-005-04,4,1,2FMPK4J98KBB,17,460,1797,7,0,12,424,2019,15,3,15,0,1,F,9,1875,5,9999,9,0,998,5,48,1,8,9,998,8,7,9,11725,9,9,2,4,2,1,2,1,1,1,0,0,0,0,1,1,1,2,9,0,1,2,17,99,1,1,4,J,69,0,0,0,0,0,0,0,0,0,0,180,300,0,0,0,1,0,999,999,999,9999999,999,999,999,9,0,95,95,95,95,0,995,9.8,998,998,998,99.8,99.8,99.8,63.1224807003416,1,6
20467,15,5,1-15-2021-005-04,4,2,SHHFK7H60KU4,17,474,1863,5,0,37,31,2019,5,1,3,0,1,R,9,1323,5,9999,9,0,998,2,48,1,8,9,998,8,7,9,11559,9,9,2,4,2,1,2,1,1,1,0,0,0,0,1,1,1,2,9,0,11,4,63,99,1,1,4,J,68,0,0,0,0,0,0,0,0,0,0,300,180,0,0,0,1,0,999,999,999,9999999,999,999,999,9,0,0,0,0,0,0,995,9.8,998,998,998,99.8,99.8,99.8,63.1224807003416,1,6
20469,26,3,1-26-2021-003-06,6,1,1C6RR7KT8FS6,17,496,13620,60,0,7,482,2015,34,5,30,0,1,F,9,2336,5,9999,9,0,998,2,40,1,0,1,63,2,0,1,95621,1,2,0,4,4,1,2,1,1,1,1,2,0,0,3,1,0,0,9,1,1,1,8,1,1,4,1,C,11,0,0,0,0,0,0,0,0,0,0,999,999,0,0,9,99,0,999,999,999,9999999,999,999,999,9,0,0,0,0,3,0,999,2.3,20,20,52,7.2,1.4,7.3,192.132351891341,10,6
20469,26,3,1-26-2021-003-06,6,2,3KPC24A3XKE0,17,498,2773,13,0,55,36,2019,4,1,2,0,2,F,9,1218,5,9999,9,0,998,,,,,,,,,,,,,,,,,,,,,,,,,,,,,,,,,,,,,,,,,,,,,,,,,,,,,,,,,,,,,,,,,,95,95,95,95,,,,,,,,,,192.132351891341,10,6
20469,26,3,1-26-2021-003-06,6,3,1C4PJMAB9HW5,17,483,1945,7,0,2,404,2017,14,3,14,0,2,L,9,1788,5,9999,9,0,998,,,,,,,,,,,,,,,,,,,,,,,,,,,,,,,,,,,,,,,,,,,,,,,,,,,,,,,,,,,,,,,,,,95,95,95,95,,,,,,,,,,192.132351891341,10,6
20470,21,3,1-21-2021-003-07,7,1,1FAFP34N26W1,17,460,1779,13,0,12,37,2006,4,1,2,0,1,F,9,1196,5,9999,9,0,998,5,64,1,0,0,995,0,0,0,92401,9,9,2,4,5,3,2,1,1,1,1,2,0,0,3,1,1,2,9,0,11,2,15,99,1,1,4,J,68,0,0,0,0,0,0,0,0,0,0,45,255,0,0,0,1,0,999,999,999,9999999,999,999,999,9,0,95,95,95,95,0,995,9.8,998,998,998,99.8,99.8,99.8,117.303305877022,11,6
20470,21,3,1-21-2021-003-07,7,2,3MZBM1K79GM3,17,473,2074,5,0,41,51,2016,5,1,3,0,1,F,9,1300,8,9999,9,0,998,2,64,1,0,0,995,0,0,0,92401,9,9,2,4,4,2,2,1,1,1,1,1,0,0,3,1,1,2,1,0,1,4,62,99,1,1,4,J,69,0,0,0,0,0,0,0,0,0,0,255,45,0,0,0,1,0,999,999,999,9999999,999,999,999,9,0,0,0,0,0,0,995,9.8,998,998,998,99.8,99.8,99.8,117.303305877022,11,6
20471,21,4,1-21-2021-004-03,3,1,4T1B11HK7JU1,17,448,2469,13,0,49,40,2018,4,1,4,0,1,F,9,1470,5,9999,9,0,998,2,72,1,9,0,995,0,9,0,99999,9,9,2,4,5,3,2,1,1,1,1,2,0,0,3,1,1,2,9,1,11,2,13,99,1,4,1,A,1,0,0,0,0,0,0,0,0,0,0,998,998,0,0,0,3,0,999,999,999,9999999,999,999,999,9,0,99,99,0,0,0,998,0.0,15,10,15,0.0,0.0,0.0,89.9087267080456,11,6
20475,33,1,1-33-2021-001-10,10,1,JTDBT9234812,17,448,2464,13,0,49,51,2008,4,1,2,0,1,F,2,1050,5,0,1,1,8,2,56,1,1,8,997,8,0,9,95966,7,9,0,4,2,1,2,2,1,1,0,0,0,0,3,8,0,0,9,1,1,2,13,2,9,4,1,A,1,0,0,0,0,0,0,0,0,0,0,998,998,0,1,0,1,12,999,999,999,9999999,999,999,999,7,0,0,0,0,0,0,998,0.0,999,999,999,7.2,1.3,7.3,27.8376456600101,12,6
20476,33,2,1-33-2021-002-03,3,1,MAJ6S3KL9LC3,17,460,17774,7,0,12,403,2020,14,3,14,0,1,F,3,1370,5,0,1,5,11,2,89,1,0,0,995,0,0,0,95914,1,2,0,4,2,1,2,1,1,1,1,2,0,0,1,1,0,0,1,0,1,6,90,1,1,1,1,C,12,0,0,0,0,0,0,0,0,0,0,998,998,0,0,0,5,12,999,999,999,9999999,999,999,999,8,0,2,5,0,3,0,998,1.3,5,5,120,4.1,2.8,4.4,29.8280882893823,12,6
20479,52,3,1-52-2021-003-04,4,1,3GNDA53P58S5,17,467,4586,7,0,20,23,2008,6,1,2,0,1,L,2,1431,5,9999,9,4,19,2,56,1,0,0,995,0,0,0,59022,9,9,2,4,3,2,2,1,1,1,1,2,0,0,1,8,1,2,9,0,11,2,15,99,1,1,4,K,82,0,0,0,0,0,0,0,0,0,0,335,90,0,0,0,1,3,25,-16,19,90408,998,-132,27,0,4,99,99,0,99,0,995,9.8,998,998,998,99.8,99.8,99.8,50.2347317647969,12,6
20479,52,3,1-52-2021-003-04,4,2,MAJ6P1UL3JC2,17,460,17774,7,0,12,403,2018,14,3,14,0,1,F,2,1370,5,0,1,1,11,2,56,1,0,0,995,0,0,0,59106,1,2,2,4,5,1,2,1,1,1,0,1,0,0,1,8,1,2,9,0,1,4,67,7,1,1,4,K,83,0,0,0,0,0,0,0,0,0,0,90,335,0,0,0,1,3,28,-27,-5,34292,998,-37,24,0,4,1,1,0,6,0,995,9.8,998,998,998,99.8,99.8,99.8,50.2347317647969,12,6
20481,52,5,1-52-2021-005-09,9,1,CCL448J17343,13,467,99997,11,0,20,498,1978,34,5,31,0,1,F,2,1598,5,0,1,1,9,2,56,1,1,1,227,2,0,9,59101,9,9,0,4,2,1,2,1,2,1,0,2,0,0,2,1,6,2,9,1,14,2,12,99,1,4,1,B,6,0,0,0,0,0,0,0,0,0,0,998,998,0,1,0,1,10,999,999,999,9999999,999,0,29,3,0,2,5,0,3,0,998,0.0,120,120,999,11.3,5.2,12.7,99.2055894218184,12,6
20482,52,6,1-52-2021-006-08,8,1,1G1NE52M2X62,17,467,1834,13,0,20,37,1999,4,1,3,0,1,F,3,1384,5,0,1,1,4,2,40,1,1,1,188,2,1,2,59101,1,2,0,4,2,1,2,1,1,2,0,0,0,0,3,1,0,0,9,1,1,2,12,99,1,4,1,B,6,0,0,0,0,0,0,0,0,0,0,998,998,0,0,1,2,1,84,-84,0,410211,998,-10,84,0,2,3,10,1,3,0,998,0.0,9,13,15,0.0,0.0,0.0,30.7221166012436,12,6
20483,52,7,1-52-2021-007-07,7,1,1GNSKBE08DR3,17,467,1852,7,0,20,421,2013,15,3,15,0,1,F,1,2480,5,0,1,1,15,2,40,1,1,8,997,8,0,9,59105,9,9,2,4,3,2,2,1,1,1,1,2,0,0,3,8,1,2,9,1,1,2,11,2,1,2,3,G,52,0,0,0,0,0,0,0,0,0,0,40,240,0,0,0,1,1,13,-13,0,16879,998,-62,12,0,4,0,0,0,0,0,995,9.8,998,998,998,99.8,99.8,99.8,91.6122267082467,12,6
20483,52,7,1-52-2021-007-07,7,2,1FMCU9EG9AKC,17,460,1798,7,0,12,402,2010,14,3,14,0,1,F,1,1609,5,0,1,1,15,2,40,1,0,0,995,0,0,0,59102,9,9,2,3,2,1,2,1,1,1,0,1,0,0,3,8,1,2,9,0,5,4,62,1,1,1,3,G,52,0,0,0,0,0,0,0,0,0,0,240,40,0,0,0,1,1,20,-19,7,30020,998,20,21,0,4,9,97,0,5,0,995,9.8,998,998,998,99.8,99.8,99.8,91.6122267082467,12,6
20483,52,7,1-52-2021-007-07,7,3,4S4BSANC7H33,17,523,2233,7,0,48,45,2017,6,1,3,0,1,F,9,1614,5,9999,9,0,998,5,40,1,0,0,995,0,0,0,59106,9,9,2,3,2,1,2,1,1,1,0,1,0,0,3,8,1,2,9,0,5,3,54,1,1,1,6,M,98,0,0,0,0,0,0,0,0,0,0,240,250,0,0,0,2,0,999,999,999,9999999,999,999,999,9,0,95,95,95,95,0,995,9.8,998,998,998,99.8,99.8,99.8,91.6122267082467,12,6
20484,20,4,1-20-2021-004-06,6,1,JT2SK12E1S03,17,448,2469,13,0,49,40,1995,4,1,2,0,1,L,3,1330,5,9999,9,0,998,2,72,1,0,1,0,2,0,2,93906,4,2,2,4,2,1,2,1,1,1,0,0,0,0,2,1,2,2,2,0,11,2,15,1,1,7,4,K,82,0,0,0,0,0,0,0,0,0,0,10,110,0,0,0,1,3,53,-18,50,265463,998,-59,64,0,4,2,9,0,4,0,995,9.8,998,998,998,99.8,99.8,99.8,112.060472220761,11,6
20484,20,4,1-20-2021-004-06,6,2,JM1CW2BL2D01,17,473,2075,15,0,41,52,2013,6,1,3,0,1,F,3,1569,5,0,1,1,21,2,72,1,0,1,0,2,0,0,93906,1,2,2,5,4,2,2,1,1,1,2,1,0,0,2,1,0,0,1,0,1,4,72,2,1,1,4,K,83,0,0,0,0,0,0,0,0,0,0,110,10,0,0,0,1,3,46,-45,-8,56485,998,-38,29,0,4,1,1,0,4,0,995,9.8,998,998,998,99.8,99.8,99.8,112.060472220761,11,6
20484,20,4,1-20-2021-004-06,6,3,JHMFA362X8S0,17,474,1863,13,0,37,31,2008,4,1,3,0,2,F,9,1304,5,9999,9,0,998,,,,,,,,,,,,,,,,,,,,,,,,,,,,,,,,,,,,,,,,,,,,,,,,,,,,,,,,,,,,,,,,,,95,95,95,95,,,,,,,,,,112.060472220761,11,6