CASEID,PSU,CASENO,CASENUMBER,CATEGORY,VEHNO,VIN,VINLENGTH,VPICMAKE,VPICMODEL,VPICBODYCLASS,ICFINALBODY,MAKE,MODEL,MODELYR,BODYTYPE,BODYCAT,VEHCLASS,SPECUSE,TRANSTAT,DAMPLANE,DAMSEV,CURBWT,CURBSRC,CARGOWT,CARGOSRC,INSPTYPE,INSPLAG,TOWED,SPEEDLIMIT,DRPRESENT,PARALCOHOL,ALCTEST,ALCTESTRESULT,ALCTESTSRC,PARDRUG,DRUGTEST,ZIP,RACE,ETHNICITY,RELTOJUNCT,TRAFFLOW,RDLANES,INITLANE,SURFTYPE,SURFCOND,ALIGNMENT,PROFILE,LINERIGHT,LINELEFT,RUMBINIT,RUMBROAD,LIGHTCOND,WEATHER,TRAFDEV,TRAFFUNCT,DISTRACT,PREFHE,PREMOVE,CRITCAT,CRITEVENT,MANEUVER,PRESTAB,PRELOC,CRASHCAT,CRASHCONF,CRASHTYPE,ROLLTYPE,ROLLTURN,ROLLINTRPT,ROLLPREMAN,ROLLINITYP,ROLLINLOC,ROLLOBJ,ROLLTRIP,ROLLDIR,ROLLDIST,DVANGTHIS,DVANGOTH,TOWHITCH,TRAJDOC,TREEPOLE,DVEVENT,DVBASIS,DVTOTAL,DVLONG,DVLAT,DVENERGY,DVSPEED,DVMOMENT,DVBES,DVEST,DVCONF,VAIS,VISS,VINJURED,VTREAT,INITOBJCLASS,HEADANGLECAT,SHLDRWIDTH,STRKLENGTH,STRKWIDTH,STRKHEIGHT,EDGEDISTX,EDGEDISTY,EDGEDISTZ,CASEWGT,PSUSTRAT,VERSION
20485,21,6,1-21-2021-006-07,7,1,999999999999,99,478,1913,15,0,35,51,2012,6,1,3,0,1,F,9,9999,9,9999,9,0,998,2,72,1,0,0,995,0,0,0,92324,9,9,2,4,5,2,2,1,2,1,3,2,0,0,1,1,1,2,9,0,14,2,17,99,1,1,5,L,88,0,0,0,0,0,0,0,0,0,0,345,245,0,0,0,1,0,999,999,999,9999999,999,999,999,9,0,0,0,0,0,0,995,9.8,998,998,998,99.8,99.8,99.8,117.303305877022,11,6
20485,21,6,1-21-2021-006-07,7,2,1FTYR2CM4KKA,17,460,3608,95,0,12,462,2019,21,4,21,99,1,L,9,2268,5,9999,9,0,998,5,40,1,0,0,995,0,0,0,92509,9,9,2,4,2,1,2,1,1,1,0,2,0,0,1,1,1,2,9,0,1,4,66,99,1,1,5,L,89,0,0,0,0,0,0,0,0,0,0,245,345,0,0,0,1,0,999,999,999,9999999,999,999,999,9,0,95,95,95,95,0,995,9.8,998,998,998,99.8,99.8,99.8,117.303305877022,11,6
20488,27,4,1-27-2021-004-06,6,1,KNMAT2MV9FP5,17,478,1913,8,0,35,51,2015,6,1,3,0,1,L,1,1610,5,0,1,1,5,2,40,1,9,0,995,0,9,0,99999,9,9,0,4,2,1,2,3,2,4,0,0,0,0,9,4,0,0,9,1,14,1,5,98,3,4,1,B,7,0,0,0,0,0,0,0,0,0,0,998,998,0,0,1,1,1,8,0,8,7076,998,-130,8,0,4,99,99,0,99,0,998,0.0,19,19,91,4.8,6.3,7.9,84.8685583298838,3,6
20492,77,4,1-77-2021-004-07,7,1,WBADX7C50CE7,17,452,1711,1,0,34,34,2012,1,1,3,0,1,F,2,1620,5,0,1,1,9,2,72,1,0,0,995,0,0,0,22901,9,9,0,4,5,3,2,1,1,1,1,2,1,0,1,1,0,0,1,0,1,3,51,99,1,1,2,D,24,0,0,0,0,0,0,0,0,0,0,145,145,0,0,0,1,3,25,-25,0,33684,998,8,23,0,4,0,0,0,0,0,995,9.8,998,998,998,99.8,99.8,99.8,1521.96369137904,9,6
20492,77,4,1-77-2021-004-07,7,2,1N4BZ1CP9LC3,17,478,1905,5,0,35,55,2020,5,1,3,0,1,B,2,1560,5,9999,9,0,998,5,72,1,0,0,995,0,0,0,22903,9,9,0,4,5,3,2,1,1,1,1,2,1,0,1,1,0,0,1,0,1,3,53,1,1,1,2,D,25,0,0,0,0,0,0,0,0,0,0,145,145,0,0,0,1,3,25,25,0,46891,998,0,27,0,4,95,95,95,95,0,995,9.8,998,998,998,99.8,99.8,99.8,1521.96369137904,9,6
20492,77,4,1-77-2021-004-07,7,3,5XYZTDLB6JG5,17,498,16694,7,0,55,401,2018,14,3,14,0,1,B,9,1640,5,9999,9,0,998,5,72,1,0,0,995,0,0,0,22947,9,9,0,4,5,3,2,1,1,1,1,2,1,0,1,1,0,0,1,0,1,3,53,1,1,1,6,M,98,0,0,0,0,0,0,0,0,0,0,145,145,0,0,0,2,0,999,999,999,9999999,999,999,999,9,0,95,95,95,95,0,995,9.8,998,998,998,99.8,99.8,99.8,1521.96369137904,9,6
20493,10,6,1-10-2021-006-04,4,1,JTEBU5JR2J55,17,448,2216,7,0,49,401,2018,14,3,14,0,1,F,2,2155,5,0,1,1,9,2,64,1,0,0,995,0,0,0,45429,9,9,1,4,7,3,2,1,1,1,3,1,0,0,1,1,1,2,9,0,1,3,50,99,1,1,2,D,20,0,0,0,0,0,0,0,0,0,0,170,170,0,0,0,1,12,999,999,999,9999999,999,999,999,7,0,0,0,0,0,0,995,9.8,998,998,998,99.8,99.8,99.8,492.33568968237,4,6
20493,10,6,1-10-2021-006-04,4,2,1G8ZS57B09F2,17,1056,4336,13,0,24,9,2009,4,1,4,0,1,F,9,1601,5,9999,9,0,998,2,64,1,0,0,995,0,0,0,45458,9,9,1,4,7,3,2,1,1,1,3,1,0,0,1,1,1,2,1,0,5,3,53,1,1,1,2,D,21,0,0,0,0,0,0,0,0,0,0,999,999,0,0,0,99,0,999,999,999,9999999,999,999,999,9,0,99,99,0,5,0,995,9.8,998,998,998,99.8,99.8,99.8,492.33568968237,4,6
20493,10,6,1-10-2021-006-04,4,3,4T1BD1EB2DU0,17,448,2465,13,0,49,43,2013,4,1,4,0,1,B,9,1620,5,9999,9,0,998,5,64,1,0,0,995,0,0,0,45068,9,9,1,4,7,3,2,1,1,1,3,1,0,0,1,1,1,2,1,0,5,3,53,99,1,1,6,M,98,0,0,0,0,0,0,0,0,0,0,170,170,0,0,0,2,0,999,999,999,9999999,999,999,999,9,0,95,95,95,95,0,995,9.8,998,998,998,99.8,99.8,99.8,492.33568968237,4,6
20493,10,6,1-10-2021-006-04,4,4,5NPE34AF3FH0,17,498,2459,13,0,55,33,2015,4,1,4,0,1,B,9,1475,5,9999,9,0,998,5,64,1,0,0,995,0,0,0,45420,9,9,1,4,7,3,2,1,1,1,3,1,0,0,1,1,1,2,1,0,5,3,53,99,1,1,6,M,98,0,0,0,0,0,0,0,0,0,0,170,170,0,0,0,3,0,999,999,999,9999999,999,999,999,9,0,95,95,95,95,0,995,9.8,998,998,998,99.8,99.8,99.8,492.33568968237,4,6
20494,10,7,1-10-2021-007-09,9,1,4S4BP61C8873,17,523,2233,7,0,48,45,2008,6,1,3,0,1,F,1,1500,5,0,1,1,5,3,48,1,0,0,995,0,0,0,45410,9,9,0,4,2,1,2,1,1,1,0,0,0,0,1,1,0,0,9,1,1,2,12,99,1,4,1,B,6,0,0,0,0,0,0,0,0,0,0,10,170,0,0,0,1,3,17,-17,0,18175,998,-26,17,0,4,99,99,0,8,0,995,9.8,998,998,998,99.8,99.8,99.8,1173.09491426545,4,6
20494,10,7,1-10-2021-007-09,9,2,4S2CM57W4243,17,542,2818,7,0,38,402,2002,14,3,14,0,2,F,1,1902,5,9999,9,0,998,,,,,,,,,,,,,,,,,,,,,,,,,,,,,,,,,,,,,,,,,,,,,,,,,,,,,,,,,,,,,,,,,,95,95,95,95,,,,,,,,,,1173.09491426545,4,6
20495,10,8,1-10-2021-008-03,3,1,2C3CDXGJ8HH5,17,476,1895,13,0,7,24,2017,4,1,5,0,1,F,9,1996,5,9999,9,0,998,2,80,1,0,0,995,0,0,0,45449,9,9,2,4,2,1,2,1,1,1,1,2,0,0,1,1,0,0,1,0,11,2,15,99,1,1,4,J,68,0,0,0,0,0,0,0,0,0,0,0,210,0,0,0,1,0,999,999,999,9999999,999,999,999,9,0,9,97,0,99,0,995,9.8,998,998,998,99.8,99.8,99.8,175.737215719817,4,6
20495,10,8,1-10-2021-008-03,3,2,1FAFP36352W1,17,460,1779,15,0,12,37,2002,6,1,2,0,1,F,2,1235,5,0,1,1,6,2,80,1,0,0,995,0,0,0,45067,1,9,2,4,2,1,2,1,1,1,1,2,0,0,1,1,0,0,1,0,1,4,62,99,1,1,4,J,69,0,0,0,0,0,0,0,0,0,0,210,0,0,0,0,1,12,999,999,999,9999999,999,999,999,7,0,1,1,0,4,0,995,9.8,998,998,998,99.8,99.8,99.8,175.737215719817,4,6
20497,54,2,1-54-2021-002-08,8,1,1GC4KYBG4AF1,17,467,1850,60,0,20,481,2010,34,5,31,0,1,F,3,2703,5,0,1,5,5,2,64,1,0,1,197,2,0,0,35585,9,9,0,4,2,1,2,1,2,2,0,2,0,0,2,1,0,0,3,1,14,2,12,99,1,4,1,B,6,0,0,0,0,0,0,0,0,0,0,998,998,0,0,4,1,12,999,999,999,9999999,999,999,999,8,0,1,1,0,4,0,998,0.0,25,25,120,28.0,4.0,27.0,539.042263166661,9,6
20498,17,4,1-17-2021-004-08,8,1,1FTYR44UX2PA,17,460,1803,60,0,12,471,2002,34,5,30,0,1,F,1,1502,5,0,1,1,10,2,113,1,1,1,160,2,9,0,33850,9,9,0,2,2,1,2,2,3,9,1,3,2,3,2,4,0,0,9,1,14,2,13,99,9,4,1,A,1,0,0,0,0,0,0,0,0,0,0,998,998,0,0,9,1,10,999,999,999,9999999,999,15,23,2,0,3,14,1,4,0,998,2.3,999,999,999,99.9,99.9,99.9,308.562110762693,4,6
20499,17,5,1-17-2021-005-02,2,1,LRBFX3SX5KD1,17,468,11438,7,0,18,405,2019,14,3,14,0,1,R,1,1839,5,0,1,1,13,2,89,1,9,0,995,0,9,0,61254,1,2,2,4,2,1,2,5,1,1,1,4,0,0,2,1,0,0,1,1,1,2,13,2,1,4,1,A,1,1,1,2,2,5,4,31,1,1,16,997,997,0,0,0,1,6,999,999,999,9999999,999,999,999,6,0,1,1,0,4,2,997,9.8,998,998,998,99.8,99.8,99.8,63.7137743550154,4,6
20501,11,1,1-11-2021-001-03,3,1,JH4DC54852C0,17,475,3183,5,0,54,38,2002,3,1,2,0,1,F,9,1197,5,9999,9,0,998,2,56,1,0,0,995,0,0,0,23112,9,9,0,4,2,1,2,1,1,1,0,0,0,0,2,1,0,0,1,1,1,2,10,99,1,2,3,G,50,0,0,0,0,0,0,0,0,0,0,175,355,0,0,0,1,0,999,999,999,9999999,999,999,999,9,0,0,0,0,0,0,995,9.8,998,998,998,99.8,99.8,99.8,3474.20574367095,8,6
20501,11,1,1-11-2021-001-03,3,2,5N1AT2MV5LC7,17,478,1913,7,0,35,404,2020,14,3,14,0,1,F,2,1610,5,0,1,1,14,2,56,1,0,0,995,0,0,0,23112,1,2,0,4,2,1,2,1,1,1,0,0,0,0,2,1,0,0,1,0,1,4,62,4,1,1,3,G,51,0,0,0,0,0,0,0,0,0,0,355,175,0,0,0,1,12,999,999,999,9999999,999,999,999,7,0,1,2,0,4,0,995,9.8,998,998,998,99.8,99.8,99.8,3474.20574367095,8,6
20502,48,3,1-48-2021-003-06,6,1,3FA6P0H7XGR2,17,460,1780,13,0,12,23,2016,4,1,4,0,1,U,9,1558,5,0,2,4,14,2,129,1,0,0,995,0,0,0,83252,1,2,0,2,2,1,1,1,1,1,1,3,2,3,2,8,0,0,1,1,1,6,87,8,1,4,1,A,3,0,0,0,0,0,0,0,0,0,0,996,996,0,0,0,3,7,999,999,999,9999999,999,999,999,9,0,2,9,0,4,0,996,2.8,999,999,999,99.9,99.9,99.9,85.0434514382502,12,6
20503,48,4,1-48-2021-004-10,10,1,1GHDT13S3221,17,4162,8920,7,0,21,401,2002,14,3,14,0,1,F,1,2099,5,0,1,1,5,2,48,1,0,0,995,0,0,0,84302,9,9,0,5,3,1,2,1,1,1,0,2,0,0,1,1,0,0,3,0,1,3,50,99,1,1,2,D,20,0,0,0,0,0,0,0,0,0,0,180,180,0,0,0,1,3,15,-15,0,24015,998,11,17,0,4,0,0,0,99,0,995,9.8,998,998,998,99.8,99.8,99.8,761.012496197652,12,6
20503,48,4,1-48-2021-004-10,10,2,1FMCU93188KA,17,460,1798,7,0,12,402,2008,14,3,14,0,1,B,1,1540,5,9999,9,0,998,5,48,1,0,0,995,0,0,0,84302,9,9,0,5,3,1,2,1,1,1,0,2,0,0,1,1,0,0,9,0,5,3,53,99,1,1,2,D,21,0,0,0,0,0,0,0,0,0,0,180,180,0,0,0,1,3,21,21,0,20695,998,0,19,0,4,95,95,95,95,0,995,9.8,998,998,998,99.8,99.8,99.8,761.012496197652,12,6
20503,48,4,1-48-2021-004-10,10,3,1B3CB4HA1AD5,17,476,1896,5,0,7,25,2010,5,1,2,0,1,B,9,1345,5,9999,9,0,998,5,48,1,0,0,995,0,0,0,84302,9,9,0,5,3,1,2,1,1,1,0,2,0,0,1,1,0,0,9,0,5,3,53,99,1,1,6,M,98,0,0,0,0,0,0,0,0,0,0,180,180,0,0,0,2,0,999,999,999,9999999,999,999,999,9,0,95,95,95,95,0,995,9.8,998,998,998,99.8,99.8,99.8,761.012496197652,12,6
20504,24,4,1-24-2021-004-08,8,1,5NPET4AC3AH5,17,498,2459,13,0,55,33,2010,4,1,3,0,1,F,3,1493,5,0,1,1,24,2,80,1,9,1,158,2,0,0,08234,1,2,0,4,2,1,2,2,2,1,1,2,0,0,2,8,0,0,1,1,14,1,5,99,9,4,1,B,7,0,0,0,0,0,0,0,0,0,0,998,998,0,0,1,1,1,80,-80,0,386749,998,0,80,0,4,2,5,0,3,0,998,0.5,53,53,120,15.4,6.3,16.8,99.3582505511419,1,6
20506,24,6,1-24-2021-006-04,4,1,1C6RR7FT3JS2,17,496,13620,60,0,7,482,2018,34,5,30,0,1,F,1,2305,5,0,1,5,26,3,0,1,0,8,997,8,9,3,08215,1,9,4,1,3,1,2,2,1,1,0,0,0,0,1,2,5,2,2,0,1,5,80,1,1,1,1,C,13,0,0,0,0,0,0,0,0,0,0,998,998,0,0,0,1,10,999,999,999,9999999,999,999,999,6,0,0,0,0,4,0,998,9.8,998,998,998,99.8,99.8,99.8,370.85429194638,1,6
20507,24,7,1-24-2021-007-07,7,1,1GKLVMED0AJ1,17,472,1855,7,0,23,8,2010,6,1,5,0,1,R,9,2234,5,9999,9,0,998,5,40,1,0,0,995,0,0,0,08037,9,9,2,4,2,1,2,1,1,1,0,0,0,0,2,1,2,2,9,0,11,2,15,99,1,1,4,K,76,0,0,0,0,0,0,0,0,0,0,200,110,0,0,0,1,0,999,999,999,9999999,999,999,999,9,0,95,95,95,95,0,995,9.8,998,998,998,99.8,99.8,99.8,633.060234229209,1,6
20507,24,7,1-24-2021-007-07,7,2,JA4JZ4AX2GZ0,17,481,2163,7,0,52,47,2016,6,1,3,0,1,F,1,1595,5,0,1,1,12,2,72,1,0,0,995,0,0,0,08037,1,1,2,4,2,1,2,1,1,1,1,2,0,0,2,1,0,0,1,0,1,4,65,4,1,1,4,K,77,0,0,0,0,0,0,0,0,0,0,110,200,0,0,0,1,12,999,999,999,9999999,999,999,999,6,0,0,0,0,0,0,995,9.8,998,998,998,99.8,99.8,99.8,633.060234229209,1,6
20510,28,5,1-28-2021-005-07,7,1,1G11C5SA1GF1,17,467,1834,13,0,20,37,2016,4,1,4,0,1,F,1,1400,5,0,1,1,17,2,113,1,0,0,995,0,0,0,14823,9,9,1,2,3,3,2,4,2,1,3,2,1,3,1,4,0,0,9,1,14,1,5,2,4,4,1,B,7,0,0,0,0,0,0,0,0,0,0,998,998,0,0,0,1,7,999,999,999,9999999,999,999,999,6,0,0,0,0,0,0,998,2.0,120,10,109,22.3,6.4,23.5,134.451294628434,3,6
20512,24,5,1-24-2021-005-07,7,1,2HKRM4H70GH7,17,474,1865,7,0,37,402,2016,14,3,14,0,1,R,2,1586,5,9999,9,5,78,2,89,1,0,0,995,0,0,0,08330,9,9,2,3,1,1,2,1,3,1,1,2,0,0,1,1,2,2,9,0,3,2,17,99,1,1,5,L,87,0,0,0,0,0,0,0,0,0,0,160,50,0,0,0,1,12,999,999,999,9999999,999,999,999,7,0,0,0,0,0,0,995,9.8,998,998,998,99.8,99.8,99.8,633.060234195391,1,6
20512,24,5,1-24-2021-005-07,7,2,5N1AA08C58N6,17,478,1915,7,0,35,421,2008,15,3,15,0,1,F,1,2652,5,0,1,1,36,2,89,1,0,0,995,0,0,0,08330,9,9,2,2,3,3,2,1,1,1,3,2,0,0,1,1,0,0,1,0,1,4,66,99,1,1,5,L,86,0,0,0,0,0,0,0,0,0,0,50,160,0,0,0,1,12,999,999,999,9999999,999,999,999,6,0,0,0,0,0,0,995,9.8,998,998,998,99.8,99.8,99.8,633.060234195391,1,6
20513,52,8,1-52-2021-008-06,6,1,2CNFLNE5XB63,17,467,1847,7,0,20,404,2011,14,3,14,0,1,L,9,1782,5,9999,9,0,998,5,40,1,0,0,995,0,0,0,59044,9,9,2,4,2,1,2,1,1,1,0,0,0,0,2,1,0,0,9,0,1,4,66,99,1,1,5,L,89,0,0,0,0,0,0,0,0,0,0,180,270,0,0,0,1,0,999,999,999,9999999,999,999,999,9,0,95,95,95,95,0,995,9.8,998,998,998,99.8,99.8,99.8,39.5774749374467,12,6
20513,52,8,1-52-2021-008-06,6,2,5J6RM4H75DL0,17,474,1865,7,0,37,402,2013,14,3,14,0,1,F,1,1500,5,0,2,4,11,2,40,1,0,0,995,0,0,0,59044,1,2,2,4,2,1,2,1,1,1,0,0,0,0,2,1,0,0,1,0,1,2,17,7,1,1,5,L,88,0,0,0,0,0,0,0,0,0,0,270,180,0,0,0,1,12,999,999,999,9999999,999,999,999,6,0,0,0,0,0,0,995,9.8,998,998,998,99.8,99.8,99.8,39.5774749374467,12,6
20514,52,9,1-52-2021-009-06,6,1,2FMZA52236BA,17,460,2384,9,0,12,443,2006,20,4,20,0,1,R,2,1948,5,0,1,1,21,2,97,1,0,0,995,0,0,0,50476,9,9,2,4,2,1,2,1,1,1,1,2,0,0,1,1,2,2,2,0,1,2,17,99,1,1,5,L,87,0,0,0,0,0,0,0,0,0,0,180,100,0,0,0,1,1,33,-16,-28,72356,998,-95,26,0,4,99,99,0,99,0,995,9.8,998,998,998,99.8,99.8,99.8,39.5774749374467,12,6
20514,52,9,1-52-2021-009-06,6,2,1C4RJFAG4DC6,17,483,1949,7,0,2,404,2013,14,3,14,0,1,F,2,2114,5,0,1,1,21,2,97,1,0,0,995,0,0,0,59102,9,9,2,4,2,1,2,1,1,1,1,2,0,0,1,1,0,0,9,0,1,4,66,8,1,1,5,L,86,0,0,0,0,0,0,0,0,0,0,100,180,0,1,0,1,1,30,-23,19,184395,998,134,34,0,4,2,6,0,3,0,995,0.0,54,22,120,14.4,5.4,15.6,39.5774749374467,12,6
20515,52,10,1-52-2021-010-06,6,1,JM3KE4DY4F04,17,473,2369,7,0,41,403,2015,14,3,14,0,1,L,1,1604,5,0,1,1,18,2,113,1,0,0,995,0,0,0,55346,1,2,2,4,2,1,2,1,3,4,1,2,0,0,1,8,2,2,2,1,12,2,21,9,1,1,6,M,98,0,0,0,0,0,0,0,0,0,0,170,270,0,0,0,1,1,16,3,16,4683,998,-118,6,0,4,1,2,0,6,0,995,9.8,998,998,998,99.8,99.8,99.8,39.5774749374467,12,6
20515,52,10,1-52-2021-010-06,6,2,5NPET46F88H3,17,498,2459,13,0,55,33,2008,4,1,3,0,1,F,1,1476,5,0,1,1,18,2,113,1,0,0,995,0,0,0,59102,9,9,2,4,2,1,2,1,3,4,1,2,0,0,1,8,0,0,9,0,14,4,67,99,1,1,6,M,98,0,0,0,0,0,0,0,0,0,0,270,170,0,0,0,1,1,18,-17,6,51484,998,51,27,0,4,9,97,0,99,0,995,9.8,998,998,998,99.8,99.8,99.8,39.5774749374467,12,6
20516,52,11,1-52-2021-011-04,4,1,2FMDK4KC6CBA,17,460,1797,7,0,12,24,2012,6,1,4,0,1,F,1,1993,5,9999,9,0,998,2,72,1,0,0,995,0,0,0,59101,9,9,2,4,2,1,2,1,1,1,0,2,0,0,1,1,2,2,2,0,1,2,17,2,1,1,5,L,88,0,0,0,0,0,0,0,0,0,0,90,0,0,0,0,1,3,8,-4,-7,8032,998,-184,6,0,4,99,99,0,99,0,995,9.8,998,998,998,99.8,99.8,99.8,58.8316465493822,12,6
20516,52,11,1-52-2021-011-04,4,2,1FMCU9G92HUC,17,460,1798,7,0,12,402,2017,14,3,14,0,1,L,1,1611,5,0,1,1,20,2,89,1,0,0,995,0,0,0,59044,9,9,2,4,2,1,2,1,1,1,1,2,0,0,1,1,1,2,9,0,1,4,66,99,1,1,5,L,89,0,0,0,0,0,0,0,0,0,0,0,90,0,0,0,1,3,10,-9,5,13039,998,-10,14,0,4,0,0,0,0,0,995,9.8,998,998,998,99.8,99.8,99.8,58.8316465493822,12,6
20519,73,5,1-73-2021-005-04,4,1,5TDDZ3DC8HS1,17,448,2468,2,0,49,442,2017,20,4,20,0,1,R,1,2115,5,0,1,1,14,2,72,1,8,0,995,0,7,0,11229,9,9,2,4,2,1,2,1,1,1,1,2,0,0,3,1,2,2,9,0,11,2,15,99,1,1,4,K,76,0,0,0,0,0,0,0,0,0,0,130,70,0,0,0,1,3,9,2,-9,19072,998,-178,10,0,4,0,0,0,0,0,995,9.8,998,998,998,99.8,99.8,99.8,223.765775793046,3,6
20519,73,5,1-73-2021-005-04,4,2,5XYKTCA63FG6,17,499,2769,7,0,63,402,2015,14,3,14,0,1,F,1,1730,5,0,1,1,31,2,80,1,8,0,995,0,7,0,04911,9,9,2,4,2,1,2,1,2,1,1,2,0,0,3,1,0,0,1,0,14,4,65,99,1,1,4,K,77,0,0,0,0,0,0,0,0,0,0,70,130,0,0,0,1,3,11,-10,4,7528,998,73,9,0,4,1,1,0,5,0,995,9.8,998,998,998,99.8,99.8,99.8,223.765775793046,3,6
20520,73,6,1-73-2021-006-03,3,1,JA4AZ3A36JZ0,17,481,2163,7,0,52,47,2018,6,1,3,0,1,T,2,1610,5,0,1,1,35,2,89,1,0,2,996,1,0,0,04426,1,9,0,4,2,1,2,1,3,4,1,2,0,0,2,1,0,0,3,1,14,2,13,7,1,4,1,A,1,1,7,1,6,1,4,49,1,1,39,997,997,0,0,0,3,6,999,999,999,9999999,999,999,999,7,0,1,2,0,4,3,997,1.3,120,32,999,10.4,1.4,10.6,109.731931448097,3,6
20521,16,4,1-16-2021-004-07,7,1,1G11B5SAXDF3,17,467,1834,13,0,20,37,2013,4,1,3,0,1,F,2,1539,5,0,1,1,8,2,56,1,9,0,995,0,9,0,99999,9,9,0,3,3,2,2,1,1,1,3,3,0,0,3,1,0,0,9,1,1,2,12,2,1,4,1,B,6,0,0,0,0,0,0,0,0,0,0,998,998,0,0,7,1,12,999,999,999,9999999,999,999,999,7,0,0,0,0,0,0,998,0.0,999,999,999,1.0,0.5,1.1,6310.97741151866,5,6
20522,16,5,1-16-2021-005-05,5,1,1N4AL3AP0FC2,17,478,1904,13,0,35,47,2015,4,1,4,0,1,F,1,1416,5,0,1,1,6,2,89,1,0,0,995,0,0,0,45239,9,9,0,2,3,1,2,1,3,9,1,3,0,3,3,1,0,0,1,1,14,2,12,2,4,4,1,B,7,0,0,0,0,0,0,0,0,0,0,998,998,0,0,0,1,1,11,-7,8,11487,998,108,11,0,4,9,97,0,5,0,998,0.7,999,999,999,0.0,0.0,0.0,188.546282943076,5,6
20523,13,3,1-13-2021-003-02,2,1,3C4PDCGB8HT5,17,476,1939,7,0,7,27,2017,6,1,4,0,1,R,2,1735,5,0,1,1,12,2,56,1,8,0,995,0,7,0,76116,2,9,1,1,3,1,1,1,1,1,1,1,0,0,1,1,1,2,1,0,1,4,66,3,1,1,5,L,87,0,0,0,0,0,0,0,0,0,0,285,175,0,0,0,1,3,37,-28,-24,200700,998,-11,53,0,4,0,0,0,0,0,995,9.8,998,998,998,99.8,99.8,99.8,73.7025912358478,7,6
20523,13,3,1-13-2021-003-02,2,2,3N1CN8FV9LL8,17,478,1894,13,0,35,50,2020,4,1,2,0,1,F,3,1238,8,0,1,1,21,2,80,1,8,0,995,0,7,0,75771,1,9,1,1,3,2,1,1,1,1,1,2,0,0,1,1,1,2,9,0,1,4,66,4,1,1,5,L,86,0,0,0,0,0,0,0,0,0,0,175,285,0,0,0,1,3,50,-43,25,81151,998,90,33,0,4,3,11,1,3,0,995,9.8,998,998,998,99.8,99.8,99.8,73.7025912358478,7,6
20523,13,3,1-13-2021-003-02,2,3,WBSKG9C55DJ5,17,452,1710,3,0,34,34,2013,2,1,3,0,1,F,9,1680,5,9999,9,0,998,2,56,1,8,0,995,0,7,0,76109,1,9,1,1,4,4,1,1,1,2,1,2,0,0,1,1,1,2,9,0,5,4,62,1,1,1,6,M,98,0,0,0,0,0,0,0,0,0,0,90,190,0,0,0,3,0,999,999,999,9999999,999,999,999,9,0,0,0,0,0,0,995,9.8,998,998,998,99.8,99.8,99.8,73.7025912358478,7,6
20524,13,4,1-13-2021-004-02,2,1,1FT7W2BT9HEC,17,460,1805,60,0,12,481,2017,34,5,31,0,1,F,2,2938,5,0,1,1,19,2,113,1,8,1,0,2,7,0,76014,1,1,1,2,5,3,2,1,1,9,3,3,0,0,3,1,0,0,3,0,1,3,50,8,1,1,2,D,20,0,0,0,0,0,0,0,0,0,0,280,275,0,0,0,1,5,999,999,999,9999999,999,999,27,3,0,4,21,1,3,0,995,9.8,998,998,998,99.8,99.8,99.8,73.7025912358478,7,6
20524,13,4,1-13-2021-004-02,2,2,1NPXD49X1ED2,17,495,2794,66,0,87,881,2014,66,8,68,0,1,B,9,,,,,,,5,113,1,8,0,995,0,7,0,75904,9,9,1,2,5,3,2,1,1,9,3,3,0,0,3,1,0,0,9,0,7,3,53,1,1,1,2,D,21,,,,,,,,,,,,,,,,,,,,,,,,,,,95,95,95,95,,,9.8,998,998,998,99.8,99.8,99.8,73.7025912358478,7,6
20525,27,5,1-27-2021-005-07,7,1,4T1BE46K47U6,17,448,2469,13,0,49,40,2007,4,1,3,0,1,B,1,1490,5,9999,9,0,998,5,56,1,8,9,998,8,7,9,02301,9,9,2,4,2,1,2,1,1,1,1,2,0,0,3,1,0,0,1,0,5,3,53,99,1,1,2,D,22,0,0,0,0,0,0,0,0,0,0,30,30,0,0,0,1,3,23,23,0,55472,998,0,30,0,4,95,95,95,95,0,995,9.8,998,998,998,99.8,99.8,99.8,553.328085586439,3,6
20525,27,5,1-27-2021-005-07,7,2,3N1CN7AP9CL8,17,478,1894,13,0,35,50,2012,4,1,2,0,1,F,2,1042,5,0,1,1,14,2,56,1,8,9,998,8,7,9,01267,9,9,2,4,2,1,2,1,1,1,1,2,0,0,3,1,0,0,9,0,1,3,50,99,1,1,2,D,20,0,0,0,0,0,0,0,0,0,0,30,30,0,0,0,1,3,32,-32,0,20103,998,-3,22,0,4,0,0,0,0,0,995,9.8,998,998,998,99.8,99.8,99.8,553.328085586439,3,6
20526,27,6,1-27-2021-006-07,7,1,1GCVKREC3FZ2,17,467,1850,60,0,20,481,2015,34,5,31,0,1,F,1,2366,5,0,1,3,11,2,56,1,0,0,995,0,0,0,01201,9,9,2,4,2,1,2,2,2,2,0,2,0,0,3,8,0,0,1,0,14,4,67,2,1,1,5,L,90,0,0,0,0,0,0,0,0,0,0,210,60,0,0,0,1,3,11,-11,-2,18167,998,-47,13,0,4,0,0,0,0,0,995,9.8,998,998,998,99.8,99.8,99.8,553.328085586439,3,6
20526,27,6,1-27-2021-006-07,7,2,1Y1SK5285WZ4,17,467,3531,13,0,20,32,1998,4,1,1,0,1,F,1,1088,8,0,1,1,17,2,56,1,0,0,995,0,0,0,01267,9,9,2,4,2,1,2,2,1,4,0,2,0,0,3,8,0,0,9,0,1,1,6,99,2,1,5,L,90,0,0,0,0,0,0,0,0,0,0,60,210,0,0,0,1,3,22,-21,8,25292,998,65,21,0,4,0,0,0,0,0,995,9.8,998,998,998,99.8,99.8,99.8,553.328085586439,3,6