CASEID,PSU,CASENO,CASENUMBER,CATEGORY,VEHNO,VIN,VINLENGTH,VPICMAKE,VPICMODEL,VPICBODYCLASS,ICFINALBODY,MAKE,MODEL,MODELYR,BODYTYPE,BODYCAT,VEHCLASS,SPECUSE,TRANSTAT,DAMPLANE,DAMSEV,CURBWT,CURBSRC,CARGOWT,CARGOSRC,INSPTYPE,INSPLAG,TOWED,SPEEDLIMIT,DRPRESENT,PARALCOHOL,ALCTEST,ALCTESTRESULT,ALCTESTSRC,PARDRUG,DRUGTEST,ZIP,RACE,ETHNICITY,RELTOJUNCT,TRAFFLOW,RDLANES,INITLANE,SURFTYPE,SURFCOND,ALIGNMENT,PROFILE,LINERIGHT,LINELEFT,RUMBINIT,RUMBROAD,LIGHTCOND,WEATHER,TRAFDEV,TRAFFUNCT,DISTRACT,PREFHE,PREMOVE,CRITCAT,CRITEVENT,MANEUVER,PRESTAB,PRELOC,CRASHCAT,CRASHCONF,CRASHTYPE,ROLLTYPE,ROLLTURN,ROLLINTRPT,ROLLPREMAN,ROLLINITYP,ROLLINLOC,ROLLOBJ,ROLLTRIP,ROLLDIR,ROLLDIST,DVANGTHIS,DVANGOTH,TOWHITCH,TRAJDOC,TREEPOLE,DVEVENT,DVBASIS,DVTOTAL,DVLONG,DVLAT,DVENERGY,DVSPEED,DVMOMENT,DVBES,DVEST,DVCONF,VAIS,VISS,VINJURED,VTREAT,INITOBJCLASS,HEADANGLECAT,SHLDRWIDTH,STRKLENGTH,STRKWIDTH,STRKHEIGHT,EDGEDISTX,EDGEDISTY,EDGEDISTZ,CASEWGT,PSUSTRAT,VERSION
20564,77,5,1-77-2021-005-03,3,1,999999999999,99,467,1850,60,0,99,499,9999,48,6,48,0,1,F,9,9999,9,9999,9,0,998,5,72,1,8,0,995,0,7,0,99999,9,9,2,1,2,2,2,1,1,1,1,2,0,0,2,1,1,2,9,0,1,3,50,99,1,1,2,D,20,0,0,0,0,0,0,0,0,0,0,55,55,0,0,0,1,0,999,999,999,9999999,999,999,999,9,0,95,95,95,95,0,995,9.8,998,998,998,99.8,99.8,99.8,268.154715783789,9,6
20564,77,5,1-77-2021-005-03,3,2,1N4AA6FVXLC3,17,478,2302,13,0,35,39,2020,4,1,4,0,1,B,3,1627,5,0,1,1,11,2,72,1,0,0,995,0,0,0,22923,9,9,2,1,2,2,2,1,1,1,1,2,0,0,2,1,1,2,1,0,5,3,53,1,1,1,2,D,21,0,0,0,0,0,0,0,0,0,0,55,55,0,0,0,1,5,999,999,999,9999999,999,999,44,4,0,99,99,0,99,0,995,9.8,998,998,998,99.8,99.8,99.8,268.154715783789,9,6
20566,26,5,1-26-2021-005-03,3,1,WDDZF4KB0KA5,17,449,2081,13,0,42,48,2019,4,1,5,0,1,F,1,1765,5,0,1,1,17,2,72,1,0,0,995,0,0,0,95628,1,9,2,1,4,2,2,1,1,1,3,3,0,0,1,1,1,2,9,0,1,2,17,1,1,1,4,K,77,0,0,0,0,0,0,0,0,0,0,245,300,0,0,0,1,3,23,-22,8,15079,998,20,15,0,4,99,99,0,99,0,995,0.0,999,999,999,0.0,0.0,0.0,59.5777764287958,10,6
20566,26,5,1-26-2021-005-03,3,2,JT2SK12E4P01,17,448,2469,13,0,49,40,1993,4,1,2,0,1,R,2,1365,5,9999,9,0,998,2,40,1,0,0,995,0,0,0,95660,1,1,2,4,3,2,2,1,1,1,1,2,0,0,1,1,1,2,1,0,11,4,66,1,1,1,4,K,76,0,0,0,0,0,0,0,0,0,0,300,245,0,0,0,1,3,29,10,-27,71163,998,-3,36,0,4,2,5,0,3,0,995,9.8,998,998,998,99.8,99.8,99.8,59.5777764287958,10,6
20567,26,6,1-26-2021-006-06,6,1,19XFB2F52FE2,17,474,1863,13,0,37,31,2015,4,1,3,0,1,F,2,1258,5,0,1,1,20,2,64,1,9,9,998,8,9,9,95351,9,1,2,1,5,2,2,1,1,1,1,3,0,0,1,1,1,2,9,0,1,2,17,3,1,1,4,J,69,0,0,0,0,0,0,0,0,0,0,340,135,0,0,0,1,3,25,-25,0,48409,998,47,29,0,4,1,1,0,0,0,995,9.8,998,998,998,99.8,99.8,99.8,120.092904906548,10,6
20567,26,6,1-26-2021-006-06,6,2,JN8AT2MT3KW2,17,478,1913,7,0,35,404,2019,14,3,14,0,1,F,1,1550,5,9999,9,4,41,5,64,1,0,0,995,0,0,0,95835,9,9,2,1,5,4,2,1,1,1,1,1,0,0,1,1,1,2,1,0,11,4,63,99,9,1,4,J,68,0,0,0,0,0,0,0,0,0,0,135,340,0,0,0,1,3,22,-19,-11,33872,998,-106,19,0,4,95,95,95,95,0,995,9.8,998,998,998,99.8,99.8,99.8,120.092904906548,10,6
20567,26,6,1-26-2021-006-06,6,3,1C3CCCAB8FN5,17,477,2053,13,0,6,18,2015,4,1,3,0,1,F,9,1575,5,9999,9,0,998,5,64,1,0,0,995,0,0,0,95834,9,9,2,1,5,4,2,1,1,1,1,1,0,0,1,1,0,0,1,0,11,3,52,1,9,1,6,M,98,0,0,0,0,0,0,0,0,0,0,135,135,0,0,0,2,0,999,999,999,9999999,999,999,999,9,0,95,95,95,95,0,995,9.8,998,998,998,99.8,99.8,99.8,120.092904906548,10,6
20568,26,7,1-26-2021-007-03,3,1,JTDKARFU1L31,17,448,2209,5,0,49,46,2020,5,1,3,0,1,L,1,1390,5,0,1,1,18,2,40,1,0,0,995,0,0,0,95678,9,1,2,4,2,1,2,1,1,1,0,0,0,0,1,1,2,2,2,0,10,2,16,1,1,1,4,K,78,0,0,0,0,0,0,0,0,0,0,155,200,0,0,0,1,3,8,4,7,6345,998,89,9,0,4,1,1,0,99,0,995,9.8,998,998,998,99.8,99.8,99.8,59.5777764261176,10,6
20568,26,7,1-26-2021-007-03,3,2,JA3AH86D25U0,17,481,2164,13,0,52,46,2005,4,1,2,0,1,F,1,1205,5,0,1,1,18,2,48,1,0,0,995,0,0,0,95621,1,9,2,4,2,1,2,1,1,1,3,4,0,0,1,1,0,0,1,0,1,4,65,99,1,1,4,K,79,0,0,0,0,0,0,0,0,0,0,200,155,0,0,0,1,3,9,-8,-3,2735,998,-66,7,0,4,0,0,0,0,0,995,9.8,998,998,998,99.8,99.8,99.8,59.5777764261176,10,6
20568,26,7,1-26-2021-007-03,3,3,1GNKRHKD6FJ3,17,467,1853,7,0,20,423,2015,15,3,15,0,2,B,9,2107,5,9999,9,0,998,,,,,,,,,,,,,,,,,,,,,,,,,,,,,,,,,,,,,,,,,,,,,,,,,,,,,,,,,,,,,,,,,,95,95,95,95,,,,,,,,,,59.5777764261176,10,6
20569,22,7,1-22-2021-007-04,4,1,2T1BURHEXHC8,17,448,2208,13,0,49,32,2017,4,1,3,0,1,F,1,1265,5,0,1,1,19,2,105,1,0,0,995,0,0,0,83501,9,9,0,4,2,1,2,1,1,1,1,2,2,3,2,1,0,0,9,1,1,2,13,7,1,4,1,A,1,0,0,0,0,0,0,0,0,0,0,998,998,0,1,0,1,98,999,999,999,9999999,999,999,999,6,0,0,0,0,0,0,998,1.7,999,120,999,31.9,4.1,32.5,101.935338041233,12,6
20571,28,7,1-28-2021-007-09,9,1,3G5DB03L66S5,17,468,4955,7,0,18,401,2006,14,3,14,0,1,F,1,1792,5,0,1,1,5,2,89,1,0,0,995,0,0,0,16901,1,2,0,4,2,1,2,3,1,1,1,2,1,0,1,9,0,0,1,1,1,1,5,2,2,4,1,A,2,0,0,0,0,0,0,0,0,0,0,998,998,0,0,0,3,1,13,-12,-2,12331,998,-37,13,0,1,1,1,0,4,0,998,0.9,10,1,96,11.3,2.4,11.5,145.59541244007,3,6
20572,10,10,1-10-2021-010-09,9,1,JTDBT1234350,17,448,3650,13,0,49,45,2003,4,1,1,0,1,R,9,928,5,9999,9,0,998,2,56,1,0,0,995,0,0,0,45322,9,9,2,1,3,3,2,2,1,1,1,0,0,0,1,4,1,2,1,1,11,1,6,99,4,4,1,A,2,1,1,9,2,1,4,63,1,1,999,997,997,0,0,0,2,0,999,999,999,9999999,999,999,999,9,0,99,99,0,5,3,997,0.0,999,14,25,0.0,0.0,0.0,1173.09491417665,4,6
20573,25,6,1-25-2021-006-06,6,1,3TMLU4EN0FM1,17,448,2223,60,0,49,472,2015,34,5,31,0,1,F,1,1914,5,9999,9,0,998,5,40,1,8,0,995,0,7,0,04252,9,9,2,4,2,1,2,1,1,2,0,2,0,0,1,1,2,2,1,0,1,2,17,99,1,1,5,L,88,0,0,0,0,0,0,0,0,0,0,175,90,0,0,0,1,3,12,-10,-6,8296,998,-117,9,0,4,95,95,95,95,0,995,9.8,998,998,998,99.8,99.8,99.8,164.768879028188,2,6
20573,25,6,1-25-2021-006-06,6,2,5XXGN4A73DG2,17,499,2739,13,0,63,34,2013,4,1,4,0,1,L,1,1454,5,0,1,1,13,2,40,1,8,0,995,0,7,0,04038,9,9,2,4,2,1,2,1,1,2,0,2,0,0,1,1,2,2,1,0,1,4,66,99,1,1,5,L,89,0,0,0,0,0,0,0,0,0,0,90,175,0,0,0,1,3,14,-5,13,19619,998,-43,17,0,4,0,0,0,0,0,995,9.8,998,998,998,99.8,99.8,99.8,164.768879028188,2,6
20578,26,8,1-26-2021-008-07,7,1,3C3CFFAR7CT1,17,492,2055,5,0,36,38,2012,3,1,1,0,1,F,2,1068,5,0,1,1,13,2,105,1,0,0,995,0,0,0,94603,2,9,0,2,4,1,2,1,1,9,1,3,0,0,3,1,0,0,9,1,1,2,13,99,9,4,1,A,1,0,0,0,0,0,0,0,0,0,0,998,998,0,0,0,1,1,28,-28,-5,37927,998,-29,28,0,1,0,0,0,0,0,998,2.6,999,999,999,99.9,2.6,99.9,309.583377596731,10,6
20579,25,7,1-25-2021-007-09,9,1,WAUFGAFB5AN0,17,582,3148,13,0,32,42,2010,4,1,4,0,1,F,9,1870,5,9999,9,5,12,2,80,1,8,0,995,0,7,0,04071,1,9,3,4,2,1,2,1,1,1,1,4,0,0,2,1,0,0,1,0,1,4,70,99,1,1,4,K,79,0,0,0,0,0,0,0,0,0,0,290,290,0,0,0,1,98,999,999,999,9999999,999,999,999,9,0,1,1,0,5,0,995,9.8,998,998,998,99.8,99.8,99.8,584.143012549165,2,6
20579,25,7,1-25-2021-007-09,9,2,1GCWGGCA6E12,17,467,1848,95,0,20,461,2014,21,4,21,0,1,B,9,2497,5,9999,9,0,998,5,80,1,0,0,995,0,7,0,04068,9,9,3,4,2,1,4,1,1,1,0,0,0,0,2,1,0,0,1,0,10,2,16,99,1,1,4,K,78,0,0,0,0,0,0,0,0,0,0,290,290,0,0,0,1,0,999,999,999,9999999,999,999,999,9,0,95,95,95,95,0,995,9.8,998,998,998,99.8,99.8,99.8,584.143012549165,2,6
20583,23,6,1-23-2021-006-03,3,1,1N6AD0EV9JN7,17,478,1919,60,0,35,472,2018,34,5,30,0,1,F,2,2154,5,46,1,1,8,2,89,1,1,1,266,2,0,1,43065,1,2,0,4,2,1,2,1,3,1,1,2,0,0,2,1,0,0,9,1,14,2,13,98,9,4,1,A,1,0,0,0,0,0,0,0,0,0,0,998,998,0,0,0,2,10,999,999,999,9999999,999,-32,33,3,0,2,5,0,3,0,998,0.8,6,8,120,5.0,1.1,5.2,130.881669545163,5,6
20584,23,7,1-23-2021-007-03,3,1,7FARW2H53KE0,17,474,1865,7,0,37,402,2019,14,3,14,0,1,F,2,1580,5,0,1,1,47,2,89,1,0,0,995,0,0,0,43065,1,9,2,4,2,1,2,5,1,4,1,2,0,0,2,8,2,2,1,1,1,2,14,99,9,4,1,C,14,0,0,0,0,0,0,0,0,0,0,998,998,0,0,1,1,1,33,-33,0,70544,998,-9,33,0,1,0,0,0,5,0,998,1.1,30,30,120,1.2,1.2,1.3,130.881669545163,5,6
20592,77,6,1-77-2021-006-08,8,1,2HGES16583H5,17,474,1863,13,0,37,31,2003,4,1,2,0,1,F,9,1151,5,9999,9,0,998,2,56,1,0,0,995,0,9,0,22903,9,9,3,4,2,1,2,1,1,1,0,0,0,0,3,1,0,0,1,0,11,2,15,99,1,1,4,K,82,0,0,0,0,0,0,0,0,0,0,185,320,0,0,0,1,0,999,999,999,9999999,999,999,999,9,0,2,5,0,4,0,995,9.8,998,998,998,99.8,99.8,99.8,418.28329968295,9,6
20592,77,6,1-77-2021-006-08,8,2,JM1BL1UG8B14,17,473,2074,13,0,41,51,2011,4,1,2,0,1,F,2,1295,5,0,1,1,16,2,56,1,0,0,995,0,9,0,22911,9,9,3,4,3,2,2,1,3,1,1,2,0,0,3,1,0,0,1,0,14,4,72,99,1,1,4,K,83,0,0,0,0,0,0,0,0,0,0,320,185,0,0,0,1,98,999,999,999,9999999,999,999,999,7,0,0,0,0,0,0,995,2.9,120,40,71,2.5,2.9,3.9,418.28329968295,9,6
20593,77,7,1-77-2021-007-03,3,1,YV4A22PK4H11,17,485,3132,7,0,51,401,2017,14,3,14,0,1,L,2,2101,5,0,1,1,9,2,56,1,0,0,995,0,0,0,22911,1,2,2,1,3,3,2,2,1,2,1,2,0,0,1,98,1,2,3,0,11,2,15,2,1,1,4,K,82,0,0,0,0,0,0,0,0,0,0,200,330,0,0,0,1,3,27,-14,24,81496,998,-29,30,0,4,0,0,0,0,0,995,9.8,998,998,998,99.8,99.8,99.8,398.047335851815,9,6
20593,77,7,1-77-2021-007-03,3,2,1GBGC24U12Z3,17,467,1850,65,11,20,481,2002,34,5,31,0,1,F,2,2360,5,9999,9,0,998,2,72,1,0,0,995,0,0,0,22968,1,2,2,1,4,2,2,2,1,1,1,1,0,0,1,98,1,2,1,0,1,4,67,4,1,1,4,K,83,0,0,0,0,0,0,0,0,0,0,330,200,0,0,0,1,3,25,-25,4,49451,998,44,22,0,4,0,0,0,0,0,995,9.8,998,998,998,99.8,99.8,99.8,398.047335851815,9,6
20594,54,3,1-54-2021-003-05,5,1,1FTEW1CF5FFA,17,460,1801,60,0,12,481,2015,34,5,31,0,1,F,2,2028,5,0,1,1,9,2,105,1,0,1,50,2,0,1,38878,1,1,0,2,2,1,2,2,1,1,1,3,2,3,2,2,0,0,9,1,1,2,13,99,1,4,1,A,1,0,0,0,0,0,0,0,0,0,0,998,998,0,0,0,1,10,999,999,999,9999999,999,0,27,3,0,3,22,1,3,0,998,2.8,38,38,62,2.2,0.3,2.2,159.503349608966,9,6
20596,17,7,1-17-2021-007-08,8,1,JN8AS58V79W1,17,478,1913,7,0,35,51,2009,6,1,3,0,1,T,2,1564,5,0,1,1,9,2,56,1,1,1,284,2,9,2,61244,1,9,0,4,3,1,2,5,2,1,1,1,0,0,3,1,1,2,9,1,14,2,12,99,9,4,1,B,6,1,4,2,6,1,4,61,1,1,24,997,997,0,0,0,3,6,999,999,999,9999999,999,999,999,7,0,1,1,0,4,3,997,0.0,999,999,999,0.0,0.0,0.0,73.2401156970787,4,6
20597,52,12,1-52-2021-012-09,9,1,1G2WJ52K8XF3,17,536,4262,13,0,22,20,1999,4,1,4,0,1,L,1,1531,5,0,1,1,23,2,40,1,0,1,0,2,0,2,59101,9,9,2,3,4,4,2,2,1,1,1,0,0,0,3,8,1,2,9,0,1,2,17,99,1,1,5,L,89,0,0,0,0,0,0,0,0,0,0,40,135,0,0,0,1,1,22,-14,17,55524,998,-90,26,0,1,1,1,0,4,0,995,9.8,998,998,998,99.8,99.8,99.8,102.168390050474,12,6
20597,52,12,1-52-2021-012-09,9,2,1GNFK33029R2,17,467,1852,7,0,20,421,2009,15,3,15,0,1,F,1,2506,5,0,1,1,23,2,40,1,0,0,995,0,0,0,59101,9,9,2,4,6,1,2,2,1,1,1,1,0,0,3,8,1,2,9,0,1,4,66,99,1,1,5,L,88,0,0,0,0,0,0,0,0,0,0,135,40,0,0,0,1,1,14,-12,-7,17039,998,-117,10,0,1,99,99,0,99,0,995,9.8,998,998,998,99.8,99.8,99.8,102.168390050474,12,6
20598,52,13,1-52-2021-013-04,4,1,MAJ6S3JL2KC3,17,460,17774,7,0,12,403,2019,14,3,14,0,1,L,1,1497,5,0,1,1,15,2,56,1,8,9,998,8,7,9,59044,1,2,2,3,4,2,2,2,1,1,1,1,0,0,1,8,1,2,9,0,1,2,17,8,1,1,5,L,89,0,0,0,0,0,0,0,0,0,0,270,0,0,0,0,1,3,8,-4,7,6511,998,-39,10,0,4,0,0,0,0,0,995,9.8,998,998,998,99.8,99.8,99.8,51.735005042951,12,6
20598,52,13,1-52-2021-013-04,4,2,2CKDL43F8863,17,536,4591,7,0,22,403,2008,14,3,14,0,1,F,1,1687,5,9999,9,0,998,5,56,1,8,9,998,8,7,9,59101,9,9,2,3,2,1,2,2,1,1,0,1,0,0,1,8,1,2,9,0,1,4,66,99,1,1,5,L,88,0,0,0,0,0,0,0,0,0,0,0,270,0,0,0,1,3,7,-6,-4,3159,998,-110,6,0,4,95,95,95,95,0,995,9.8,998,998,998,99.8,99.8,99.8,51.735005042951,12,6
20600,52,15,1-52-2021-015-07,7,1,1GNKVLED8CJ3,17,467,1853,7,0,20,24,2012,6,1,5,0,1,F,1,2234,5,0,1,1,13,2,40,1,0,0,995,0,0,0,59102,9,9,0,4,2,1,2,1,1,1,0,0,0,0,3,1,0,0,9,1,9,2,13,7,1,4,1,C,11,0,0,0,0,0,0,0,0,0,0,265,270,0,0,0,1,3,16,-16,0,29289,998,60,17,0,1,0,0,0,0,0,995,9.8,998,998,998,99.8,99.8,99.8,94.3482495922963,12,6
20600,52,15,1-52-2021-015-07,7,2,1GNDT13X25K1,17,467,11502,7,0,20,401,2005,14,3,14,99,2,B,1,1754,5,9999,9,0,998,,,,,,,,,,,,,,,,,,,,,,,,,,,,,,,,,,,,,,,,,,,,,,,,,,,,,,,,,,,,,,,,,,95,95,95,95,,,,,,,,,,94.3482495922963,12,6
20600,52,15,1-52-2021-015-07,7,3,1GCEK19T4YE1,17,467,1850,60,0,20,481,2000,34,5,31,0,2,F,1,2160,5,0,1,5,19,,,,,,,,,,,,,,,,,,,,,,,,,,,,,,,,,,,,,,,,,,,,,,,,,,,,,,,,,,,,,,,,,,95,95,95,95,,,,,,,,,,94.3482495922963,12,6
20602,48,6,1-48-2021-006-03,3,1,1FD8W3F60KEE,17,460,1806,70,11,12,881,2019,61,8,60,0,1,L,9,,,,,,,2,89,1,0,0,995,0,0,0,84335,9,9,0,5,5,98,5,2,1,1,0,0,0,0,1,8,0,0,9,1,12,2,21,2,1,6,6,M,98,,,,,,,,,,,,,,,,,,,,,,,,,,,95,95,95,95,,,9.8,998,998,998,99.8,99.8,99.8,84.1490119370097,12,6
20602,48,6,1-48-2021-006-03,3,2,1FM5K8F84HGA,17,460,1800,7,0,12,401,2017,14,3,14,0,1,F,2,2146,5,0,1,1,7,2,89,1,0,0,995,0,0,0,84302,9,9,0,5,5,2,2,2,1,1,3,2,0,0,1,8,0,0,9,0,1,4,64,3,1,1,6,M,98,0,0,0,0,0,0,0,0,0,0,170,120,0,0,0,1,5,999,999,999,9999999,999,999,37,3,0,0,0,0,0,0,995,3.6,120,8,35,6.3,7.5,9.8,84.1490119370097,12,6
20603,24,8,1-24-2021-008-03,3,1,2HGFC1F3XHH6,17,474,1863,13,0,37,31,2017,4,1,3,0,1,F,1,1244,5,0,1,1,19,2,80,1,0,0,995,0,0,0,08205,2,2,2,4,4,2,2,1,1,1,1,2,0,0,3,1,1,2,1,0,11,2,15,2,1,1,4,J,68,0,0,0,0,0,0,0,0,0,0,90,310,0,0,0,1,3,22,-19,-11,31472,998,-56,22,0,4,2,12,0,3,0,995,9.8,998,998,998,99.8,99.8,99.8,104.841552422715,1,6
20603,24,8,1-24-2021-008-03,3,2,4S4BP62C9873,17,523,2233,7,0,48,45,2008,6,1,3,0,1,F,1,1500,5,9999,9,0,998,2,80,1,0,0,995,0,0,0,08005,1,2,2,4,4,2,2,1,1,1,1,2,0,0,3,1,1,2,9,0,1,4,62,99,1,1,4,J,69,0,0,0,0,0,0,0,0,0,0,310,90,0,0,0,1,3,19,-19,3,25378,998,39,19,0,4,3,17,1,3,0,995,9.8,998,998,998,99.8,99.8,99.8,104.841552422715,1,6
20604,24,9,1-24-2021-009-03,3,1,3GNAXHEV8KL2,17,467,1847,7,0,20,404,2019,14,3,14,0,1,F,2,1485,5,0,1,1,14,2,80,1,0,0,995,0,0,0,08205,2,2,2,4,2,1,2,1,1,1,1,4,0,0,1,1,0,0,9,0,1,4,66,99,1,1,5,L,86,0,0,0,0,0,0,0,0,0,0,120,200,0,1,0,1,1,39,-34,19,112867,998,105,34,0,1,1,2,0,4,0,995,0.6,12,12,999,20.3,19.3,26.8,104.841552422715,1,6
20604,24,9,1-24-2021-009-03,3,2,3KPF24AD8LE2,17,499,2462,13,0,63,38,2020,4,1,3,0,1,R,3,1256,5,0,1,1,15,2,40,1,0,0,995,0,0,0,08330,2,2,2,4,2,1,2,1,1,1,0,2,0,0,1,1,2,2,9,0,1,2,17,99,1,1,5,L,87,0,0,0,0,0,0,0,0,0,0,200,120,0,1,0,1,1,46,-16,-44,150429,998,-25,53,0,1,1,1,0,4,0,995,0.1,120,120,999,3.4,2.8,4.3,104.841552422715,1,6
20605,24,10,1-24-2021-010-03,3,1,5UXCR6C53KLL,17,452,1717,7,0,34,421,2019,15,3,15,0,1,F,1,2135,5,0,1,1,20,2,80,1,0,0,995,0,0,0,08260,9,9,3,4,2,1,2,1,1,1,1,2,0,0,1,1,0,0,1,0,12,2,21,1,1,6,6,M,98,0,0,0,0,0,0,0,0,0,0,90,160,0,0,0,1,3,23,-22,8,33229,998,5,20,0,4,0,0,0,5,0,995,9.8,998,998,998,99.8,99.8,99.8,104.841552440145,1,6
20605,24,10,1-24-2021-010-03,3,2,1GNEVHKW6LJ2,17,467,1853,7,0,20,423,2020,15,3,15,0,1,R,1,2132,5,9999,9,0,998,2,80,1,0,0,995,0,0,0,08234,1,2,3,4,2,1,2,1,1,1,1,2,0,0,1,1,0,0,1,0,1,4,72,99,1,1,6,M,98,0,0,0,0,0,0,0,0,0,0,160,90,0,0,0,1,3,23,0,-23,61249,998,8,26,0,4,0,0,0,0,0,995,9.8,998,998,998,99.8,99.8,99.8,104.841552440145,1,6
20606,24,11,1-24-2021-011-06,6,1,2C4RDGBG8CR4,17,476,14832,2,0,7,442,2012,20,4,20,0,1,R,1,1960,5,0,1,1,9,2,80,1,0,0,995,0,0,0,08812,2,2,0,2,2,2,2,2,3,1,3,2,0,0,3,2,0,0,1,1,15,1,6,2,4,4,1,A,2,0,0,0,0,0,0,0,0,0,0,998,998,0,1,0,1,12,999,999,999,9999999,999,999,999,6,0,1,1,0,4,0,998,3.5,120,120,120,82.1,27.4,88.7,211.332603182619,1,6
20607,25,8,1-25-2021-008-03,3,1,3FADP4EJ0HM1,17,460,3267,5,0,12,32,2017,5,1,1,0,1,F,2,1151,5,0,1,1,12,2,56,1,8,1,11,2,7,1,04097,9,9,0,4,2,1,2,1,3,1,1,2,0,0,1,1,0,0,1,1,14,2,13,99,1,4,1,A,1,0,0,0,0,0,0,0,0,0,0,998,998,0,0,1,4,12,999,999,999,9999999,999,999,999,7,0,3,14,1,3,0,998,0.1,3,3,999,10.9,3.2,11.4,197.914502349239,2,6
20608,25,9,1-25-2021-009-10,10,1,4S4BP60C3863,17,523,2233,7,0,48,45,2008,6,1,3,0,1,F,3,1500,5,0,1,1,4,2,72,1,8,0,995,0,7,0,04270,9,9,0,4,2,1,2,1,1,1,1,4,0,0,1,1,0,0,3,1,1,2,12,99,1,4,1,B,6,0,0,0,0,0,0,0,0,0,0,998,998,0,0,5,1,10,999,999,999,9999999,999,-58,48,4,0,0,0,0,0,0,998,0.0,999,999,999,5.6,3.6,6.7,2884.91836474401,2,6
20609,48,5,1-48-2021-005-04,4,1,1G1BH5SE5H72,17,467,1832,13,0,20,25,2017,4,1,3,0,1,F,1,1250,5,0,1,1,13,2,40,1,0,0,995,0,0,0,84302,1,1,2,4,2,1,2,3,1,1,0,0,0,0,2,4,0,0,3,1,1,2,13,1,1,4,1,A,1,0,0,0,0,0,0,0,0,0,0,270,90,0,0,0,1,12,999,999,999,9999999,999,999,999,6,0,0,0,0,0,0,995,9.8,998,998,998,99.8,99.8,99.8,127.89990484681,12,6
20609,48,5,1-48-2021-005-04,4,2,JN8DR09Y21W6,17,478,1911,7,0,35,401,2001,14,3,14,0,2,F,1,1962,5,9999,9,5,9,,,,,,,,,,,,,,,,,,,,,,,,,,,,,,,,,,,,,,,,,,,,,,,,,,,,,,,,,,,,,,,,,,95,95,95,95,,,,,,,,,,127.89990484681,12,6
20610,28,8,1-28-2021-008-07,7,1,1C4PJMDB1EW1,17,483,1945,7,0,2,404,2014,14,3,14,0,1,F,1,1862,5,0,1,3,10,2,72,1,0,0,995,0,0,0,16901,9,9,0,4,2,1,2,1,3,4,0,2,0,0,2,1,6,2,1,1,14,2,13,8,1,4,1,A,3,0,0,0,0,0,0,0,0,0,0,998,998,0,0,0,1,12,999,999,999,9999999,999,999,999,6,0,0,0,0,0,0,998,0.0,999,120,999,99.9,99.9,99.9,162.588302321134,3,6
20611,13,5,1-13-2021-005-04,4,1,999999999999,99,99999,99999,60,0,99,499,9999,39,5,39,99,1,L,9,9999,9,9999,9,0,998,5,105,1,8,0,995,0,7,0,99999,9,9,0,2,4,2,2,2,2,9,3,3,0,1,3,2,0,0,9,1,15,2,10,99,1,2,2,F,47,0,0,0,0,0,0,0,0,0,0,170,175,0,0,0,1,0,999,999,999,9999999,999,999,999,9,0,95,95,95,95,0,995,9.8,998,998,998,99.8,99.8,99.8,3559.28777855088,7,6
20611,13,5,1-13-2021-005-04,4,2,KNDJP3A5XK70,17,499,2460,7,0,63,37,2019,6,1,2,0,1,R,1,1397,5,0,1,3,11,2,105,1,8,0,995,0,7,0,75261,9,1,0,2,4,3,2,2,2,9,3,3,0,1,3,2,0,0,9,0,14,4,61,99,1,1,2,F,45,0,0,0,0,0,0,0,0,0,0,175,170,0,0,0,1,8,999,999,999,9999999,999,999,999,6,0,0,0,0,0,0,995,9.8,998,998,998,99.8,99.8,99.8,3559.28777855088,7,6
20612,13,6,1-13-2021-006-01,1,1,1G2ZJ57B8942,17,536,4263,13,0,22,22,2009,4,1,4,0,1,R,9,1507,5,9999,9,0,998,2,56,1,8,0,995,0,7,0,76119,2,9,0,4,4,2,2,2,3,1,3,2,0,0,3,2,0,0,9,1,14,1,6,99,4,2,3,I,64,0,0,0,0,0,0,0,0,0,0,200,90,0,0,0,1,0,999,999,999,9999999,999,999,999,9,0,9,0,0,1,0,995,9.8,998,998,998,99.8,99.8,99.8,107.748539204957,7,6
20612,13,6,1-13-2021-006-01,1,2,1G4GB5G30EF2,17,468,1821,13,0,18,22,2014,4,1,4,0,1,F,9,1772,5,9999,9,0,998,2,56,1,8,0,995,0,7,0,76103,9,1,0,4,4,1,2,2,3,4,0,3,0,0,3,2,0,0,9,0,14,4,62,99,1,1,3,I,65,0,0,0,0,0,0,0,0,0,0,90,200,0,0,0,1,0,999,999,999,9999999,999,999,999,9,0,1,1,0,4,0,995,9.8,998,998,998,99.8,99.8,99.8,107.748539204957,7,6
20613,14,4,1-14-2021-004-07,7,1,5N1AT2MT1EC7,17,478,1913,8,0,35,51,2014,6,1,3,0,1,R,1,1567,5,0,1,1,12,2,89,1,0,0,995,0,0,0,78201,9,1,2,4,2,1,2,2,1,1,1,4,0,0,2,5,0,0,9,1,11,1,6,3,4,4,1,A,2,1,1,2,2,5,4,31,6,1,3,997,997,0,0,0,1,6,999,999,999,9999999,999,999,999,6,0,0,0,0,0,2,997,9.8,998,998,998,99.8,99.8,99.8,3042.470104942,8,6