CASEID,PSU,CASENO,CASENUMBER,CATEGORY,VEHNO,VIN,VINLENGTH,VPICMAKE,VPICMODEL,VPICBODYCLASS,ICFINALBODY,MAKE,MODEL,MODELYR,BODYTYPE,BODYCAT,VEHCLASS,SPECUSE,TRANSTAT,DAMPLANE,DAMSEV,CURBWT,CURBSRC,CARGOWT,CARGOSRC,INSPTYPE,INSPLAG,TOWED,SPEEDLIMIT,DRPRESENT,PARALCOHOL,ALCTEST,ALCTESTRESULT,ALCTESTSRC,PARDRUG,DRUGTEST,ZIP,RACE,ETHNICITY,RELTOJUNCT,TRAFFLOW,RDLANES,INITLANE,SURFTYPE,SURFCOND,ALIGNMENT,PROFILE,LINERIGHT,LINELEFT,RUMBINIT,RUMBROAD,LIGHTCOND,WEATHER,TRAFDEV,TRAFFUNCT,DISTRACT,PREFHE,PREMOVE,CRITCAT,CRITEVENT,MANEUVER,PRESTAB,PRELOC,CRASHCAT,CRASHCONF,CRASHTYPE,ROLLTYPE,ROLLTURN,ROLLINTRPT,ROLLPREMAN,ROLLINITYP,ROLLINLOC,ROLLOBJ,ROLLTRIP,ROLLDIR,ROLLDIST,DVANGTHIS,DVANGOTH,TOWHITCH,TRAJDOC,TREEPOLE,DVEVENT,DVBASIS,DVTOTAL,DVLONG,DVLAT,DVENERGY,DVSPEED,DVMOMENT,DVBES,DVEST,DVCONF,VAIS,VISS,VINJURED,VTREAT,INITOBJCLASS,HEADANGLECAT,SHLDRWIDTH,STRKLENGTH,STRKWIDTH,STRKHEIGHT,EDGEDISTX,EDGEDISTY,EDGEDISTZ,CASEWGT,PSUSTRAT,VERSION
20614,14,5,1-14-2021-005-06,6,1,1FBNE31L9YHB,17,460,1818,9,0,12,461,2000,21,4,21,0,1,L,1,2422,5,9999,9,0,998,5,89,1,0,0,995,0,0,0,78108,9,9,2,2,3,3,2,1,1,9,1,0,0,0,1,1,0,0,3,1,16,2,10,99,1,2,2,F,47,0,0,0,0,0,0,0,0,0,0,110,150,0,0,0,1,3,12,6,11,24487,998,44,16,0,4,95,95,95,95,0,995,9.8,998,998,998,99.8,99.8,99.8,1087.40598304036,8,6
20614,14,5,1-14-2021-005-06,6,2,2FMDK3GC3CBA,17,460,1797,7,0,12,24,2012,6,1,4,0,1,F,1,1852,5,0,1,1,14,2,89,1,0,0,995,0,0,0,78232,1,2,2,2,3,2,2,1,1,9,3,2,0,0,1,1,0,0,9,0,1,4,61,4,1,1,2,F,45,0,0,0,0,0,0,0,0,0,0,150,110,0,0,0,1,3,16,-15,-5,10974,998,-39,12,0,4,99,99,0,8,0,995,9.8,998,998,998,99.8,99.8,99.8,1087.40598304036,8,6
20616,32,9,1-32-2021-009-02,2,1,3GYFNBE33CS5,17,469,1844,7,0,19,20,2012,6,1,4,0,1,F,1,1907,5,0,1,1,9,2,64,1,0,0,995,0,0,0,75028,1,9,2,1,3,2,1,2,1,1,3,1,0,0,1,2,1,2,9,0,1,2,17,2,1,1,5,L,86,0,0,0,0,0,0,0,0,0,0,0,110,0,0,0,1,1,14,-12,7,34958,998,92,18,0,4,0,0,0,0,0,995,9.8,998,998,998,99.8,99.8,99.8,82.2565401852226,7,6
20616,32,9,1-32-2021-009-02,2,2,4T1BF1FK7HU6,17,448,2469,13,0,49,40,2017,4,1,4,0,1,R,1,1467,5,0,1,1,31,2,64,1,0,0,995,0,0,0,76050,2,2,2,3,3,2,1,2,1,1,3,3,0,0,1,2,1,2,9,0,1,4,66,3,1,1,5,L,87,0,0,0,0,0,0,0,0,0,0,110,0,0,0,0,1,1,19,-14,-12,8542,998,-14,12,0,1,2,6,0,4,0,995,9.8,998,998,998,99.8,99.8,99.8,82.2565401852226,7,6
20617,32,10,1-32-2021-010-03,3,1,KNDEU2AAXM71,17,499,26900,7,0,63,498,2021,14,3,14,0,1,F,3,1337,8,0,1,1,22,2,48,1,0,0,995,0,0,0,75214,9,9,0,4,2,1,2,1,1,1,0,4,0,0,2,1,0,0,9,1,1,2,12,1,1,4,1,B,6,0,0,0,0,0,0,0,0,0,0,998,998,0,1,0,1,10,999,999,999,9999999,999,-15,41,4,0,99,99,0,99,0,998,0.0,999,999,999,1.3,1.0,1.7,858.959011266564,7,6
20618,32,11,1-32-2021-011-03,3,1,5TDZZRFHXHS2,17,448,2213,7,0,49,403,2017,14,3,14,0,1,R,1,1926,5,0,1,1,8,2,72,1,0,0,995,0,0,0,76063,2,9,1,1,2,2,1,1,1,2,3,1,0,0,3,1,3,2,9,0,11,2,15,7,1,1,4,J,68,0,0,0,0,0,0,0,0,0,0,110,340,0,0,0,1,1,20,-19,-7,20307,998,35,15,0,4,9,97,0,8,0,995,9.8,998,998,998,99.8,99.8,99.8,858.959011075502,7,6
20618,32,11,1-32-2021-011-03,3,2,1VWBH7A37DC0,17,482,3134,13,0,30,46,2013,4,1,4,0,1,F,2,1436,5,0,1,1,8,2,72,1,0,0,995,0,0,0,75180,2,9,1,1,2,2,1,1,1,4,3,1,0,0,3,1,0,0,9,0,1,4,62,99,1,1,4,J,69,0,0,0,0,0,0,0,0,0,0,340,110,0,0,0,1,1,29,-25,15,97572,998,118,32,0,4,0,0,0,0,0,995,9.8,998,998,998,99.8,99.8,99.8,858.959011075502,7,6
20619,16,6,1-16-2021-006-02,2,1,4T1BF32K53U0,17,448,2469,13,0,49,40,2003,4,1,3,0,1,F,3,1545,5,0,1,1,10,2,56,1,0,0,995,0,0,0,45245,9,9,0,4,3,2,2,2,2,1,3,2,0,0,3,2,6,2,1,1,14,2,10,99,1,2,3,G,50,0,0,0,0,0,0,0,0,0,0,70,260,0,0,0,1,3,45,-45,0,145675,998,-35,47,0,4,9,97,0,5,0,995,9.8,998,998,998,99.8,99.8,99.8,56.7954777035207,5,6
20619,16,6,1-16-2021-006-02,2,2,3C4PDCAB2JT3,17,476,1939,7,0,7,27,2018,6,1,4,0,1,F,3,1732,5,0,1,1,11,2,56,1,0,0,995,0,0,0,45238,1,2,0,4,3,1,2,2,3,1,0,2,0,0,3,2,6,2,1,0,14,4,62,2,1,1,3,G,51,0,0,0,0,0,0,0,0,0,0,260,70,0,0,0,1,3,40,-39,7,113948,998,39,39,0,4,1,1,0,4,0,995,9.8,998,998,998,99.8,99.8,99.8,56.7954777035207,5,6
20620,16,7,1-16-2021-007-02,2,1,KMHD84LF9KU7,17,498,2735,13,0,55,35,2019,4,1,3,0,1,F,3,1280,5,0,1,1,9,2,89,1,0,0,995,0,0,0,45240,9,9,0,2,2,2,2,1,1,1,1,3,2,2,1,1,0,0,1,0,1,3,54,99,1,1,3,G,52,0,0,0,0,0,0,0,0,0,0,95,275,0,0,0,1,1,59,-59,0,173111,998,22,57,0,1,9,97,0,8,0,995,9.8,998,998,998,99.8,99.8,99.8,56.7954777100796,5,6
20620,16,7,1-16-2021-007-02,2,2,4T1BE32K05U6,17,448,2469,13,0,49,40,2005,4,1,3,0,1,F,3,1435,5,0,1,1,8,2,89,1,0,0,995,0,0,0,45011,9,9,0,2,2,2,2,1,1,9,3,2,0,2,1,1,0,0,9,0,1,3,54,99,1,1,3,G,52,0,0,0,0,0,0,0,0,0,0,275,95,0,0,0,1,1,52,-52,0,172079,998,0,54,0,1,9,97,0,8,0,995,9.8,998,998,998,99.8,99.8,99.8,56.7954777100796,5,6
20622,31,5,1-31-2021-005-07,7,1,2T2BK1BA1DC1,17,515,2214,7,0,59,403,2013,14,3,14,0,1,L,1,1970,5,0,1,1,8,2,113,1,0,0,995,0,0,0,62844,9,9,0,2,2,1,2,2,1,1,1,3,0,0,1,2,0,0,9,1,1,1,6,8,2,4,1,B,7,0,0,0,0,0,0,0,0,0,0,998,998,0,0,0,1,12,999,999,999,9999999,999,999,999,6,0,0,0,0,0,0,998,9.9,999,999,999,0.0,0.0,0.0,242.440585619395,6,6
20624,27,7,1-27-2021-007-10,10,1,2GCEK13M9717,17,467,1850,60,0,20,481,2007,34,5,31,0,1,F,1,2440,5,0,1,1,10,2,40,1,0,0,995,0,0,0,01201,9,9,0,4,2,1,4,3,2,4,0,0,0,0,2,1,0,0,9,1,14,1,6,2,2,4,1,B,7,0,0,0,0,0,0,0,0,0,0,998,998,0,0,1,1,1,17,-17,-3,28931,998,21,17,0,1,0,0,0,0,0,998,0.0,72,72,110,8.2,1.7,8.4,1056.08787728786,3,6
20625,27,8,1-27-2021-008-03,3,1,5XYPGDA58HG2,17,499,2769,7,0,63,402,2017,14,3,14,0,1,F,1,1860,5,0,1,1,11,2,72,1,0,0,995,0,0,0,01247,1,2,0,4,2,1,2,1,1,1,1,4,0,0,1,1,0,0,9,1,1,2,13,99,1,4,1,A,3,1,2,2,2,6,4,53,3,2,999,998,998,0,0,7,1,10,999,999,999,9999999,999,62,20,2,0,2,5,0,4,3,998,1.4,999,999,999,4.3,0.8,4.5,46.9436798990195,3,6
20626,23,8,1-23-2021-008-04,4,1,KL7CJPSB8HB1,17,467,10988,7,0,20,406,2017,14,3,14,0,1,F,1,1476,5,0,1,1,19,2,89,1,0,0,995,0,0,0,43035,9,9,3,4,2,1,2,5,1,1,1,2,0,0,2,1,0,0,9,0,1,3,50,3,1,1,2,D,20,0,0,0,0,0,0,0,0,0,0,170,180,0,0,0,1,3,15,-14,-5,10565,998,-18,13,0,4,0,0,0,5,0,995,9.8,998,998,998,99.8,99.8,99.8,1040.12780613075,5,6
20626,23,8,1-23-2021-008-04,4,2,1G1PE5SB0G71,17,467,1832,13,0,20,25,2016,4,1,3,0,1,B,1,1399,5,9999,9,4,36,2,89,1,0,0,995,0,0,0,43035,9,9,3,4,2,1,2,5,1,1,1,2,0,0,2,1,0,0,9,0,5,3,53,99,1,1,2,D,21,0,0,0,0,0,0,0,0,0,0,180,170,0,0,0,1,3,16,16,3,19002,998,-45,17,0,4,9,97,0,5,0,995,9.8,998,998,998,99.8,99.8,99.8,1040.12780613075,5,6
20627,23,9,1-23-2021-009-10,10,1,1G2JB1241272,17,536,8839,3,0,22,16,2002,2,1,2,0,1,F,1,1182,5,0,1,1,13,2,56,1,0,0,995,0,0,0,43015,9,9,0,4,3,1,2,1,1,1,0,2,0,0,1,1,0,0,1,0,1,3,50,2,1,1,2,D,20,0,0,0,0,0,0,0,0,0,0,90,90,0,0,0,1,3,18,-18,0,14639,998,-8,17,0,4,0,0,0,0,0,995,9.8,998,998,998,99.8,99.8,99.8,6767.94868357574,5,6
20627,23,9,1-23-2021-009-10,10,2,1J4PN2GKXAW1,17,483,1944,7,0,2,405,2010,14,3,14,0,1,B,1,1872,5,9999,9,0,998,5,56,1,0,0,995,0,0,0,43015,9,9,0,4,3,1,2,1,1,1,0,2,0,0,1,1,0,0,1,0,5,3,53,1,1,1,2,D,21,0,0,0,0,0,0,0,0,0,0,90,90,0,0,0,1,3,12,12,0,11130,998,0,12,0,4,95,95,95,95,0,995,9.8,998,998,998,99.8,99.8,99.8,6767.94868357574,5,6
20629,32,12,1-32-2021-012-05,5,1,1FUJHHDRXMLM,17,450,2501,66,0,82,881,2021,66,8,68,0,1,F,9,,,,,,,5,105,1,0,0,995,0,0,0,00001,9,9,1,2,4,2,1,2,1,2,3,3,0,0,3,8,0,0,9,1,15,3,51,1,1,2,2,D,32,,,,,,,,,,,,,,,,,,,,,,,,,,,95,95,95,95,,,9.8,998,998,998,99.8,99.8,99.8,107.120313128306,7,6
20629,32,12,1-32-2021-012-05,5,2,JTJYARBZXF20,17,515,3653,7,0,59,405,2015,14,3,14,0,1,B,2,1755,5,0,1,1,12,2,105,1,0,0,995,0,0,0,75048,1,9,1,2,4,1,1,2,1,2,1,3,0,0,3,8,0,0,9,0,1,3,53,1,1,1,2,D,32,0,0,0,0,0,0,0,0,0,0,230,230,0,0,0,1,5,999,999,999,9999999,999,999,999,7,0,1,1,0,4,0,995,1.5,999,999,999,1.5,2.5,3.0,107.120313128306,7,6
20630,66,4,1-66-2021-004-01,1,1,1GCEC14XX8Z2,17,467,1850,60,0,20,481,2008,34,5,31,0,1,F,3,2084,5,227,1,1,11,2,113,1,0,0,995,0,7,0,65610,9,9,0,2,2,2,2,2,1,1,2,3,2,3,2,5,0,0,9,0,1,3,54,99,1,1,3,G,52,0,0,0,0,0,0,0,0,0,0,75,255,0,0,0,1,1,51,-50,-9,392086,998,-36,63,0,1,9,97,0,1,0,995,9.8,998,998,998,99.8,99.8,99.8,130.690432211416,6,6
20630,66,4,1-66-2021-004-01,1,2,1HGEM22062L1,17,474,1863,3,0,37,31,2002,2,1,2,0,1,F,3,1175,8,0,1,1,10,2,113,1,0,0,995,0,7,0,65712,9,9,0,2,2,2,2,2,1,1,3,2,1,3,2,5,0,0,9,0,1,3,54,99,1,1,3,G,52,0,0,0,0,0,0,0,0,0,0,255,75,0,0,0,1,1,94,-92,-16,322355,998,-27,78,0,1,9,97,0,1,0,995,9.8,998,998,998,99.8,99.8,99.8,130.690432211416,6,6
20631,66,5,1-66-2021-005-04,4,1,3FA6P0HD5LR2,17,460,1780,13,0,12,23,2020,4,1,4,0,1,F,1,1575,5,0,1,1,18,2,72,1,0,0,995,0,7,0,65605,1,2,2,4,4,2,2,2,1,1,1,1,0,0,1,8,1,2,1,0,1,4,62,4,1,1,4,J,69,0,0,0,0,0,0,0,0,0,0,5,125,0,0,0,1,12,999,999,999,9999999,999,999,999,6,0,0,0,0,0,0,995,9.8,998,998,998,99.8,99.8,99.8,514.635776228934,6,6
20631,66,5,1-66-2021-005-04,4,2,2G2WR5541712,17,536,4262,13,0,22,20,2007,4,1,4,0,1,F,1,1577,5,9999,9,4,47,2,72,1,0,0,995,0,7,0,65769,9,9,2,4,3,2,2,2,1,1,1,2,0,0,1,8,1,2,9,0,11,2,15,99,1,2,4,J,68,0,0,0,0,0,0,0,0,0,0,125,5,0,0,0,1,12,999,999,999,9999999,999,999,999,6,0,0,0,0,0,0,995,9.8,998,998,998,99.8,99.8,99.8,514.635776228934,6,6
20634,18,6,1-18-2021-006-07,7,1,KNDJN2A20G73,17,499,2460,7,0,63,37,2016,6,1,2,0,1,F,9,1287,5,0,1,4,12,2,40,1,0,0,995,0,0,0,54729,1,9,0,4,2,1,2,3,3,4,0,0,0,0,1,1,0,0,1,1,14,1,6,99,9,4,1,B,7,0,0,0,0,0,0,0,0,0,0,998,998,0,0,1,1,12,999,999,999,9999999,999,999,999,9,0,0,0,0,0,0,998,0.0,24,62,96,9.7,0.8,9.8,196.651826735,6,6
20635,19,13,1-19-2021-013-08,8,1,1GKDS13S5321,17,472,4507,7,0,23,401,2003,14,3,14,0,1,L,1,2015,5,118,1,1,7,2,72,1,0,0,995,0,0,0,35903,2,2,0,4,2,1,2,1,1,1,1,2,0,0,1,1,0,0,1,1,1,2,12,4,2,4,1,B,7,0,0,0,0,0,0,0,0,0,0,998,998,0,1,1,1,1,20,-17,10,34698,998,-17,20,0,1,1,2,0,4,0,998,0.2,30,32,120,26.1,12.0,28.8,122.510544620899,9,6
20636,19,14,1-19-2021-014-02,2,1,JN8AT2MV5LW1,17,478,1913,7,0,35,404,2020,14,3,14,0,1,T,2,1610,5,0,1,1,3,2,64,1,0,0,995,0,0,0,19131,2,9,0,4,3,1,2,1,3,4,1,2,2,3,1,8,0,0,9,1,14,2,13,1,1,4,1,A,1,1,5,1,2,1,4,61,1,2,55,997,997,0,1,0,3,6,999,999,999,9999999,999,999,999,7,0,3,17,1,3,3,997,0.7,120,120,-70,13.3,0.7,13.2,47.1230765782335,9,6
20637,19,15,1-19-2021-015-09,9,1,1FMCU0F69LUC,17,460,1798,7,0,12,402,2020,14,3,14,0,1,L,1,1496,5,0,1,1,6,2,72,1,0,0,995,0,0,0,35961,1,2,3,4,2,1,2,1,1,1,0,0,0,0,1,1,0,0,2,0,11,2,15,1,1,1,4,K,82,1,2,2,5,7,1,2,2,1,8,140,240,0,0,0,1,3,14,-2,14,13989,998,39,15,0,4,1,1,0,4,1,995,9.8,998,998,998,99.8,99.8,99.8,726.878563756466,9,6
20637,19,15,1-19-2021-015-09,9,2,3C4PDCEG2DT6,17,476,1939,7,0,7,27,2013,6,1,4,0,1,F,1,1926,5,9999,9,0,998,5,72,1,0,0,995,0,0,0,35954,9,9,3,5,5,2,2,1,1,1,3,2,0,0,1,1,0,0,9,0,1,4,72,99,1,1,4,K,83,0,0,0,0,0,0,0,0,0,0,240,140,0,0,0,1,3,11,-11,0,8617,998,0,11,0,4,95,95,95,95,0,995,9.8,998,998,998,99.8,99.8,99.8,726.878563756466,9,6
20638,19,16,1-19-2021-016-08,8,1,4T3ZK11A99U0,17,448,3005,7,0,49,53,2009,5,1,4,0,1,F,2,1705,5,0,1,1,12,2,56,1,0,0,995,0,0,0,35904,1,9,2,4,4,1,2,1,1,1,1,3,0,0,1,1,1,2,9,0,1,2,17,2,2,1,4,J,69,0,0,0,0,0,0,0,0,0,0,150,280,0,0,0,1,1,28,-27,10,84210,998,-2,35,0,4,3,9,1,4,0,995,9.8,998,998,998,99.8,99.8,99.8,122.510544620899,9,6
20638,19,16,1-19-2021-016-08,8,2,4T1BK46KX8U5,17,448,2469,13,0,49,40,2008,4,1,4,0,1,F,2,1580,5,0,1,1,5,2,56,1,0,0,995,0,0,0,35903,2,9,2,4,4,2,2,1,1,1,3,2,0,0,1,1,1,2,9,0,11,4,63,2,1,1,4,J,68,0,0,0,0,0,0,0,0,0,0,280,150,0,0,0,1,1,30,-26,-15,47924,998,-82,23,0,1,1,2,0,4,0,995,9.8,998,998,998,99.8,99.8,99.8,122.510544620899,9,6
20639,18,7,1-18-2021-007-04,4,1,5TFCZ5AN3HX0,17,448,2223,60,0,49,472,2017,34,5,31,0,1,F,1,1953,8,0,1,1,12,2,56,1,0,0,995,0,0,0,54742,9,9,0,4,2,1,2,1,3,3,1,2,0,0,2,8,0,0,1,1,14,2,13,3,1,4,1,A,1,0,0,0,0,0,0,0,0,0,0,998,998,0,1,1,1,1,18,-18,0,27934,998,35,18,0,4,99,99,0,99,0,998,1.6,27,27,120,10.4,2.6,11.1,119.487940819803,6,6
20640,22,8,1-22-2021-008-07,7,1,1FT7W2B60CED,17,460,1805,60,0,12,481,2012,34,5,30,0,1,L,1,3148,5,0,1,1,17,2,80,1,8,0,995,0,7,0,99143,9,9,0,4,2,1,2,5,2,1,1,2,0,0,4,5,6,2,9,1,14,1,5,4,2,4,1,B,7,1,1,2,2,1,4,61,1,2,10,998,998,0,0,2,1,8,999,999,999,9999999,999,999,999,6,0,0,0,0,0,3,998,1.5,15,5,-120,7.9,0.6,7.8,145.254673478389,12,6
20641,22,9,1-22-2021-009-08,8,1,3VWRA69M74M0,17,482,3137,13,0,30,40,2004,4,1,1,0,1,F,2,1313,5,0,1,1,11,2,80,1,0,0,995,0,0,0,99033,9,9,0,4,2,1,2,1,3,1,1,2,0,0,2,1,0,0,3,1,14,2,13,99,9,4,1,A,2,0,0,0,0,0,0,0,0,0,0,998,998,0,1,0,1,1,32,-30,11,59413,998,38,32,0,1,1,2,0,6,0,998,9.8,998,998,998,99.8,99.8,99.8,62.7259121270203,12,6
20642,22,10,1-22-2021-010-06,6,1,JTDBR32E9600,17,448,2208,13,0,49,32,2006,4,1,2,0,1,F,1,1135,5,9999,9,0,998,5,40,1,0,0,995,0,0,0,83501,9,9,3,4,2,1,2,1,1,1,0,4,0,0,1,8,0,0,3,0,11,2,15,99,1,1,4,J,68,0,0,0,0,0,0,0,0,0,0,240,95,0,0,0,1,3,14,-12,-7,11165,998,-97,13,0,4,95,95,95,95,0,995,9.8,998,998,998,99.8,99.8,99.8,55.126445594771,12,6
20642,22,10,1-22-2021-010-06,6,2,2T1BU4EE6DC9,17,448,2208,13,0,49,32,2013,4,1,2,0,1,F,1,1260,5,0,1,1,6,2,40,1,0,0,995,0,0,0,83501,9,9,3,4,2,1,2,1,1,1,0,4,0,0,1,8,0,0,1,0,1,4,62,4,1,1,4,J,69,0,0,0,0,0,0,0,0,0,0,95,240,0,0,0,1,3,12,-12,2,9574,998,-20,14,0,4,99,99,0,0,0,995,9.8,998,998,998,99.8,99.8,99.8,55.126445594771,12,6
20643,15,9,1-15-2021-009-04,4,1,5KKHAEDV5KPK,17,4512,9571,11,0,98,804,2019,63,8,60,0,1,R,9,,,,,,,5,48,1,8,9,998,8,7,9,08861,9,9,2,4,2,1,2,1,1,4,0,0,0,0,1,1,2,2,9,0,13,2,20,99,1,1,6,M,92,,,,,,,,,,,,,,,,,,,,,,,,,,,95,95,95,95,,,9.8,998,998,998,99.8,99.8,99.8,40.5994549044435,1,6
20643,15,9,1-15-2021-009-04,4,2,3VV2B7AX8LM0,17,482,8151,7,0,30,402,2020,14,3,14,0,1,F,9,1749,5,9999,9,4,20,2,48,1,8,9,998,8,7,9,11771,9,9,2,4,2,1,2,1,1,1,1,2,0,0,1,1,0,0,9,0,1,4,68,99,1,1,6,M,93,0,0,0,0,0,0,0,0,0,0,5,95,0,0,0,2,5,999,999,999,9999999,999,999,999,9,0,0,0,0,0,0,995,9.8,998,998,998,99.8,99.8,99.8,40.5994549044435,1,6
20644,15,10,1-15-2021-010-04,4,1,1GYKNDRS6LZ1,17,469,11442,7,0,19,401,2020,14,3,14,0,1,F,9,1940,5,9999,9,0,998,2,48,1,8,9,998,8,7,9,11507,9,9,0,4,3,1,2,1,1,1,1,2,0,0,3,1,0,0,9,1,1,2,13,99,1,4,1,A,1,0,0,0,0,0,0,0,0,0,0,998,998,0,0,5,1,0,999,999,999,9999999,999,999,999,9,0,0,0,0,0,0,998,0.6,999,999,999,2.1,0.3,2.2,40.5994549044435,1,6
20645,15,11,1-15-2021-011-04,4,1,SAJWJ2GD8H8W,17,442,2242,13,0,39,32,2017,4,1,5,0,1,R,9,1884,5,9999,9,0,998,2,48,1,8,9,998,8,7,9,11530,9,9,2,1,3,2,2,1,1,1,1,2,0,0,1,1,1,2,9,0,1,2,17,99,1,1,5,L,87,0,0,0,0,0,0,0,0,0,0,270,160,0,0,0,1,0,999,999,999,9999999,999,999,999,9,0,0,0,0,0,0,995,9.8,998,998,998,99.8,99.8,99.8,40.5994549044435,1,6
20645,15,11,1-15-2021-011-04,4,2,1HGCR2F54GA0,17,474,1861,13,0,37,32,2016,4,1,4,0,1,F,9,1496,5,9999,9,0,998,5,48,1,8,9,998,8,7,9,10312,9,9,2,4,3,1,2,1,1,1,1,1,0,0,1,1,0,0,9,0,1,4,66,99,1,1,5,L,86,0,0,0,0,0,0,0,0,0,0,160,270,0,0,0,1,0,999,999,999,9999999,999,999,999,9,0,95,95,95,95,0,995,9.8,998,998,998,99.8,99.8,99.8,40.5994549044435,1,6
20646,26,9,1-26-2021-009-06,6,1,1FTNE24L03HB,17,460,1817,95,0,12,461,2003,21,4,21,0,1,R,9,2268,5,9999,9,0,998,2,56,1,0,0,995,0,0,0,95829,9,1,0,4,2,1,2,1,1,1,3,4,0,0,3,1,0,0,9,0,12,2,21,99,9,1,6,M,98,0,0,0,0,0,0,0,0,0,0,110,60,1,0,0,1,0,999,999,999,9999999,999,999,999,9,0,0,0,0,0,0,995,9.8,998,998,998,99.8,99.8,99.8,173.852440045613,10,6
20646,26,9,1-26-2021-009-06,6,2,1VWAP7A32CC0,17,482,3134,13,0,30,46,2012,4,1,4,0,1,F,9,1436,5,9999,9,0,998,2,56,1,0,1,0,2,0,2,95824,1,9,0,4,2,1,2,1,1,1,3,4,0,0,3,1,0,0,1,0,1,4,62,2,1,1,6,M,98,0,0,0,0,0,0,0,0,0,0,60,110,0,0,0,1,0,999,999,999,9999999,999,999,999,9,0,2,4,0,4,0,995,9.8,998,998,998,99.8,99.8,99.8,173.852440045613,10,6
20647,26,10,1-26-2021-010-08,8,1,JF1SG63644H7,17,523,2234,7,0,48,401,2004,14,3,14,0,1,F,2,1400,5,0,1,1,31,2,105,1,0,0,995,0,0,0,95828,1,9,1,3,2,1,2,1,2,4,1,1,0,0,1,1,1,2,2,0,14,3,50,99,1,1,2,D,20,0,0,0,0,0,0,0,0,0,0,155,155,0,0,0,1,3,38,-38,0,61576,998,0,33,0,4,2,5,0,4,0,995,9.8,998,998,998,99.8,99.8,99.8,83.0781856108884,10,6
20647,26,10,1-26-2021-010-08,8,2,5GTDN13E4781,17,951,4599,7,0,3,402,2007,14,3,14,0,1,B,2,2132,5,9999,9,0,998,5,105,1,0,0,995,0,0,0,95624,9,9,1,3,2,1,2,1,2,4,1,1,0,0,1,1,1,2,1,0,5,3,53,1,1,1,2,D,21,0,0,0,0,0,0,0,0,0,0,155,155,0,0,0,1,3,26,26,0,75996,998,0,30,0,4,95,95,95,95,0,995,9.8,998,998,998,99.8,99.8,99.8,83.0781856108884,10,6
20648,26,11,1-26-2021-011-03,3,1,2C3CDXGJ8LH1,17,476,1895,13,0,7,24,2020,4,1,5,0,1,R,1,1996,5,0,1,1,12,2,105,1,0,0,995,0,0,0,95692,1,9,0,2,4,3,1,2,1,9,3,3,0,0,3,2,0,0,9,0,1,3,51,4,1,1,2,D,24,0,0,0,0,0,0,0,0,0,0,180,155,0,0,0,2,3,4,3,-3,2387,998,-65,5,0,4,0,0,0,0,0,995,3.0,999,999,999,99.9,3.0,99.9,86.2477413857059,10,6
20648,26,11,1-26-2021-011-03,3,2,55SWF4JB3JU2,17,449,2085,13,0,42,42,2018,4,1,4,0,1,F,1,1625,5,9999,9,0,998,5,105,1,0,0,995,0,0,0,94547,9,9,0,2,4,3,1,2,1,9,3,3,0,0,3,2,0,0,1,0,1,3,53,1,1,1,2,D,25,0,0,0,0,0,0,0,0,0,0,155,180,0,0,0,2,3,5,-5,2,1178,998,71,4,0,4,95,95,95,95,0,995,9.8,998,998,998,99.8,99.8,99.8,86.2477413857059,10,6
20649,26,12,1-26-2021-012-10,10,1,JHLRE38307C0,17,474,1865,7,0,37,402,2007,14,3,14,0,1,F,1,1544,5,9999,9,4,41,5,40,1,0,0,995,0,0,0,95826,9,9,2,4,2,1,2,1,1,1,0,0,0,0,1,1,2,2,3,0,11,2,15,1,1,1,4,K,82,0,0,0,0,0,0,0,0,0,0,170,270,0,0,0,1,12,999,999,999,9999999,999,999,999,6,0,95,95,95,95,0,995,9.8,998,998,998,99.8,99.8,99.8,2166.75799855806,10,6
20649,26,12,1-26-2021-012-10,10,2,3D4PG5FV5AT1,17,476,1939,7,0,7,27,2010,6,1,4,0,1,F,2,1715,5,0,1,1,22,2,64,1,0,0,995,0,0,0,95758,2,9,2,5,5,1,2,1,1,1,0,3,0,0,1,1,0,0,1,0,1,4,67,3,9,1,4,K,83,0,0,0,0,0,0,0,0,0,0,270,170,0,0,0,1,12,999,999,999,9999999,999,999,999,7,0,0,0,0,0,0,995,9.8,998,998,998,99.8,99.8,99.8,2166.75799855806,10,6
20650,20,8,1-20-2021-008-04,4,1,1FA6P8CFXH52,17,460,1781,3,0,12,3,2017,2,1,3,0,1,F,2,1681,5,9999,9,4,30,2,105,1,0,0,995,0,0,0,93905,9,1,0,2,2,2,2,2,2,9,3,2,1,3,5,2,0,0,1,1,14,1,6,98,4,4,1,B,7,0,0,0,0,0,0,0,0,0,0,998,998,0,0,0,1,12,999,999,999,9999999,999,999,999,7,0,0,0,0,0,0,998,2.7,120,32,94,35.4,2.7,35.5,390.277767559517,11,6
20651,20,9,1-20-2021-009-06,6,1,1FA6P8TH1G53,17,460,1781,3,0,12,3,2016,2,1,3,0,1,R,1,1681,5,9999,9,5,33,2,105,1,9,0,995,0,0,0,93926,9,1,0,2,2,2,2,2,1,1,3,2,1,3,1,2,0,0,1,1,1,1,6,99,9,4,1,B,7,0,0,0,0,0,0,0,0,0,0,998,998,0,0,0,1,12,999,999,999,9999999,999,999,999,6,0,99,99,0,0,0,998,1.7,120,999,999,9.6,2.9,10.2,198.288822598425,11,6
20653,30,9,1-30-2021-009-07,7,1,5NPDH4AE1GH7,17,498,2735,13,0,55,35,2016,4,1,3,0,1,F,9,1305,5,9999,9,0,998,2,64,1,0,0,995,0,0,0,85335,9,9,2,5,5,1,2,1,1,9,0,3,0,0,1,1,1,2,9,0,1,3,52,99,1,1,2,D,28,0,0,0,0,0,0,0,0,0,0,0,0,0,0,0,1,0,999,999,999,9999999,999,999,999,9,0,0,0,0,0,0,995,9.8,998,998,998,99.8,99.8,99.8,1347.30427561232,10,6