CASEID,PSU,CASENO,CASENUMBER,CATEGORY,VEHNO,VIN,VINLENGTH,VPICMAKE,VPICMODEL,VPICBODYCLASS,ICFINALBODY,MAKE,MODEL,MODELYR,BODYTYPE,BODYCAT,VEHCLASS,SPECUSE,TRANSTAT,DAMPLANE,DAMSEV,CURBWT,CURBSRC,CARGOWT,CARGOSRC,INSPTYPE,INSPLAG,TOWED,SPEEDLIMIT,DRPRESENT,PARALCOHOL,ALCTEST,ALCTESTRESULT,ALCTESTSRC,PARDRUG,DRUGTEST,ZIP,RACE,ETHNICITY,RELTOJUNCT,TRAFFLOW,RDLANES,INITLANE,SURFTYPE,SURFCOND,ALIGNMENT,PROFILE,LINERIGHT,LINELEFT,RUMBINIT,RUMBROAD,LIGHTCOND,WEATHER,TRAFDEV,TRAFFUNCT,DISTRACT,PREFHE,PREMOVE,CRITCAT,CRITEVENT,MANEUVER,PRESTAB,PRELOC,CRASHCAT,CRASHCONF,CRASHTYPE,ROLLTYPE,ROLLTURN,ROLLINTRPT,ROLLPREMAN,ROLLINITYP,ROLLINLOC,ROLLOBJ,ROLLTRIP,ROLLDIR,ROLLDIST,DVANGTHIS,DVANGOTH,TOWHITCH,TRAJDOC,TREEPOLE,DVEVENT,DVBASIS,DVTOTAL,DVLONG,DVLAT,DVENERGY,DVSPEED,DVMOMENT,DVBES,DVEST,DVCONF,VAIS,VISS,VINJURED,VTREAT,INITOBJCLASS,HEADANGLECAT,SHLDRWIDTH,STRKLENGTH,STRKWIDTH,STRKHEIGHT,EDGEDISTX,EDGEDISTY,EDGEDISTZ,CASEWGT,PSUSTRAT,VERSION
20769,24,16,1-24-2021-016-03,3,3,2HGFC2F60KH5,17,474,1863,13,0,37,31,2019,4,1,3,0,1,L,1,1252,5,0,1,1,33,2,40,1,0,0,995,0,0,0,08234,1,2,2,4,4,1,2,1,1,1,0,1,0,0,1,1,1,2,1,0,5,4,62,1,1,1,6,M,98,0,0,0,0,0,0,0,0,0,0,70,190,0,0,0,3,3,15,-3,14,15041,998,-67,15,0,1,0,0,0,0,0,995,0.0,12,12,107,0.1,0.0,0.2,113.48027684511,1,6
20770,24,17,1-24-2021-017-04,4,1,1N4AL3AP4HC1,17,478,1904,13,0,35,47,2017,4,1,4,0,1,F,1,1453,5,0,1,1,10,2,40,1,0,0,995,0,0,0,10598,9,9,2,3,2,1,2,1,1,1,0,3,0,0,1,1,1,2,3,1,1,2,10,4,1,2,2,E,38,0,0,0,0,0,0,0,0,0,0,70,80,0,0,0,1,3,19,-19,3,16726,998,-23,17,0,4,0,0,0,0,0,995,9.8,998,998,998,99.8,99.8,99.8,349.444582201165,1,6
20770,24,17,1-24-2021-017-04,4,2,1N6AA1EJ8HN5,17,478,1920,60,0,35,481,2017,34,5,30,0,1,B,1,3175,5,9999,9,0,998,5,40,1,0,0,995,0,0,0,08401,9,9,2,3,2,2,2,1,1,1,1,0,0,0,1,1,1,2,1,0,5,4,60,1,1,1,2,E,39,0,0,0,0,0,0,0,0,0,0,80,70,0,0,0,1,3,9,8,-3,18675,998,113,10,0,4,95,95,95,95,0,995,9.8,998,998,998,99.8,99.8,99.8,349.444582201165,1,6
20771,24,18,1-24-2021-018-03,3,1,1HGCP3F87BA0,17,474,1861,13,0,37,32,2011,4,1,4,0,1,L,1,1523,5,9999,9,0,998,5,40,1,0,0,995,0,0,0,08401,9,9,2,4,2,1,2,2,1,1,0,0,0,0,3,10,2,2,9,0,1,2,17,99,1,1,5,L,89,0,0,0,0,0,0,0,0,0,0,280,50,0,0,0,1,3,22,-11,19,51422,998,-70,26,0,4,95,95,95,95,0,995,9.8,998,998,998,99.8,99.8,99.8,97.1940470013583,1,6
20771,24,18,1-24-2021-018-03,3,2,2T1BURHE2KC2,17,448,2208,13,0,49,32,2019,4,1,3,0,1,F,2,1265,5,0,1,1,22,2,72,1,0,0,995,0,0,0,08232,9,9,2,4,2,1,2,2,1,4,1,2,0,0,3,10,0,0,9,0,1,4,66,4,1,1,5,L,88,0,0,0,0,0,0,0,0,0,0,50,280,0,0,0,1,3,27,-26,5,22165,998,0,21,0,4,9,97,0,5,0,995,9.8,998,998,998,99.8,99.8,99.8,97.1940470013583,1,6
20772,73,10,1-73-2021-010-09,9,1,2T1BR32E84C3,17,448,2208,13,0,49,32,2004,4,1,2,0,1,F,2,1135,5,0,1,1,10,2,56,1,0,0,995,0,0,0,04976,9,9,0,4,2,1,2,1,1,2,1,4,0,0,2,1,0,0,3,1,1,2,12,1,1,4,1,B,6,1,1,2,6,6,4,51,2,2,3,998,998,0,0,0,1,1,37,-37,0,68474,998,32,37,0,4,1,1,0,4,3,998,3.8,120,38,999,7.7,0.9,7.7,243.991895751841,3,6
20773,73,11,1-73-2021-011-07,7,1,2GNFLNEK9D61,17,467,1847,7,0,20,404,2013,14,3,14,0,1,T,9,1782,5,9999,9,0,998,2,89,1,0,0,995,0,0,0,04463,9,9,0,4,3,1,2,1,2,2,1,3,0,0,1,1,0,0,1,0,14,6,92,99,1,1,1,C,15,0,0,0,0,0,0,0,0,0,0,998,998,0,0,0,1,0,999,999,999,9999999,999,999,999,9,0,0,0,0,0,0,998,9.8,998,998,998,99.8,99.8,99.8,225.316345419824,3,6
20774,16,10,1-16-2021-010-06,6,1,5J6RE48519L0,17,474,1865,7,0,37,402,2009,14,3,14,0,1,R,1,1604,5,0,1,1,23,2,40,1,0,0,995,0,0,0,45230,9,9,2,3,4,2,2,1,1,1,3,3,0,0,1,1,1,2,1,0,1,2,17,99,1,1,5,L,87,0,0,0,0,0,0,0,0,0,0,280,190,0,0,0,1,1,15,-3,-14,13129,998,137,10,0,4,0,0,0,0,0,995,9.8,998,998,998,99.8,99.8,99.8,927.956989674656,5,6
20774,16,10,1-16-2021-010-06,6,2,3FA6P0HR9DR1,17,460,1780,13,0,12,23,2013,4,1,4,0,1,F,1,1554,5,0,1,1,11,2,40,1,0,0,995,0,0,0,45215,2,9,2,3,4,3,2,1,1,1,3,3,0,0,1,1,1,2,1,0,1,4,66,3,1,1,5,L,86,0,0,0,0,0,0,0,0,0,0,190,280,0,0,0,1,1,16,-15,3,29348,998,16,22,0,1,0,0,0,8,0,995,9.8,998,998,998,99.8,99.8,99.8,927.956989674656,5,6
20775,16,11,1-16-2021-011-07,7,1,1G1115SL8FU1,17,467,1833,13,0,20,2,2015,4,1,4,0,1,F,1,1661,5,0,1,1,16,2,40,1,0,0,995,0,0,0,45212,9,9,0,4,2,1,2,3,3,4,0,2,0,0,1,8,6,2,1,1,14,1,6,2,4,4,1,A,2,0,0,0,0,0,0,0,0,0,0,998,998,0,1,8,3,10,999,999,999,9999999,999,47,15,2,0,0,0,0,0,0,998,0.0,2,2,120,7.6,2.2,7.9,2831.26805224292,5,6
20776,24,15,1-24-2021-015-04,4,1,1GCNCPEX4DZ1,17,467,1850,60,0,20,481,2013,34,5,30,0,1,R,1,2085,5,9999,9,0,998,5,40,1,0,0,995,0,0,0,08244,9,9,2,3,2,2,2,2,1,1,3,0,0,0,1,2,1,2,9,0,1,2,17,99,1,1,5,L,87,0,0,0,0,0,0,0,0,0,0,170,90,0,0,0,1,3,12,-10,-6,43491,998,101,19,0,4,95,95,95,95,0,995,9.8,998,998,998,99.8,99.8,99.8,349.444582201165,1,6
20776,24,15,1-24-2021-015-04,4,2,2T3MWRFVXKW0,17,448,2217,7,0,49,402,2019,14,3,14,0,1,F,1,1583,5,0,1,1,12,2,40,1,0,0,995,0,0,0,08401,9,9,2,3,1,1,2,2,1,1,0,0,0,0,1,2,1,2,9,0,1,4,66,4,1,1,5,L,86,0,0,0,0,0,0,0,0,0,0,90,170,0,0,0,1,3,15,-5,14,14555,998,188,9,0,4,0,0,0,0,0,995,9.8,998,998,998,99.8,99.8,99.8,349.444582201165,1,6
20777,28,11,1-28-2021-011-06,6,1,1FMCU9EG7CKB,17,460,1798,7,0,12,402,2012,14,3,14,0,1,F,3,1585,5,0,1,1,18,2,72,1,0,0,995,0,0,0,17765,9,9,0,4,2,1,2,1,1,2,1,2,0,0,1,1,0,0,2,0,1,3,50,5,1,1,2,D,32,0,0,0,0,0,0,0,0,0,0,275,275,0,0,0,1,3,41,-40,-7,63860,998,4,31,0,4,99,99,0,0,0,995,9.8,998,998,998,99.8,99.8,99.8,100.435511737993,3,6
20777,28,11,1-28-2021-011-06,6,2,1FTNX21PX4EB,17,460,1805,60,0,12,481,2004,34,5,31,0,1,B,1,2907,5,9999,9,0,998,5,72,0,7,7,887,6,8,8,99998,9,9,0,4,2,1,2,1,1,2,1,2,0,0,1,1,0,0,0,8,0,3,53,0,0,0,2,D,32,0,0,0,0,0,0,0,0,0,0,275,275,0,0,0,1,3,24,23,4,114217,998,-65,30,0,4,95,95,95,95,0,995,9.8,998,998,998,99.8,99.8,99.8,100.435511737993,3,6
20778,28,12,1-28-2021-012-03,3,1,3TMCZ5AN0LM3,17,448,2223,60,0,49,472,2020,34,5,31,0,1,F,1,2007,5,300,2,1,10,2,89,1,0,1,0,2,0,2,17724,1,2,0,4,2,1,2,3,1,1,1,4,1,0,1,1,0,0,1,1,1,1,5,1,2,4,1,A,2,0,0,0,0,0,0,0,0,0,0,998,998,0,0,1,2,11,999,999,999,9999999,999,999,999,6,0,1,1,0,4,0,998,1.0,8,4,999,99.9,99.9,99.9,49.384896630811,3,6
20779,23,12,1-23-2021-012-03,3,1,2HGFC2F50JH5,17,474,1863,13,0,37,31,2018,4,1,3,0,1,F,2,1244,5,9999,9,4,40,2,89,1,0,0,995,0,0,0,43204,9,9,0,4,2,1,2,3,3,1,1,4,2,0,2,4,0,0,1,1,14,2,10,99,4,2,3,G,50,0,0,0,0,0,0,0,0,0,0,350,220,0,0,0,1,3,28,-24,-14,52367,998,-98,26,0,4,99,99,0,5,0,995,9.8,998,998,998,99.8,99.8,99.8,228.57231837569,5,6
20779,23,12,1-23-2021-012-03,3,2,3CZRU6H56JG7,17,474,9212,7,0,37,404,2018,14,3,14,0,1,F,2,1389,5,0,1,1,26,2,89,1,0,0,995,0,0,0,43026,9,9,0,4,2,1,2,3,1,1,1,4,1,1,2,4,0,0,1,0,1,4,62,4,9,1,3,G,51,0,0,0,0,0,0,0,0,0,0,220,350,0,0,0,1,3,26,-24,9,46081,998,11,28,0,4,9,97,0,8,0,995,9.8,998,998,998,99.8,99.8,99.8,228.57231837569,5,6
20780,23,13,1-23-2021-013-04,4,1,1GCGTDEN9J13,17,467,4086,60,0,20,473,2018,34,5,30,0,1,L,9,2032,5,9999,9,6,96,2,40,1,0,0,995,0,0,0,43338,1,2,2,4,2,1,2,1,1,1,0,0,0,0,1,1,2,2,1,0,1,2,17,99,1,1,5,L,89,0,0,0,0,0,0,0,0,0,0,250,340,0,0,0,1,12,999,999,999,9999999,999,999,999,9,0,0,0,0,5,0,995,9.8,998,998,998,99.8,99.8,99.8,650.898396886784,5,6
20780,23,13,1-23-2021-013-04,4,2,KNDJT2A27B73,17,499,2460,7,0,63,37,2011,6,1,2,0,1,F,9,1315,5,9999,9,4,97,2,40,1,0,0,995,0,0,0,44833,9,9,2,4,2,1,2,1,1,1,0,2,0,0,1,1,0,0,1,0,1,4,66,99,1,1,5,L,88,0,0,0,0,0,0,0,0,0,0,340,250,0,0,0,1,12,999,999,999,9999999,999,999,999,9,0,0,0,0,5,0,995,9.8,998,998,998,99.8,99.8,99.8,650.898396886784,5,6
20781,10,18,1-10-2021-018-09,9,1,1HGCM82677A0,17,474,1861,3,0,37,32,2007,2,1,3,0,1,F,2,1526,5,0,1,5,17,2,89,1,0,0,995,0,0,0,45381,9,9,0,4,2,1,2,5,1,1,1,2,0,0,1,1,8,2,1,1,1,1,6,99,2,4,1,B,7,0,0,0,0,0,0,0,0,0,0,998,998,0,0,1,2,12,999,999,999,9999999,999,999,999,7,0,99,99,0,5,0,998,0.0,45,45,120,16.7,7.5,17.6,6867.2290845274,4,6
20782,31,11,1-31-2021-011-10,10,1,1GT3KZBG9AF1,17,472,1857,60,0,23,481,2010,34,5,31,0,1,L,1,2520,5,0,2,1,13,3,89,1,0,0,995,0,0,0,62821,1,2,0,4,2,1,2,5,1,1,1,4,2,3,1,3,0,0,1,1,1,1,6,1,3,4,1,A,2,1,1,2,6,1,4,61,1,2,4,997,997,0,0,0,1,6,999,999,999,9999999,999,999,999,6,0,1,1,0,6,3,997,9.8,998,998,998,99.8,99.8,99.8,255.507439927165,6,6
20783,31,12,1-31-2021-012-10,10,1,2FTRX08L4YCA,17,460,1801,60,0,12,481,2000,34,5,31,0,1,T,2,2156,5,0,2,1,10,3,89,1,0,0,995,0,0,0,62869,1,2,0,4,2,1,2,5,1,1,1,2,0,0,1,1,0,0,1,1,1,1,6,2,3,4,1,B,7,1,2,2,6,1,4,61,1,2,10,997,997,0,0,0,1,6,999,999,999,9999999,999,999,999,7,0,0,0,0,0,3,997,9.8,998,998,998,99.8,99.8,99.8,255.507439927165,6,6
20784,77,12,1-77-2021-012-06,6,1,1GCEK19C98Z1,17,467,1850,60,0,20,481,2008,34,5,31,0,1,F,1,2370,5,9999,9,0,998,2,72,1,0,0,995,0,0,0,22968,9,9,0,4,2,1,2,2,2,1,0,0,0,0,1,2,0,0,1,1,14,2,10,99,1,2,3,I,64,0,0,0,0,0,0,0,0,0,0,280,110,0,0,0,1,3,11,-11,4,9800,998,88,9,0,4,99,99,0,99,0,995,9.8,998,998,998,99.8,99.8,99.8,643.376709041985,9,6
20784,77,12,1-77-2021-012-06,6,2,1GCHTDE37G13,17,467,4086,60,0,20,473,2016,34,5,30,0,1,L,1,1891,5,0,1,1,6,2,72,1,0,0,995,0,0,0,22936,1,2,0,4,2,1,2,2,3,2,0,0,0,0,1,2,0,0,1,0,14,4,62,4,1,1,3,I,65,0,0,0,0,0,0,0,0,0,0,110,280,0,0,0,1,3,14,-12,7,26181,998,-102,16,0,4,0,0,0,0,0,995,9.8,998,998,998,99.8,99.8,99.8,643.376709041985,9,6
20785,27,12,1-27-2021-012-04,4,1,1FTEW1EFXHFB,17,460,1801,60,0,12,481,2017,34,5,31,0,1,F,1,2130,5,0,1,1,9,2,56,1,8,0,995,0,7,0,01201,9,9,0,4,2,1,2,3,1,4,1,2,0,0,1,4,0,0,1,0,1,3,51,2,2,1,2,D,24,0,0,0,0,0,0,0,0,0,0,190,190,0,0,0,1,3,11,-11,0,15267,998,64,12,0,4,0,0,0,0,0,995,9.8,998,998,998,99.8,99.8,99.8,113.736928962431,3,6
20785,27,12,1-27-2021-012-04,4,2,5XYZU3LB2EG1,17,498,2057,7,0,55,401,2014,14,3,14,0,1,B,1,1690,5,9999,9,0,998,5,56,1,8,0,995,0,7,0,01237,9,9,0,4,2,1,2,3,1,4,1,4,0,0,1,4,0,0,1,0,1,3,53,99,1,1,2,D,25,0,0,0,0,0,0,0,0,0,0,190,190,0,0,0,1,3,15,15,0,11763,998,0,13,0,4,95,95,95,95,0,995,9.8,998,998,998,99.8,99.8,99.8,113.736928962431,3,6
20786,27,13,1-27-2021-013-09,9,1,YV1LS5546W14,17,485,14125,13,0,51,43,1998,4,1,3,0,1,F,1,1431,5,0,1,1,10,2,72,1,8,9,998,8,7,9,12110,3,2,0,4,2,1,2,1,1,1,1,4,0,0,1,8,0,0,9,1,1,2,13,99,1,4,1,A,1,0,0,0,0,0,0,0,0,0,0,998,998,0,0,0,1,10,999,999,999,9999999,999,999,999,6,0,0,0,0,3,0,998,9.8,998,998,998,99.8,99.8,99.8,257.323548980919,3,6
20787,59,6,1-59-2021-006-02,2,1,1G1BE5SM6H71,17,467,1832,13,0,20,25,2017,4,1,3,0,1,B,1,1250,5,0,1,1,15,2,64,1,0,0,995,0,0,0,47909,9,9,0,4,5,1,2,4,1,1,0,3,0,0,1,8,0,0,9,0,5,3,53,1,1,1,2,D,21,0,0,0,0,0,0,0,0,0,0,180,180,0,0,0,1,3,24,24,0,27016,998,0,23,0,4,1,2,0,4,0,995,9.8,998,998,998,99.8,99.8,99.8,112.554344398489,6,6
20787,59,6,1-59-2021-006-02,2,2,JHLRD1866WC0,17,474,1865,7,0,37,402,1998,14,3,14,0,1,F,1,1397,5,9999,9,0,998,5,64,1,0,0,995,0,0,0,47834,9,9,0,4,5,1,2,4,1,1,0,3,0,0,1,8,0,0,9,0,1,3,50,99,9,1,2,D,20,0,0,0,0,0,0,0,0,0,0,180,180,0,0,0,1,3,22,-22,0,29000,998,0,23,0,4,95,95,95,95,0,995,9.8,998,998,998,99.8,99.8,99.8,112.554344398489,6,6
20788,19,21,1-19-2021-021-08,8,1,1N4BA41E47C8,17,478,2302,13,0,35,39,2007,4,1,4,0,1,L,2,1641,5,0,1,1,10,3,40,1,0,1,0,2,0,0,35956,1,9,0,4,2,1,2,2,2,2,0,0,0,0,5,8,0,0,3,1,14,2,12,1,1,4,1,B,6,1,1,1,2,1,4,61,1,2,4,997,997,0,1,0,3,6,999,999,999,9999999,999,999,999,7,0,1,1,0,4,3,997,0.0,8,8,120,11.6,4.6,12.6,117.876690675945,9,6
20789,19,22,1-19-2021-022-01,1,1,JT3GN86R6Y01,17,448,2216,7,0,49,401,2000,14,3,14,0,1,T,3,1762,5,0,1,1,10,2,40,1,0,0,995,0,0,0,35904,1,9,0,4,2,1,2,2,3,4,0,0,0,0,1,8,0,0,9,1,14,1,6,8,2,4,1,B,7,1,2,2,2,5,3,31,2,2,6,997,997,0,0,0,1,6,999,999,999,9999999,999,999,999,8,0,9,0,0,1,2,997,9.8,998,998,998,99.8,99.8,99.8,54.6039151382465,9,6
20791,19,24,1-19-2021-024-05,5,1,KNMAT2MVXGP6,17,478,1913,8,0,35,51,2016,6,1,3,0,1,F,3,1610,5,0,1,1,7,2,72,1,0,0,995,0,0,0,35904,1,9,2,1,7,4,2,1,2,1,1,2,0,0,1,1,1,2,9,0,11,2,15,1,1,1,4,J,68,0,0,0,0,0,0,0,0,0,0,70,305,0,0,0,1,3,46,-43,-16,73539,998,-67,30,0,4,2,4,0,4,0,995,9.8,998,998,998,99.8,99.8,99.8,47.5090336657469,9,6
20791,19,24,1-19-2021-024-05,5,2,1FTEW1C8XAFB,17,460,1801,60,0,12,481,2010,34,5,31,0,1,L,2,2349,5,0,1,1,12,2,72,1,0,0,995,0,0,0,35903,1,9,2,1,7,1,2,1,3,1,1,3,0,0,1,1,1,2,9,0,14,4,62,1,1,1,4,J,69,0,0,0,0,0,0,0,0,0,0,305,70,0,0,0,1,3,32,-27,16,192727,998,-27,45,0,4,0,0,0,0,0,995,9.8,998,998,998,99.8,99.8,99.8,47.5090336657469,9,6
20792,18,10,1-18-2021-010-04,4,1,3GKALTEVXJL3,17,472,1858,7,0,23,402,2018,14,3,14,0,1,F,1,1580,5,0,1,1,6,2,40,1,0,0,995,0,0,0,54757,1,2,2,4,2,1,2,3,1,4,0,0,0,0,3,1,0,0,1,1,10,1,5,2,2,4,1,B,7,0,0,0,0,0,0,0,0,0,0,998,998,0,1,1,2,1,15,-15,0,14234,998,-15,15,0,4,0,0,0,0,0,998,0.0,23,23,71,2.1,1.3,2.6,694.60855897201,6,6
20793,18,11,1-18-2021-011-03,3,1,1FTEW1E4XLKE,17,460,1801,60,0,12,481,2020,34,5,31,0,1,N,9,2130,5,0,1,1,9,2,113,1,0,0,995,0,0,0,54758,1,9,0,1,2,2,1,5,2,1,3,1,1,3,4,1,0,0,1,1,14,1,6,99,2,4,1,B,7,0,0,0,0,0,0,0,0,0,0,997,997,0,0,0,,,,,,,,,,,0,9,97,0,8,0,997,9.8,998,998,998,99.8,99.8,99.8,219.734406246841,6,6
20794,22,15,1-22-2021-015-06,6,1,4T1BK1FK9CU0,17,448,2469,13,0,49,40,2012,4,1,3,0,1,R,1,1523,5,0,1,1,18,2,40,1,8,9,998,8,7,9,99403,1,9,2,4,2,1,2,2,1,1,0,0,0,0,3,2,2,2,9,0,1,4,66,99,1,1,5,L,87,0,0,0,0,0,0,0,0,0,0,160,75,0,0,0,1,3,14,-11,-9,21904,998,52,18,0,4,1,2,0,4,0,995,9.8,998,998,998,99.8,99.8,99.8,101.807085820683,12,6
20794,22,15,1-22-2021-015-06,6,2,1FTFX1EF0DFC,17,460,1801,60,0,12,481,2013,34,5,30,0,1,F,1,2454,5,9999,9,0,998,5,40,1,8,0,995,0,7,0,99403,9,9,2,4,2,1,2,2,1,1,0,4,0,0,3,2,2,2,9,0,1,4,66,99,1,1,5,L,86,0,0,0,0,0,0,0,0,0,0,75,160,0,0,0,1,3,9,-6,7,9262,998,199,6,0,4,95,95,95,95,0,995,9.8,998,998,998,99.8,99.8,99.8,101.807085820683,12,6
20795,22,16,1-22-2021-016-04,4,1,2GCEK19V0111,17,467,1850,60,0,20,481,2001,34,5,31,0,1,F,1,2151,5,0,1,1,7,2,56,1,8,0,995,0,7,0,54868,9,9,2,4,2,1,2,3,1,1,0,0,0,0,1,4,2,2,9,0,1,2,17,2,1,1,5,L,88,0,0,0,0,0,0,0,0,0,0,345,255,0,0,0,1,1,19,-17,-10,26632,998,-70,16,0,4,0,0,0,0,0,995,0.0,120,7,79,5.6,2.7,6.3,152.937794293392,12,6
20795,22,16,1-22-2021-016-04,4,2,1GNKVHKDXHJ1,17,467,1853,7,0,20,423,2017,15,3,15,0,1,L,1,2197,5,0,1,1,6,2,40,1,0,0,995,0,0,0,83501,1,2,2,4,2,1,2,3,1,1,0,2,0,0,1,4,0,0,1,0,1,4,66,2,1,1,5,L,89,0,0,0,0,0,0,0,0,0,0,255,345,0,0,0,1,1,19,-9,16,56255,998,101,21,0,4,0,0,0,0,0,995,9.8,998,998,998,99.8,99.8,99.8,152.937794293392,12,6
20797,26,15,1-26-2021-015-01,1,1,3FAHP0HG9BR3,17,460,1780,13,0,12,23,2011,4,1,3,0,1,F,3,1490,5,9999,9,4,74,2,105,1,1,1,190,2,0,2,95825,2,9,1,3,4,3,2,1,2,9,3,3,0,0,2,8,0,0,9,1,14,3,51,99,1,2,2,D,24,0,0,0,0,0,0,0,0,0,0,998,998,0,1,1,5,12,999,999,999,9999999,999,999,999,8,0,2,4,0,6,0,998,1.6,30,30,75,52.1,39.7,67.7,19.2495104827086,10,6
20797,26,15,1-26-2021-015-01,1,2,5NPD84LF1LH6,17,498,2735,13,0,55,35,2020,4,1,3,0,1,B,3,1280,5,0,1,1,45,2,105,1,0,1,11,3,0,2,95621,9,1,1,3,4,4,2,1,2,9,3,2,0,0,2,8,0,0,9,0,14,3,53,99,1,1,2,D,25,0,0,0,0,0,0,0,0,0,0,998,998,0,0,1,4,1,65,64,11,319702,998,-86,65,0,4,6,75,1,1,0,998,1.6,42,42,115,55.6,20.6,57.4,19.2495104827086,10,6
20800,26,18,1-26-2021-018-09,9,1,3FADP0L39AR2,17,460,1780,13,0,12,23,2010,4,1,3,0,1,F,2,1650,5,0,1,1,27,2,64,1,0,0,995,0,0,0,95826,1,9,0,5,5,1,2,6,1,1,1,3,0,0,3,2,0,0,1,1,1,1,6,4,2,4,1,A,2,0,0,0,0,0,0,0,0,0,0,998,998,0,1,0,1,1,35,-35,-6,86088,998,9,35,0,1,1,2,0,4,0,998,2.3,120,30,90,10.0,4.4,10.9,1236.36315927917,10,6
20801,21,21,1-21-2021-021-05,5,1,JTEBU5JR1C50,17,448,2216,7,0,49,401,2012,14,3,14,0,1,R,2,2155,5,9999,9,4,17,2,113,1,0,0,995,0,0,0,90501,3,9,0,2,2,2,2,1,1,9,3,2,1,3,2,1,0,0,9,1,1,3,51,99,1,2,2,D,24,1,4,2,2,1,3,61,1,2,32,997,997,0,0,0,2,6,999,999,999,9999999,999,999,999,7,0,0,0,0,0,3,997,7.5,999,999,999,0.0,0.0,0.0,36.3602175147571,11,6
20801,21,21,1-21-2021-021-05,5,2,2G1FA1E39C91,17,467,1829,3,0,20,9,2012,2,1,4,0,1,F,3,1700,5,9999,9,5,19,2,113,1,0,9,998,8,0,9,93534,2,9,0,2,2,2,2,1,1,9,3,2,1,3,2,1,0,0,1,0,1,3,53,1,1,1,2,D,25,0,0,0,0,0,0,0,0,0,0,998,998,0,0,0,4,12,999,999,999,9999999,999,999,999,8,0,9,97,0,8,0,998,7.5,999,999,999,6.2,7.5,10.0,36.3602175147571,11,6
20802,21,22,1-21-2021-022-04,4,1,2T1BURHE6HC9,17,448,2208,13,0,49,32,2017,4,1,3,0,1,L,1,1265,5,0,1,1,20,2,72,1,0,0,995,0,0,0,92377,1,1,0,5,5,2,2,2,2,1,3,2,0,0,3,8,0,0,1,1,14,1,6,4,3,4,1,A,2,0,0,0,0,0,0,0,0,0,0,998,998,0,0,0,2,12,999,999,999,9999999,999,999,999,6,0,0,0,0,0,0,998,2.6,72,15,20,0.0,0.0,0.0,672.829288769304,11,6
20803,21,23,1-21-2021-023-02,2,1,4T1BF1FK3HU2,17,448,2469,13,0,49,40,2017,4,1,4,0,1,F,1,1497,8,9999,9,1,10,2,113,1,1,1,209,2,0,0,91710,9,1,0,2,5,2,1,1,1,9,3,3,0,3,2,1,0,0,9,1,1,2,11,1,1,2,2,F,44,1,6,2,5,7,1,2,2,2,40,300,295,0,0,0,1,5,999,999,999,9999999,999,999,999,6,0,2,9,0,3,1,995,9.8,998,998,998,99.8,99.8,99.8,11.6475231613423,11,6
20803,21,23,1-21-2021-023-02,2,2,1FUJGLDR2ASA,17,450,2501,66,0,82,881,2010,66,8,68,0,1,L,9,,,,,,,5,89,1,0,0,995,0,0,0,92324,9,9,0,2,5,1,1,1,1,9,1,3,2,3,2,1,0,0,1,0,1,4,60,1,1,1,2,F,45,,,,,,,,,,,,,,,,,,,,,,,,,,,95,95,95,95,,,9.8,998,998,998,99.8,99.8,99.8,11.6475231613423,11,6
20804,21,24,1-21-2021-024-09,9,1,1B7GG22N9YS7,17,476,1941,60,0,7,472,2000,34,5,31,0,1,F,1,1826,5,9999,9,1,24,2,64,1,1,9,998,8,9,9,92346,1,9,2,4,6,2,2,2,1,1,1,3,0,0,3,8,1,2,9,0,1,3,50,1,1,1,2,D,20,0,0,0,0,0,0,0,0,0,0,255,260,0,0,0,1,3,15,-15,0,25985,998,57,18,0,4,99,99,0,99,0,995,9.8,998,998,998,99.8,99.8,99.8,1121.42829852273,11,6
20804,21,24,1-21-2021-024-09,9,2,JH4DC54885S0,17,475,3183,5,0,54,38,2005,3,1,2,0,1,B,1,1227,5,9999,9,5,38,2,64,1,0,0,995,0,0,0,92374,1,9,2,4,6,2,2,2,1,1,1,1,0,0,3,8,1,2,1,0,5,3,53,9,1,1,2,D,21,0,0,0,0,0,0,0,0,0,0,260,255,0,0,0,1,3,21,21,0,15991,998,0,17,0,4,99,99,0,99,0,995,9.8,998,998,998,99.8,99.8,99.8,1121.42829852273,11,6
20805,54,5,1-54-2021-005-03,3,1,JTHBA30G0450,17,515,2475,13,0,59,31,2004,4,1,3,0,1,R,2,1570,5,0,1,1,14,2,89,1,0,0,995,0,0,0,35653,1,9,2,4,2,1,2,1,1,1,1,2,0,0,1,1,2,2,9,0,1,2,17,99,1,1,5,L,87,0,0,0,0,0,0,0,0,0,0,45,290,0,0,0,1,12,999,999,999,9999999,999,999,999,7,0,2,5,0,4,0,995,9.8,998,998,998,99.8,99.8,99.8,356.212529969758,9,6
20805,54,5,1-54-2021-005-03,3,2,5N1DR2MN4KC6,17,478,1911,7,0,35,401,2019,14,3,14,0,1,F,1,1939,5,0,2,1,14,2,89,1,0,0,995,0,0,0,38838,1,2,2,1,3,1,2,1,1,1,3,3,0,1,1,1,0,0,1,0,1,4,66,4,1,1,5,L,86,0,0,0,0,0,0,0,0,0,0,290,45,0,0,0,1,12,999,999,999,9999999,999,999,999,6,0,1,3,0,4,0,995,9.8,998,998,998,99.8,99.8,99.8,356.212529969758,9,6