CASEID,PSU,CASENO,CASENUMBER,CATEGORY,VEHNO,VIN,VINLENGTH,VPICMAKE,VPICMODEL,VPICBODYCLASS,ICFINALBODY,MAKE,MODEL,MODELYR,BODYTYPE,BODYCAT,VEHCLASS,SPECUSE,TRANSTAT,DAMPLANE,DAMSEV,CURBWT,CURBSRC,CARGOWT,CARGOSRC,INSPTYPE,INSPLAG,TOWED,SPEEDLIMIT,DRPRESENT,PARALCOHOL,ALCTEST,ALCTESTRESULT,ALCTESTSRC,PARDRUG,DRUGTEST,ZIP,RACE,ETHNICITY,RELTOJUNCT,TRAFFLOW,RDLANES,INITLANE,SURFTYPE,SURFCOND,ALIGNMENT,PROFILE,LINERIGHT,LINELEFT,RUMBINIT,RUMBROAD,LIGHTCOND,WEATHER,TRAFDEV,TRAFFUNCT,DISTRACT,PREFHE,PREMOVE,CRITCAT,CRITEVENT,MANEUVER,PRESTAB,PRELOC,CRASHCAT,CRASHCONF,CRASHTYPE,ROLLTYPE,ROLLTURN,ROLLINTRPT,ROLLPREMAN,ROLLINITYP,ROLLINLOC,ROLLOBJ,ROLLTRIP,ROLLDIR,ROLLDIST,DVANGTHIS,DVANGOTH,TOWHITCH,TRAJDOC,TREEPOLE,DVEVENT,DVBASIS,DVTOTAL,DVLONG,DVLAT,DVENERGY,DVSPEED,DVMOMENT,DVBES,DVEST,DVCONF,VAIS,VISS,VINJURED,VTREAT,INITOBJCLASS,HEADANGLECAT,SHLDRWIDTH,STRKLENGTH,STRKWIDTH,STRKHEIGHT,EDGEDISTX,EDGEDISTY,EDGEDISTZ,CASEWGT,PSUSTRAT,VERSION
20807,17,11,1-17-2021-011-07,7,1,1C4PJMDB6GW1,17,483,1945,7,0,2,404,2016,14,3,14,0,1,F,1,1788,5,0,1,1,13,2,48,1,9,0,995,0,9,0,61008,9,9,0,4,2,1,2,3,1,1,0,4,0,0,1,4,0,0,9,1,1,2,11,7,2,4,1,C,11,0,0,0,0,0,0,0,0,0,0,180,180,0,0,0,1,12,999,999,999,9999999,999,999,999,6,0,0,0,0,0,0,995,9.8,998,998,998,99.8,99.8,99.8,1150.25400261958,4,6
20807,17,11,1-17-2021-011-07,7,2,2G1WF5E3XC12,17,467,1833,13,0,20,2,2012,4,1,4,0,2,B,9,1658,5,9999,9,0,998,,,,,,,,,,,,,,,,,,,,,,,,,,,,,,,,,,,,,,,,,,,,,,,,,,,,,,,,,,,,,,,,,,95,95,95,95,,,,,,,,,,1150.25400261958,4,6
20808,17,12,1-17-2021-012-06,6,1,5N1AT2MVXGC7,17,478,1913,8,0,35,51,2016,6,1,3,0,1,L,1,1610,5,0,1,1,32,2,56,1,9,0,995,0,9,0,61241,1,9,0,4,4,2,2,3,3,1,3,2,0,0,1,4,0,0,9,1,14,1,6,3,2,4,1,A,2,1,1,2,2,2,4,68,4,2,4,997,997,0,0,0,1,6,999,999,999,9999999,999,999,999,6,0,0,0,0,4,3,997,9.8,998,998,998,99.8,99.8,99.8,414.151432027099,4,6
20809,29,11,1-29-2021-011-07,7,1,2HGFA15649H3,17,474,1863,13,0,37,31,2009,4,1,3,0,1,R,1,1199,5,9999,9,4,17,2,56,1,8,9,998,8,7,9,02878,9,9,2,4,4,2,2,1,1,2,3,2,0,0,1,1,0,0,1,0,11,2,15,99,1,1,4,J,68,0,0,0,0,0,0,0,0,0,0,85,300,0,0,0,1,3,23,-20,-12,49705,998,89,26,0,4,99,99,0,0,0,995,9.8,998,998,998,99.8,99.8,99.8,206.23249990977,2,6
20809,29,11,1-29-2021-011-07,7,2,5YFBU4EE5DP1,17,448,2208,13,0,49,32,2013,4,1,2,0,1,F,1,1260,5,0,1,1,14,2,56,1,8,9,998,8,7,9,02740,9,9,2,4,4,1,2,1,1,1,1,3,0,0,1,1,0,0,1,0,1,4,62,3,1,1,4,J,69,0,0,0,0,0,0,0,0,0,0,300,85,0,0,0,1,3,23,-22,4,21425,998,64,18,0,4,0,0,0,0,0,995,9.8,998,998,998,99.8,99.8,99.8,206.23249990977,2,6
20812,15,15,1-15-2021-015-06,6,1,JTKDE1779500,17,448,2207,5,0,49,50,2005,3,1,1,0,1,F,9,960,5,9999,9,0,998,2,48,1,8,9,998,8,7,9,11020,9,9,2,4,2,1,2,3,2,1,1,2,0,0,1,4,0,0,9,1,14,2,10,99,1,2,3,G,50,0,0,0,0,0,0,0,0,0,0,355,190,0,0,0,1,0,999,999,999,9999999,999,999,999,9,0,0,0,0,0,0,995,9.8,998,998,998,99.8,99.8,99.8,102.63046371352,1,6
20812,15,15,1-15-2021-015-06,6,2,5UXWX9C51D0A,17,452,1719,7,0,34,402,2013,14,3,14,0,1,F,2,1865,5,0,1,4,15,2,48,1,8,9,998,8,7,9,11030,9,9,2,4,2,1,2,3,3,1,1,2,0,0,1,4,0,0,9,0,14,4,62,99,1,1,3,G,51,0,0,0,0,0,0,0,0,0,0,190,355,0,0,0,1,12,999,999,999,9999999,999,999,999,7,0,99,99,0,0,0,995,9.8,998,998,998,99.8,99.8,99.8,102.63046371352,1,6
20813,15,16,1-15-2021-016-02,2,1,2HKRW2H57JH6,17,474,1865,7,0,37,402,2018,14,3,14,0,1,F,2,1580,5,9999,9,4,15,2,89,1,8,0,995,0,7,0,11235,9,9,1,2,4,1,2,3,2,1,1,3,3,2,3,8,0,0,9,1,14,1,6,99,9,4,1,A,2,1,99,2,3,6,4,49,3,2,999,998,998,0,0,0,1,12,999,999,999,9999999,999,999,999,7,0,0,0,0,4,3,998,1.5,999,999,999,9.7,1.7,9.8,50.3489829782194,1,6
20814,19,25,1-19-2021-025-04,4,1,JN8AT2MT3JW4,17,478,1913,8,0,35,51,2018,6,1,3,0,1,R,1,1550,5,0,1,1,8,2,56,1,0,0,995,0,0,0,38351,1,2,2,4,2,1,2,1,3,1,0,0,0,0,1,1,2,2,3,0,11,2,15,1,1,1,4,K,76,0,0,0,0,0,0,0,0,0,0,300,285,0,1,0,1,5,999,999,999,9999999,999,999,9,1,0,0,0,0,0,0,995,9.8,998,998,998,99.8,99.8,99.8,380.911568048837,9,6
20814,19,25,1-19-2021-025-04,4,2,1XKZDP9X5CJ3,17,532,2734,66,0,85,881,2012,66,8,68,0,1,L,9,,,,,,,5,89,1,0,0,995,0,0,0,35962,9,9,2,1,2,1,2,1,1,1,1,2,0,0,1,1,0,0,1,0,1,4,65,99,1,1,4,K,77,,,,,,,,,,,,,,,,,,,,,,,,,,,95,95,95,95,,,9.8,998,998,998,99.8,99.8,99.8,380.911568048837,9,6
20815,20,12,1-20-2021-012-03,3,1,999999999999,99,467,99997,60,0,20,499,1979,48,6,48,0,1,F,9,9999,9,9999,9,5,33,2,89,1,0,1,0,2,0,0,93955,2,2,2,4,3,1,2,1,1,1,1,1,0,0,1,1,1,2,9,1,1,3,50,1,9,2,2,D,20,0,0,0,0,0,0,0,0,0,0,260,270,0,0,0,1,5,999,999,999,9999999,999,999,999,9,0,1,2,0,4,0,995,9.8,998,998,998,99.8,99.8,99.8,244.78444956648,11,6
20815,20,12,1-20-2021-012-03,3,2,5FNYF8H54MB0,17,474,5959,7,0,37,422,2021,15,3,15,0,1,B,2,1890,5,0,1,1,14,2,89,1,0,1,0,2,0,0,93908,1,2,2,4,3,2,2,1,1,1,1,2,0,0,1,1,1,2,1,0,5,3,53,1,1,1,2,D,21,1,2,1,5,7,1,3,3,2,3,270,260,0,0,0,1,5,999,999,999,9999999,999,999,29,3,0,1,1,0,4,1,995,9.8,998,998,998,99.8,99.8,99.8,244.78444956648,11,6
20815,20,12,1-20-2021-012-03,3,3,4S4BRBNC5E32,17,523,2233,7,0,48,45,2014,6,1,3,0,1,F,2,1621,5,0,1,1,18,2,89,1,0,0,995,0,0,0,93908,9,2,2,1,3,2,2,1,1,1,1,2,0,0,1,1,1,2,1,0,5,3,53,1,1,1,6,M,98,0,0,0,0,0,0,0,0,0,0,270,270,0,0,0,3,3,28,-28,0,46373,998,0,27,0,4,1,1,0,0,0,995,9.8,998,998,998,99.8,99.8,99.8,244.78444956648,11,6
20815,20,12,1-20-2021-012-03,3,4,1FTEW1EG9FFA,17,460,1801,60,0,12,481,2015,34,5,31,0,1,B,2,1837,5,9999,9,0,998,5,89,1,0,0,995,0,0,0,93908,9,9,2,1,3,2,2,1,1,1,1,2,0,0,1,1,1,2,1,0,5,3,53,1,1,1,6,M,98,0,0,0,0,0,0,0,0,0,0,270,270,0,0,0,3,3,26,26,0,53311,998,0,27,0,4,95,95,95,95,0,995,9.8,998,998,998,99.8,99.8,99.8,244.78444956648,11,6
20816,20,13,1-20-2021-013-03,3,1,2G4WS52JX212,17,468,8843,13,0,18,7,2002,4,1,3,0,1,F,9,1528,5,9999,9,0,998,5,56,1,0,0,995,0,0,0,93906,9,9,2,4,2,1,2,1,1,1,1,2,0,0,1,1,0,0,1,1,11,2,15,99,1,2,4,J,68,0,0,0,0,0,0,0,0,0,0,70,280,0,0,0,1,0,999,999,999,9999999,999,999,999,9,0,95,95,95,95,0,995,9.8,998,998,998,99.8,99.8,99.8,244.78444956648,11,6
20816,20,13,1-20-2021-013-03,3,2,JM1DKDB74H01,17,473,10202,15,0,41,56,2017,5,1,2,0,1,F,3,1339,5,0,1,1,20,2,56,1,0,0,995,0,0,0,93907,1,1,2,4,2,1,2,1,1,1,0,2,0,0,1,1,0,0,1,0,1,4,62,2,1,1,4,J,69,0,0,0,0,0,0,0,0,0,0,280,70,0,0,0,1,12,999,999,999,9999999,999,999,60,5,0,1,1,0,6,0,995,9.8,998,998,998,99.8,99.8,99.8,244.78444956648,11,6
20817,22,18,1-22-2021-018-07,7,1,1N4BL2AP6CN4,17,478,1904,13,0,35,47,2012,4,1,4,0,1,F,1,1526,5,0,1,1,10,2,105,1,0,0,995,0,0,0,83523,9,9,0,4,3,1,2,1,1,1,1,3,2,3,1,4,0,0,9,0,1,6,87,99,1,1,1,C,13,0,0,0,0,0,0,0,0,0,0,998,998,0,0,0,1,10,999,999,999,9999999,999,11,12,2,0,0,0,0,0,0,998,9.8,998,998,998,99.8,99.8,99.8,223.22344848638,12,6
20819,76,9,1-76-2021-009-03,3,1,KMHD74LF1LU9,17,498,2735,13,0,55,35,2020,4,1,3,0,1,F,2,1280,5,0,1,1,34,2,56,1,8,9,998,8,7,9,12182,9,9,0,4,2,1,2,3,2,4,1,2,0,0,1,4,6,2,9,1,14,1,6,99,2,2,3,I,64,0,0,0,0,0,0,0,0,0,0,170,30,0,0,0,1,5,999,999,999,9999999,999,999,25,3,0,9,97,0,8,0,995,9.8,998,998,998,99.8,99.8,99.8,18.5934551148107,3,6
20819,76,9,1-76-2021-009-03,3,2,1GDJ6H1BXYJ5,17,472,14021,74,999,23,881,2000,62,8,60,0,1,L,9,,,,,,,5,56,1,8,9,998,8,7,9,12158,9,9,0,4,2,1,2,3,3,4,1,2,0,0,1,4,6,2,9,0,14,4,62,99,1,1,3,I,65,,,,,,,,,,,,,,,,,,,,,,,,,,,95,95,95,95,,,9.8,998,998,998,99.8,99.8,99.8,18.5934551148107,3,6
20821,29,13,1-29-2021-013-04,4,1,1C6RR7LT8ES4,17,496,13620,60,0,7,482,2014,34,5,31,0,1,R,9,2430,5,9999,9,0,998,5,105,1,0,0,995,0,0,0,02777,9,9,1,2,3,3,2,1,1,9,3,2,0,2,1,1,0,0,1,1,15,2,11,99,1,1,2,F,46,0,0,0,0,0,0,0,0,0,0,20,5,0,0,0,1,0,999,999,999,9999999,999,999,999,9,0,95,95,95,95,0,995,9.8,998,998,998,99.8,99.8,99.8,114.407780424573,2,6
20821,29,13,1-29-2021-013-04,4,2,KMHD74LF9HU1,17,498,2735,13,0,55,35,2017,4,1,3,0,1,L,1,1275,5,0,1,1,6,2,105,1,0,0,995,0,0,0,02721,9,9,1,2,3,2,2,1,1,9,3,3,2,2,1,1,0,0,1,0,1,4,60,99,1,1,2,F,45,0,0,0,0,0,0,0,0,0,0,5,20,0,0,0,1,8,999,999,999,9999999,999,999,999,6,0,0,0,0,0,0,995,9.8,998,998,998,99.8,99.8,99.8,114.407780424573,2,6
20822,26,19,1-26-2021-019-03,3,1,1HGCD5637VA2,17,474,1861,13,0,37,32,1997,4,1,3,0,1,F,1,1295,5,9999,9,0,998,2,56,1,0,0,995,0,0,0,95662,1,9,2,4,2,1,2,1,1,1,1,2,0,0,2,1,2,2,9,0,1,2,17,99,1,1,4,K,83,0,0,0,0,0,0,0,0,0,0,0,250,0,0,0,1,3,9,-9,-3,3457,998,-20,8,0,4,1,1,0,99,0,995,1.7,9,9,999,2.4,1.6,3.2,209.097889740339,10,6
20822,26,19,1-26-2021-019-03,3,2,SHHFK7H51HU4,17,474,1863,5,0,37,31,2017,5,1,3,0,1,L,1,1323,5,0,1,1,30,2,40,1,0,0,995,0,0,0,95662,1,9,2,4,2,1,2,1,1,4,0,2,0,0,2,1,2,2,1,0,11,4,66,4,1,1,4,K,82,0,0,0,0,0,0,0,0,0,0,250,0,0,0,0,1,3,9,-6,7,6199,998,52,10,0,4,99,99,0,99,0,995,9.8,998,998,998,99.8,99.8,99.8,209.097889740339,10,6
20823,30,16,1-30-2021-016-05,5,1,1G2HX52K05U1,17,536,8838,13,0,22,2,2005,4,1,4,0,1,F,9,1628,5,9999,9,0,998,2,64,1,1,1,217,2,0,1,85021,9,9,2,5,6,2,2,1,1,1,3,3,0,0,3,8,1,2,9,0,1,2,17,99,1,1,5,L,88,0,0,0,0,0,0,0,0,0,0,0,275,0,0,0,1,0,999,999,999,9999999,999,999,999,9,0,1,2,0,3,0,995,9.8,998,998,998,99.8,99.8,99.8,43.8809281651892,10,6
20823,30,16,1-30-2021-016-05,5,2,1VWCM7A3XFC0,17,482,3134,13,0,30,46,2015,4,1,4,0,1,L,9,1563,5,9999,9,0,998,2,64,1,1,0,995,0,0,0,85023,9,9,2,4,6,1,2,1,1,1,0,3,0,0,3,8,1,2,9,0,1,4,66,99,1,1,5,L,89,0,0,0,0,0,0,0,0,0,0,275,0,0,0,0,1,0,999,999,999,9999999,999,999,999,9,0,9,97,0,8,0,995,9.8,998,998,998,99.8,99.8,99.8,43.8809281651892,10,6
20823,30,16,1-30-2021-016-05,5,3,1VWAH7A34DC0,17,482,3134,13,0,30,46,2013,4,1,4,0,1,F,9,1436,5,9999,9,0,998,5,64,1,0,0,995,0,0,0,85283,9,9,2,5,6,3,2,1,1,1,4,4,0,0,3,8,1,2,9,0,5,4,62,99,1,1,6,M,98,0,0,0,0,0,0,0,0,0,0,180,190,0,0,0,2,0,999,999,999,9999999,999,999,999,9,0,95,95,95,95,0,995,9.8,998,998,998,99.8,99.8,99.8,43.8809281651892,10,6
20828,77,13,1-77-2021-013-05,5,1,1GT22YE8XFZ1,17,472,1857,60,0,23,481,2015,34,5,31,0,1,F,3,2991,5,0,1,1,7,2,56,1,9,1,148,2,9,1,22920,1,9,0,4,2,1,2,5,2,4,0,0,0,0,2,4,0,0,1,1,14,1,6,2,2,4,1,B,7,0,0,0,0,0,0,0,0,0,0,998,998,0,0,1,1,1,48,-47,8,284257,998,33,48,0,3,3,22,1,3,0,998,1.4,82,72,80,12.7,1.3,12.8,88.4478334889355,9,6
20832,10,21,1-10-2021-021-04,4,1,1FTZX1720WNB,17,460,1801,60,0,12,481,1998,34,5,31,0,1,F,9,1857,5,9999,9,0,998,2,89,1,0,0,995,0,0,0,45424,9,9,0,2,3,3,2,3,1,1,3,2,1,3,5,4,0,0,1,0,1,3,50,99,9,1,2,D,20,0,0,0,0,0,0,0,0,0,0,50,40,0,0,0,1,0,999,999,999,9999999,999,999,999,9,0,0,0,0,0,0,995,9.8,998,998,998,99.8,99.8,99.8,473.93331932343,4,6
20832,10,21,1-10-2021-021-04,4,2,3GNAXUEV1MS1,17,467,1847,7,0,20,404,2021,14,3,14,0,1,B,2,1593,5,9999,9,5,16,2,89,1,0,0,995,0,0,0,45205,9,9,0,2,3,3,2,3,1,1,3,2,1,3,5,4,0,0,1,0,5,3,53,1,1,1,2,D,21,0,0,0,0,0,0,0,0,0,0,40,50,0,0,0,1,12,999,999,999,9999999,999,999,999,7,0,0,0,0,0,0,995,9.8,998,998,998,99.8,99.8,99.8,473.93331932343,4,6
20832,10,21,1-10-2021-021-04,4,3,3N1CN7AP1KL8,17,478,1894,13,0,35,50,2019,4,1,2,0,1,B,9,1131,5,9999,9,0,998,2,89,1,0,0,995,0,0,0,40508,9,9,0,2,3,3,2,3,1,1,3,2,1,3,5,4,0,0,1,0,5,3,53,1,1,1,6,M,98,0,0,0,0,0,0,0,0,0,0,50,20,0,0,0,3,0,999,999,999,9999999,999,999,999,9,0,0,0,0,0,0,995,9.8,998,998,998,99.8,99.8,99.8,473.93331932343,4,6
20832,10,21,1-10-2021-021-04,4,4,1FMCU9J96EUD,17,460,1798,7,0,12,402,2014,14,3,14,0,1,B,9,1635,5,9999,9,0,998,5,89,1,0,0,995,0,0,0,45415,9,9,0,2,3,3,2,3,1,1,3,2,1,3,5,4,0,0,1,0,5,3,53,1,1,1,6,M,98,0,0,0,0,0,0,0,0,0,0,40,40,0,0,0,4,0,999,999,999,9999999,999,999,999,9,0,95,95,95,95,0,995,9.8,998,998,998,99.8,99.8,99.8,473.93331932343,4,6
20832,10,21,1-10-2021-021-04,4,5,999999999999,99,99999,99999,999,0,99,399,9999,9,1,9,99,1,B,9,9999,9,9999,9,0,998,5,89,1,9,0,995,0,9,0,99999,9,9,0,2,3,2,2,3,1,1,3,3,0,3,5,4,0,0,9,0,99,4,60,99,1,1,6,M,98,0,0,0,0,0,0,0,0,0,0,40,55,0,0,0,2,0,999,999,999,9999999,999,999,999,9,0,95,95,95,95,0,995,9.8,998,998,998,99.8,99.8,99.8,473.93331932343,4,6
20833,54,6,1-54-2021-006-10,10,1,3B7HC13Y01G2,17,476,1938,60,0,7,482,2001,34,5,31,0,1,9,1,2243,5,9999,9,0,998,5,105,1,0,0,995,0,0,0,35582,9,9,2,1,2,1,2,5,3,1,1,3,2,3,1,10,0,0,2,1,11,2,15,99,1,2,4,J,72,0,0,0,0,0,0,0,0,0,0,140,160,0,0,0,1,3,6,-1,6,3853,998,-31,7,0,4,95,95,95,95,0,995,9.8,998,998,998,99.8,99.8,99.8,561.836742556369,9,6
20833,54,6,1-54-2021-006-10,10,2,KMHDN46D56U3,17,498,2735,13,0,55,35,2006,4,1,2,0,1,R,1,1195,5,0,2,1,9,2,105,1,0,0,995,0,0,0,35582,1,2,2,1,2,2,2,5,3,1,3,2,1,3,1,10,0,0,1,0,14,4,61,7,1,1,4,J,73,0,0,0,0,0,0,0,0,0,0,160,140,0,0,0,1,3,10,-2,-10,7163,998,-85,10,0,4,0,0,0,0,0,995,9.8,998,998,998,99.8,99.8,99.8,561.836742556369,9,6
20834,17,13,1-17-2021-013-10,10,1,2FTHF26M0MCA,17,460,1805,60,0,12,481,1991,34,5,31,0,1,F,2,1876,8,50,1,1,21,2,80,1,9,0,995,0,9,0,61254,9,9,0,4,2,1,2,1,1,1,1,4,0,0,1,1,0,0,3,1,1,2,12,99,1,4,1,B,6,0,0,0,0,0,0,0,0,0,0,998,998,0,1,0,1,12,999,999,999,9999999,999,999,999,7,0,0,0,0,0,0,998,0.7,120,27,82,0.0,0.0,0.0,2111.33408641052,4,6
20835,17,14,1-17-2021-014-03,3,1,3GNAXKEV2ML3,17,467,1847,7,0,20,404,2021,14,3,14,0,1,R,1,1485,5,0,1,1,7,2,89,1,9,0,995,0,9,0,61273,1,2,0,4,2,1,2,3,1,1,1,4,0,0,2,9,0,0,1,1,1,1,6,3,3,4,1,B,7,1,4,2,2,1,3,61,1,2,999,997,997,0,0,0,1,6,999,999,999,9999999,999,999,999,6,0,1,1,0,0,3,997,9.8,998,998,998,99.8,99.8,99.8,107.486018200512,4,6
20836,12,3,1-12-2021-003-03,3,1,1GCEC14X98Z2,17,467,1850,60,0,20,481,2008,34,5,31,0,1,F,2,2020,5,0,1,1,15,2,72,1,0,0,995,0,0,0,73401,1,9,0,4,2,1,2,5,1,1,0,2,0,0,1,10,0,0,9,1,1,1,6,2,4,2,3,G,50,0,0,0,0,0,0,0,0,0,0,60,290,0,0,0,1,1,34,-32,-12,114625,998,-73,34,0,1,9,97,0,99,0,995,9.8,998,998,998,99.8,99.8,99.8,368.899295206939,9,6
20836,12,3,1-12-2021-003-03,3,2,3GNCJKSB5JL3,17,467,10988,7,0,20,406,2018,14,3,14,0,1,F,3,1382,5,0,1,1,16,2,72,1,0,0,995,0,0,0,73401,2,2,0,4,2,1,2,5,1,1,0,0,0,0,1,10,0,0,9,0,1,4,62,4,1,1,3,G,51,0,0,0,0,0,0,0,0,0,0,290,60,0,0,0,1,1,47,-41,24,165154,998,60,48,0,1,1,2,0,4,0,995,9.8,998,998,998,99.8,99.8,99.8,368.899295206939,9,6
20837,12,4,1-12-2021-004-09,9,1,1HGCM56425A0,17,474,1861,13,0,37,32,2005,4,1,3,0,1,F,1,1389,5,0,1,1,4,2,72,1,0,0,995,0,0,0,73402,1,2,2,1,2,1,2,2,2,4,0,0,0,0,2,1,2,2,3,1,14,2,14,1,9,4,1,C,14,0,0,0,0,0,0,0,0,0,0,998,998,0,0,9,3,1,13,-13,0,10372,998,-41,13,0,1,9,0,0,4,0,998,3.1,120,120,40,8.4,1.2,8.9,2398.38687251002,9,6
20839,11,5,1-11-2021-005-04,4,1,3N1CN7AP6KL8,17,478,1894,13,0,35,50,2019,4,1,2,0,1,F,1,1114,5,0,1,1,25,3,72,1,0,0,995,0,0,0,23832,9,9,0,2,4,2,2,1,1,1,3,3,0,0,1,1,0,0,1,0,1,3,52,4,1,1,2,D,28,0,0,0,0,0,0,0,0,0,0,275,275,0,0,0,1,3,22,-22,0,18539,998,0,20,0,4,0,0,0,0,0,995,9.8,998,998,998,99.8,99.8,99.8,1978.50484870878,8,6
20839,11,5,1-11-2021-005-04,4,2,JTMZD33V5750,17,448,2217,7,0,49,402,2007,14,3,14,0,1,B,1,1562,5,9999,9,0,998,5,72,1,0,0,995,0,0,0,23224,9,9,2,1,4,2,2,1,1,1,3,3,0,0,1,1,1,2,1,0,2,3,53,99,1,1,2,D,29,0,0,0,0,0,0,0,0,0,0,275,275,0,0,0,1,3,16,16,0,19511,998,0,18,0,4,95,95,95,95,0,995,9.8,998,998,998,99.8,99.8,99.8,1978.50484870878,8,6
20840,48,11,1-48-2021-011-05,5,1,2G1WF5E34C12,17,467,1833,13,0,20,2,2012,4,1,4,0,1,F,2,1658,5,0,1,1,8,2,89,1,0,0,995,0,0,0,84341,1,2,2,4,7,3,2,4,1,4,3,1,0,0,4,4,1,2,1,1,1,2,17,2,2,2,5,L,88,0,0,0,0,0,0,0,0,0,0,270,180,0,0,0,1,12,999,999,999,9999999,999,999,999,7,0,1,2,0,4,0,995,9.8,998,998,998,99.8,99.8,99.8,77.0323095151438,12,6
20840,48,11,1-48-2021-011-05,5,2,1GCHK23DX6F1,17,467,1850,60,0,20,481,2006,34,5,31,0,1,R,1,2668,5,0,1,1,7,2,56,1,0,0,995,0,0,0,84302,9,9,2,1,4,3,2,4,2,1,3,1,0,0,4,4,1,2,9,0,14,4,66,1,1,1,5,L,89,0,0,0,0,0,0,0,0,0,0,200,180,0,0,0,2,5,999,999,999,9999999,999,999,7,1,0,0,0,0,0,0,995,9.8,998,998,998,99.8,99.8,99.8,77.0323095151438,12,6
20840,48,11,1-48-2021-011-05,5,3,1GCEK19T02E2,17,467,1850,60,0,20,481,2002,34,5,31,0,1,L,9,9999,9,9999,9,0,998,5,56,1,0,0,995,0,0,0,84302,9,9,2,1,4,2,2,4,2,1,1,3,0,0,4,4,1,2,9,0,4,4,60,99,1,1,6,M,98,0,0,0,0,0,0,0,0,0,0,180,200,0,0,0,2,0,999,999,999,9999999,999,999,999,9,0,95,95,95,95,0,995,9.8,998,998,998,99.8,99.8,99.8,77.0323095151438,12,6
20841,48,12,1-48-2021-012-07,7,1,1G1JH6SB9D41,17,467,1835,13,0,20,28,2013,5,1,1,0,1,F,1,1220,5,0,1,1,8,2,121,1,0,0,995,0,0,0,84014,9,9,1,2,3,2,1,3,2,1,3,3,0,3,1,4,0,0,9,1,14,1,6,99,9,4,1,B,7,0,0,0,0,0,0,0,0,0,0,998,998,0,0,0,1,12,999,999,999,9999999,999,999,999,6,0,0,0,0,0,0,998,2.8,57,999,50,7.3,1.9,7.8,2038.56271306381,12,6
20842,24,19,1-24-2021-019-06,6,1,2C4RDGCG9FR5,17,476,14832,2,0,7,442,2015,20,4,20,0,1,F,1,2050,5,0,1,1,25,2,72,1,0,0,995,0,0,0,08330,2,2,2,4,3,1,2,2,1,1,1,2,0,0,1,2,1,2,1,0,1,4,62,4,1,1,3,G,51,0,0,0,0,0,0,0,0,0,0,80,240,0,0,0,1,5,999,999,999,9999999,999,999,13,2,0,0,0,0,4,0,995,9.8,998,998,998,99.8,99.8,99.8,414.524394090607,1,6
20842,24,19,1-24-2021-019-06,6,2,1FDYS96Y9VVA,17,460,9224,11,0,12,881,1997,63,8,60,0,1,F,9,,,,,,,2,72,1,0,0,995,0,0,0,08234,9,9,2,4,3,1,2,2,1,1,1,2,0,0,1,2,1,2,9,1,1,1,4,99,9,2,3,G,50,,,,,,,,,,,,,,,,,,,,,,,,,,,95,95,95,95,,,9.8,998,998,998,99.8,99.8,99.8,414.524394090607,1,6
20843,24,20,1-24-2021-020-10,10,1,1J4GX48S43C5,17,483,1949,7,0,2,404,2003,14,3,14,0,1,L,1,1800,5,9999,9,5,23,2,72,1,0,0,995,0,0,0,08330,9,9,0,4,2,1,2,3,1,1,1,2,0,0,4,4,0,0,9,1,1,2,13,99,3,4,1,A,2,0,0,0,0,0,0,0,0,0,0,998,998,0,0,9,1,12,999,999,999,9999999,999,999,999,6,0,0,0,0,0,0,998,1.0,999,999,999,99.9,99.9,99.9,5771.20520827295,1,6
20844,24,21,1-24-2021-021-06,6,1,2FMDK3GC3EBA,17,460,1797,7,0,12,24,2014,6,1,4,0,1,F,1,1852,5,0,1,1,9,2,72,1,1,1,87,2,9,9,08037,1,2,0,4,2,1,2,5,3,4,1,2,0,0,2,1,5,2,9,1,14,1,5,3,4,4,1,A,2,0,0,0,0,0,0,0,0,0,0,998,998,0,0,4,3,10,999,999,999,9999999,999,-86,20,2,0,3,10,1,3,0,998,0.6,999,999,999,10.7,1.3,10.8,414.524393932984,1,6
20845,52,22,1-52-2021-022-09,9,1,4S4BRBAC6B33,17,523,2233,7,0,48,45,2011,6,1,3,0,1,F,2,1542,5,0,1,1,20,2,56,1,0,0,995,0,0,0,59102,9,9,2,4,4,1,2,1,1,4,1,1,0,0,3,1,1,2,9,0,1,3,50,7,1,1,2,D,20,0,0,0,0,0,0,0,0,0,0,70,80,0,0,0,1,3,27,-27,0,34863,998,11,24,0,4,9,97,0,99,0,995,9.8,998,998,998,99.8,99.8,99.8,348.439134397927,12,6
20845,52,22,1-52-2021-022-09,9,2,1J4GL48KX4W2,17,483,1944,7,0,2,405,2004,14,3,14,0,1,B,2,1735,5,9999,9,0,998,5,56,1,8,9,998,8,7,9,59107,9,9,2,4,4,1,2,1,1,4,1,1,0,0,3,1,1,2,9,0,5,3,53,99,1,1,2,D,21,0,0,0,0,0,0,0,0,0,0,80,70,0,0,0,1,3,25,25,-4,56046,998,40,28,0,4,95,95,95,95,0,995,9.8,998,998,998,99.8,99.8,99.8,348.439134397927,12,6