CASEID,PSU,CASENO,CASENUMBER,CATEGORY,VEHNO,VIN,VINLENGTH,VPICMAKE,VPICMODEL,VPICBODYCLASS,ICFINALBODY,MAKE,MODEL,MODELYR,BODYTYPE,BODYCAT,VEHCLASS,SPECUSE,TRANSTAT,DAMPLANE,DAMSEV,CURBWT,CURBSRC,CARGOWT,CARGOSRC,INSPTYPE,INSPLAG,TOWED,SPEEDLIMIT,DRPRESENT,PARALCOHOL,ALCTEST,ALCTESTRESULT,ALCTESTSRC,PARDRUG,DRUGTEST,ZIP,RACE,ETHNICITY,RELTOJUNCT,TRAFFLOW,RDLANES,INITLANE,SURFTYPE,SURFCOND,ALIGNMENT,PROFILE,LINERIGHT,LINELEFT,RUMBINIT,RUMBROAD,LIGHTCOND,WEATHER,TRAFDEV,TRAFFUNCT,DISTRACT,PREFHE,PREMOVE,CRITCAT,CRITEVENT,MANEUVER,PRESTAB,PRELOC,CRASHCAT,CRASHCONF,CRASHTYPE,ROLLTYPE,ROLLTURN,ROLLINTRPT,ROLLPREMAN,ROLLINITYP,ROLLINLOC,ROLLOBJ,ROLLTRIP,ROLLDIR,ROLLDIST,DVANGTHIS,DVANGOTH,TOWHITCH,TRAJDOC,TREEPOLE,DVEVENT,DVBASIS,DVTOTAL,DVLONG,DVLAT,DVENERGY,DVSPEED,DVMOMENT,DVBES,DVEST,DVCONF,VAIS,VISS,VINJURED,VTREAT,INITOBJCLASS,HEADANGLECAT,SHLDRWIDTH,STRKLENGTH,STRKWIDTH,STRKHEIGHT,EDGEDISTX,EDGEDISTY,EDGEDISTZ,CASEWGT,PSUSTRAT,VERSION
20880,19,28,1-19-2021-028-04,4,1,3FA6P0HD1JR1,17,460,1780,13,0,12,23,2018,4,1,4,0,1,R,1,1558,5,0,1,1,11,2,40,1,0,0,995,0,0,0,35904,1,9,0,4,2,1,2,2,2,4,0,2,0,0,3,98,0,0,9,1,14,1,6,99,3,4,1,A,2,0,0,0,0,0,0,0,0,0,0,998,998,0,1,0,5,1,12,2,-12,10279,998,29,12,0,1,0,0,0,0,0,998,0.0,999,999,999,8.3,0.1,8.4,258.603158138068,9,6
20881,19,29,1-19-2021-029-03,3,1,3N1AB7AP8HY3,17,478,1907,13,0,35,43,2017,4,1,3,0,1,F,2,1300,5,0,1,1,10,2,72,1,0,0,995,0,0,0,35906,1,1,0,4,2,1,2,2,2,1,1,2,0,0,3,2,0,0,3,0,14,3,50,2,2,1,2,D,20,0,0,0,0,0,0,0,0,0,0,240,240,0,0,0,1,3,35,-35,0,39990,998,18,27,0,4,1,1,0,4,0,995,9.8,998,998,998,99.8,99.8,99.8,76.1555910594692,9,6
20881,19,29,1-19-2021-029-03,3,2,5TBET34176S4,17,448,2467,60,0,49,482,2006,34,5,31,0,1,B,1,2060,5,9999,9,0,998,5,72,1,0,0,995,0,0,0,35906,9,9,0,4,2,1,2,2,2,1,1,2,0,0,3,2,0,0,1,0,5,3,53,1,1,1,2,D,21,0,0,0,0,0,0,0,0,0,0,240,240,0,0,0,1,3,23,23,0,67369,998,0,29,0,4,95,95,95,95,0,995,9.8,998,998,998,99.8,99.8,99.8,76.1555910594692,9,6
20882,21,25,1-21-2021-025-06,6,1,KNAGT4L36G51,17,499,2739,13,0,63,34,2016,4,1,4,0,1,F,1,1463,5,9999,9,5,29,2,113,1,1,1,104,2,9,9,91331,9,1,0,1,3,2,2,1,1,9,1,3,0,3,2,1,0,0,9,0,1,3,51,1,1,1,2,D,24,0,0,0,0,0,0,0,0,0,0,20,20,0,0,0,1,98,999,999,999,9999999,999,999,999,6,0,1,1,0,4,0,995,9.8,998,998,998,99.8,99.8,99.8,188.148898719288,11,6
20882,21,25,1-21-2021-025-06,6,2,1G11B5SL9FF2,17,467,1834,13,0,20,37,2015,4,1,3,0,1,B,1,1625,5,9999,9,5,22,2,113,1,0,0,995,0,0,0,89110,9,1,0,1,3,2,2,1,1,9,1,3,0,3,2,1,0,0,9,0,1,3,53,1,1,1,2,D,25,0,0,0,0,0,0,0,0,0,0,20,20,0,0,0,1,12,999,999,999,9999999,999,999,999,6,0,99,99,0,99,0,995,9.8,998,998,998,99.8,99.8,99.8,188.148898719288,11,6
20883,21,26,1-21-2021-026-04,4,1,4T1M11BK9LU0,17,448,2469,13,0,49,40,2020,4,1,4,0,1,L,1,1520,5,0,1,1,10,2,105,1,1,8,997,8,9,9,92509,9,1,0,2,4,4,1,1,2,9,3,2,0,0,2,1,0,0,1,1,14,2,12,8,1,4,1,B,6,0,0,0,0,0,0,0,0,0,0,998,998,0,0,0,1,1,7,-7,0,3729,998,-90,7,0,4,0,0,0,0,0,998,5.5,999,999,999,0.0,0.0,0.0,350.760717704544,11,6
20884,21,27,1-21-2021-027-01,1,1,JHMCM56333C0,17,474,1861,13,0,37,32,2003,4,1,3,0,1,R,3,1389,5,0,1,1,46,2,105,1,9,9,998,8,9,9,95020,9,1,0,5,5,2,2,1,3,9,2,3,0,1,1,1,0,0,9,1,14,2,10,99,4,2,2,F,48,0,0,0,0,0,0,0,0,0,0,40,310,0,0,0,2,5,999,999,999,9999999,999,999,999,8,0,4,26,2,1,0,995,9.8,998,998,998,99.8,99.8,99.8,11.8778693947207,11,6
20884,21,27,1-21-2021-027-01,1,2,JTHBK1EG5A24,17,515,2475,13,0,59,31,2010,4,1,4,0,1,R,1,1624,5,9999,9,4,58,5,105,1,0,0,995,0,0,0,92371,9,9,0,5,5,2,2,1,3,9,3,2,0,1,1,1,0,0,1,0,14,4,61,1,1,1,2,F,48,0,0,0,0,0,0,0,0,0,0,125,75,0,0,0,1,12,999,999,999,9999999,999,999,999,6,0,95,95,95,95,0,995,9.8,998,998,998,99.8,99.8,99.8,11.8778693947207,11,6
20884,21,27,1-21-2021-027-01,1,3,1FTEX1CP7GKF,17,460,1801,60,0,12,481,2016,34,5,31,0,1,F,3,2096,8,9999,9,4,58,2,105,1,0,0,995,0,0,0,91786,1,2,0,5,5,2,2,1,1,9,3,2,0,0,1,1,0,0,1,0,1,4,62,99,1,1,6,M,98,0,0,0,0,0,0,0,0,0,0,310,40,0,0,0,2,12,999,999,999,9999999,999,999,999,8,0,1,3,0,4,0,995,9.8,998,998,998,99.8,99.8,99.8,11.8778693947207,11,6
20884,21,27,1-21-2021-027-01,1,4,1C4GJWBG6CL1,17,483,1943,7,0,2,403,2012,14,3,14,0,1,T,1,1839,5,9999,9,4,58,2,105,1,0,0,995,0,0,0,92372,9,9,0,5,5,1,2,1,1,9,1,3,0,0,1,1,0,0,1,0,1,4,62,8,1,1,6,M,98,1,3,2,5,7,1,1,3,1,30,997,997,0,0,0,4,6,999,999,999,9999999,999,999,999,6,0,99,99,0,99,1,997,9.8,998,998,998,99.8,99.8,99.8,11.8778693947207,11,6
20885,21,28,1-21-2021-028-07,7,1,999999999999,99,498,2459,3,0,55,33,2017,4,1,4,0,1,F,9,9999,9,9999,9,0,998,5,105,1,0,0,995,0,0,0,92373,9,9,0,2,5,2,1,1,1,9,3,3,0,0,1,1,0,0,9,0,1,3,52,4,1,1,2,D,28,0,0,0,0,0,0,0,0,0,0,280,270,0,0,0,1,0,999,999,999,9999999,999,999,999,9,0,95,95,95,95,0,995,9.8,998,998,998,99.8,99.8,99.8,513.776825138204,11,6
20885,21,28,1-21-2021-028-07,7,2,JTEZU4BF1EK0,17,448,2463,7,0,49,404,2014,14,3,14,0,1,B,1,1850,8,0,2,3,12,2,105,1,0,0,995,0,0,0,92557,1,2,0,2,5,2,1,1,1,9,3,3,0,0,1,1,0,0,1,0,2,3,53,1,1,1,2,D,29,0,0,0,0,0,0,0,0,0,0,270,280,0,0,0,1,12,999,999,999,9999999,999,999,999,6,0,0,0,0,0,0,995,9.8,998,998,998,99.8,99.8,99.8,513.776825138204,11,6
20886,29,14,1-29-2021-014-07,7,1,5NPE24AF2FH0,17,498,2459,13,0,55,33,2015,4,1,4,0,1,F,1,1475,8,0,1,1,6,2,40,1,0,0,995,0,0,0,02840,9,9,0,4,2,1,2,3,1,1,0,0,0,0,3,4,0,0,1,1,1,1,6,99,2,2,3,G,50,0,0,0,0,0,0,0,0,0,0,115,300,0,0,0,1,5,999,999,999,9999999,999,999,999,2,0,0,0,0,0,0,995,9.8,998,998,998,99.8,99.8,99.8,488.810180205476,2,6
20886,29,14,1-29-2021-014-07,7,2,999999999999,99,5431,14115,997,0,98,898,2012,78,8,78,0,3,F,9,,,,,,,,,,,,,,,,,,,,,,,,,,,,,,,,,,,,,,,,,,,,,,,,,,,,,,,,,,,,,,,,,,,,,,,,95,95,95,95,,,,,,,,,,488.810180205476,2,6
20887,22,19,1-22-2021-019-03,3,1,1GCVKSEC6JZ3,17,467,1850,60,0,20,481,2018,34,5,30,0,1,L,1,2366,5,0,1,1,23,2,72,1,0,0,995,0,0,0,99403,1,2,1,1,4,2,2,1,1,2,3,2,0,0,1,1,0,0,1,1,1,2,12,7,1,4,1,B,6,0,0,0,0,0,0,0,0,0,0,998,998,0,1,0,1,1,10,-10,2,10928,998,-56,10,0,4,2,5,0,4,0,998,1.4,120,999,999,0.7,0.9,1.1,37.5225239981295,12,6
20888,22,20,1-22-2021-020-09,9,1,1FAFP56U06A1,17,460,1782,13,0,12,17,2006,4,1,3,0,1,R,1,1513,5,0,1,1,14,2,105,1,0,0,995,0,0,0,83524,9,9,0,4,2,1,2,5,2,1,1,4,2,3,2,8,0,0,9,1,14,1,5,99,4,4,1,B,7,1,4,2,2,1,4,61,1,1,19,997,997,0,0,0,2,6,999,999,999,9999999,999,999,999,6,0,99,99,0,0,3,997,9.9,999,999,999,99.9,99.9,99.9,193.342982557736,12,6
20889,22,21,1-22-2021-021-09,9,1,1GNEK13Z43J2,17,467,1852,7,0,20,421,2003,15,3,15,0,1,T,1,2211,5,0,1,1,18,2,105,1,0,0,995,0,0,0,83536,9,9,0,4,2,1,2,5,1,1,1,2,2,3,2,8,0,0,9,0,1,3,50,2,1,1,2,D,32,1,2,2,5,2,1,2,4,1,5,997,997,0,0,0,2,6,999,999,999,9999999,999,999,999,6,0,1,1,0,5,1,997,9.8,998,998,998,99.8,99.8,99.8,193.342982557736,12,6
20889,22,21,1-22-2021-021-09,9,2,3C7WRMDL1HG6,17,496,13625,74,998,7,881,2017,61,8,60,8,1,B,9,,,,,,,5,105,0,7,7,887,6,8,8,99998,8,8,0,4,2,1,2,5,3,1,1,2,2,3,2,8,0,0,0,8,0,3,53,0,0,0,2,D,32,,,,,,,,,,,,,,,,,,,,,,,,,,,95,95,95,95,,,9.8,998,998,998,99.8,99.8,99.8,193.342982557736,12,6
20891,31,13,1-31-2021-013-04,4,1,1G4HD57228U1,17,468,4267,13,0,18,23,2008,4,1,5,0,1,F,1,1800,5,9999,9,0,998,5,40,1,0,0,995,0,0,0,62827,9,9,2,4,2,1,2,1,1,1,0,0,0,0,1,1,0,0,9,1,11,2,10,99,1,2,4,K,82,0,0,0,0,0,0,0,0,0,0,95,245,0,0,0,1,3,13,-13,-2,13594,998,-42,13,0,4,95,95,95,95,0,995,9.8,998,998,998,99.8,99.8,99.8,223.387528164507,6,6
20891,31,13,1-31-2021-013-04,4,2,1HGCR2F15HA1,17,474,1861,13,0,37,32,2017,4,1,4,0,1,F,1,1496,5,9999,9,1,4,2,40,1,0,0,995,0,0,0,62821,1,2,2,4,2,1,2,1,1,1,0,0,0,0,1,1,2,2,9,0,5,4,67,1,1,1,4,K,83,0,0,0,0,0,0,0,0,0,0,245,95,0,0,0,1,3,15,-14,5,12943,998,48,14,0,4,0,0,0,0,0,995,9.8,998,998,998,99.8,99.8,99.8,223.387528164507,6,6
20892,31,14,1-31-2021-014-10,10,1,4T1BG22K91U7,17,448,2469,13,0,49,40,2001,4,1,3,0,1,F,2,1345,5,0,2,1,4,2,89,1,0,0,995,0,0,0,62821,1,2,0,4,2,1,2,1,1,1,0,0,0,0,1,1,0,0,1,1,1,4,62,4,2,4,1,A,3,0,0,0,0,0,0,0,0,0,0,998,998,0,1,3,5,11,999,999,999,9999999,999,999,999,7,0,1,1,0,0,0,998,0.0,6,6,68,4.8,1.8,5.0,255.507439927165,6,6
20892,31,14,1-31-2021-014-10,10,2,1D7HG12KX4S7,17,476,1941,60,0,7,472,2004,34,5,30,0,1,N,9,2034,5,9999,9,0,998,5,89,1,0,0,995,0,0,0,62821,9,9,0,4,2,1,2,1,1,1,0,0,0,0,1,1,0,0,9,1,1,9,99,99,9,9,6,M,98,0,0,0,0,0,0,0,0,0,0,997,997,0,0,0,6,0,999,999,999,9999999,999,999,999,9,0,95,95,95,95,0,997,9.8,998,998,998,99.8,99.8,99.8,255.507439927165,6,6
20893,77,15,1-77-2021-015-03,3,1,3HAMMMML6FL0,17,526,2649,11,0,84,881,2015,62,8,60,0,1,L,9,,,,,,,5,97,1,0,0,995,0,0,0,21061,9,9,2,1,4,3,2,1,1,1,3,1,0,0,1,1,0,0,1,1,11,2,15,1,1,2,4,J,72,,,,,,,,,,,,,,,,,,,,,,,,,,,95,95,95,95,,,9.8,998,998,998,99.8,99.8,99.8,923.86045666813,9,6
20893,77,15,1-77-2021-015-03,3,2,2C4RDGCGXHR8,17,476,14832,2,0,7,442,2017,20,4,20,0,1,F,2,2050,5,0,1,1,9,2,97,1,0,0,995,0,0,0,24574,9,9,2,1,4,3,2,1,1,1,3,1,0,0,1,1,0,0,1,1,1,4,61,3,1,1,4,J,73,0,0,0,0,0,0,0,0,0,0,185,175,0,0,0,1,5,999,999,999,9999999,999,999,999,7,0,1,1,0,3,0,995,9.8,998,998,998,99.8,99.8,99.8,923.86045666813,9,6
20894,30,18,1-30-2021-018-03,3,1,5FNRL5H62BB0,17,474,1869,2,0,37,441,2011,20,4,20,0,1,L,1,2041,5,0,1,1,41,2,64,1,0,0,995,0,0,0,85022,9,9,2,4,3,2,2,1,1,1,1,2,0,0,1,8,2,2,9,0,11,2,15,99,1,1,4,K,82,0,0,0,0,0,0,0,0,0,0,140,270,0,0,0,1,1,10,-8,7,21912,998,-209,10,0,4,99,99,0,99,0,995,9.8,998,998,998,99.8,99.8,99.8,350.265078760704,10,6
20894,30,18,1-30-2021-018-03,3,2,3FA6P0HD8LR2,17,460,1780,13,0,12,23,2020,4,1,4,0,1,F,1,1575,5,0,1,1,16,2,64,1,0,0,995,0,0,0,85020,9,9,2,1,5,3,2,1,1,1,3,1,0,0,1,8,0,0,1,0,1,4,67,99,1,1,4,K,83,0,0,0,0,0,0,0,0,0,0,270,140,0,0,0,1,1,12,-12,-2,17872,998,-83,14,0,4,99,99,0,99,0,995,0.0,5,6,100,3.0,2.0,4.0,350.265078760704,10,6
20895,20,16,1-20-2021-016-07,7,1,WDBNF67J86A4,17,449,2086,13,0,42,43,2006,4,1,5,0,1,L,9,1805,5,9999,9,0,998,5,105,1,0,0,995,0,0,0,93060,9,9,0,2,2,1,2,1,1,1,1,3,2,3,1,8,0,0,1,1,15,2,10,1,1,2,2,F,47,0,0,0,0,0,0,0,0,0,0,115,115,9,0,0,1,0,999,999,999,9999999,999,999,999,9,0,95,95,95,95,0,995,9.8,998,998,998,99.8,99.8,99.8,823.446682720025,11,6
20895,20,16,1-20-2021-016-07,7,2,WA1WMAFE0FD0,17,582,3679,7,0,32,401,2015,14,3,14,0,1,R,1,2355,5,0,1,1,17,3,105,1,0,0,995,0,0,0,94551,1,2,0,2,2,2,2,1,1,1,3,2,1,3,1,8,0,0,1,0,1,4,61,1,1,1,2,F,45,0,0,0,0,0,0,0,0,0,0,115,115,0,0,0,1,8,999,999,999,9999999,999,999,999,6,0,0,0,0,0,0,995,9.8,998,998,998,99.8,99.8,99.8,823.446682720025,11,6
20896,18,14,1-18-2021-014-06,6,1,1FM5K8D83EGA,17,460,1800,7,0,12,401,2014,14,3,14,0,1,R,1,2146,5,0,1,1,32,3,89,1,0,0,995,0,0,0,54768,1,9,2,4,2,1,2,1,1,4,1,2,0,0,2,1,2,2,1,0,1,2,17,10,1,1,5,L,87,0,0,0,0,0,0,0,0,0,0,85,5,0,0,0,1,3,20,-3,-19,47307,998,-54,22,0,4,9,97,0,8,0,995,0.9,29,29,999,7.5,0.7,7.5,458.303448782631,6,6
20896,18,14,1-18-2021-014-06,6,2,1GTDT1363481,17,472,4093,60,0,23,472,2004,34,5,30,0,1,F,1,1815,5,0,1,4,28,2,89,1,0,0,995,0,0,0,54726,1,9,2,4,2,1,2,1,1,2,1,2,0,0,2,1,0,0,1,0,1,4,66,99,1,1,5,L,86,1,2,2,2,1,4,61,1,2,9,5,85,0,1,0,1,3,23,-22,8,28705,998,14,20,0,4,99,99,0,99,3,995,0.4,999,999,999,2.4,0.4,2.5,458.303448782631,6,6
20897,10,22,1-10-2021-022-04,4,1,7FARW2H80JE0,17,474,1865,7,0,37,402,2018,14,3,14,0,1,B,9,1580,5,9999,9,0,998,3,56,1,1,1,119,1,0,0,45429,9,9,2,4,2,1,2,2,1,1,1,2,0,0,5,8,2,2,9,0,15,4,61,99,1,2,2,D,32,0,0,0,0,0,0,0,0,0,0,260,290,0,0,0,1,0,999,999,999,9999999,999,999,999,9,0,0,0,0,0,0,995,9.8,998,998,998,99.8,99.8,99.8,473.933319195075,4,6
20897,10,22,1-10-2021-022-04,4,2,KMHHM66D88U2,17,498,5847,3,0,55,37,2008,2,1,1,0,1,F,9,1315,5,9999,9,0,998,3,56,1,0,0,995,0,0,0,45429,9,9,2,1,5,2,2,2,1,1,3,1,0,0,5,8,0,0,1,1,15,3,51,99,1,2,2,D,32,0,0,0,0,0,0,0,0,0,0,290,260,0,0,0,1,0,999,999,999,9999999,999,999,999,9,0,0,0,0,0,0,995,9.8,998,998,998,99.8,99.8,99.8,473.933319195075,4,6
20898,10,23,1-10-2021-023-10,10,1,4V4NC9EH2JN8,17,487,1967,66,0,51,881,2018,66,8,68,0,1,R,9,,,,,,,5,105,1,0,0,995,0,0,0,38116,9,9,1,2,4,4,2,1,1,1,3,2,1,3,1,8,0,0,9,1,15,2,11,99,1,2,2,F,46,,,,,,,,,,,,,,,,,,,,,,,,,,,95,95,95,95,,,9.8,998,998,998,99.8,99.8,99.8,3083.809860755,4,6
20898,10,23,1-10-2021-023-10,10,2,2C8GP74L03R2,17,477,1936,2,0,6,441,2003,20,4,20,0,1,L,1,1977,5,0,1,1,24,2,105,1,0,0,995,0,0,0,47374,9,9,1,2,4,3,2,1,1,1,3,3,0,3,1,8,0,0,1,0,1,4,60,1,1,1,2,F,45,0,0,0,0,0,0,0,0,0,0,270,270,0,0,0,1,5,999,999,999,9999999,999,999,10,2,0,0,0,0,0,0,995,9.8,998,998,998,99.8,99.8,99.8,3083.809860755,4,6
20898,10,23,1-10-2021-023-10,10,3,1FTYE2YG1GKB,17,460,3608,95,0,12,462,2016,21,4,21,0,1,F,9,2268,5,9999,9,0,998,5,105,1,0,0,995,0,0,0,45309,9,9,1,2,4,4,2,1,1,1,3,2,1,3,1,8,0,0,1,0,1,6,90,99,1,1,6,M,98,0,0,0,0,0,0,0,0,0,0,998,998,0,0,0,3,0,999,999,999,9999999,999,999,999,9,0,95,95,95,95,0,998,9.8,998,998,998,99.8,99.8,99.8,3083.809860755,4,6
20898,10,23,1-10-2021-023-10,10,4,999999999999,99,99999,99999,999,0,99,999,9999,99,10,99,0,1,L,9,,,,,,,5,105,1,9,0,995,0,9,0,99999,9,9,1,2,4,2,2,1,1,1,3,3,0,3,1,8,0,0,1,0,1,4,60,99,1,1,6,M,98,,,,,,,,,,,,,,,,,,,,,,,,,,,95,95,95,95,,,9.8,998,998,998,99.8,99.8,99.8,3083.809860755,4,6
20899,13,11,1-13-2021-011-03,3,1,5TDGZRAH6LS0,17,448,2213,7,0,49,403,2020,14,3,14,0,1,F,1,1870,5,0,1,1,45,2,48,1,8,0,995,0,7,0,76002,3,2,0,4,2,1,2,1,2,1,0,0,0,0,1,1,0,0,9,1,14,2,12,99,1,4,1,B,6,0,0,0,0,0,0,0,0,0,0,998,998,0,0,0,1,1,17,-17,0,21953,998,38,17,0,4,2,4,0,4,0,998,0.0,120,120,120,10.1,11.9,16.3,263.260761304957,7,6
20901,77,16,1-77-2021-016-06,6,1,WAULFAFH9CN0,17,582,3787,1,0,32,49,2012,1,1,3,0,1,F,1,1829,5,0,1,1,11,2,97,1,0,0,995,0,0,0,20169,1,2,0,1,2,2,2,1,2,1,3,2,1,3,1,1,0,0,3,1,14,2,12,99,2,4,1,B,6,0,0,0,0,0,0,0,0,0,0,998,998,0,0,0,1,12,999,999,999,9999999,999,999,999,6,0,0,0,0,0,0,998,1.0,999,999,999,99.0,13.0,99.0,379.363071626078,9,6
20902,77,17,1-77-2021-017-02,2,1,3VWDB7AJ6HM2,17,482,3137,13,0,30,40,2017,4,1,3,0,1,F,3,1364,5,0,1,1,9,2,105,1,0,1,208,2,0,2,22903,1,9,1,1,3,1,2,2,2,9,1,1,0,0,2,1,0,0,1,1,16,2,12,2,2,4,1,B,6,0,0,0,0,0,0,0,0,0,0,998,998,0,0,1,1,1,67,-66,12,258202,998,27,67,0,1,3,27,1,3,0,998,0.4,999,999,999,99.9,99.9,99.9,86.1478225129126,9,6
20903,54,7,1-54-2021-007-02,2,1,ML32A3HJ0LH0,17,481,2342,5,0,52,48,2020,5,1,1,0,1,F,2,940,5,0,1,1,5,2,89,1,0,0,995,0,0,0,35674,1,9,0,4,2,1,2,2,1,1,1,4,2,3,2,2,0,0,3,1,1,2,10,99,1,2,3,G,50,0,0,0,0,0,0,0,0,0,0,355,195,0,0,0,1,12,999,999,999,9999999,999,999,999,7,0,3,10,1,3,0,995,9.8,998,998,998,99.8,99.8,99.8,175.907737640408,9,6
20903,54,7,1-54-2021-007-02,2,2,1FMYU93105KB,17,460,1798,7,0,12,402,2005,14,3,14,0,1,F,2,1496,5,0,1,1,6,2,89,1,0,0,995,0,0,0,35564,1,9,0,4,2,1,2,2,1,1,1,4,2,3,2,2,0,0,1,0,1,4,62,99,1,1,3,G,51,0,0,0,0,0,0,0,0,0,0,195,355,0,0,0,1,11,999,999,999,9999999,999,999,999,7,0,3,14,1,3,0,995,3.0,999,999,999,10.0,9.0,13.1,175.907737640408,9,6
20903,54,7,1-54-2021-007-02,2,3,1GNSKBKC2LR3,17,467,1852,7,0,20,421,2020,15,3,15,0,1,R,9,2515,5,9999,9,0,998,5,89,1,0,0,995,0,0,0,35654,9,9,0,4,2,1,2,2,1,1,1,4,2,3,2,2,0,0,1,0,1,6,90,99,1,1,6,M,98,0,0,0,0,0,0,0,0,0,0,998,998,0,0,0,3,0,999,999,999,9999999,999,999,999,9,0,95,95,95,95,0,998,9.8,998,998,998,99.8,99.8,99.8,175.907737640408,9,6
20904,10,24,1-10-2021-024-09,9,1,2B3CA3CV9AH1,17,476,1895,13,0,7,24,2010,4,1,5,0,1,F,9,1719,5,9999,9,0,998,2,56,1,0,0,995,0,0,0,45417,2,9,2,1,5,2,2,1,1,1,3,1,0,0,2,1,1,2,9,1,99,2,13,1,1,4,1,A,5,0,0,0,0,0,0,0,0,0,0,998,998,0,0,1,1,0,999,999,999,9999999,999,999,999,9,0,0,0,0,4,0,998,0.0,30,30,120,2.0,2.7,2.7,1091.49413414741,4,6
20905,10,25,1-10-2021-025-04,4,1,4T1B11HK8JU1,17,448,2469,13,0,49,40,2018,4,1,4,0,1,F,1,1520,5,9999,9,4,12,2,89,1,0,0,995,0,0,0,47374,9,9,0,4,2,1,2,1,1,1,1,4,0,0,1,1,0,0,1,0,1,6,87,99,9,1,1,C,13,0,0,0,0,0,0,0,0,0,0,998,998,0,0,0,1,12,999,999,999,9999999,999,999,999,6,0,0,0,0,0,0,998,9.8,998,998,998,99.8,99.8,99.8,458.088694296934,4,6
20906,10,26,1-10-2021-026-06,6,1,1GNFK16T01J1,17,467,1851,7,0,20,431,2001,16,3,16,0,1,F,1,2424,5,9999,9,0,998,5,56,1,0,0,995,0,0,0,45405,9,9,2,4,5,3,2,1,2,1,1,2,0,0,1,8,1,2,9,0,11,2,15,99,1,1,4,J,68,0,0,0,0,0,0,0,0,0,0,340,200,0,0,0,1,3,6,-6,-1,2685,998,-44,5,0,4,95,95,95,95,0,995,9.8,998,998,998,99.8,99.8,99.8,288.581571650463,4,6
20906,10,26,1-10-2021-026-06,6,2,4T1BK1FKXEU5,17,448,2469,13,0,49,40,2014,4,1,3,0,1,L,1,1528,5,0,1,1,21,2,56,1,0,0,995,0,0,0,45405,9,9,2,1,5,1,2,1,1,1,0,3,0,0,1,8,1,2,1,0,1,4,62,99,1,1,4,J,69,0,0,0,0,0,0,0,0,0,0,200,340,0,0,0,1,3,10,-8,5,7102,998,-25,11,0,4,99,99,0,99,0,995,9.8,998,998,998,99.8,99.8,99.8,288.581571650463,4,6
20906,10,26,1-10-2021-026-06,6,3,1GTEC24069Z1,17,472,1857,60,0,23,481,2009,34,5,31,0,1,L,9,2068,5,9999,9,0,998,5,56,1,0,0,995,0,0,0,45309,9,9,2,4,4,1,2,1,1,1,0,1,0,0,1,8,1,2,1,0,5,4,66,1,1,1,6,M,98,0,0,0,0,0,0,0,0,0,0,110,240,0,0,0,2,0,999,999,999,9999999,999,999,999,9,0,95,95,95,95,0,995,9.8,998,998,998,99.8,99.8,99.8,288.581571650463,4,6
20907,17,15,1-17-2021-015-02,2,1,1G1BE5SM5H71,17,467,1832,13,0,20,25,2017,4,1,3,0,1,R,3,1250,5,0,1,1,16,2,89,1,9,0,995,0,9,0,61284,9,9,0,4,2,1,2,3,1,1,1,4,0,0,1,1,0,0,9,1,1,1,6,5,2,2,3,I,64,0,0,0,0,0,0,0,0,0,0,30,290,0,0,0,1,3,46,-23,-40,136743,998,-33,50,0,4,2,9,0,3,0,995,9.8,998,998,998,99.8,99.8,99.8,63.7137743550154,4,6
20907,17,15,1-17-2021-015-02,2,2,2FMHK6C83EBD,17,460,1802,7,0,12,25,2014,6,1,5,0,1,F,2,2195,5,0,1,1,16,2,89,1,9,0,995,0,9,0,61244,9,9,0,4,2,1,2,3,1,1,1,4,0,0,1,1,0,0,9,0,1,4,62,4,1,1,3,I,65,0,0,0,0,0,0,0,0,0,0,290,30,0,0,0,1,3,27,-25,9,58390,998,77,23,0,4,2,4,0,4,0,995,9.8,998,998,998,99.8,99.8,99.8,63.7137743550154,4,6
20908,17,16,1-17-2021-016-05,5,1,1G1PF5SC3C72,17,467,1832,13,0,20,25,2012,4,1,3,0,1,F,1,1407,5,0,1,1,9,2,89,1,9,1,0,2,9,1,61252,9,9,0,4,2,1,2,1,1,1,1,4,0,0,2,1,0,0,9,1,1,2,10,1,1,2,3,G,50,0,0,0,0,0,0,0,0,0,0,95,275,0,0,0,1,1,17,-17,3,9491,998,-22,13,0,4,1,1,0,4,0,995,9.8,998,998,998,99.8,99.8,99.8,115.715484261415,4,6
20908,17,16,1-17-2021-016-05,5,2,19UUA56873A0,17,475,1873,13,0,54,35,2003,4,1,3,0,1,F,1,1584,5,0,1,1,9,2,89,1,9,1,0,2,9,0,61284,9,9,0,4,2,1,2,1,1,1,1,4,0,0,2,1,0,0,9,0,1,4,62,99,1,1,3,G,51,0,0,0,0,0,0,0,0,0,0,275,95,0,0,0,1,1,15,-15,3,23492,998,-26,19,0,4,1,1,0,4,0,995,9.8,998,998,998,99.8,99.8,99.8,115.715484261415,4,6
20909,11,6,1-11-2021-006-08,8,1,1N4AL11D85N4,17,478,1904,13,0,35,47,2005,4,1,4,0,1,F,3,1378,5,0,1,1,16,2,72,1,0,1,0,2,0,0,23860,2,9,2,4,2,1,2,2,1,1,0,2,0,0,3,2,2,2,1,1,1,2,14,99,1,4,1,C,14,0,0,0,0,0,0,0,0,0,0,998,998,0,0,1,1,12,999,999,999,9999999,999,999,999,8,0,4,34,1,3,0,998,0.0,34,30,70,11.7,1.8,11.4,448.718552544491,8,6