CASEID,PSU,CASENO,CASENUMBER,CATEGORY,VEHNO,VIN,VINLENGTH,VPICMAKE,VPICMODEL,VPICBODYCLASS,ICFINALBODY,MAKE,MODEL,MODELYR,BODYTYPE,BODYCAT,VEHCLASS,SPECUSE,TRANSTAT,DAMPLANE,DAMSEV,CURBWT,CURBSRC,CARGOWT,CARGOSRC,INSPTYPE,INSPLAG,TOWED,SPEEDLIMIT,DRPRESENT,PARALCOHOL,ALCTEST,ALCTESTRESULT,ALCTESTSRC,PARDRUG,DRUGTEST,ZIP,RACE,ETHNICITY,RELTOJUNCT,TRAFFLOW,RDLANES,INITLANE,SURFTYPE,SURFCOND,ALIGNMENT,PROFILE,LINERIGHT,LINELEFT,RUMBINIT,RUMBROAD,LIGHTCOND,WEATHER,TRAFDEV,TRAFFUNCT,DISTRACT,PREFHE,PREMOVE,CRITCAT,CRITEVENT,MANEUVER,PRESTAB,PRELOC,CRASHCAT,CRASHCONF,CRASHTYPE,ROLLTYPE,ROLLTURN,ROLLINTRPT,ROLLPREMAN,ROLLINITYP,ROLLINLOC,ROLLOBJ,ROLLTRIP,ROLLDIR,ROLLDIST,DVANGTHIS,DVANGOTH,TOWHITCH,TRAJDOC,TREEPOLE,DVEVENT,DVBASIS,DVTOTAL,DVLONG,DVLAT,DVENERGY,DVSPEED,DVMOMENT,DVBES,DVEST,DVCONF,VAIS,VISS,VINJURED,VTREAT,INITOBJCLASS,HEADANGLECAT,SHLDRWIDTH,STRKLENGTH,STRKWIDTH,STRKHEIGHT,EDGEDISTX,EDGEDISTY,EDGEDISTZ,CASEWGT,PSUSTRAT,VERSION
20910,11,7,1-11-2021-007-03,3,1,3D6WU7EL5BG5,17,476,1958,63,999,7,881,2011,61,8,60,0,1,F,9,,,,,,,5,72,1,0,0,995,0,0,0,27341,9,9,2,1,3,3,2,1,3,9,3,2,0,0,2,1,1,2,1,0,14,4,62,99,1,1,4,J,69,,,,,,,,,,,,,,,,,,,,,,,,,,,95,95,95,95,,,9.8,998,998,998,99.8,99.8,99.8,656.510388726689,8,6
20910,11,7,1-11-2021-007-03,3,2,JTJBZMCA6H20,17,515,2214,7,0,59,403,2017,14,3,14,0,1,R,1,2020,5,0,1,1,13,2,72,1,0,0,995,0,0,0,23221,9,9,2,1,3,3,2,1,1,9,1,2,0,0,2,1,1,2,1,0,11,2,15,5,1,1,4,J,68,0,0,0,0,0,0,0,0,0,0,165,45,0,0,0,1,5,999,999,999,9999999,999,999,10,2,0,1,1,0,4,0,995,9.8,998,998,998,99.8,99.8,99.8,656.510388726689,8,6
20912,24,23,1-24-2021-023-03,3,1,2HKRW2H85JH6,17,474,1865,7,0,37,402,2018,14,3,14,0,1,T,2,1580,5,0,1,1,28,2,72,1,0,0,995,0,0,0,08232,1,2,0,5,5,2,2,3,1,1,3,2,0,0,2,4,0,0,1,1,1,1,5,11,3,4,1,A,2,1,4,1,2,1,2,63,1,2,22,997,997,0,0,0,2,6,999,999,999,9999999,999,999,999,7,0,1,2,0,4,3,997,2.3,21,21,999,1.3,0.3,1.6,163.961872999551,1,6
20913,24,24,1-24-2021-024-03,3,1,JTEHD20V5560,17,448,2217,7,0,49,402,2005,14,3,14,0,1,F,3,1361,5,0,1,1,11,2,40,1,1,1,203,2,0,2,08234,1,1,2,3,3,2,2,5,1,1,1,1,0,0,3,98,1,2,9,0,1,2,17,99,1,1,5,L,86,0,0,0,0,0,0,0,0,0,0,60,150,0,0,0,1,1,55,-54,10,166328,998,29,52,0,1,3,27,1,3,0,995,9.8,998,998,998,99.8,99.8,99.8,163.961872987449,1,6
20913,24,24,1-24-2021-024-03,3,2,1C4RJFBG7LC1,17,483,1949,7,0,2,422,2020,15,3,15,0,1,R,2,2211,5,0,1,1,11,2,40,1,0,0,995,0,0,0,08234,9,9,2,2,5,3,2,5,1,1,1,1,0,0,3,98,1,2,9,0,1,4,66,7,1,1,5,L,87,0,0,0,0,0,0,0,0,0,0,150,60,0,0,0,1,1,36,-6,-35,155144,998,66,38,0,1,0,0,0,5,0,995,0.0,999,999,999,13.7,13.2,19.2,163.961872987449,1,6
20914,24,25,1-24-2021-025-03,3,1,1C4RJFCG9FC1,17,483,1949,7,0,2,422,2015,15,3,15,0,1,L,1,2261,5,9999,9,0,998,2,40,1,0,0,995,0,0,0,08401,1,2,2,4,4,2,2,1,1,1,1,2,0,0,1,1,1,1,9,0,1,2,17,99,1,1,5,L,89,1,4,9,1,1,4,63,1,1,999,240,330,0,0,0,1,3,18,-9,15,59513,998,-56,24,0,4,0,0,0,4,3,995,0.0,73,12,8,0.0,0.0,0.0,163.961872987449,1,6
20914,24,25,1-24-2021-025-03,3,2,1N4AL3AP1HC1,17,478,1904,13,0,35,47,2017,4,1,4,0,1,F,2,1453,5,0,1,1,19,2,40,1,0,0,995,0,0,0,08073,1,2,2,4,2,1,2,1,1,1,0,2,0,0,1,1,1,2,9,0,1,4,66,1,1,1,5,L,88,0,0,0,0,0,0,0,0,0,0,330,240,0,0,0,1,3,27,-24,-14,36812,998,-99,21,0,4,1,2,0,4,0,995,9.8,998,998,998,99.8,99.8,99.8,163.961872987449,1,6
20914,24,25,1-24-2021-025-03,3,3,JN8AS5MV6BW6,17,478,1913,8,0,35,51,2011,6,1,3,0,1,F,9,1574,5,9999,9,0,998,2,40,1,0,0,995,0,0,0,08234,1,2,2,4,2,1,2,1,1,1,0,2,0,0,1,1,1,2,9,0,1,4,66,99,1,1,6,M,98,0,0,0,0,0,0,0,0,0,0,150,210,0,0,0,2,0,999,999,999,9999999,999,999,999,9,0,1,2,0,4,0,995,9.8,998,998,998,99.8,99.8,99.8,163.961872987449,1,6
20915,48,13,1-48-2021-013-09,9,1,1FAHP34N97W1,17,460,1779,13,0,12,37,2007,4,1,2,0,1,F,2,1196,5,0,1,1,12,2,129,1,0,1,0,2,0,2,84404,1,2,1,2,2,2,2,1,1,9,1,3,1,3,2,8,0,0,9,1,1,1,4,99,4,4,1,B,7,0,0,0,0,0,0,0,0,0,0,998,998,0,0,0,1,1,32,-16,-28,124326,998,-160,32,0,4,2,5,0,4,0,998,2.9,999,999,999,11.7,5.7,12.9,403.550698394785,12,6
20916,48,14,1-48-2021-014-06,6,1,5N1AR2MMXGC6,17,478,1911,8,0,35,401,2016,14,3,14,0,1,B,1,2119,5,0,1,1,14,2,121,1,0,0,995,0,0,0,84403,1,1,1,2,3,3,2,3,3,1,3,2,1,3,2,9,0,0,3,1,14,1,6,2,9,2,2,D,32,0,0,0,0,0,0,0,0,0,0,330,340,0,0,0,1,5,999,999,999,9999999,999,999,17,2,0,1,2,0,4,0,995,3.5,999,999,999,9.3,6.0,11.6,130.90345488581,12,6
20916,48,14,1-48-2021-014-06,6,2,3AKJHHDR0KSK,17,450,2501,66,0,82,881,2019,66,8,68,0,1,F,9,,,,,,,5,121,1,0,0,995,0,0,0,84403,9,9,1,2,3,2,1,3,3,1,3,3,0,3,2,9,0,0,9,0,14,4,60,3,1,1,2,D,32,,,,,,,,,,,,,,,,,,,,,,,,,,,95,95,95,95,,,9.8,998,998,998,99.8,99.8,99.8,130.90345488581,12,6
20917,13,12,1-13-2021-012-02,2,1,3N1AB7AP1GY3,17,478,1907,13,0,35,43,2016,4,1,3,0,1,B,2,1306,5,0,1,1,38,2,105,1,8,0,995,0,7,0,75061,9,1,1,2,3,2,1,1,1,9,3,3,0,0,2,1,0,0,9,0,2,3,53,1,1,1,6,M,98,0,0,0,0,0,0,0,0,0,0,190,190,0,0,0,3,1,33,33,0,74052,998,0,37,0,1,0,0,0,0,0,995,9.8,998,998,998,99.8,99.8,99.8,55.2168174434704,7,6
20917,13,12,1-13-2021-012-02,2,2,1N4AA5APXEC4,17,478,2302,13,0,35,39,2014,4,1,4,0,1,B,2,1621,5,0,1,1,36,2,105,1,8,0,995,0,7,0,76002,2,9,1,2,3,2,1,1,1,9,3,3,0,0,2,1,0,0,9,0,2,3,53,1,1,1,6,M,98,0,0,0,0,0,0,0,0,0,0,190,190,0,0,0,2,12,999,999,999,9999999,999,999,999,7,0,0,0,0,0,0,995,9.8,998,998,998,99.8,99.8,99.8,55.2168174434704,7,6
20917,13,12,1-13-2021-012-02,2,3,JTNKARJE0JJ5,17,448,15800,5,0,49,32,2018,5,1,2,0,1,B,3,1335,5,0,1,1,37,2,105,1,8,1,0,2,7,1,76006,9,1,1,2,3,2,1,1,1,9,3,3,0,0,2,1,0,0,9,0,2,3,53,1,1,1,2,D,29,0,0,0,0,0,0,0,0,0,0,190,190,0,0,0,1,3,44,44,0,115811,998,0,45,0,4,2,4,0,3,0,995,9.8,998,998,998,99.8,99.8,99.8,55.2168174434704,7,6
20917,13,12,1-13-2021-012-02,2,4,2C3CDXBG0EH3,17,476,1895,13,0,7,24,2014,4,1,5,0,1,F,2,1797,5,9999,9,0,998,2,105,1,8,0,995,0,7,0,75238,2,2,1,2,3,2,1,1,1,9,3,3,0,0,2,1,0,0,9,0,1,3,52,99,1,1,2,D,28,0,0,0,0,0,0,0,0,0,0,190,190,0,0,0,1,3,35,-35,0,81221,998,0,33,0,4,1,2,0,4,0,995,9.8,998,998,998,99.8,99.8,99.8,55.2168174434704,7,6
20918,13,13,1-13-2021-013-04,4,1,2C3CDXCT8JH1,17,476,1895,13,0,7,24,2018,4,1,5,0,1,L,1,1996,5,0,1,1,19,2,72,1,8,0,995,0,7,0,76016,1,9,2,1,4,1,2,5,2,1,0,3,0,0,1,8,0,0,9,1,14,1,6,7,3,4,1,A,2,0,0,0,0,0,0,0,0,0,0,998,998,0,0,7,3,10,999,999,999,9999999,999,-238,2,1,0,0,0,0,0,0,998,0.0,18,120,20,0.0,0.0,0.0,4083.83427354429,7,6
20919,52,26,1-52-2021-026-01,1,1,4S4WX97D4944,17,523,2320,7,0,48,402,2009,14,3,14,0,1,F,2,1885,5,0,1,1,22,2,40,1,0,1,0,2,0,1,59102,1,2,0,4,2,1,2,5,3,4,0,0,0,0,1,4,0,0,9,1,14,1,9,99,9,4,1,A,2,1,1,9,2,1,3,61,1,2,7,998,998,0,0,0,3,11,999,999,999,9999999,999,999,999,7,0,6,75,2,1,3,998,0.0,120,15,15,0.4,1.4,2.3,25.1488657447521,12,6
20919,52,26,1-52-2021-026-01,1,2,1FTFW1EFXEKD,17,460,1801,60,0,12,481,2014,34,5,31,0,2,B,1,2574,5,0,1,5,24,,,,,,,,,,,,,,,,,,,,,,,,,,,,,,,,,,,,,,,,,,,,,,,,,,,,,,,,,,,,,,,,,,95,95,95,95,,,,,,,,,,25.1488657447521,12,6
20920,52,27,1-52-2021-027-09,9,1,WVWPD63B13P3,17,482,3134,13,0,30,46,2003,4,1,3,0,1,F,1,1463,5,0,1,1,11,2,56,1,0,1,0,2,0,0,59101,1,2,2,1,4,2,2,2,1,1,1,1,0,0,1,1,1,2,9,0,1,3,50,2,1,1,2,D,20,0,0,0,0,0,0,0,0,0,0,180,180,0,0,0,1,3,12,-12,-2,9464,998,-63,11,0,4,1,2,0,4,0,995,9.8,998,998,998,99.8,99.8,99.8,605.54592011437,12,6
20920,52,27,1-52-2021-027-09,9,2,JTEBU5JR1A50,17,448,2216,7,0,49,401,2010,14,3,14,0,1,B,1,2121,5,9999,9,0,998,5,56,1,0,0,995,0,0,0,59101,9,9,2,1,4,2,2,2,1,1,1,1,0,0,1,1,1,2,9,0,5,3,53,99,1,1,2,D,21,0,0,0,0,0,0,0,0,0,0,180,180,0,0,0,1,3,9,9,2,8206,998,-46,10,0,4,95,95,95,95,0,995,9.8,998,998,998,99.8,99.8,99.8,605.54592011437,12,6
20921,52,28,1-52-2021-028-03,3,1,3C6UR5DLXLG1,17,496,13621,60,0,7,482,2020,34,5,31,0,1,F,2,3022,5,9999,9,4,26,2,113,1,0,0,995,0,0,0,59105,1,9,0,4,2,1,4,5,2,4,0,0,0,0,1,1,6,2,9,1,14,1,6,99,2,4,1,B,7,0,0,0,0,0,0,0,0,0,0,998,998,0,0,0,2,12,999,999,999,9999999,999,999,999,7,0,1,3,0,4,0,998,0.0,5,5,120,29.8,22.3,36.4,101.428256391328,12,6
20922,52,29,1-52-2021-029-08,8,1,1J4FF68S6XL5,17,483,1945,7,0,2,404,1999,14,3,14,0,1,L,9,9999,9,9999,9,4,23,2,113,1,0,1,0,2,0,1,59072,1,2,0,4,2,1,2,5,1,1,1,2,3,3,1,9,0,0,1,1,1,1,6,99,3,4,1,A,2,1,7,2,2,1,4,49,1,2,25,998,998,0,0,0,1,12,999,999,999,9999999,999,999,999,9,0,5,50,1,3,3,998,2.8,999,999,999,99.9,99.9,99.9,106.584674593193,12,6
20924,25,16,1-25-2021-016-09,9,1,1G8JL54R74Y5,17,1056,8852,13,0,24,5,2004,4,1,3,0,1,L,2,1450,5,0,1,1,12,2,56,1,8,1,0,2,7,2,04105,9,9,0,4,4,1,2,4,1,2,1,3,0,0,2,4,0,0,1,1,1,1,6,99,4,4,1,A,2,0,0,0,0,0,0,0,0,0,0,998,998,0,0,0,1,98,999,999,999,9999999,999,999,999,7,0,1,1,0,4,0,998,0.4,64,64,19,4.8,1.5,5.0,429.184037922654,2,6
20926,27,17,1-27-2021-017-04,4,1,3GKALVEV7KL2,17,472,1858,7,0,23,402,2019,14,3,14,0,1,F,2,1580,5,0,1,1,11,2,56,1,0,9,998,8,9,9,01230,9,9,0,4,2,1,2,1,2,1,0,2,0,0,2,1,0,0,9,1,14,2,12,2,1,4,1,B,6,0,0,0,0,0,0,0,0,0,0,998,998,0,0,0,1,10,999,999,999,9999999,999,-35,27,3,0,0,0,0,0,0,998,0.0,999,999,999,14.1,0.9,14.1,281.362157494009,3,6
20927,28,13,1-28-2021-013-03,3,1,5LMCJ2D90KUL,17,464,3599,7,0,13,402,2019,14,3,14,0,1,F,2,1796,5,0,1,1,3,2,72,1,0,1,0,2,0,1,16933,1,2,0,4,3,1,2,1,1,4,1,2,0,0,1,1,0,0,9,1,1,2,13,1,1,4,1,A,1,0,0,0,0,0,0,0,0,0,0,998,998,0,0,0,2,11,999,999,999,9999999,999,999,999,7,0,1,2,0,3,0,998,1.0,7,7,65,12.3,0.9,12.3,48.9964925877144,3,6
20928,28,14,1-28-2021-014-10,10,1,2GCEK19V7X11,17,467,1850,60,0,20,481,1999,34,5,31,0,1,T,3,2488,8,0,1,1,9,2,56,1,0,0,995,0,0,0,16921,9,2,0,4,2,1,2,3,2,4,0,0,0,0,1,4,0,0,2,1,14,1,6,99,2,4,1,B,7,1,1,1,2,1,4,61,1,1,999,996,996,0,0,0,3,5,999,999,999,9999999,999,999,999,8,0,0,0,0,0,3,996,0.0,999,120,999,99.9,99.9,99.9,977.441171372378,3,6
20928,28,14,1-28-2021-014-10,10,2,1M2AX09C88M0,17,490,2030,11,0,86,881,2008,63,8,60,0,1,F,9,,,,,,,5,56,1,0,0,995,0,0,0,16901,9,9,0,4,2,1,2,3,3,2,0,0,0,0,1,4,0,0,1,0,5,4,62,2,1,1,6,M,98,,,,,,,,,,,,,,,,,,,,,,,,,,,95,95,95,95,,,9.8,998,998,998,99.8,99.8,99.8,977.441171372378,3,6
20929,23,16,1-23-2021-016-03,3,1,4S4BSAFC2K33,17,523,2233,7,0,48,45,2019,6,1,3,0,1,L,1,1614,5,0,1,1,15,2,56,1,0,0,995,0,0,0,43015,9,9,2,4,2,1,2,1,1,1,1,2,0,0,1,8,2,2,1,0,11,4,66,4,1,1,4,K,82,0,0,0,0,0,0,0,0,0,0,65,180,0,0,0,1,3,13,-11,6,24023,998,8,19,0,4,0,0,0,4,0,995,0.0,999,999,999,6.2,3.9,7.3,110.286768940339,5,6
20929,23,16,1-23-2021-016-03,3,2,2GNAXVEV6J61,17,467,1847,7,0,20,404,2018,14,3,14,0,1,F,1,1580,5,0,1,1,24,2,56,1,0,0,995,0,0,0,43015,9,9,2,4,2,1,2,1,1,2,1,2,0,0,1,8,2,2,1,0,1,2,17,99,9,1,4,K,83,0,0,0,0,0,0,0,0,0,0,180,65,0,0,0,1,3,13,-10,-9,9082,998,-136,9,0,4,1,1,0,5,0,995,9.8,998,998,998,99.8,99.8,99.8,110.286768940339,5,6
20932,24,26,1-24-2021-026-10,10,1,5GAER13738J1,17,468,1841,7,0,18,24,2008,6,1,5,0,1,F,1,2168,5,0,1,1,12,2,40,1,0,0,995,0,0,0,08330,9,9,2,4,4,2,2,1,1,1,3,2,0,0,3,1,1,2,9,0,1,4,66,99,1,1,5,L,88,0,0,0,0,0,0,0,0,0,0,250,170,0,0,0,1,3,15,-10,-12,25257,998,-172,11,0,4,0,0,0,0,0,995,9.8,998,998,998,99.8,99.8,99.8,4601.42506814535,1,6
20932,24,26,1-24-2021-026-10,10,2,WDBHA23G3WA6,17,449,2085,13,0,42,42,1998,4,1,3,0,1,9,9,1474,5,9999,9,0,998,2,40,1,0,0,995,0,0,0,27030,9,9,2,3,3,1,2,1,1,1,0,3,0,0,3,1,1,2,9,0,1,2,17,1,1,1,5,L,89,0,0,0,0,0,0,0,0,0,0,999,999,0,0,9,99,0,999,999,999,9999999,999,999,999,9,0,0,0,0,0,0,999,0.0,999,999,999,1.9,1.1,2.2,4601.42506814535,1,6
20933,73,14,1-73-2021-014-08,8,1,1GTGK24R3YR1,17,472,1857,60,0,23,481,2000,34,5,31,0,1,R,9,2397,5,9999,9,0,998,2,80,1,8,0,995,0,7,0,04979,9,9,0,4,2,1,2,3,2,1,1,2,0,0,1,8,0,0,1,1,14,1,6,99,4,4,1,B,7,0,0,0,0,0,0,0,0,0,0,998,998,0,0,7,1,0,999,999,999,9999999,999,999,999,9,0,2,5,0,4,0,998,0.8,999,999,999,14.8,1.9,14.9,143.935397399969,3,6
20934,73,15,1-73-2021-015-02,2,1,3LN6L5FC0HR6,17,464,1790,13,0,13,13,2017,4,1,4,0,1,R,3,1905,5,0,1,1,31,2,56,1,1,2,996,1,7,0,04443,9,9,0,4,2,1,2,1,3,1,1,2,0,0,3,1,0,0,1,1,14,2,13,99,2,4,1,A,2,1,6,2,4,1,4,61,1,2,17,997,997,0,0,0,4,6,999,999,999,9999999,999,999,999,8,0,2,5,0,3,3,997,3.7,30,30,120,5.5,0.7,5.6,33.3643009181723,3,6
20936,32,23,1-32-2021-023-03,3,1,1C4PJLLB1KD1,17,483,1945,7,0,2,404,2019,14,3,14,0,1,F,1,1661,5,9999,9,0,998,5,72,1,0,0,995,0,0,0,75052,9,9,2,1,2,1,1,4,1,1,1,3,0,0,1,4,0,0,9,1,1,2,11,99,9,2,5,L,88,0,0,0,0,0,0,0,0,0,0,110,0,0,0,0,1,3,23,-23,0,21482,998,0,18,0,4,95,95,95,95,0,995,9.8,998,998,998,99.8,99.8,99.8,502.762011453046,7,6
20936,32,23,1-32-2021-023-03,3,2,2GKALMEK0H62,17,472,1858,7,0,23,402,2017,14,3,14,0,1,L,1,1748,5,0,1,1,18,2,72,1,0,0,995,0,0,0,75052,1,9,2,4,2,1,1,4,1,1,2,0,0,0,1,4,2,2,9,0,5,4,66,1,1,1,5,L,89,0,0,0,0,0,0,0,0,0,0,0,110,0,0,0,1,3,20,-7,18,39596,998,0,23,0,4,9,97,0,99,0,995,9.8,998,998,998,99.8,99.8,99.8,502.762011453046,7,6
20937,32,24,1-32-2021-024-03,3,1,WBAWB33569P1,17,452,1709,3,0,34,34,2009,2,1,3,0,1,L,1,1520,5,0,1,1,16,2,72,1,0,0,995,0,0,0,75228,9,1,2,4,2,1,2,5,2,4,0,2,0,0,1,4,1,2,9,1,14,1,5,2,2,2,4,K,78,0,0,0,0,0,0,0,0,0,0,230,340,0,0,0,1,3,7,-3,6,7786,998,-186,7,0,4,0,0,0,0,0,995,0.0,999,999,999,1.7,1.3,2.1,502.762011453046,7,6
20937,32,24,1-32-2021-024-03,3,2,KNMAT2MTXLP5,17,478,1913,7,0,35,404,2020,14,3,14,0,1,F,1,1550,5,9999,9,4,36,2,72,1,0,0,995,0,0,0,75150,2,9,2,1,4,2,1,5,3,1,1,3,0,0,1,4,1,2,9,0,14,4,70,8,1,1,4,K,79,0,0,0,0,0,0,0,0,0,0,340,230,0,0,0,1,3,6,-6,-1,2944,998,-37,6,0,4,1,2,0,4,0,995,9.8,998,998,998,99.8,99.8,99.8,502.762011453046,7,6
20938,32,25,1-32-2021-025-05,5,1,1C3CDZCG9DN7,17,476,1892,13,0,7,26,2013,4,1,3,0,1,F,9,1539,5,9999,9,0,998,2,121,1,0,1,257,2,0,2,75227,2,9,0,2,4,4,2,1,1,1,3,1,0,0,3,1,0,0,9,1,1,1,1,99,9,4,1,B,7,0,0,0,0,0,0,0,0,0,0,998,998,0,0,0,1,0,999,999,999,9999999,999,999,999,9,0,3,17,1,3,0,998,3.2,999,999,999,7.3,3.2,8.4,62.6991782019757,7,6
20939,14,11,1-14-2021-011-06,6,1,JN8AF5MRXDT2,17,478,1912,8,0,35,403,2013,14,3,14,0,1,F,2,1323,5,0,1,1,23,2,72,1,0,0,995,0,0,0,78132,9,1,2,1,4,4,2,1,1,9,1,2,0,0,3,1,1,2,9,0,11,2,15,2,1,1,4,J,68,0,0,0,0,0,0,0,0,0,0,280,155,0,0,0,1,1,37,-32,-19,65496,998,-81,29,0,4,1,2,0,4,0,995,9.8,998,998,998,99.8,99.8,99.8,462.986796506223,8,6
20939,14,11,1-14-2021-011-06,6,2,1FTNE2EW7BDA,17,460,1817,95,0,12,461,2011,21,4,21,0,1,F,1,2268,5,250,1,1,23,2,72,1,0,0,995,0,0,0,78108,2,9,2,4,6,3,2,1,1,9,3,1,0,0,3,1,1,2,9,0,1,4,62,99,1,1,4,J,69,0,0,0,0,0,0,0,0,0,0,155,280,0,1,0,1,1,20,-19,7,83064,998,37,28,0,4,99,99,0,5,0,995,0.0,999,999,999,0.8,0.7,0.8,462.986796506223,8,6
20939,14,11,1-14-2021-011-06,6,3,5UXKR0C59F0K,17,452,1717,7,0,34,401,2015,14,3,14,0,1,N,9,2173,5,9999,9,0,998,5,72,1,0,0,995,0,0,0,78666,9,9,2,3,1,1,2,1,2,9,1,1,0,0,3,1,3,2,9,0,10,6,90,99,1,1,6,M,98,0,0,0,0,0,0,0,0,0,0,998,998,0,0,0,99,0,999,999,999,9999999,999,999,999,9,0,95,95,95,95,0,998,9.8,998,998,998,99.8,99.8,99.8,462.986796506223,8,6
20940,14,12,1-14-2021-012-07,7,1,1FDFE4FS2KDC,17,460,1819,62,73,12,870,2019,61,8,60,0,1,R,9,,,,,,,5,72,1,0,0,995,0,0,0,78217,9,9,0,1,3,2,2,1,2,1,3,3,0,0,1,8,0,0,3,1,14,2,11,99,1,2,2,F,44,,,,,,,,,,,,,,,,,,,,,,,,,,,95,95,95,95,,,9.8,998,998,998,99.8,99.8,99.8,1295.39795561413,8,6
20940,14,12,1-14-2021-012-07,7,2,1N4AL3AP8EN2,17,478,1904,13,0,35,47,2014,4,1,4,0,1,L,1,1451,5,0,1,1,26,2,72,1,0,0,995,0,0,0,78132,1,2,0,1,3,1,2,1,2,1,1,3,0,0,1,8,0,0,1,0,14,4,60,1,1,1,2,F,45,0,0,0,0,0,0,0,0,0,0,280,275,0,0,0,1,5,999,999,999,9999999,999,999,999,6,0,0,0,0,0,0,995,9.8,998,998,998,99.8,99.8,99.8,1295.39795561413,8,6
20941,66,10,1-66-2021-010-02,2,1,1C4PJMDX8KD3,17,483,1945,7,0,2,404,2019,14,3,14,0,1,F,1,1839,5,0,1,1,18,2,113,1,0,1,0,2,0,1,64801,1,2,0,2,2,2,2,3,1,1,3,2,1,3,1,4,0,0,9,0,1,3,51,3,1,1,2,D,24,0,0,0,0,0,0,0,0,0,0,225,225,0,0,0,1,5,999,999,999,9999999,999,999,18,2,0,3,10,1,3,0,995,9.8,998,998,998,99.8,99.8,99.8,117.528619841367,6,6
20941,66,10,1-66-2021-010-02,2,2,3WKADP9X9HF1,17,532,2716,66,0,85,881,2017,66,8,68,0,1,B,9,,,,,,,5,113,1,0,0,995,0,7,0,72433,9,9,0,2,2,1,2,3,1,1,1,3,2,3,1,4,0,0,1,1,15,3,53,99,1,2,2,D,25,,,,,,,,,,,,,,,,,,,,,,,,,,,95,95,95,95,,,9.8,998,998,998,99.8,99.8,99.8,117.528619841367,6,6
20942,66,11,1-66-2021-011-01,1,1,1FMZU77E72UC,17,460,1804,60,0,12,473,2002,34,5,31,0,1,F,3,1964,5,0,1,1,27,2,80,1,9,1,0,2,7,1,65605,9,9,0,4,2,1,2,1,1,1,1,2,3,3,1,8,0,0,9,1,1,2,13,99,9,4,1,A,1,0,0,0,0,0,0,0,0,0,0,75,235,0,0,0,3,5,999,999,999,9999999,999,999,41,4,0,5,59,1,1,0,995,0.0,999,40,999,0.0,0.0,0.0,174.904076187439,6,6
20942,66,11,1-66-2021-011-01,1,2,1HSHXAHR75J0,17,526,24559,66,0,84,881,2005,66,8,68,0,1,F,9,,,,,,,2,80,1,0,9,998,8,7,9,65619,9,9,0,4,2,1,2,1,1,1,1,2,3,3,1,8,0,0,1,0,1,4,62,7,1,1,6,M,98,,,,,,,,,,,,,,,,,,,,,,,,,,,95,95,95,95,,,9.8,998,998,998,99.8,99.8,99.8,174.904076187439,6,6
20942,66,11,1-66-2021-011-01,1,3,5N1AT2MV8GC8,17,478,1913,8,0,35,51,2016,6,1,3,0,1,L,9,1610,5,9999,9,0,998,5,80,1,0,0,995,0,7,0,65721,9,9,0,4,2,1,2,1,1,1,1,2,3,3,1,8,0,0,1,0,1,6,91,1,1,1,6,M,98,0,0,0,0,0,0,0,0,0,0,998,998,0,0,0,4,0,999,999,999,9999999,999,999,999,9,0,95,95,95,95,0,998,9.8,998,998,998,99.8,99.8,99.8,174.904076187439,6,6
20943,76,10,1-76-2021-010-07,7,1,3FADP4EJ3CM2,17,460,3267,5,0,12,32,2012,5,1,1,0,1,F,1,1170,5,0,1,1,29,2,89,1,8,9,998,8,7,9,12051,9,9,0,5,3,1,2,1,2,1,1,2,0,0,4,1,0,0,9,1,14,2,12,99,1,4,1,B,6,0,0,0,0,0,0,0,0,0,0,998,998,0,1,0,3,11,999,999,999,9999999,999,999,999,6,0,0,0,0,0,0,998,3.3,35,5,93,17.0,5.6,17.9,72.5279091648686,3,6
20945,31,15,1-31-2021-015-09,9,1,1G1ZT54834F2,17,467,1834,13,0,20,37,2004,4,1,3,0,1,F,2,1495,5,9999,9,1,37,2,89,1,0,1,315,2,0,3,62919,1,9,0,4,2,1,2,2,3,1,1,2,0,0,2,2,0,0,9,1,14,1,6,99,4,4,1,B,7,1,4,1,6,1,4,61,1,1,24,998,998,0,0,0,1,1,34,-26,-22,119925,998,-116,34,0,4,0,0,0,4,3,998,0.5,120,120,120,22.5,5.3,23.2,263.104368319194,6,6
20946,31,16,1-31-2021-016-10,10,1,2MELM75W5VX7,17,465,1792,13,0,14,6,1997,4,1,5,0,1,R,1,1722,5,152,2,1,4,2,113,1,0,0,995,0,0,0,62837,1,2,0,1,2,1,2,2,1,1,1,3,2,3,2,2,0,0,1,1,1,1,1,2,4,4,1,A,2,1,1,2,6,1,4,61,1,1,3,997,997,0,0,0,1,6,999,999,999,9999999,999,999,999,6,0,0,0,0,0,3,997,9.8,998,998,998,99.8,99.8,99.8,255.507439927165,6,6
20947,59,9,1-59-2021-009-05,5,1,ML32A3HJ8EH0,17,481,2342,5,0,52,48,2014,5,1,1,0,1,F,1,930,5,0,1,1,8,2,48,1,0,0,995,0,0,0,46121,1,9,2,5,3,1,2,1,1,1,0,2,0,0,1,1,1,2,1,0,1,3,50,2,1,1,2,D,20,0,0,0,0,0,0,0,0,0,0,80,80,0,0,0,1,12,999,999,999,9999999,999,999,23,2,0,1,1,0,4,0,995,9.8,998,998,998,99.8,99.8,99.8,51.7104833701808,6,6