CASEID,PSU,CASENO,CASENUMBER,CATEGORY,VEHNO,VIN,VINLENGTH,VPICMAKE,VPICMODEL,VPICBODYCLASS,ICFINALBODY,MAKE,MODEL,MODELYR,BODYTYPE,BODYCAT,VEHCLASS,SPECUSE,TRANSTAT,DAMPLANE,DAMSEV,CURBWT,CURBSRC,CARGOWT,CARGOSRC,INSPTYPE,INSPLAG,TOWED,SPEEDLIMIT,DRPRESENT,PARALCOHOL,ALCTEST,ALCTESTRESULT,ALCTESTSRC,PARDRUG,DRUGTEST,ZIP,RACE,ETHNICITY,RELTOJUNCT,TRAFFLOW,RDLANES,INITLANE,SURFTYPE,SURFCOND,ALIGNMENT,PROFILE,LINERIGHT,LINELEFT,RUMBINIT,RUMBROAD,LIGHTCOND,WEATHER,TRAFDEV,TRAFFUNCT,DISTRACT,PREFHE,PREMOVE,CRITCAT,CRITEVENT,MANEUVER,PRESTAB,PRELOC,CRASHCAT,CRASHCONF,CRASHTYPE,ROLLTYPE,ROLLTURN,ROLLINTRPT,ROLLPREMAN,ROLLINITYP,ROLLINLOC,ROLLOBJ,ROLLTRIP,ROLLDIR,ROLLDIST,DVANGTHIS,DVANGOTH,TOWHITCH,TRAJDOC,TREEPOLE,DVEVENT,DVBASIS,DVTOTAL,DVLONG,DVLAT,DVENERGY,DVSPEED,DVMOMENT,DVBES,DVEST,DVCONF,VAIS,VISS,VINJURED,VTREAT,INITOBJCLASS,HEADANGLECAT,SHLDRWIDTH,STRKLENGTH,STRKWIDTH,STRKHEIGHT,EDGEDISTX,EDGEDISTY,EDGEDISTZ,CASEWGT,PSUSTRAT,VERSION
21095,25,20,1-25-2021-020-04,4,2,1FAHP36N57W1,17,460,1779,15,0,12,37,2007,6,1,2,0,1,B,1,1262,5,9999,9,0,998,5,64,1,8,0,995,0,7,0,54806,9,9,0,5,3,1,2,1,1,1,1,2,0,0,2,1,5,2,1,0,5,3,53,99,1,1,2,D,21,0,0,0,0,0,0,0,0,0,0,220,220,0,0,0,1,3,21,21,0,24380,998,0,22,0,4,95,95,95,95,0,995,9.8,998,998,998,99.8,99.8,99.8,1690.1761898101,2,6
21096,25,21,1-25-2021-021-06,6,1,KMHTC6AD2DU1,17,498,2298,5,0,55,42,2013,9,1,3,0,1,F,1,1316,5,0,1,1,3,2,56,1,8,0,995,0,7,0,04543,9,9,0,4,2,1,2,1,1,1,1,2,0,0,5,8,5,2,3,1,1,2,12,99,1,4,1,B,6,0,0,0,0,0,0,0,0,0,0,998,998,0,1,0,1,12,999,999,999,9999999,999,999,999,6,0,9,97,0,99,0,998,0.0,43,14,16,0.0,0.0,0.0,954.659375091358,2,6
21097,18,20,1-18-2021-020-09,9,1,3MEHM07Z07R6,17,465,1793,13,0,14,21,2007,4,1,3,0,1,T,2,1414,8,0,1,1,2,2,113,1,1,8,997,8,0,0,54720,9,1,1,1,2,2,1,1,2,1,3,2,1,3,2,1,0,0,9,1,14,2,13,99,3,4,1,A,2,1,2,2,2,1,4,61,1,2,8,997,997,0,1,0,3,6,999,999,999,9999999,999,999,999,7,0,9,97,0,8,3,997,3.2,999,999,999,6.9,2.5,7.4,1228.22394895578,6,6
21098,18,21,1-18-2021-021-07,7,1,5TDYK3DC7GS7,17,448,2468,2,0,49,442,2016,20,4,20,0,1,F,1,1940,5,0,1,1,5,2,113,1,0,0,995,0,0,0,53704,2,9,1,3,1,1,1,1,3,1,1,2,0,0,2,1,0,0,9,0,14,6,87,99,1,1,1,C,13,0,0,0,0,0,0,0,0,0,0,998,998,0,0,0,1,10,999,999,999,9999999,999,-19,21,2,0,0,0,0,0,0,998,9.8,998,998,998,99.8,99.8,99.8,1134.21362159145,6,6
21099,16,18,1-16-2021-018-05,5,1,1FMCU0GX0FUA,17,460,1798,7,0,12,402,2015,14,3,14,0,1,L,1,1635,5,0,1,1,23,2,89,1,0,0,995,0,0,0,41075,9,9,0,2,3,2,2,2,2,4,3,3,0,3,1,2,0,0,1,1,15,1,5,98,3,4,1,A,2,0,0,0,0,0,0,0,0,0,0,200,225,0,0,0,3,5,999,999,999,9999999,999,999,16,2,0,0,0,0,8,0,995,2.4,999,999,999,0.0,0.0,0.0,42.4317349425557,5,6
21099,16,18,1-16-2021-018-05,5,2,3HSDZAPR8JN4,17,526,20852,66,0,84,881,2018,66,8,68,0,1,R,9,,,,,,,9,89,1,0,0,995,0,0,0,41001,9,9,0,2,3,2,2,2,2,9,3,3,0,3,1,2,0,0,1,0,14,4,61,99,1,1,6,M,98,,,,,,,,,,,,,,,,,,,,,,,,,,,95,95,95,95,,,9.8,998,998,998,99.8,99.8,99.8,42.4317349425557,5,6
21100,16,19,1-16-2021-019-03,3,1,KL4CJASB5LB0,17,468,1842,7,0,18,404,2020,14,3,14,0,1,F,3,1468,5,0,1,1,7,2,56,1,0,0,995,0,0,0,45255,9,9,2,5,3,1,2,1,3,2,1,4,0,0,1,1,0,0,9,1,14,2,11,99,1,4,1,C,11,1,3,2,5,7,1,2,3,2,20,310,315,0,0,0,1,12,999,999,999,9999999,999,999,999,8,0,0,0,0,8,1,995,9.8,998,998,998,99.8,99.8,99.8,340.244721278351,5,6
21100,16,19,1-16-2021-019-03,3,2,KL8CD6SA2KC8,17,467,1836,5,0,20,29,2019,5,1,1,0,2,B,9,1019,5,9999,9,0,998,,,,,,,,,,,,,,,,,,,,,,,,,,,,,,,,,,,,,,,,,,,,,,,,,,,,,,,,,,,,,,,,,,95,95,95,95,,,,,,,,,,340.244721278351,5,6
21101,28,17,1-28-2021-017-09,9,1,5XYPGDA58JG4,17,499,2769,7,0,63,402,2018,14,3,14,0,1,F,1,1742,5,0,1,1,17,2,89,1,0,0,995,0,0,0,16901,1,2,0,4,2,1,2,1,1,2,1,4,3,3,1,1,0,0,3,1,1,2,12,1,2,4,1,B,6,0,0,0,0,0,0,0,0,0,0,998,998,0,0,0,3,10,999,999,999,9999999,999,999,999,6,0,1,1,0,4,0,998,3.2,32,13,999,54.9,20.9,59.0,130.028839333987,3,6
21102,28,18,1-28-2021-018-03,3,1,KNDMB2335962,17,499,2740,2,0,63,441,2009,20,4,20,0,1,R,1,1990,5,0,1,4,29,2,89,1,0,0,995,0,0,0,16915,9,9,3,4,2,1,2,1,1,1,1,2,0,0,1,1,0,0,2,0,11,2,15,99,1,1,4,K,76,0,0,0,0,0,0,0,0,0,0,80,50,0,0,0,1,12,999,999,999,9999999,999,999,999,6,0,0,0,0,0,0,995,9.8,998,998,998,99.8,99.8,99.8,46.7688147475126,3,6
21102,28,18,1-28-2021-018-03,3,2,3C6JR6DG6LG2,17,496,13620,60,0,7,482,2020,34,5,31,0,1,F,1,2134,5,0,1,1,8,2,89,1,0,0,995,0,0,0,16915,9,9,3,4,2,1,2,1,1,1,1,2,0,0,1,1,0,0,1,0,1,4,70,4,2,1,4,K,77,0,0,0,0,0,0,0,0,0,0,50,80,0,0,0,1,12,999,999,999,9999999,999,999,999,6,0,1,1,0,4,0,995,9.8,998,998,998,99.8,99.8,99.8,46.7688147475126,3,6
21103,66,14,1-66-2021-014-07,7,1,1FTNX21F31EA,17,460,1805,60,0,12,481,2001,34,5,31,0,1,L,9,2568,5,9999,9,0,998,5,64,1,0,0,995,0,7,0,65747,9,9,2,4,2,1,2,5,1,1,1,2,2,3,2,2,2,2,9,0,10,2,16,99,9,1,4,K,78,0,0,0,0,0,0,0,0,0,0,25,100,0,0,0,1,0,999,999,999,9999999,999,999,999,9,0,95,95,95,95,0,995,9.8,998,998,998,99.8,99.8,99.8,132.850873453183,6,6
21103,66,14,1-66-2021-014-07,7,2,5NPE24AF7GH3,17,498,2459,13,0,55,33,2016,4,1,4,0,1,F,1,1475,5,0,1,1,40,2,89,1,0,0,995,0,7,0,65708,9,9,2,4,2,1,2,5,1,1,1,2,0,0,2,2,0,0,9,0,1,4,65,99,9,1,4,K,79,0,0,0,0,0,0,0,0,0,0,100,25,0,0,0,1,12,999,999,999,9999999,999,999,999,6,0,99,99,0,99,0,995,9.8,998,998,998,99.8,99.8,99.8,132.850873453183,6,6
21104,66,15,1-66-2021-015-09,9,1,1GCEK19087Z6,17,467,1850,60,0,20,481,2007,34,5,31,0,1,T,1,2151,5,0,1,1,37,2,105,1,0,1,0,2,7,0,65707,1,2,0,4,2,1,2,5,1,1,1,4,3,3,1,99,0,0,9,1,1,1,6,2,4,4,1,B,7,1,4,2,2,1,4,61,1,1,21,997,997,0,0,0,2,6,999,999,999,9999999,999,999,999,6,0,1,1,0,4,3,997,3.0,120,120,20,13.1,6.2,14.0,144.174066612041,6,6
21105,59,11,1-59-2021-011-08,8,1,1XP7DB9X16D6,17,495,2048,66,0,87,881,2006,66,8,68,0,1,F,9,,,,,,,5,80,1,0,0,995,0,0,0,60441,9,9,2,1,4,2,2,1,1,1,1,3,0,0,1,1,1,2,1,0,98,2,17,99,1,2,4,K,83,,,,,,,,,,,,,,,,,,,,,,,,,,,95,95,95,95,,,9.8,998,998,998,99.8,99.8,99.8,354.385978875362,6,6
21105,59,11,1-59-2021-011-08,8,2,1D8GU28K18W2,17,476,1940,7,0,7,403,2008,14,3,14,0,1,L,1,1784,5,0,1,1,7,2,80,1,0,0,995,0,0,0,47438,1,1,2,4,5,3,2,1,1,1,1,2,0,0,1,1,1,2,1,0,11,4,66,1,1,1,4,K,82,0,0,0,0,0,0,0,0,0,0,90,180,0,0,0,1,5,999,999,999,9999999,999,999,11,2,0,1,2,0,4,0,995,9.8,998,998,998,99.8,99.8,99.8,354.385978875362,6,6
21106,73,19,1-73-2021-019-09,9,1,3VWRR31C36M4,17,482,8119,5,0,30,47,2006,3,1,1,0,1,T,2,1308,5,0,1,1,18,2,40,1,8,0,995,0,0,0,04920,9,9,0,4,2,1,2,1,1,1,1,2,0,0,1,1,0,0,3,1,1,2,13,99,1,4,1,A,1,1,2,2,6,1,4,61,1,2,10,997,997,0,0,0,2,6,999,999,999,9999999,999,999,999,7,0,99,99,0,0,3,997,9.8,998,998,998,99.8,99.8,99.8,163.432875821365,3,6
21108,32,31,1-32-2021-031-03,3,1,1G6AR5SX7F01,17,469,1825,13,0,19,18,2015,4,1,5,0,1,F,1,1642,5,0,1,1,11,2,64,1,0,0,995,0,0,0,75228,1,2,2,1,3,2,1,1,1,1,1,1,0,0,1,1,1,2,9,0,1,4,66,5,1,1,5,L,86,0,0,0,0,0,0,0,0,0,0,90,180,0,0,0,1,1,22,-19,11,72874,998,111,27,0,1,2,5,0,4,0,995,9.8,998,998,998,99.8,99.8,99.8,629.061874965487,7,6
21108,32,31,1-32-2021-031-03,3,2,2LMPJ6LR2HBL,17,464,1813,7,0,13,14,2017,6,1,4,0,1,R,1,1990,5,0,1,1,13,2,64,1,0,0,995,0,0,0,84070,1,9,2,3,3,2,1,1,3,1,3,1,0,0,1,1,1,2,9,0,14,2,17,7,1,1,5,L,87,1,2,2,5,1,1,61,1,2,18,180,90,0,0,0,1,1,18,-9,-16,10725,998,72,10,0,1,99,99,0,5,3,995,9.8,998,998,998,99.8,99.8,99.8,629.061874965487,7,6
21109,32,32,1-32-2021-032-06,6,1,JN8AZ1MU7CW1,17,478,1914,8,0,35,49,2012,6,1,4,0,1,F,1,1891,5,0,1,1,12,2,56,1,0,0,995,0,0,0,75043,9,1,2,1,9,99,1,1,1,1,1,3,0,0,1,1,1,2,9,1,15,3,50,99,1,2,2,D,32,0,0,0,0,0,0,0,0,0,0,140,140,0,0,0,1,3,12,-12,0,12405,998,-3,13,0,4,0,0,0,4,0,995,9.8,998,998,998,99.8,99.8,99.8,1110.22234474466,7,6
21109,32,32,1-32-2021-032-06,6,2,5YFBURHE9JP8,17,448,2208,13,0,49,32,2018,4,1,3,0,1,B,1,1265,5,9999,9,0,998,5,56,1,0,0,995,0,0,0,75150,9,9,2,1,4,4,1,1,1,1,1,1,0,0,1,1,1,2,9,0,5,3,53,99,1,1,2,D,32,0,0,0,0,0,0,0,0,0,0,140,140,0,0,0,1,3,19,19,0,17341,998,0,19,0,4,95,95,95,95,0,995,9.8,998,998,998,99.8,99.8,99.8,1110.22234474466,7,6
21111,32,34,1-32-2021-034-02,2,1,1G1FB1RS6J01,17,467,1829,3,0,20,9,2018,2,1,4,0,1,F,2,1564,5,9999,9,1,72,2,72,1,8,1,0,2,0,2,75415,2,9,0,3,2,2,1,1,1,1,3,1,0,0,3,1,0,0,9,1,1,3,51,4,1,2,2,D,24,0,0,0,0,0,0,0,0,0,0,55,35,0,0,0,1,1,35,-33,12,64978,998,14,31,0,4,1,2,0,4,0,995,9.8,998,998,998,99.8,99.8,99.8,28.6274551822713,7,6
21111,32,34,1-32-2021-034-02,2,2,KNDJN2A22F72,17,499,2460,7,0,63,37,2015,6,1,2,0,1,B,3,1287,5,0,1,1,28,2,72,1,0,0,995,0,0,0,75232,2,9,0,3,2,2,1,1,1,1,1,3,0,0,3,1,0,0,9,0,1,3,53,99,1,1,2,D,25,0,0,0,0,0,0,0,0,0,0,35,55,0,0,0,1,1,44,44,0,138918,998,-50,47,0,4,3,17,1,3,0,995,9.8,998,998,998,99.8,99.8,99.8,28.6274551822713,7,6
21112,27,22,1-27-2021-022-02,2,1,1GCGTDEN2K11,17,467,4086,60,0,20,473,2019,34,5,30,0,1,F,3,2001,5,0,1,1,8,2,64,1,0,0,995,0,0,0,01245,1,2,2,4,3,1,2,1,1,1,1,2,0,0,1,1,0,0,9,1,10,2,12,99,1,4,1,B,6,0,0,0,0,0,0,0,0,0,0,998,998,0,0,1,3,1,43,-43,0,154663,998,19,43,0,1,1,1,0,4,0,998,0.7,15,15,114,0.6,0.5,0.9,24.0517473720258,3,6
21113,27,23,1-27-2021-023-07,7,1,4S4WX83C7644,17,523,2320,7,0,48,402,2006,14,3,14,0,1,F,1,1890,5,0,1,1,7,2,56,1,0,0,995,0,0,0,01220,9,9,3,4,2,1,2,1,2,1,1,2,0,0,1,1,0,0,3,0,14,3,52,99,1,1,2,D,28,0,0,0,0,0,0,0,0,0,0,130,130,0,0,0,1,1,10,-10,0,12680,998,-49,12,0,4,0,0,0,0,0,995,9.8,998,998,998,99.8,99.8,99.8,922.450079408873,3,6
21113,27,23,1-27-2021-023-07,7,2,JF2SJAHC1GH4,17,523,2234,7,0,48,401,2016,14,3,14,0,1,B,1,1498,5,0,1,1,6,2,56,1,0,0,995,0,0,0,01247,9,9,3,4,2,1,2,1,2,1,1,2,0,0,1,1,0,0,1,0,2,3,53,1,1,1,2,D,30,0,0,0,0,0,0,0,0,0,0,130,130,0,0,0,1,1,12,12,0,6883,998,-47,10,0,4,0,0,0,0,0,995,9.8,998,998,998,99.8,99.8,99.8,922.450079408873,3,6
21114,24,35,1-24-2021-035-03,3,1,1N4BL4CV0KC2,17,478,1904,13,0,35,47,2019,4,1,4,0,1,F,2,1545,5,9999,9,1,11,2,80,1,0,0,995,0,0,1,08330,2,9,0,4,2,1,2,1,1,1,1,2,0,0,1,1,0,0,3,1,1,2,12,1,1,4,1,B,6,0,0,0,0,0,0,0,0,0,0,998,998,0,0,1,5,1,29,-29,0,56007,998,-23,29,0,4,1,1,0,4,0,998,1.0,45,9,9,16.6,4.2,16.9,64.4512609126825,1,6
21115,13,17,1-13-2021-017-08,8,1,2G1FK1EJ6B91,17,467,1829,3,0,20,9,2011,2,1,4,0,1,F,1,1755,5,0,1,1,14,2,72,1,8,0,995,0,7,0,76244,1,9,0,1,2,2,1,1,1,1,3,0,0,0,3,1,0,0,9,1,1,4,60,98,2,4,1,B,8,0,0,0,0,0,0,0,0,0,0,998,998,0,0,5,1,10,999,999,999,9999999,999,16,18,2,0,2,6,0,4,0,998,0.0,999,999,999,9.4,2.8,9.9,1008.88487152345,7,6
21116,13,18,1-13-2021-018-02,2,1,1FD8W3H66HEE,17,460,1806,70,998,12,881,2017,61,8,60,0,1,F,9,,,,,,,2,113,1,8,0,995,0,7,0,76065,9,9,0,2,2,2,1,1,1,9,3,2,0,0,1,1,0,0,9,0,1,3,52,99,9,1,2,D,28,,,,,,,,,,,,,,,,,,,,,,,,,,,95,95,95,95,,,9.8,998,998,998,99.8,99.8,99.8,64.705383802508,7,6
21116,13,18,1-13-2021-018-02,2,2,5XXGT4L31JG2,17,499,2739,13,0,63,34,2018,4,1,4,0,1,F,9,1630,5,9999,9,0,998,2,113,1,8,1,0,2,7,1,76063,3,2,0,2,2,2,1,1,1,9,3,2,0,0,1,1,0,0,9,0,2,3,53,99,1,1,2,D,29,0,0,0,0,0,0,0,0,0,0,335,325,0,0,0,3,0,999,999,999,9999999,999,999,999,9,0,2,5,0,4,0,995,9.8,998,998,998,99.8,99.8,99.8,64.705383802508,7,6
21116,13,18,1-13-2021-018-02,2,3,2C4RC1EG1JR1,17,477,3628,2,0,6,443,2018,20,4,20,0,1,B,9,1964,5,9999,9,0,998,5,113,1,8,0,995,0,7,0,76063,9,9,0,2,2,2,1,1,1,9,3,2,0,0,1,1,0,0,9,0,5,3,53,99,1,1,6,M,98,0,0,0,0,0,0,0,0,0,0,325,335,0,0,0,2,0,999,999,999,9999999,999,999,999,9,0,95,95,95,95,0,995,9.8,998,998,998,99.8,99.8,99.8,64.705383802508,7,6
21116,13,18,1-13-2021-018-02,2,4,1XKYD49X1JJ1,17,532,2733,66,0,85,881,2018,66,8,68,0,1,B,9,,,,,,,5,113,1,8,0,995,0,7,0,79606,9,9,0,1,2,1,1,1,1,9,1,3,0,0,1,1,0,0,9,0,5,4,60,99,1,1,6,M,98,,,,,,,,,,,,,,,,,,,,,,,,,,,95,95,95,95,,,9.8,998,998,998,99.8,99.8,99.8,64.705383802508,7,6
21117,14,15,1-14-2021-015-06,6,1,5NPDH4AE2DH3,17,498,2735,13,0,55,35,2013,4,1,3,0,1,F,1,1265,5,0,1,1,17,2,89,1,0,0,995,0,0,0,78108,9,1,2,4,2,1,2,1,1,1,1,2,0,0,2,1,6,2,9,0,1,2,14,99,1,4,1,C,14,0,0,0,0,0,0,0,0,0,0,998,998,0,0,0,1,12,999,999,999,9999999,999,999,999,6,0,99,99,0,0,0,998,0.0,999,999,999,0.0,0.0,0.0,2061.68849821941,8,6
21118,14,16,1-14-2021-016-10,10,1,3A8FY48909T5,17,477,3595,7,0,6,52,2009,6,1,2,0,1,F,2,1498,5,0,1,1,15,2,72,1,0,0,995,0,0,0,78133,1,9,0,2,3,1,2,1,1,1,1,3,0,0,1,1,0,0,9,0,1,3,51,99,1,1,2,D,24,0,0,0,0,0,0,0,0,0,0,140,140,0,0,0,1,3,27,-27,0,33571,998,2,23,0,4,0,0,0,0,0,995,9.8,998,998,998,99.8,99.8,99.8,20346.058771798,8,6
21118,14,16,1-14-2021-016-10,10,2,1FTEW1CM2CFC,17,460,1801,60,0,12,481,2012,34,5,31,0,1,B,1,2408,5,9999,9,0,998,5,72,1,0,0,995,0,0,0,78133,9,9,0,2,3,1,2,1,1,1,1,3,0,0,1,1,0,0,9,0,1,3,53,99,1,1,2,D,25,0,0,0,0,0,0,0,0,0,0,140,140,0,0,0,1,3,17,17,0,37418,998,0,20,0,4,95,95,95,95,0,995,9.8,998,998,998,99.8,99.8,99.8,20346.058771798,8,6
21119,23,21,1-23-2021-021-05,5,1,1C4RJFAG8GC4,17,483,1949,7,0,2,422,2016,15,3,15,0,1,R,3,2121,5,9999,9,5,18,2,89,1,0,0,995,0,1,0,45324,9,9,0,4,2,1,4,1,1,4,0,0,0,0,2,8,0,0,3,1,1,2,12,99,9,4,1,B,6,0,0,0,0,0,0,0,0,0,0,998,998,0,0,2,3,12,999,999,999,9999999,999,999,999,8,0,3,22,1,3,0,998,0.0,55,27,120,0.0,0.0,0.0,125.1770938578,5,6
21121,76,16,1-76-2021-016-07,7,1,1C6RR7NM2FS5,17,496,13620,60,0,7,482,2015,34,5,31,0,1,R,1,2336,5,0,1,1,7,2,89,1,8,9,998,8,7,9,12463,9,9,0,4,3,1,2,1,3,4,1,4,1,0,1,8,0,0,3,1,14,2,13,99,1,4,1,A,1,0,0,0,0,0,0,0,0,0,0,998,998,0,0,0,1,10,999,999,999,9999999,999,97,14,2,0,0,0,0,0,0,998,1.7,120,15,75,0.8,4.7,4.8,53.0367270474245,3,6
21122,31,19,1-31-2021-019-04,4,1,1N6ED0FB5LN7,17,478,1919,60,0,35,472,2020,34,5,31,0,1,F,1,2073,5,0,1,1,64,2,89,1,0,0,995,0,0,0,77059,9,9,0,4,2,1,2,5,3,4,1,2,0,0,1,1,0,0,9,1,14,1,5,99,2,4,1,B,7,0,0,0,0,0,0,0,0,0,0,998,998,0,0,0,1,10,999,999,999,9999999,999,0,13,2,0,0,0,0,0,0,998,0.2,120,120,-120,20.4,7.7,22.5,223.387528164507,6,6
21124,32,35,1-32-2021-035-07,7,1,5LMFU27585LJ,17,464,1814,7,0,13,421,2005,15,3,15,0,1,F,1,2619,5,9999,9,0,998,5,64,1,0,0,995,0,0,0,75210,9,9,2,4,2,1,1,1,1,1,0,2,0,0,1,1,1,2,9,0,1,2,17,99,1,1,5,L,88,0,0,0,0,0,0,0,0,0,0,215,120,0,0,0,1,3,4,-4,-1,3908,998,-39,6,0,4,95,95,95,95,0,995,9.8,998,998,998,99.8,99.8,99.8,3128.34149462735,7,6
21124,32,35,1-32-2021-035-07,7,2,3N1AB7AP2GY2,17,478,1907,13,0,35,43,2016,4,1,3,0,1,L,1,1306,5,0,1,1,26,2,64,1,0,0,995,0,0,0,75210,2,9,2,1,3,2,1,1,1,1,3,3,0,0,1,1,1,2,9,0,1,4,66,1,1,1,5,L,89,0,0,0,0,0,0,0,0,0,0,120,215,0,0,0,1,3,8,-1,8,10336,998,-214,7,0,4,0,0,0,0,0,995,9.8,998,998,998,99.8,99.8,99.8,3128.34149462735,7,6
21124,32,35,1-32-2021-035-07,7,3,1G1ZS52F35F2,17,467,1834,13,0,20,37,2005,4,1,3,0,1,L,9,1440,5,9999,9,0,998,5,64,1,0,0,995,0,0,0,75149,9,9,2,1,4,1,1,1,1,1,0,3,0,0,1,1,1,2,9,0,1,4,60,99,1,1,6,M,98,0,0,0,0,0,0,0,0,0,0,120,95,0,0,0,2,0,999,999,999,9999999,999,999,999,9,0,95,95,95,95,0,995,9.8,998,998,998,99.8,99.8,99.8,3128.34149462735,7,6
21125,22,29,1-22-2021-029-03,3,1,1C4NJDBB6GD5,17,483,1946,7,0,2,1,2016,6,1,2,0,1,F,1,1479,5,9999,9,0,998,5,40,1,0,0,995,0,0,0,99403,9,9,2,4,2,1,2,1,1,1,0,0,0,0,1,1,2,2,9,0,1,2,17,99,1,1,5,L,86,0,0,0,0,0,0,0,0,0,0,350,80,0,0,0,1,3,6,-5,2,2251,998,68,5,0,4,95,95,95,95,0,995,9.8,998,998,998,99.8,99.8,99.8,100.736335780272,12,6
21125,22,29,1-22-2021-029-03,3,2,KNDMB5C18K65,17,499,2740,2,0,63,441,2019,20,4,20,0,1,R,1,2079,5,0,1,1,9,2,40,1,0,0,995,0,0,0,99403,1,2,2,4,2,1,2,1,1,1,0,0,0,0,1,1,0,0,1,0,1,4,66,9,1,1,5,L,87,0,0,0,0,0,0,0,0,0,0,80,350,0,1,0,1,3,4,-1,-4,5003,998,241,4,0,4,1,1,0,4,0,995,9.8,998,998,998,99.8,99.8,99.8,100.736335780272,12,6
21126,22,30,1-22-2021-030-04,4,1,1GKKNUL43LZ1,17,472,1855,7,0,23,423,2020,15,3,15,0,1,L,1,1923,5,100,2,3,20,2,80,1,0,0,995,0,0,0,99130,1,2,0,4,2,1,4,3,2,1,0,0,0,0,1,4,0,0,3,1,14,1,6,4,2,4,1,B,7,1,1,2,2,2,4,42,4,2,8,997,997,0,0,0,2,6,999,999,999,9999999,999,999,999,6,0,1,1,0,4,3,997,0.0,15,15,120,2.9,0.3,2.9,58.8707276474262,12,6
21127,22,31,1-22-2021-031-08,8,1,4T1BG12K0TU7,17,448,2469,13,0,49,40,1996,4,1,2,0,1,T,2,1365,5,9999,9,4,54,2,105,1,0,1,0,2,0,2,83501,9,9,1,1,1,1,2,1,3,1,1,2,0,0,4,1,0,0,9,1,14,2,12,99,3,4,1,B,7,1,5,2,2,1,4,61,1,2,57,997,997,0,0,0,3,6,999,999,999,9999999,999,999,999,7,0,5,35,1,3,3,997,9.9,4,4,70,99.9,99.9,99.9,50.4369918465144,12,6
21128,19,38,1-19-2021-038-08,8,1,1D7HA16NX2J1,17,476,1938,60,0,7,482,2002,34,5,31,0,1,F,2,2041,5,0,1,1,8,2,72,1,0,0,995,0,0,0,35954,1,9,0,4,2,1,2,1,1,4,1,2,0,0,1,1,0,0,9,1,1,2,13,1,1,4,1,A,1,0,0,0,0,0,0,0,0,0,0,998,998,0,1,0,1,1,33,-33,0,89908,998,0,33,0,4,3,19,1,3,0,998,0.2,12,116,-42,25.6,26.0,3.3,117.558391562612,9,6
21128,19,38,1-19-2021-038-08,8,2,999999999999,99,467,11483,60,0,20,471,9999,34,5,30,0,2,R,9,9999,9,9999,9,0,998,,,,,,,,,,,,,,,,,,,,,,,,,,,,,,,,,,,,,,,,,,,,,,,,,,,,,,,,,,,,,,,,,,95,95,95,95,,,,,,,,,,117.558391562612,9,6
21129,19,39,1-19-2021-039-09,9,1,JT2AC52L4V02,17,448,3644,13,0,49,38,1997,2,1,1,0,1,F,1,921,5,0,1,1,6,2,72,1,0,0,995,0,0,0,35903,1,9,1,3,1,1,2,1,1,1,1,2,0,0,1,1,2,2,2,0,11,2,15,1,1,1,4,K,82,0,0,0,0,0,0,0,0,0,0,285,45,0,0,0,1,3,15,-15,3,8546,998,75,13,0,4,1,1,0,4,0,995,9.8,998,998,998,99.8,99.8,99.8,697.496489636654,9,6
21129,19,39,1-19-2021-039-09,9,2,5GADS13S1423,17,468,4954,7,0,18,402,2004,14,3,14,0,1,R,1,2099,5,9999,9,0,998,5,72,1,0,0,995,0,0,0,35904,9,9,1,1,2,1,2,1,2,1,1,3,0,0,1,1,0,0,9,0,14,4,67,99,1,1,4,K,83,0,0,0,0,0,0,0,0,0,0,45,285,0,0,0,1,3,7,-4,-5,7825,998,73,9,0,4,95,95,95,95,0,995,9.8,998,998,998,99.8,99.8,99.8,697.496489636654,9,6
21130,19,40,1-19-2021-040-04,4,1,1G11Z5SA3KU1,17,467,1833,13,0,20,2,2019,4,1,4,0,1,F,1,1661,5,9999,9,0,998,5,40,1,0,0,995,0,0,0,36265,9,9,2,4,4,2,2,1,1,1,3,2,0,0,1,1,1,2,9,0,1,2,17,1,1,1,5,L,88,0,0,0,0,0,0,0,0,0,0,305,215,0,0,0,1,3,9,-9,-2,4202,998,-38,8,0,4,95,95,95,95,0,995,9.8,998,998,998,99.8,99.8,99.8,379.88300325224,9,6
21130,19,40,1-19-2021-040-04,4,2,1GKS1CKJ0HR1,17,472,1859,7,0,23,421,2017,15,3,15,0,1,L,1,2606,5,0,1,1,6,2,40,1,0,0,995,0,0,0,35903,1,2,2,4,3,1,2,1,1,1,0,1,0,0,1,1,1,2,1,0,1,4,66,1,1,1,5,L,89,0,0,0,0,0,0,0,0,0,0,215,305,0,0,0,1,3,6,-1,6,6821,998,113,7,0,4,0,0,0,0,0,995,9.8,998,998,998,99.8,99.8,99.8,379.88300325224,9,6
21131,19,41,1-19-2021-041-03,3,1,4T1BF1FK5CU0,17,448,2469,13,0,49,40,2012,4,1,3,0,1,F,1,1441,5,9999,9,0,998,5,72,1,0,0,995,0,0,0,35954,9,9,2,5,4,1,2,1,1,1,1,2,0,0,1,1,0,0,9,0,1,3,52,4,1,1,2,D,28,0,0,0,0,0,0,0,0,0,0,95,110,0,0,0,1,3,8,-6,-5,5568,998,-133,7,0,4,95,95,95,95,0,995,9.8,998,998,998,99.8,99.8,99.8,111.871080208057,9,6