CASEID,PSU,CASENO,CASENUMBER,CATEGORY,VEHNO,VIN,VINLENGTH,VPICMAKE,VPICMODEL,VPICBODYCLASS,ICFINALBODY,MAKE,MODEL,MODELYR,BODYTYPE,BODYCAT,VEHCLASS,SPECUSE,TRANSTAT,DAMPLANE,DAMSEV,CURBWT,CURBSRC,CARGOWT,CARGOSRC,INSPTYPE,INSPLAG,TOWED,SPEEDLIMIT,DRPRESENT,PARALCOHOL,ALCTEST,ALCTESTRESULT,ALCTESTSRC,PARDRUG,DRUGTEST,ZIP,RACE,ETHNICITY,RELTOJUNCT,TRAFFLOW,RDLANES,INITLANE,SURFTYPE,SURFCOND,ALIGNMENT,PROFILE,LINERIGHT,LINELEFT,RUMBINIT,RUMBROAD,LIGHTCOND,WEATHER,TRAFDEV,TRAFFUNCT,DISTRACT,PREFHE,PREMOVE,CRITCAT,CRITEVENT,MANEUVER,PRESTAB,PRELOC,CRASHCAT,CRASHCONF,CRASHTYPE,ROLLTYPE,ROLLTURN,ROLLINTRPT,ROLLPREMAN,ROLLINITYP,ROLLINLOC,ROLLOBJ,ROLLTRIP,ROLLDIR,ROLLDIST,DVANGTHIS,DVANGOTH,TOWHITCH,TRAJDOC,TREEPOLE,DVEVENT,DVBASIS,DVTOTAL,DVLONG,DVLAT,DVENERGY,DVSPEED,DVMOMENT,DVBES,DVEST,DVCONF,VAIS,VISS,VINJURED,VTREAT,INITOBJCLASS,HEADANGLECAT,SHLDRWIDTH,STRKLENGTH,STRKWIDTH,STRKHEIGHT,EDGEDISTX,EDGEDISTY,EDGEDISTZ,CASEWGT,PSUSTRAT,VERSION
21177,16,20,1-16-2021-020-05,5,2,1G1ZH57B1941,17,467,1834,13,0,20,37,2009,4,1,4,0,1,F,2,1569,5,0,1,1,16,2,56,1,0,0,995,0,0,0,45230,9,9,2,4,4,2,2,1,1,1,3,2,0,0,3,1,1,2,1,0,1,4,66,1,1,1,5,L,86,0,0,0,0,0,0,0,0,0,0,250,355,0,0,0,1,1,33,-29,17,167083,998,88,42,0,4,0,0,0,4,0,995,9.9,999,999,999,0.0,0.0,0.0,53.0891517925347,5,6
21179,73,22,1-73-2021-022-09,9,1,1GTEK19R3WE5,17,472,1857,60,0,23,481,1998,34,5,31,0,1,F,2,2291,5,0,1,1,12,2,72,1,8,1,0,2,1,1,04937,9,9,0,4,2,1,2,1,1,1,0,0,0,0,1,1,0,0,1,1,1,2,13,99,1,4,1,A,1,0,0,0,0,0,0,0,0,0,0,998,998,0,0,1,2,11,999,999,999,9999999,999,999,999,7,0,2,6,0,3,0,998,0.0,999,999,999,99.9,99.9,99.9,127.962317724046,3,6
21181,25,22,1-25-2021-022-03,3,1,5NPD84LF2LH5,17,498,2735,13,0,55,35,2020,4,1,3,0,1,L,1,1280,5,0,1,1,7,2,40,1,8,0,995,0,7,0,04101,9,9,2,4,2,1,2,1,1,4,0,2,0,0,1,1,2,2,9,0,11,2,15,99,1,1,4,K,82,0,0,0,0,0,0,0,0,0,0,220,350,0,0,0,1,3,12,-8,9,16665,998,-136,12,0,4,99,99,0,5,0,995,9.8,998,998,998,99.8,99.8,99.8,163.695199894002,2,6
21181,25,22,1-25-2021-022-03,3,2,JM3KE2CE5D01,17,473,2369,7,0,41,403,2013,14,3,14,0,1,F,1,1553,5,9999,9,0,998,5,40,1,0,0,995,0,7,0,66206,9,9,2,1,2,1,2,1,1,1,1,2,0,0,1,1,0,0,1,0,1,4,67,99,1,1,4,K,83,0,0,0,0,0,0,0,0,0,0,350,220,0,0,0,1,3,11,-11,0,6300,998,0,10,0,4,95,95,95,95,0,995,9.8,998,998,998,99.8,99.8,99.8,163.695199894002,2,6
21182,25,23,1-25-2021-023-06,6,1,1C6RR7FT5ES2,17,496,13620,60,0,7,482,2014,34,5,31,0,1,F,1,2407,5,0,1,1,27,2,64,1,8,0,995,0,7,0,04072,9,9,0,4,2,1,2,1,2,1,1,2,0,0,1,1,0,0,3,1,14,2,10,1,1,2,3,I,64,0,0,0,0,0,0,0,0,0,0,998,998,0,1,5,2,10,999,999,999,9999999,999,-14,13,2,0,1,1,0,5,0,998,0.2,42,42,999,0.6,4.1,4.2,288.903327070469,2,6
21182,25,23,1-25-2021-023-06,6,2,1FAFP34N37W3,17,460,1779,13,0,12,37,2007,4,1,2,0,1,T,1,1196,5,9999,9,4,13,2,64,1,8,0,995,0,7,0,04092,9,9,0,4,2,1,2,1,3,1,1,2,0,0,1,1,0,0,1,1,14,4,62,8,1,4,3,I,65,1,2,2,6,1,4,61,1,1,10,997,997,0,1,0,3,6,999,999,999,9999999,999,999,999,6,0,0,0,0,0,3,997,0.9,120,120,120,17.9,2.7,18.5,288.903327070469,2,6
21183,52,39,1-52-2021-039-03,3,1,4T1BF1FK7HU7,17,448,2469,13,0,49,40,2017,4,1,4,0,1,L,1,1467,5,0,1,1,16,2,56,1,0,0,995,0,0,0,59102,9,9,3,4,2,1,2,1,1,1,0,0,0,0,1,1,2,2,9,0,11,2,15,2,1,1,4,K,82,0,0,0,0,0,0,0,0,0,0,180,270,0,0,0,1,3,8,-1,8,6117,998,116,8,0,4,99,99,0,99,0,995,9.8,998,998,998,99.8,99.8,99.8,24.2798019475904,12,6
21183,52,39,1-52-2021-039-03,3,2,1GNEK13Z06J1,17,467,1852,7,0,20,421,2006,15,3,15,0,1,F,1,2258,5,9999,9,0,998,5,56,1,0,0,995,0,0,0,59106,9,9,3,5,5,2,2,1,1,1,3,2,0,0,1,1,0,0,9,0,1,4,67,99,1,1,4,K,83,0,0,0,0,0,0,0,0,0,0,270,180,0,0,0,1,3,5,-5,-1,2313,998,-41,5,0,4,95,95,95,95,0,995,9.8,998,998,998,99.8,99.8,99.8,24.2798019475904,12,6
21184,52,40,1-52-2021-040-04,4,1,1G4CW52KXSH6,17,468,8841,13,0,18,3,1995,4,1,4,0,1,F,1,1609,5,9999,9,0,998,5,56,1,0,0,995,0,0,0,59489,9,9,2,4,5,1,2,1,1,1,0,1,0,0,1,1,1,2,9,0,1,2,17,1,1,1,5,L,88,0,0,0,0,0,0,0,0,0,0,270,180,0,0,0,1,3,4,-3,-2,1379,998,-107,4,0,4,95,95,95,95,0,995,9.8,998,998,998,99.8,99.8,99.8,73.4008701336891,12,6
21184,52,40,1-52-2021-040-04,4,2,3VW5DAAT1JM5,17,482,8119,1,0,30,47,2018,1,1,2,0,1,L,1,1463,5,0,1,1,12,2,40,1,0,0,995,0,0,0,59102,9,9,2,4,3,1,2,1,1,1,0,1,0,0,1,1,1,2,9,0,1,4,66,1,1,1,5,L,89,0,0,0,0,0,0,0,0,0,0,180,270,0,0,0,1,3,4,-2,3,2869,998,-183,4,0,4,0,0,0,0,0,995,9.8,998,998,998,99.8,99.8,99.8,73.4008701336891,12,6
21185,52,41,1-52-2021-041-06,6,1,JF2SHBDC1CH4,17,523,2234,7,0,48,401,2012,14,3,14,0,1,F,1,1570,5,0,1,1,7,2,56,1,9,9,998,8,9,9,59101,9,9,2,4,2,1,2,1,1,1,0,0,0,0,1,8,2,2,9,0,1,2,17,99,1,1,5,L,86,0,0,0,0,0,0,0,0,0,0,10,90,0,0,0,1,1,14,-12,7,22055,998,87,16,0,4,1,2,0,6,0,995,9.8,998,998,998,99.8,99.8,99.8,49.3785448562014,12,6
21185,52,41,1-52-2021-041-06,6,2,1GTG6CE35F11,17,472,4093,60,0,23,472,2015,34,5,31,0,1,R,1,2001,5,0,1,1,7,2,56,1,0,0,995,0,0,0,59101,9,9,2,5,5,2,2,1,1,1,3,2,0,0,1,8,0,0,9,0,1,4,66,1,1,1,5,L,87,0,0,0,0,0,0,0,0,0,0,90,10,0,0,0,1,1,11,-4,-10,8300,998,-82,9,0,4,2,4,0,4,0,995,9.8,998,998,998,99.8,99.8,99.8,49.3785448562014,12,6
21186,52,42,1-52-2021-042-09,9,1,1GKFK66UX2J1,17,472,4579,7,0,23,431,2002,16,3,16,0,1,F,1,2601,5,150,1,2,34,5,56,1,9,0,995,0,9,0,99999,9,9,2,4,2,1,4,5,1,1,0,0,0,0,3,1,2,2,9,0,11,2,15,99,9,1,4,K,82,0,0,0,0,0,0,0,0,0,0,70,180,0,0,0,1,1,14,-13,5,21375,998,79,13,0,4,95,95,95,95,0,995,9.8,998,998,998,99.8,99.8,99.8,144.95502075697,12,6
21186,52,42,1-52-2021-042-09,9,2,2GTEK13Z5613,17,472,1857,60,0,23,481,2006,34,5,31,0,1,R,1,2397,5,0,1,1,33,2,56,1,0,0,995,0,0,0,59105,9,9,2,5,3,1,2,5,1,1,1,2,0,0,3,1,0,0,9,0,1,4,67,1,1,1,4,K,83,0,0,0,0,0,0,0,0,0,0,180,70,0,0,0,1,1,15,-10,-12,35774,998,106,16,0,4,99,99,0,8,0,995,9.8,998,998,998,99.8,99.8,99.8,144.95502075697,12,6
21187,24,38,1-24-2021-038-06,6,1,3FADP4EJ7FM1,17,460,3267,5,0,12,32,2015,5,1,1,0,1,F,2,1244,5,9999,9,0,998,2,80,1,0,0,995,0,0,0,08021,9,9,3,4,4,2,2,1,1,1,1,3,0,0,1,1,0,0,1,0,1,4,72,99,1,1,4,K,83,0,0,0,0,0,0,0,0,0,0,305,215,0,0,0,1,3,36,-31,-18,61349,998,-93,27,0,4,99,99,0,0,0,995,9.8,998,998,998,99.8,99.8,99.8,237.625735358055,1,6
21187,24,38,1-24-2021-038-06,6,2,JF2GPACCXD28,17,523,2236,7,0,48,403,2013,14,3,14,0,1,L,2,1425,5,0,1,1,10,2,0,1,0,1,0,2,0,0,08230,1,2,3,3,1,1,2,1,1,1,0,0,0,0,1,1,0,0,2,0,11,2,15,99,1,1,4,K,82,0,0,0,0,0,0,0,0,0,0,215,305,0,0,0,1,3,30,-15,26,113558,998,-64,39,0,4,4,48,2,3,0,995,9.8,998,998,998,99.8,99.8,99.8,237.625735358055,1,6
21188,10,35,1-10-2021-035-07,7,1,JTKKT6247501,17,448,2206,5,0,49,48,2005,5,1,1,0,1,L,2,1080,8,0,1,1,15,2,89,1,0,0,995,0,0,0,45403,9,9,1,2,3,1,2,2,2,1,1,3,2,3,3,2,0,0,1,1,14,2,10,99,9,2,2,F,48,0,0,0,0,0,0,0,0,0,0,170,190,0,0,0,4,5,999,999,999,9999999,999,999,999,7,0,0,0,0,0,0,995,3.2,999,999,999,0.0,0.0,0.0,483.952711267691,4,6
21188,10,35,1-10-2021-035-07,7,2,JF2SJADC4FH4,17,523,2234,7,0,48,401,2015,14,3,14,0,1,R,1,1498,5,0,1,1,6,3,89,1,0,0,995,0,0,0,45342,9,9,1,2,3,2,2,2,2,1,3,3,0,3,3,2,0,0,1,0,14,4,61,99,9,1,2,F,48,0,0,0,0,0,0,0,0,0,0,190,340,0,0,0,1,12,999,999,999,9999999,999,999,999,6,0,0,0,0,0,0,995,9.8,998,998,998,99.8,99.8,99.8,483.952711267691,4,6
21188,10,35,1-10-2021-035-07,7,3,1XPHD49X89D7,17,495,2049,66,0,87,881,2009,66,8,68,0,1,F,9,,,,,,,5,89,1,0,0,995,0,0,0,37811,9,9,1,2,3,1,2,2,2,1,2,3,2,3,3,2,0,0,1,0,14,4,60,99,9,1,6,M,98,,,,,,,,,,,,,,,,,,,,,,,,,,,95,95,95,95,,,9.8,998,998,998,99.8,99.8,99.8,483.952711267691,4,6
21189,10,36,1-10-2021-036-02,2,1,ML32A4HJ6HH0,17,481,2342,5,0,52,48,2017,5,1,1,0,1,T,2,940,5,0,1,5,10,2,89,1,0,0,995,0,1,0,45426,9,9,0,4,2,1,2,1,2,1,1,2,0,0,1,1,0,0,1,1,14,2,12,99,3,4,1,B,7,1,8,2,2,1,4,61,1,2,999,997,997,0,0,0,2,6,999,999,999,9999999,999,999,999,7,0,1,1,0,4,3,997,3.0,999,999,999,99.9,99.9,99.9,26.851505719263,4,6
21191,10,38,1-10-2021-038-07,7,1,2G1WG5E30D12,17,467,1833,13,0,20,2,2013,4,1,4,0,1,F,1,1613,5,0,1,1,16,3,56,1,1,8,997,8,1,3,47331,9,9,2,4,5,2,2,2,1,1,3,1,0,0,1,2,1,2,9,0,1,3,52,1,1,1,2,D,28,0,0,0,0,0,0,0,0,0,0,320,320,0,0,0,1,3,20,-20,0,33799,998,-35,22,0,4,0,0,0,0,0,995,9.8,998,998,998,99.8,99.8,99.8,483.952711283348,4,6
21191,10,38,1-10-2021-038-07,7,2,JM1BL1L70D17,17,473,2074,5,0,41,51,2013,5,1,1,0,1,F,2,1043,5,0,1,1,16,2,56,1,0,0,995,0,0,0,45315,9,9,2,4,5,2,2,2,1,1,3,1,0,0,1,2,1,2,1,0,2,3,53,1,1,1,2,D,29,0,0,0,0,0,0,0,0,0,0,310,320,0,0,0,2,3,25,-25,-4,17306,998,-24,20,0,4,0,0,0,0,0,995,9.8,998,998,998,99.8,99.8,99.8,483.952711283348,4,6
21191,10,38,1-10-2021-038-07,7,3,5GAKRDED7CJ1,17,468,1841,7,0,18,24,2012,6,1,5,0,1,B,1,2168,5,9999,9,0,998,5,56,1,0,0,995,0,0,0,45439,9,9,2,4,5,2,2,2,1,1,3,1,0,0,1,2,1,2,1,0,5,3,53,1,1,1,6,M,98,0,0,0,0,0,0,0,0,0,0,320,310,0,0,0,2,3,13,13,0,24671,998,0,17,0,4,95,95,95,95,0,995,9.8,998,998,998,99.8,99.8,99.8,483.952711283348,4,6
21192,23,22,1-23-2021-022-02,2,1,KMHD35LH4EU1,17,498,2735,5,0,55,35,2014,5,1,2,0,1,F,2,1295,5,0,1,1,14,2,89,1,0,1,0,2,0,0,44820,9,9,2,1,3,1,2,1,1,1,1,3,0,0,1,1,1,2,3,0,1,3,50,1,1,1,2,D,20,0,0,0,0,0,0,0,0,0,0,140,140,0,0,0,1,3,28,-28,0,41234,998,0,27,0,4,3,14,1,3,0,995,9.8,998,998,998,99.8,99.8,99.8,66.3082507877633,5,6
21192,23,22,1-23-2021-022-02,2,2,5TDYZ3DC8HS8,17,448,2468,2,0,49,442,2017,20,4,20,0,1,B,1,2010,5,9999,9,4,101,2,89,1,0,0,995,0,0,0,43334,1,2,2,1,3,1,2,1,1,1,1,3,0,0,1,1,1,2,1,0,5,3,53,1,1,1,2,D,21,0,0,0,0,0,0,0,0,0,0,140,140,0,0,0,1,3,19,19,0,31165,998,0,19,0,4,2,5,0,4,0,995,9.8,998,998,998,99.8,99.8,99.8,66.3082507877633,5,6
21193,23,23,1-23-2021-023-03,3,1,3GCUKREC4JG6,17,467,1850,60,0,20,481,2018,34,5,31,0,1,F,2,2394,5,9999,9,4,44,2,56,1,0,1,254,2,0,0,44833,9,9,0,4,2,1,2,1,1,2,1,2,0,0,1,1,0,0,3,1,1,2,10,99,1,2,3,I,64,0,0,0,0,0,0,0,0,0,0,0,210,0,1,0,1,3,27,-27,0,53948,998,0,24,0,4,1,1,0,4,0,995,9.8,998,998,998,99.8,99.8,99.8,1354.15093501868,5,6
21193,23,23,1-23-2021-023-03,3,2,2C4RDGEGXJR3,17,476,14832,2,0,7,442,2018,20,4,20,0,1,L,2,2050,5,0,1,1,17,2,56,1,0,0,995,0,0,0,43338,9,9,0,4,2,1,2,1,1,1,1,4,0,0,1,1,0,0,1,1,1,4,62,4,1,4,3,I,65,0,0,0,0,0,0,0,0,0,0,210,0,0,1,0,1,3,28,-24,14,122202,998,-109,30,0,4,9,97,0,5,0,995,9.8,998,998,998,99.8,99.8,99.8,1354.15093501868,5,6
21194,66,16,1-66-2021-016-08,8,1,1FAHP34N67W1,17,460,1779,13,0,12,37,2007,4,1,2,0,1,F,3,1196,5,0,1,1,27,2,89,1,0,0,995,0,7,0,65706,1,2,0,4,2,1,2,1,1,1,1,2,2,3,2,1,0,0,9,1,1,2,10,99,1,2,3,G,50,0,0,0,0,0,0,0,0,0,0,350,180,0,0,0,1,1,61,-60,11,239851,998,29,67,0,4,3,14,1,3,0,995,9.8,998,998,998,99.8,99.8,99.8,439.53789342084,6,6
21194,66,16,1-66-2021-016-08,8,2,KMHDC8AE4BU0,17,498,2735,15,0,55,35,2011,6,1,3,0,1,F,3,1397,5,0,1,1,27,2,89,1,0,0,995,0,7,0,65769,1,2,0,4,2,1,2,1,1,1,1,4,2,3,2,1,0,0,1,0,1,4,62,2,1,1,3,G,51,0,0,0,0,0,0,0,0,0,0,180,350,0,0,0,1,1,53,-49,18,123105,998,12,46,0,4,3,10,1,3,0,995,9.8,998,998,998,99.8,99.8,99.8,439.53789342084,6,6
21195,66,17,1-66-2021-017-09,9,1,3GCRKTE30AG1,17,467,1850,60,0,20,481,2010,34,5,31,0,1,F,2,2397,5,0,1,1,18,2,89,1,1,9,998,8,7,9,64870,9,9,0,4,2,1,2,2,1,4,1,2,0,0,1,8,0,0,9,1,1,2,13,9,2,4,1,A,2,0,0,0,0,0,0,0,0,0,0,998,998,0,0,1,5,11,999,999,999,9999999,999,999,999,7,0,9,97,0,99,0,998,0.0,120,7,120,22.0,6.2,23.1,2717.53221552641,6,6
21196,28,19,1-28-2021-019-10,10,1,KM8JUCAC5BU1,17,498,2058,7,0,55,402,2011,14,3,14,0,1,F,1,1529,5,0,1,1,24,2,64,1,0,0,995,0,0,0,16912,9,9,0,4,2,1,2,1,2,4,0,2,0,0,2,1,6,2,1,1,14,2,13,99,2,4,1,B,7,0,0,0,0,0,0,0,0,0,0,998,998,0,0,1,1,12,999,999,999,9999999,999,999,999,6,0,0,0,0,0,0,998,0.0,20,41,114,18.8,0.5,18.8,90.0971237582559,3,6
21197,28,20,1-28-2021-020-04,4,1,2G11Z5S38K91,17,467,1833,13,0,20,2,2019,4,1,4,0,1,F,1,1717,5,0,1,1,17,2,89,1,0,0,995,0,0,0,16901,1,2,0,4,2,1,2,1,1,2,1,4,3,3,2,1,0,0,1,0,1,6,87,1,1,1,1,C,13,0,0,0,0,0,0,0,0,0,0,998,998,0,0,0,1,10,999,999,999,9999999,999,-50,21,2,0,0,0,0,0,0,998,9.8,998,998,998,99.8,99.8,99.8,39.3854945609915,3,6
21198,14,17,1-14-2021-017-06,6,1,1FTFW1ET3CFA,17,460,1801,60,0,12,481,2012,34,5,31,0,1,F,1,2522,5,0,1,1,9,2,97,1,0,0,995,0,0,0,78249,1,9,0,5,3,1,2,1,1,4,1,2,0,0,1,1,0,0,9,0,1,3,50,3,1,1,2,D,20,0,0,0,0,0,0,0,0,0,0,140,160,0,0,0,1,3,12,-12,-2,18097,998,-45,13,0,4,0,0,0,0,0,995,9.8,998,998,998,99.8,99.8,99.8,1568.6562384586,8,6
21198,14,17,1-14-2021-017-06,6,2,5XXGT4L33GG0,17,499,2739,13,0,63,34,2016,4,1,4,0,1,B,1,1463,5,0,1,1,8,2,97,1,0,0,995,0,0,0,77015,7,9,0,5,3,1,2,1,1,3,1,2,0,0,1,1,0,0,9,0,5,3,53,99,1,1,2,D,21,0,0,0,0,0,0,0,0,0,0,160,140,0,0,0,1,3,19,19,-3,26718,998,60,19,0,4,1,2,0,4,0,995,9.8,998,998,998,99.8,99.8,99.8,1568.6562384586,8,6
21199,14,18,1-14-2021-018-03,3,1,ML32F4FJ0LHF,17,481,13842,13,0,52,48,2020,4,1,2,0,1,T,2,975,5,0,1,1,9,2,48,1,0,0,995,0,0,0,78070,1,9,0,4,2,1,2,1,3,4,0,0,0,0,2,1,0,0,3,1,14,2,13,99,1,4,1,A,1,1,2,1,2,5,4,31,1,1,3,997,997,0,0,0,2,6,999,999,999,9999999,999,999,999,7,0,99,99,0,0,2,997,0.0,999,7,999,13.2,4.0,13.8,888.814604739004,8,6
21200,13,19,1-13-2021-019-04,4,1,ML32A5HJ6LH0,17,481,2342,5,0,52,48,2020,5,1,1,0,1,F,2,940,5,0,1,1,18,2,48,1,1,1,132,1,7,0,76001,9,1,2,4,4,2,2,1,1,1,1,2,0,0,3,1,1,2,9,0,1,2,17,99,1,1,5,L,88,0,0,0,0,0,0,0,0,0,0,90,0,0,0,0,1,3,32,-16,-27,31815,998,-136,18,0,4,0,0,0,0,0,995,9.8,998,998,998,99.8,99.8,99.8,4265.88239224672,7,6
21200,13,19,1-13-2021-019-04,4,2,1C6RR7KT6DS7,17,496,13620,60,0,7,482,2013,34,5,31,0,1,L,1,2352,5,9999,9,0,998,5,48,1,8,0,995,0,7,0,76123,9,9,2,4,5,1,2,1,1,4,0,3,0,0,3,1,1,2,9,0,1,4,66,99,1,1,5,L,89,0,0,0,0,0,0,0,0,0,0,0,90,0,0,0,1,3,14,-12,7,85385,998,-100,26,0,4,95,95,95,95,0,995,0.0,32,32,120,2.1,0.3,2.1,4265.88239224672,7,6
21201,13,20,1-13-2021-020-04,4,1,JN1BJ1CP9JW1,17,478,17214,5,0,35,51,2018,6,1,3,0,1,R,1,1466,5,0,1,1,27,2,72,1,8,0,995,0,7,0,76248,1,2,2,4,7,3,2,1,3,1,3,3,0,0,1,1,1,2,1,0,14,2,17,10,1,1,5,L,87,0,0,0,0,0,0,0,0,0,0,65,345,0,0,0,1,1,20,-7,-19,21581,998,68,17,0,1,0,0,0,0,0,995,9.8,998,998,998,99.8,99.8,99.8,4265.88239176291,7,6
21201,13,20,1-13-2021-020-04,4,2,2FTRF17214CA,17,460,7331,60,0,12,481,2004,34,5,31,0,1,F,1,1843,5,0,1,1,26,2,48,1,8,0,995,0,7,0,75119,9,1,2,4,3,2,2,1,1,1,1,2,0,0,1,1,1,2,9,0,1,4,66,99,1,1,5,L,86,0,0,0,0,0,0,0,0,0,0,345,65,0,0,0,1,1,15,-13,8,34236,998,103,18,0,1,0,0,0,0,0,995,9.8,998,998,998,99.8,99.8,99.8,4265.88239176291,7,6
21201,13,20,1-13-2021-020-04,4,3,JM3TCADY1J02,17,473,2077,7,0,41,421,2018,15,3,15,0,1,L,9,1837,5,9999,9,0,998,5,72,1,8,0,995,0,7,0,76051,9,9,2,4,7,4,2,1,2,1,3,1,0,0,1,1,1,2,9,0,5,4,62,1,1,1,6,M,98,0,0,0,0,0,0,0,0,0,0,250,245,0,0,0,2,0,999,999,999,9999999,999,999,999,9,0,95,95,95,95,0,995,9.8,998,998,998,99.8,99.8,99.8,4265.88239176291,7,6
21203,18,22,1-18-2021-022-01,1,1,2G4WD5824611,17,468,1821,13,0,18,22,2006,4,1,4,0,1,F,1,1589,5,0,1,5,8,2,89,1,0,0,995,0,0,0,54758,1,9,0,4,2,1,2,1,1,1,0,4,0,0,9,8,0,0,9,1,1,2,13,99,1,4,1,A,1,0,0,0,0,0,0,0,0,0,0,998,998,0,1,0,1,11,999,999,999,9999999,999,999,999,6,0,9,97,0,1,0,998,0.0,5,3,66,19.1,6.0,20.3,62.2666828171456,6,6
21206,32,37,1-32-2021-037-02,2,1,3GCPCREC6JG2,17,467,1850,60,0,20,481,2018,34,5,31,0,1,F,2,2301,5,0,1,1,38,2,113,1,0,1,0,2,0,0,75149,1,9,1,3,1,1,1,1,2,2,1,1,0,0,3,1,0,0,9,1,14,2,12,2,9,4,1,B,6,0,0,0,0,0,0,0,0,0,0,998,998,0,0,0,1,10,999,999,999,9999999,999,-73,37,3,0,2,5,0,4,0,998,1.6,999,999,999,24.4,1.6,24.7,63.5838481341761,7,6
21206,32,37,1-32-2021-037-02,2,2,2C3CDZFJXLH1,17,476,1893,13,0,7,28,2020,2,1,5,0,1,L,1,1891,5,0,1,1,11,2,113,0,7,7,887,6,8,8,99998,8,8,1,3,1,1,1,1,2,9,1,1,0,0,3,1,0,0,0,8,0,8,98,0,0,0,6,M,98,0,0,0,0,0,0,0,0,0,0,290,20,0,0,0,2,3,8,0,8,6944,998,114,8,0,4,0,0,0,0,0,995,9.8,998,998,998,99.8,99.8,99.8,63.5838481341761,7,6
21207,59,12,1-59-2021-012-10,10,1,3B7HC12Y9XG1,17,476,1938,60,0,7,482,1999,34,5,31,0,1,F,1,2105,5,9999,9,1,5,3,48,1,0,0,995,0,0,0,47804,9,9,3,4,2,1,1,2,1,1,0,0,0,0,5,2,0,0,9,0,11,2,15,1,1,1,4,K,76,0,0,0,0,0,0,0,0,0,0,330,270,0,0,0,1,98,999,999,999,9999999,999,999,999,6,0,0,0,0,0,0,995,9.8,998,998,998,99.8,99.8,99.8,7881.85577891408,6,6
21207,59,12,1-59-2021-012-10,10,2,4T3ZA3BBXCU0,17,448,3005,7,0,49,53,2012,5,1,4,0,1,L,9,1790,5,9999,9,0,998,5,48,1,0,0,995,0,0,0,47803,9,9,3,4,3,2,2,2,1,1,1,2,0,0,5,2,0,0,9,0,1,4,70,99,1,1,4,K,77,0,0,0,0,0,0,0,0,0,0,270,330,0,0,0,1,0,999,999,999,9999999,999,999,999,9,0,95,95,95,95,0,995,9.8,998,998,998,99.8,99.8,99.8,7881.85577891408,6,6
21208,31,22,1-31-2021-022-03,3,1,JTEBU5JR8K56,17,448,2216,7,0,49,401,2019,14,3,14,0,1,L,1,2180,5,0,1,1,5,2,89,1,0,0,995,0,0,0,62821,9,9,0,4,2,1,2,1,1,1,1,2,2,3,1,1,0,0,9,0,1,6,87,3,1,1,1,C,13,0,0,0,0,0,0,0,0,0,0,998,998,0,0,0,1,12,999,999,999,9999999,999,999,999,6,0,99,99,0,0,0,998,9.8,998,998,998,99.8,99.8,99.8,284.376013298015,6,6
21209,31,23,1-31-2021-023-06,6,1,2FMGK5C81DBD,17,460,1802,7,0,12,25,2013,6,1,5,0,1,F,1,2027,5,9999,9,4,18,2,89,1,0,0,995,0,0,0,62859,9,9,0,4,2,1,2,2,1,1,1,4,0,0,2,2,0,0,9,1,1,1,9,99,9,4,1,A,2,0,0,0,0,0,0,0,0,0,0,998,998,0,0,0,1,12,999,999,999,9999999,999,999,999,6,0,0,0,0,4,0,998,0.5,5,38,103,15.0,2.3,15.2,578.343833239436,6,6
21210,32,38,1-32-2021-038-07,7,1,1C6RR7PM0GS2,17,496,13620,60,0,7,482,2016,34,5,31,0,1,F,2,2336,5,9999,9,0,998,2,97,1,0,0,995,0,0,0,76064,1,9,1,2,5,4,1,1,1,2,3,3,0,0,1,1,0,0,3,0,1,3,52,1,1,1,2,D,28,0,0,0,0,0,0,0,0,0,0,300,300,0,0,0,1,3,30,-30,0,104578,998,0,33,0,4,0,0,0,0,0,995,9.8,998,998,998,99.8,99.8,99.8,6948.29453892259,7,6
21210,32,38,1-32-2021-038-07,7,2,JN1BJ1CP0KW2,17,478,17214,5,0,35,404,2019,14,3,14,0,1,B,3,1550,5,0,1,2,35,5,97,1,0,0,995,0,0,0,75237,9,9,1,2,5,4,1,1,1,2,3,3,0,0,1,1,0,0,9,0,2,3,53,1,1,1,2,D,29,0,0,0,0,0,0,0,0,0,0,300,300,0,0,0,1,3,47,47,0,113059,998,0,43,0,4,95,95,95,95,0,995,9.8,998,998,998,99.8,99.8,99.8,6948.29453892259,7,6
21212,27,25,1-27-2021-025-02,2,1,JM3KE4BY6G06,17,473,2369,7,0,41,403,2016,14,3,14,0,1,F,1,1556,5,0,1,1,8,2,56,1,1,0,995,0,0,9,01201,1,2,0,4,2,1,2,1,1,1,0,0,0,0,5,1,0,0,9,1,1,2,10,1,1,2,3,I,64,0,0,0,0,0,0,0,0,0,0,120,335,0,0,0,1,1,16,-15,3,15513,998,-10,16,0,4,1,1,0,4,0,995,9.8,998,998,998,99.8,99.8,99.8,20.4752442052452,3,6
21212,27,25,1-27-2021-025-02,2,2,2GNAXSEV7J62,17,467,1847,7,0,20,404,2018,14,3,14,0,1,L,1,1580,5,0,1,1,8,2,56,1,0,0,995,0,0,0,01201,1,2,0,4,2,1,2,1,1,1,0,0,0,0,5,1,0,0,1,0,1,4,62,4,1,1,3,I,65,0,0,0,0,0,0,0,0,0,0,335,120,0,0,0,1,1,15,-10,11,27137,998,-129,15,0,4,3,10,1,4,0,995,9.8,998,998,998,99.8,99.8,99.8,20.4752442052452,3,6