CASEID,PSU,CASENO,CASENUMBER,CATEGORY,VEHNO,VIN,VINLENGTH,VPICMAKE,VPICMODEL,VPICBODYCLASS,ICFINALBODY,MAKE,MODEL,MODELYR,BODYTYPE,BODYCAT,VEHCLASS,SPECUSE,TRANSTAT,DAMPLANE,DAMSEV,CURBWT,CURBSRC,CARGOWT,CARGOSRC,INSPTYPE,INSPLAG,TOWED,SPEEDLIMIT,DRPRESENT,PARALCOHOL,ALCTEST,ALCTESTRESULT,ALCTESTSRC,PARDRUG,DRUGTEST,ZIP,RACE,ETHNICITY,RELTOJUNCT,TRAFFLOW,RDLANES,INITLANE,SURFTYPE,SURFCOND,ALIGNMENT,PROFILE,LINERIGHT,LINELEFT,RUMBINIT,RUMBROAD,LIGHTCOND,WEATHER,TRAFDEV,TRAFFUNCT,DISTRACT,PREFHE,PREMOVE,CRITCAT,CRITEVENT,MANEUVER,PRESTAB,PRELOC,CRASHCAT,CRASHCONF,CRASHTYPE,ROLLTYPE,ROLLTURN,ROLLINTRPT,ROLLPREMAN,ROLLINITYP,ROLLINLOC,ROLLOBJ,ROLLTRIP,ROLLDIR,ROLLDIST,DVANGTHIS,DVANGOTH,TOWHITCH,TRAJDOC,TREEPOLE,DVEVENT,DVBASIS,DVTOTAL,DVLONG,DVLAT,DVENERGY,DVSPEED,DVMOMENT,DVBES,DVEST,DVCONF,VAIS,VISS,VINJURED,VTREAT,INITOBJCLASS,HEADANGLECAT,SHLDRWIDTH,STRKLENGTH,STRKWIDTH,STRKHEIGHT,EDGEDISTX,EDGEDISTY,EDGEDISTZ,CASEWGT,PSUSTRAT,VERSION
21393,26,39,1-26-2021-039-05,5,1,2C3CDXBG0GH1,17,476,1895,13,0,7,24,2016,4,1,5,0,1,F,3,1785,5,0,1,1,51,2,64,1,9,1,209,2,0,1,95827,9,1,0,4,2,1,2,1,2,1,1,4,0,0,3,1,0,0,9,1,14,2,12,99,1,4,1,B,6,1,6,2,4,1,2,61,1,1,30,998,998,0,1,1,4,11,999,999,999,9999999,999,999,999,8,0,3,17,1,3,3,998,2.6,120,14,15,0.0,0.0,0.0,53.3098509135707,10,6
21394,26,40,1-26-2021-040-06,6,1,5FNRL5H96CB1,17,474,1869,2,0,37,441,2012,20,4,20,0,1,F,1,2070,5,0,1,1,33,2,72,1,9,1,0,2,9,1,95363,1,9,2,1,5,2,2,1,1,1,1,3,0,0,3,1,1,2,3,0,1,2,17,1,1,1,4,K,83,0,0,0,0,0,0,0,0,0,0,325,230,0,0,0,1,3,14,-13,-5,12190,998,-18,12,0,4,1,1,0,4,0,995,9.8,998,998,998,99.8,99.8,99.8,652.064234447579,10,6
21394,26,40,1-26-2021-040-06,6,2,2HNYD28358H5,17,475,2147,7,0,54,421,2008,15,3,15,0,1,L,1,2064,5,9999,9,4,32,2,72,1,0,0,995,0,0,0,95827,3,9,2,1,4,3,2,1,1,1,1,1,0,0,3,1,1,2,1,0,11,4,66,1,1,1,4,K,82,0,0,0,0,0,0,0,0,0,0,230,325,0,0,0,1,3,13,-6,11,20480,998,-64,14,0,4,99,99,0,99,0,995,9.8,998,998,998,99.8,99.8,99.8,652.064234447579,10,6
21395,26,41,1-26-2021-041-05,5,1,1HGCR2F87GA0,17,474,1861,13,0,37,32,2016,4,1,4,0,1,F,1,1496,5,0,1,1,8,2,105,1,0,0,995,0,0,0,95762,1,9,0,2,4,2,2,1,1,9,3,3,0,1,1,1,0,0,1,0,1,3,52,2,2,1,2,D,28,0,0,0,0,0,0,0,0,0,0,90,90,0,0,0,1,1,19,-19,0,12606,998,6,14,0,3,1,1,0,4,0,995,9.8,998,998,998,99.8,99.8,99.8,33.8309538886088,10,6
21395,26,41,1-26-2021-041-05,5,2,2HKRM3H3XDH5,17,474,1865,7,0,37,402,2013,14,3,14,0,1,B,1,1500,5,0,1,1,28,2,105,1,0,0,995,0,0,0,95660,1,9,0,2,4,2,2,1,1,9,3,3,0,1,1,1,0,0,1,0,2,3,53,1,1,1,2,D,29,0,0,0,0,0,0,0,0,0,0,90,90,0,0,0,1,1,19,19,0,32366,998,6,23,0,3,0,0,0,0,0,995,9.8,998,998,998,99.8,99.8,99.8,33.8309538886088,10,6
21395,26,41,1-26-2021-041-05,5,3,JTNB11HK5J30,17,448,2469,13,0,49,40,2018,4,1,4,0,1,B,9,1470,5,9999,9,0,998,5,105,1,0,0,995,0,0,0,95682,9,9,0,2,4,2,2,1,1,9,3,3,0,1,1,1,0,0,1,0,2,3,53,1,1,1,6,M,98,0,0,0,0,0,0,0,0,0,0,90,90,0,0,0,2,0,999,999,999,9999999,999,999,999,9,0,95,95,95,95,0,995,9.8,998,998,998,99.8,99.8,99.8,33.8309538886088,10,6
21396,19,50,1-19-2021-050-08,8,1,1FMCU0C74AKC,17,460,1798,7,0,12,402,2010,14,3,14,0,1,T,2,1540,5,47,1,1,3,2,113,1,9,1,0,2,9,2,30120,2,9,0,1,2,1,2,1,3,1,1,3,2,3,5,1,0,0,9,1,14,2,13,1,1,4,1,A,1,1,2,2,2,1,4,61,1,2,15,997,997,0,0,0,3,6,999,999,999,9999999,999,999,999,7,0,1,2,0,3,3,997,3.1,120,120,120,34.9,33.2,49.6,144.775935827217,9,6
21397,19,51,1-19-2021-051-06,6,1,1FTPW12V58FA,17,460,1801,60,0,12,481,2008,34,5,31,0,1,R,1,2363,5,163,1,1,6,2,40,1,0,0,995,0,0,0,35905,1,9,2,4,3,1,2,2,1,1,0,1,0,0,1,8,1,2,9,0,1,2,17,99,1,1,5,L,87,0,0,0,0,0,0,0,0,0,0,205,130,0,1,0,1,1,12,-4,-11,16653,998,-107,11,0,1,0,0,0,0,0,995,9.8,998,998,998,99.8,99.8,99.8,280.190705466206,9,6
21397,19,51,1-19-2021-051-06,6,2,2FMTK3APXFBB,17,460,1797,7,0,12,24,2015,6,1,4,0,1,F,1,1774,5,0,1,1,28,2,40,1,0,0,995,0,0,0,35901,1,2,2,4,4,2,2,2,2,1,3,2,0,0,1,8,1,2,3,0,14,4,66,8,1,1,5,L,86,0,0,0,0,0,0,0,0,0,0,130,205,0,1,0,1,1,17,-14,8,26481,998,60,18,0,1,1,1,0,4,0,995,0.0,80,15,70,0.0,0.0,0.0,280.190705466206,9,6
21398,19,52,1-19-2021-052-05,5,1,SALVP2BG0GH1,17,444,2244,7,0,62,404,2016,14,3,14,0,1,F,2,1770,5,0,1,1,29,2,89,1,1,1,93,2,1,2,35906,1,9,0,4,2,1,2,1,3,1,1,2,0,0,3,1,0,0,9,1,14,2,12,99,1,4,1,B,6,1,4,1,2,2,4,60,4,1,18,998,998,0,1,0,2,12,999,999,999,9999999,999,999,999,7,0,4,18,1,3,3,998,0.6,999,999,999,3.1,0.8,3.1,47.5090336657469,9,6
21399,19,53,1-19-2021-053-06,6,1,1GNKRFKD8FJ1,17,467,1853,7,0,20,423,2015,15,3,15,0,1,F,2,2107,5,0,1,1,3,2,80,1,1,1,150,1,0,0,35901,9,1,0,4,2,1,2,1,1,1,1,4,0,0,3,1,0,0,3,1,1,2,12,1,1,4,1,B,6,0,0,0,0,0,0,0,0,0,0,998,998,0,1,0,4,1,29,-29,5,78404,998,40,29,0,4,3,10,1,3,0,998,0.2,120,83,-60,22.7,2.1,23.1,280.19070552028,9,6
21400,20,30,1-20-2021-030-09,9,1,JTKDE1771500,17,448,2207,5,0,49,50,2005,3,1,3,0,1,T,1,1347,5,0,1,1,10,2,105,1,1,1,252,2,0,1,93906,1,1,0,2,2,2,2,1,1,1,3,2,1,3,2,1,0,0,1,1,1,2,12,99,4,4,1,B,7,1,3,2,2,1,4,61,1,1,999,997,997,0,0,0,1,6,999,999,999,9999999,999,999,999,6,0,2,5,0,4,3,997,9.8,998,998,998,99.8,99.8,99.8,706.609200904575,11,6
21403,15,41,1-15-2021-041-03,3,1,4S3BNAN64K30,17,523,2232,13,0,48,34,2019,4,1,3,0,1,F,9,1543,5,9999,9,4,21,2,64,1,8,9,998,8,7,9,11753,1,2,0,3,2,2,2,1,1,1,3,2,0,0,1,1,0,0,3,1,1,2,12,1,1,4,1,B,6,0,0,0,0,0,0,0,0,0,0,998,998,0,0,1,1,12,999,999,999,9999999,999,999,999,9,0,1,1,0,4,0,998,2.2,999,999,999,14.9,2.8,15.1,22.8505985566956,1,6
21405,21,53,1-21-2021-053-03,3,1,999999999999,99,478,1907,13,0,35,43,2020,4,1,3,0,1,F,1,1399,8,9999,9,0,998,2,105,1,0,0,995,0,0,0,92405,9,1,0,2,4,98,1,1,1,9,0,2,0,0,2,1,0,0,9,1,1,2,10,99,1,2,3,I,66,0,0,0,0,0,0,0,0,0,0,250,95,0,0,0,1,3,9,-9,-2,3540,998,-37,8,0,4,0,0,0,0,0,995,9.8,998,998,998,99.8,99.8,99.8,290.792535063055,11,6
21405,21,53,1-21-2021-053-03,3,2,5YFBURHE2JP8,17,448,2208,13,0,49,32,2018,4,1,3,0,1,L,1,1302,8,0,1,1,34,2,105,1,0,0,995,0,0,0,92376,2,9,0,2,4,3,1,1,1,9,3,3,0,0,2,1,0,0,1,0,1,4,62,1,1,1,3,I,66,0,0,0,0,0,0,0,0,0,0,95,250,0,0,0,1,3,10,-9,3,8213,998,-80,11,0,4,1,1,0,99,0,995,9.8,998,998,998,99.8,99.8,99.8,290.792535063055,11,6
21406,21,54,1-21-2021-054-06,6,1,4T1BF1FK2FU8,17,448,2469,13,0,49,40,2015,4,1,4,0,1,L,1,1467,5,0,2,5,41,2,40,1,0,0,995,0,0,0,92404,9,1,2,4,2,1,2,1,1,1,0,0,0,0,1,1,2,2,2,0,11,2,15,1,1,1,4,K,82,0,0,0,0,0,0,0,0,0,0,70,190,0,0,0,1,3,10,-9,5,11194,998,-51,13,0,4,1,1,0,4,0,995,9.8,998,998,998,99.8,99.8,99.8,586.160181665732,11,6
21406,21,54,1-21-2021-054-06,6,2,1G2ZG5587641,17,536,4263,13,0,22,22,2006,4,1,4,0,1,F,1,1486,5,9999,9,0,998,2,64,1,0,0,995,0,0,0,92404,9,1,2,4,4,2,2,1,1,1,1,3,0,0,1,1,0,0,1,0,1,4,67,99,1,1,4,K,83,0,0,0,0,0,0,0,0,0,0,190,70,0,0,0,1,3,10,-8,-5,4805,998,-105,7,0,4,0,0,0,4,0,995,0.0,120,15,12,0.0,0.0,0.0,586.160181665732,11,6
21408,15,43,1-15-2021-043-07,7,1,3VW2K7AJXDM3,17,482,3137,13,0,30,40,2013,4,1,3,0,1,F,9,1441,5,9999,9,4,69,2,32,1,8,9,998,8,7,9,11428,9,9,2,4,2,1,2,1,1,1,1,2,0,0,1,8,1,2,9,0,1,3,50,99,1,1,2,D,20,0,0,0,0,0,0,0,0,0,0,290,290,0,0,0,1,12,999,999,999,9999999,999,999,999,9,0,0,0,0,0,0,995,9.8,998,998,998,99.8,99.8,99.8,70.004696414624,1,6
21408,15,43,1-15-2021-043-07,7,2,1C4RJFCT2LC1,17,483,1949,7,0,2,422,2020,15,3,15,0,1,B,9,2261,5,9999,9,0,998,5,32,1,8,9,998,8,7,9,11797,9,9,2,4,2,1,2,1,1,1,1,2,0,0,1,8,1,2,9,0,5,3,53,99,1,1,2,D,21,0,0,0,0,0,0,0,0,0,0,290,290,0,0,0,1,0,999,999,999,9999999,999,999,999,9,0,95,95,95,95,0,995,9.8,998,998,998,99.8,99.8,99.8,70.004696414624,1,6
21409,15,44,1-15-2021-044-07,7,1,5N1DL0MM0HC5,17,480,1910,8,0,58,403,2017,14,3,14,0,1,F,9,2077,5,9999,9,4,17,2,48,1,8,9,998,8,7,9,11771,9,9,0,4,2,1,2,1,2,1,0,2,0,0,3,1,0,0,9,1,14,2,13,99,1,4,1,A,1,0,0,0,0,0,0,0,0,0,0,998,998,0,0,4,1,12,999,999,999,9999999,999,999,999,9,0,0,0,0,0,0,998,0.0,30,30,110,3.8,1.8,4.2,70.004696414624,1,6
21410,52,54,1-52-2021-054-06,6,1,1HGCG66501A0,17,474,1861,13,0,37,32,2001,4,1,3,0,1,F,1,1375,5,9999,9,0,998,2,40,1,0,0,995,0,0,0,59101,9,9,2,4,2,1,2,1,1,1,0,0,0,0,3,1,0,0,9,0,1,2,17,99,1,1,5,L,88,0,0,0,0,0,0,0,0,0,0,0,270,0,0,0,1,3,8,-7,-4,2772,998,-107,6,0,4,0,0,0,0,0,995,9.8,998,998,998,99.8,99.8,99.8,25.5290595660634,12,6
21410,52,54,1-52-2021-054-06,6,2,2FMTK3K84FBC,17,460,1797,7,0,12,24,2015,6,1,4,0,1,L,1,1774,5,0,1,1,22,2,40,1,0,0,995,0,0,0,59102,9,9,2,4,2,1,2,1,1,1,0,0,0,0,3,1,0,0,9,0,1,4,66,8,1,1,5,L,89,0,0,0,0,0,0,0,0,0,0,270,0,0,1,0,1,3,6,-3,5,6856,998,65,9,0,4,1,1,0,4,0,995,9.8,998,998,998,99.8,99.8,99.8,25.5290595660634,12,6
21413,52,55,1-52-2021-055-07,7,1,4S4BSAHC7K33,17,523,2233,7,0,48,45,2019,6,1,3,99,1,9,1,1614,5,9999,9,0,998,5,24,1,0,0,995,0,0,0,59102,9,9,2,2,2,1,2,1,3,1,1,1,0,0,1,8,0,0,9,0,14,2,17,99,1,1,5,L,90,0,0,0,0,0,0,0,0,0,0,305,340,0,0,0,1,3,5,-5,2,1190,998,75,4,0,4,95,95,95,95,0,995,9.8,998,998,998,99.8,99.8,99.8,69.2065323306499,12,6
21413,52,55,1-52-2021-055-07,7,2,4S3BMBC60E30,17,523,2232,13,0,48,34,2014,4,1,3,0,1,R,1,1568,5,0,2,1,12,2,24,1,0,0,995,0,0,0,59106,1,2,2,2,2,2,2,1,3,1,3,2,0,0,1,8,0,0,1,0,14,4,66,2,1,1,5,L,90,0,0,0,0,0,0,0,0,0,0,340,305,0,0,0,1,3,5,2,-4,2760,998,83,6,0,4,0,0,0,6,0,995,9.8,998,998,998,99.8,99.8,99.8,69.2065323306499,12,6
21415,22,44,1-22-2021-044-09,9,1,1FTEX14H8SKA,17,460,1801,60,0,12,481,1995,34,5,30,0,1,F,1,2011,5,9999,9,4,36,2,40,1,0,1,0,2,0,0,83843,9,9,2,4,2,1,2,1,1,2,0,2,0,0,1,1,2,2,9,1,1,2,14,99,1,4,1,C,14,0,0,0,0,0,0,0,0,0,0,998,998,0,0,3,1,12,999,999,999,9999999,999,999,999,6,0,0,0,0,4,0,998,0.0,18,18,65,1.8,0.0,1.8,108.459668450247,12,6
21417,20,32,1-20-2021-032-04,4,1,JHMCM56604C0,17,474,1861,13,0,37,32,2004,4,1,3,0,1,R,9,1504,5,9999,9,0,998,2,56,1,0,0,995,0,0,0,93905,9,1,2,1,4,4,2,1,1,1,1,0,0,0,1,1,1,1,1,0,11,2,15,1,1,1,4,J,68,0,0,0,0,0,0,0,0,0,0,275,155,0,0,0,1,0,999,999,999,9999999,999,999,999,9,0,1,1,0,5,0,995,9.8,998,998,998,99.8,99.8,99.8,327.771182218539,11,6
21417,20,32,1-20-2021-032-04,4,2,5N1DR2MN8JC6,17,478,1911,8,0,35,401,2018,14,3,14,0,1,F,9,1939,5,0,2,0,998,2,56,1,0,0,995,0,0,0,93906,9,1,2,1,4,3,2,1,1,1,3,1,0,0,1,1,1,1,1,0,1,4,62,2,1,1,4,J,69,0,0,0,0,0,0,0,0,0,0,155,275,0,0,0,1,0,999,999,999,9999999,999,999,999,9,0,0,0,0,0,0,995,9.8,998,998,998,99.8,99.8,99.8,327.771182218539,11,6
21418,30,26,1-30-2021-026-03,3,1,1GC1KUEY5HF1,17,467,1850,60,0,20,481,2017,34,5,31,0,1,F,2,2918,5,0,1,1,32,2,72,1,0,1,40,2,1,1,85119,1,9,0,5,5,2,2,2,1,1,3,2,0,0,1,8,0,0,1,1,1,2,12,99,1,4,1,B,6,0,0,0,0,0,0,0,0,0,0,998,998,0,0,7,1,10,999,999,999,9999999,999,41,27,3,0,1,1,0,4,0,998,7.0,20,24,999,3.4,1.0,3.6,228.651615348612,10,6
21421,77,29,1-77-2021-029-02,2,1,KM8J33AL4KU9,17,498,2058,7,0,55,402,2019,14,3,14,0,1,F,1,1560,5,0,1,1,55,2,40,1,0,1,0,2,9,0,24590,1,2,3,4,2,1,2,2,1,2,0,2,0,0,2,98,0,0,1,1,1,2,13,1,2,4,1,A,2,0,0,0,0,0,0,0,0,0,0,998,998,0,1,1,1,1,18,-17,-3,20005,998,12,18,0,1,3,10,1,3,0,998,0.2,48,64,63,5.9,1.6,6.0,86.1478225129126,9,6
21422,10,48,1-10-2021-048-07,7,1,2GNALDEK6D63,17,467,1847,7,0,20,404,2013,14,3,14,0,1,L,2,1706,5,0,1,1,10,2,40,1,0,0,995,0,0,0,45403,9,9,0,3,1,1,2,1,1,4,0,0,0,0,1,1,0,0,9,1,1,2,12,1,1,4,1,C,11,0,0,0,0,0,0,0,0,0,0,120,115,0,0,0,1,12,999,999,999,9999999,999,999,999,7,0,0,0,0,0,0,995,9.8,998,998,998,99.8,99.8,99.8,1837.4270549451,4,6
21422,10,48,1-10-2021-048-07,7,2,1FMCU0G93DUC,17,460,1798,7,0,12,402,2013,14,3,14,0,2,B,9,1588,5,9999,9,0,998,,,,,,,,,,,,,,,,,,,,,,,,,,,,,,,,,,,,,,,,,,,,,,,,,,,,,,,,,,,,,,,,,,95,95,95,95,,,,,,,,,,1837.4270549451,4,6
21422,10,48,1-10-2021-048-07,7,3,4T1BK46KX7U0,17,448,2469,13,0,49,40,2007,4,1,3,0,2,B,1,1570,5,0,1,5,19,,,,,,,,,,,,,,,,,,,,,,,,,,,,,,,,,,,,,,,,,,,,,,,,,,,,,,,,,,,,,,,,,,95,95,95,95,,,,,,,,,,1837.4270549451,4,6
21423,10,49,1-10-2021-049-03,3,1,3KPA24AB6JE0,17,499,2299,13,0,63,32,2018,4,1,2,0,1,F,1,1201,5,0,1,1,8,2,56,1,0,0,995,0,0,0,45402,9,9,2,4,3,1,2,1,2,1,0,1,0,0,1,1,1,2,9,0,14,3,50,99,1,1,2,D,20,0,0,0,0,0,0,0,0,0,0,80,80,0,0,0,1,3,16,-16,0,12993,998,10,15,0,4,2,6,0,3,0,995,9.8,998,998,998,99.8,99.8,99.8,351.669359959407,4,6
21423,10,49,1-10-2021-049-03,3,2,1G1PC5SH8B71,17,467,1832,13,0,20,25,2011,4,1,3,0,1,B,1,1407,5,9999,9,0,998,5,56,1,0,0,995,0,0,0,45420,9,9,2,4,3,1,2,1,2,1,0,2,0,0,1,1,1,2,1,0,5,3,53,99,1,1,2,D,21,0,0,0,0,0,0,0,0,0,0,80,80,0,0,0,1,3,17,17,0,18522,998,0,18,0,4,95,95,95,95,0,995,9.8,998,998,998,99.8,99.8,99.8,351.669359959407,4,6
21424,10,50,1-10-2021-050-06,6,1,999999999999,99,99999,99999,999,0,99,399,9999,9,1,9,0,1,F,9,9999,9,9999,9,0,998,5,89,1,9,0,995,0,9,0,99999,9,9,0,2,4,4,2,2,2,9,3,2,0,0,5,2,0,0,9,0,14,3,51,99,1,1,2,D,24,0,0,0,0,0,0,0,0,0,0,80,80,0,0,0,1,0,999,999,999,9999999,999,999,999,9,0,95,95,95,95,0,995,9.8,998,998,998,99.8,99.8,99.8,620.656245333701,4,6
21424,10,50,1-10-2021-050-06,6,2,19XFB2F8XEE0,17,474,1863,13,0,37,31,2014,4,1,3,0,1,B,1,1284,5,0,1,1,4,2,89,1,0,0,995,0,0,0,60187,9,9,0,2,4,4,2,2,2,9,3,2,0,0,5,2,0,0,9,0,14,3,53,1,1,1,2,D,25,0,0,0,0,0,0,0,0,0,0,80,80,0,0,0,1,12,999,999,999,9999999,999,999,14,2,0,99,99,0,0,0,995,3.2,999,999,999,0.0,0.0,0.0,620.656245333701,4,6
21425,10,51,1-10-2021-051-02,2,1,1GCGTDEN9L11,17,467,4086,60,0,20,473,2020,34,5,30,0,1,F,2,2001,5,0,1,1,7,2,56,1,0,0,995,0,0,0,45458,9,9,2,4,5,1,2,1,1,1,0,3,0,0,1,1,1,2,3,0,1,3,50,1,1,1,2,D,20,0,0,0,0,0,0,0,0,0,0,260,270,0,0,0,1,3,27,-27,-5,37831,998,19,21,0,4,9,97,0,8,0,995,9.8,998,998,998,99.8,99.8,99.8,55.6725209938408,4,6
21425,10,51,1-10-2021-051-02,2,2,JTEBT14R3580,17,448,2216,7,0,49,401,2005,14,3,14,0,1,B,2,2000,5,0,1,4,63,2,56,1,0,0,995,0,0,0,45458,9,9,2,4,5,1,2,1,1,1,0,3,0,0,1,1,1,2,1,0,5,3,53,1,1,1,2,D,21,0,0,0,0,0,0,0,0,0,0,270,260,0,0,0,1,3,27,27,0,83696,998,0,32,0,4,0,0,0,0,0,995,9.8,998,998,998,99.8,99.8,99.8,55.6725209938408,4,6
21426,54,13,1-54-2021-013-07,7,1,1G11C5SAXDF2,17,467,1834,13,0,20,37,2013,4,1,3,0,1,F,1,1602,5,0,1,1,11,2,72,1,0,0,995,0,0,0,35654,1,2,0,4,2,1,2,1,2,1,0,2,0,0,2,1,0,0,1,0,14,6,87,3,1,1,1,C,13,0,0,0,0,0,0,0,0,0,0,998,998,0,0,0,1,10,999,999,999,9999999,999,56,13,2,0,0,0,0,0,0,998,9.8,998,998,998,99.8,99.8,99.8,544.944637295807,9,6
21428,77,30,1-77-2021-030-09,9,1,WDDGF8BB1AF4,17,449,2085,13,0,42,42,2010,4,1,3,0,1,F,2,1695,5,0,1,1,4,2,72,1,0,0,995,0,0,0,22923,9,9,3,4,2,1,2,1,1,1,1,4,0,0,1,1,0,0,3,0,1,3,50,2,1,1,2,D,20,0,0,0,0,0,0,0,0,0,0,320,320,0,0,0,1,3,37,-37,0,68456,998,0,32,0,4,1,2,0,4,0,995,9.8,998,998,998,99.8,99.8,99.8,1428.97712374256,9,6
21428,77,30,1-77-2021-030-09,9,2,1GCVKREC3EZ3,17,467,1850,60,0,20,481,2014,34,5,31,0,1,B,2,2360,5,9999,9,0,998,5,72,1,0,0,995,0,0,0,22936,9,9,3,4,2,1,2,1,1,1,1,4,0,0,1,1,0,0,1,0,5,3,53,1,1,1,2,D,21,0,0,0,0,0,0,0,0,0,0,320,320,0,0,0,1,3,27,27,0,94455,998,0,32,0,4,95,95,95,95,0,995,9.8,998,998,998,99.8,99.8,99.8,1428.97712374256,9,6
21429,12,7,1-12-2021-007-07,7,1,KM8JU3AG7FU9,17,498,2058,7,0,55,402,2015,14,3,14,0,1,F,1,1505,5,0,1,1,10,2,113,1,0,0,995,0,0,0,73401,9,9,0,1,2,1,2,1,1,1,3,1,2,3,1,1,0,0,9,0,1,3,52,1,1,1,2,D,28,0,0,0,0,0,0,0,0,0,0,80,80,0,0,0,1,5,999,999,999,9999999,999,999,22,2,0,0,0,0,0,0,995,9.8,998,998,998,99.8,99.8,99.8,2795.46573949509,9,6
21429,12,7,1-12-2021-007-07,7,2,999999999999,99,956,4976,66,0,99,898,9999,66,8,68,0,1,B,9,,,,,,,5,113,1,0,0,995,0,0,0,73401,9,9,0,1,2,1,2,1,1,1,1,3,2,3,1,1,0,0,9,0,2,3,53,1,1,1,2,D,29,,,,,,,,,,,,,,,,,,,,,,,,,,,95,95,95,95,,,9.8,998,998,998,99.8,99.8,99.8,2795.46573949509,9,6
21430,12,8,1-12-2021-008-06,6,1,3D7MU46C64G2,17,476,1938,60,0,7,880,2004,67,8,60,0,1,B,9,,,,,,,5,105,1,0,0,995,0,0,0,73401,9,9,0,4,2,1,2,1,1,1,1,4,0,0,1,1,0,0,9,0,1,3,53,1,1,1,2,D,25,,,,,,,,,,,,,,,,,,,,,,,,,,,95,95,95,95,,,9.8,998,998,998,99.8,99.8,99.8,946.93160389334,9,6
21430,12,8,1-12-2021-008-06,6,2,1G1JC5SH1G41,17,467,1835,13,0,20,28,2016,4,1,1,0,1,F,2,1245,5,0,1,1,16,2,105,1,0,0,995,0,0,0,73463,9,9,0,4,2,1,2,1,1,1,1,4,0,0,1,1,0,0,9,0,1,3,51,99,1,1,2,D,24,0,0,0,0,0,0,0,0,0,0,345,345,0,0,0,1,5,999,999,999,9999999,999,999,38,3,0,3,14,1,3,0,995,9.8,998,998,998,99.8,99.8,99.8,946.93160389334,9,6
21431,17,27,1-17-2021-027-05,5,1,KL1TD5DE3BB1,17,467,1828,13,0,20,39,2011,4,1,1,0,1,F,1,1170,5,0,1,1,5,2,48,1,9,0,995,0,9,0,61201,2,9,0,4,3,1,2,2,2,1,0,2,0,0,1,2,0,0,9,1,14,1,6,2,2,2,3,I,64,0,0,0,0,0,0,0,0,0,0,35,265,0,0,0,1,1,17,-17,-3,16211,998,7,18,0,1,0,0,0,4,0,995,9.8,998,998,998,99.8,99.8,99.8,78.5881809134815,4,6
21431,17,27,1-17-2021-027-05,5,2,1GNKRHKD0EJ2,17,467,1853,7,0,20,423,2014,15,3,15,0,1,L,1,2107,5,0,1,1,5,2,48,1,9,0,995,0,9,0,61244,2,2,0,1,1,1,2,2,3,1,0,2,0,0,1,2,0,0,1,0,14,4,62,99,1,1,3,I,65,0,0,0,0,0,0,0,0,0,0,265,35,0,0,0,1,1,10,-7,6,6527,998,44,8,0,1,0,0,0,4,0,995,9.8,998,998,998,99.8,99.8,99.8,78.5881809134815,4,6
21432,17,28,1-17-2021-028-03,3,1,1GNDV23WX8D1,17,467,4588,9,0,20,444,2008,20,4,20,0,1,F,1,1853,5,0,1,1,10,2,48,1,9,1,0,2,9,0,61244,1,9,2,4,3,2,2,1,1,1,1,2,0,0,2,1,1,2,9,0,11,2,15,1,1,1,4,J,68,0,0,0,0,0,0,0,0,0,0,235,115,0,0,0,1,1,15,-13,-8,41394,998,-154,16,0,1,2,4,0,4,0,995,9.8,998,998,998,99.8,99.8,99.8,330.832461449117,4,6
21432,17,28,1-17-2021-028-03,3,2,2C4RC1BG3HR7,17,477,3628,2,0,6,443,2017,20,4,20,0,1,L,1,1964,5,0,1,1,10,2,48,1,9,0,995,0,9,0,61265,1,9,2,4,3,2,2,1,1,1,1,2,0,0,2,1,1,2,9,0,1,4,62,4,1,1,4,J,69,0,0,0,0,0,0,0,0,0,0,115,235,0,0,0,1,1,14,-12,7,11113,998,-8,12,0,1,2,6,0,4,0,995,9.8,998,998,998,99.8,99.8,99.8,330.832461449117,4,6
21433,11,19,1-11-2021-019-05,5,1,JM1BL1L76D17,17,473,2074,5,0,41,51,2013,5,1,2,0,1,L,2,1313,5,0,1,1,12,2,72,1,0,0,995,0,0,0,23114,1,9,2,1,2,2,2,1,1,4,1,2,0,0,1,1,2,2,2,0,11,2,15,1,1,1,4,K,82,0,0,0,0,0,0,0,0,0,0,70,180,0,0,0,1,3,27,-14,23,50587,998,-39,30,0,4,2,5,0,4,0,995,9.8,998,998,998,99.8,99.8,99.8,282.263430883752,8,6
21433,11,19,1-11-2021-019-05,5,2,JH4KA96522C0,17,475,1872,13,0,54,36,2002,4,1,5,0,1,F,1,1768,5,9999,9,0,998,3,72,1,0,0,995,0,0,0,23112,9,9,2,4,4,2,2,1,3,1,1,1,0,0,1,1,0,0,1,0,14,4,67,99,1,1,4,K,83,0,0,0,0,0,0,0,0,0,0,180,70,0,0,0,1,3,20,-20,-3,21715,998,-36,17,0,4,99,99,0,99,0,995,9.8,998,998,998,99.8,99.8,99.8,282.263430883752,8,6
21434,11,20,1-11-2021-020-05,5,1,19XFC2F74GE0,17,474,1863,13,0,37,31,2016,4,1,3,0,1,F,1,1244,5,0,1,1,9,2,72,1,0,0,995,0,0,0,23237,1,2,0,4,2,1,2,1,3,4,1,2,0,0,1,1,0,0,1,1,14,2,13,7,1,4,1,A,1,0,0,0,0,0,0,0,0,0,0,998,998,0,0,0,2,11,999,999,999,9999999,999,999,999,6,0,3,10,1,3,0,998,0.0,30,30,30,13.2,0.6,13.2,282.263430883752,8,6