CASEID,PSU,CASENO,CASENUMBER,CATEGORY,VEHNO,VIN,VINLENGTH,VPICMAKE,VPICMODEL,VPICBODYCLASS,ICFINALBODY,MAKE,MODEL,MODELYR,BODYTYPE,BODYCAT,VEHCLASS,SPECUSE,TRANSTAT,DAMPLANE,DAMSEV,CURBWT,CURBSRC,CARGOWT,CARGOSRC,INSPTYPE,INSPLAG,TOWED,SPEEDLIMIT,DRPRESENT,PARALCOHOL,ALCTEST,ALCTESTRESULT,ALCTESTSRC,PARDRUG,DRUGTEST,ZIP,RACE,ETHNICITY,RELTOJUNCT,TRAFFLOW,RDLANES,INITLANE,SURFTYPE,SURFCOND,ALIGNMENT,PROFILE,LINERIGHT,LINELEFT,RUMBINIT,RUMBROAD,LIGHTCOND,WEATHER,TRAFDEV,TRAFFUNCT,DISTRACT,PREFHE,PREMOVE,CRITCAT,CRITEVENT,MANEUVER,PRESTAB,PRELOC,CRASHCAT,CRASHCONF,CRASHTYPE,ROLLTYPE,ROLLTURN,ROLLINTRPT,ROLLPREMAN,ROLLINITYP,ROLLINLOC,ROLLOBJ,ROLLTRIP,ROLLDIR,ROLLDIST,DVANGTHIS,DVANGOTH,TOWHITCH,TRAJDOC,TREEPOLE,DVEVENT,DVBASIS,DVTOTAL,DVLONG,DVLAT,DVENERGY,DVSPEED,DVMOMENT,DVBES,DVEST,DVCONF,VAIS,VISS,VINJURED,VTREAT,INITOBJCLASS,HEADANGLECAT,SHLDRWIDTH,STRKLENGTH,STRKWIDTH,STRKHEIGHT,EDGEDISTX,EDGEDISTY,EDGEDISTZ,CASEWGT,PSUSTRAT,VERSION
21435,48,25,1-48-2021-025-05,5,1,ZACCJBAT8GPE,17,483,6160,7,0,2,408,2016,14,3,14,0,1,T,3,1447,5,0,1,1,17,2,56,1,1,1,232,2,1,1,84302,9,9,0,4,2,1,5,1,1,1,0,0,0,0,1,1,0,0,9,1,1,2,13,99,1,4,1,A,1,1,2,2,6,1,4,61,1,1,9,997,997,0,0,0,2,6,999,999,999,9999999,999,999,999,8,0,2,8,0,3,3,997,1.0,999,10,40,13.3,4.6,13.6,82.8997041137341,12,6
21436,48,26,1-48-2021-026-01,1,1,1HGCR2F85FA0,17,474,1861,13,0,37,32,2015,4,1,4,0,1,R,2,1496,5,0,1,1,43,2,89,1,8,1,200,3,1,2,84311,1,9,0,4,2,1,2,1,3,1,1,2,0,0,2,1,0,0,9,1,14,2,12,7,3,4,1,B,7,1,6,2,2,1,3,61,1,2,35,997,997,0,0,0,2,6,999,999,999,9999999,999,999,999,7,0,5,38,1,1,3,997,1.5,999,999,999,46.6,1.0,46.7,88.5361239140649,12,6
21437,24,49,1-24-2021-049-04,4,1,2HGFA1F51AH3,17,474,1863,13,0,37,31,2010,4,1,3,0,1,L,2,1199,5,9999,9,4,9,2,72,1,0,0,995,0,0,0,08215,1,1,2,4,2,1,2,1,1,1,1,2,0,0,1,1,2,2,9,0,11,2,15,99,1,1,4,K,82,0,0,0,0,0,0,0,0,0,0,340,100,0,0,0,1,3,36,-23,28,97291,998,76,39,0,4,0,0,0,0,0,995,9.8,998,998,998,99.8,99.8,99.8,1162.60205823301,1,6
21437,24,49,1-24-2021-049-04,4,2,JTMBFREV1FJ0,17,448,2217,7,0,49,402,2015,14,3,14,0,1,F,2,1600,5,0,1,1,15,2,72,1,0,0,995,0,0,0,08215,9,9,2,4,2,1,2,1,1,1,1,2,0,0,1,1,5,2,9,0,1,4,67,5,1,1,4,K,83,0,0,0,0,0,0,0,0,0,0,100,340,0,0,0,1,3,28,-27,-5,36903,998,-3,24,0,4,0,0,0,0,0,995,9.8,998,998,998,99.8,99.8,99.8,1162.60205823301,1,6
21437,24,49,1-24-2021-049-04,4,3,3VW2B7AJ3HM3,17,482,3137,13,0,30,40,2017,4,1,3,0,1,L,1,1364,5,0,1,5,10,2,72,1,0,0,995,0,0,0,08330,1,2,2,4,2,1,2,1,1,1,1,2,0,0,1,1,5,2,1,0,5,4,62,1,1,1,6,M,98,0,0,0,0,0,0,0,0,0,0,280,85,0,0,0,2,12,999,999,999,9999999,999,999,999,6,0,0,0,0,0,0,995,9.8,998,998,998,99.8,99.8,99.8,1162.60205823301,1,6
21438,24,50,1-24-2021-050-04,4,1,ZACNJAAB5LPL,17,483,6160,7,0,2,408,2020,14,3,14,0,1,F,1,1447,5,0,1,1,35,2,40,1,0,0,995,0,0,0,19082,9,9,0,4,2,1,2,1,3,1,0,0,0,0,3,1,0,0,9,1,14,2,12,1,1,4,1,C,11,0,0,0,0,0,0,0,0,0,0,10,220,0,0,0,1,10,999,999,999,9999999,999,-20,13,2,0,0,0,0,0,0,995,9.8,998,998,998,99.8,99.8,99.8,1162.6020582476,1,6
21438,24,50,1-24-2021-050-04,4,2,1FMHK8F86BGA,17,460,1800,7,0,12,401,2011,14,3,14,0,2,9,9,2146,5,9999,9,0,998,,,,,,,,,,,,,,,,,,,,,,,,,,,,,,,,,,,,,,,,,,,,,,,,,,,,,,,,,,,,,,,,,,95,95,95,95,,,,,,,,,,1162.6020582476,1,6
21441,52,56,1-52-2021-056-03,3,1,1C4BJWEG4GL2,17,483,1943,7,0,2,403,2016,14,3,14,0,1,F,1,1943,5,0,1,1,13,2,56,1,0,0,995,0,0,0,59102,9,9,2,4,4,2,2,1,1,1,1,2,0,0,1,1,1,2,9,0,11,2,15,2,1,1,4,J,68,0,0,0,0,0,0,0,0,0,0,210,90,0,0,0,1,3,18,-16,-9,32029,998,-49,19,0,4,1,2,0,4,0,995,9.8,998,998,998,99.8,99.8,99.8,23.9026976809091,12,6
21441,52,56,1-52-2021-056-03,3,2,3KPF24AD5KE0,17,499,2462,13,0,63,38,2019,4,1,3,0,1,F,2,1253,5,0,1,1,13,2,56,1,0,0,995,0,0,0,59101,2,9,2,4,4,2,2,1,1,4,1,2,0,0,1,1,1,2,9,0,1,4,62,99,1,1,4,J,69,0,0,0,0,0,0,0,0,0,0,90,210,0,0,0,1,3,27,-24,14,51172,998,94,26,0,4,1,2,0,4,0,995,9.8,998,998,998,99.8,99.8,99.8,23.9026976809091,12,6
21442,52,57,1-52-2021-057-09,9,1,2G2FV22P0S22,17,536,8986,5,0,22,9,1995,3,1,2,0,1,F,3,1588,5,0,1,1,18,2,56,1,9,9,998,8,9,9,59101,9,9,0,3,4,4,2,1,1,1,3,0,0,0,1,1,0,0,9,1,1,2,12,99,1,4,1,B,6,0,0,0,0,0,0,0,0,0,0,998,998,0,1,0,2,1,63,-63,0,272684,998,-41,63,0,4,99,99,0,99,0,998,0.0,15,17,15,15.0,2.5,15.3,140.236933011687,12,6
21443,52,58,1-52-2021-058-09,9,1,4S4BJ63C2M69,17,523,2232,15,0,48,34,1991,6,1,2,0,1,R,1,1380,5,0,1,1,12,2,56,1,0,0,995,0,0,0,59102,1,9,2,4,6,3,2,1,1,1,1,1,0,0,1,1,1,2,9,0,1,2,17,99,1,1,5,L,87,0,0,0,0,0,0,0,0,0,0,180,90,0,0,0,1,1,14,-9,-11,10696,998,-5,14,0,4,2,4,0,4,0,995,9.8,998,998,998,99.8,99.8,99.8,140.236933011687,12,6
21443,52,58,1-52-2021-058-09,9,2,1G4HD57287U1,17,468,4267,13,0,18,23,2007,4,1,5,0,1,F,1,1810,5,0,1,2,13,5,56,1,0,0,995,0,0,0,59105,9,9,2,4,4,1,2,1,1,1,0,1,0,0,1,1,1,2,9,0,1,4,66,1,1,1,5,L,86,0,0,0,0,0,0,0,0,0,0,90,180,0,0,0,1,1,11,-9,7,14440,998,114,12,0,4,95,95,95,95,0,995,9.8,998,998,998,99.8,99.8,99.8,140.236933011687,12,6
21445,16,27,1-16-2021-027-06,6,1,1GNKVGKD4DJ1,17,467,1853,7,0,20,423,2013,15,3,15,0,1,F,1,2197,5,0,1,1,10,2,40,1,1,8,997,8,1,3,43204,2,9,0,4,2,1,2,1,3,2,0,2,0,0,3,1,6,2,1,1,14,2,11,99,9,4,1,C,11,0,0,0,0,0,0,0,0,0,0,275,280,0,0,0,1,1,9,-9,-2,15039,998,19,13,0,4,0,0,0,8,0,995,9.8,998,998,998,99.8,99.8,99.8,767.114220760521,5,6
21445,16,27,1-16-2021-027-06,6,2,JM1BL1S54A12,17,473,2074,13,0,41,51,2010,4,1,2,0,2,B,1,1295,5,0,1,5,10,,,,,,,,,,,,,,,,,,,,,,,,,,,,,,,,,,,,,,,,,,,,,,,,,,,,,,,,,,,,,,,,,,95,95,95,95,,,,,,,,,,767.114220760521,5,6
21447,59,15,1-59-2021-015-10,10,1,1GKDT13S7521,17,472,4507,7,0,23,401,2005,14,3,14,0,1,F,1,2092,5,0,1,1,7,2,48,1,0,0,995,0,0,0,47804,9,9,0,3,2,1,2,1,1,1,0,0,0,0,2,1,0,0,9,1,1,2,11,2,1,4,1,C,11,0,0,0,0,0,0,0,0,0,0,270,270,0,0,0,1,3,12,-12,0,14782,998,36,13,0,4,0,0,0,0,0,995,9.8,998,998,998,99.8,99.8,99.8,8843.61331617683,6,6
21447,59,15,1-59-2021-015-10,10,2,1J4NT1GB4BD1,17,483,1947,7,0,2,407,2011,14,3,14,0,2,B,1,1410,5,9999,9,4,13,,,,,,,,,,,,,,,,,,,,,,,,,,,,,,,,,,,,,,,,,,,,,,,,,,,,,,,,,,,,,,,,,,95,95,95,95,,,,,,,,,,8843.61331617683,6,6
21448,59,16,1-59-2021-016-05,5,1,1FTYR14D11PB,17,460,1803,60,0,12,471,2001,34,5,30,0,2,L,1,1502,5,9999,9,4,8,,,,,,,,,,,,,,,,,,,,,,,,,,,,,,,,,,,,,,,,,,,,,,,,,,,,,,,,,,,,,,,,,,95,95,95,95,,,,,,,,,,51.7104833701808,6,6
21448,59,16,1-59-2021-016-05,5,2,2J4FY29T1LJ5,17,483,1943,7,0,2,403,1990,14,3,14,0,2,L,2,1335,5,9999,9,4,8,,,,,,,,,,,,,,,,,,,,,,,,,,,,,,,,,,,,,,,,,,,,,,,,,,,,,,,,,,,,,,,,,,95,95,95,95,,,,,,,,,,51.7104833701808,6,6
21448,59,16,1-59-2021-016-05,5,3,3GNAL2EK4CS5,17,467,1846,7,0,20,405,2012,14,3,14,0,1,R,1,1705,8,0,1,1,2,2,48,1,0,0,995,0,0,0,47714,9,9,0,4,2,1,2,2,1,1,0,2,0,0,1,2,0,0,9,1,1,1,6,99,9,4,1,C,11,0,0,0,0,0,0,0,0,0,0,0,0,0,0,0,2,11,999,999,999,9999999,999,999,999,6,0,2,5,0,4,0,995,9.8,998,998,998,99.8,99.8,99.8,51.7104833701808,6,6
21449,28,25,1-28-2021-025-03,3,1,JN1BJ1CR9KW3,17,478,17214,5,0,35,404,2019,14,3,14,0,1,F,1,1610,5,0,1,1,17,2,89,1,9,0,995,0,9,0,16920,1,2,0,4,2,1,2,5,1,1,1,4,1,0,2,1,0,0,3,1,1,1,6,3,2,4,1,A,3,0,0,0,0,0,0,0,0,0,0,998,998,0,0,0,6,11,999,999,999,9999999,999,999,999,6,0,0,0,0,0,0,998,3.2,6,6,117,48.3,5.8,48.7,46.7688147475126,3,6
21450,28,26,1-28-2021-026-07,7,1,2C3CDYAG6DH6,17,476,1893,3,0,7,28,2013,2,1,5,0,1,T,1,1739,5,0,1,1,11,2,56,1,0,0,995,0,0,0,14821,9,9,2,4,2,1,5,1,1,2,0,0,0,0,1,1,2,2,9,1,1,2,14,99,1,4,1,C,14,1,2,2,2,5,4,31,1,1,3,997,997,0,0,0,1,6,999,999,999,9999999,999,999,999,6,0,0,0,0,0,2,997,9.8,998,998,998,99.8,99.8,99.8,107.097762936863,3,6
21451,13,25,1-13-2021-025-01,1,1,1GNES16S7261,17,467,4548,7,0,20,401,2002,14,3,14,0,1,T,2,2194,8,0,1,1,43,2,121,1,8,1,289,2,7,2,75442,1,2,1,2,2,2,2,1,3,9,1,2,0,0,3,1,0,0,9,1,14,2,13,99,9,4,1,A,1,1,4,2,5,1,1,61,1,2,999,998,998,0,0,1,5,7,999,999,999,9999999,999,999,999,7,0,3,22,1,1,3,998,9.9,999,999,999,99.9,99.9,99.9,199.677334466121,7,6
21452,13,26,1-13-2021-026-02,2,1,1GYS4KKJ7HR2,17,469,4935,7,0,19,421,2017,15,3,15,0,1,F,2,2740,5,9999,9,4,40,2,56,1,8,0,995,0,7,0,76114,9,9,0,1,2,2,2,1,1,1,3,2,0,0,1,1,0,0,3,1,1,2,12,99,1,4,1,B,6,0,0,0,0,0,0,0,0,0,0,998,998,0,0,0,1,12,999,999,999,9999999,999,999,999,7,0,1,1,0,4,0,998,0.2,35,15,65,20.6,0.9,20.6,89.1833424403099,7,6
21453,32,51,1-32-2021-051-02,2,1,5N1AT2MV0FC8,17,478,1913,8,0,35,51,2015,6,1,3,0,1,F,1,1550,5,9999,9,0,998,5,56,1,0,0,995,0,0,0,75244,9,9,2,4,2,1,1,1,1,2,1,0,0,0,1,8,2,2,9,0,11,2,15,99,1,1,4,K,82,0,0,0,0,0,0,0,0,0,0,70,175,0,0,0,1,3,11,-10,4,5290,998,71,8,0,4,95,95,95,95,0,995,9.8,998,998,998,99.8,99.8,99.8,81.5843928505354,7,6
21453,32,51,1-32-2021-051-02,2,2,1G1ZB5ST2JF2,17,467,1834,13,0,20,37,2018,4,1,4,0,1,R,1,1400,5,0,1,1,7,2,56,1,0,0,995,0,0,0,76063,2,9,2,1,4,1,1,1,1,1,1,3,0,0,1,8,0,0,9,0,1,4,67,2,1,1,4,K,83,0,0,0,0,0,0,0,0,0,0,175,70,0,0,0,1,3,11,-7,-8,13082,998,77,13,0,4,1,1,0,4,0,995,0.0,60,20,18,0.0,0.0,0.0,81.5843928505354,7,6
21454,32,52,1-32-2021-052-08,8,1,1FTFW1EF0BFC,17,460,1801,60,0,12,481,2011,34,5,31,0,1,F,2,2522,5,0,1,1,15,2,56,1,0,1,0,3,0,1,75189,1,9,0,5,5,2,1,1,1,1,3,1,0,0,1,1,0,0,9,1,1,2,12,1,1,4,1,B,6,0,0,0,0,0,0,0,0,0,0,998,998,0,0,4,2,10,999,999,999,9999999,999,8,39,3,0,1,1,0,2,0,998,0.0,60,60,120,18.2,8.8,19.8,1225.32171684258,7,6
21454,32,52,1-32-2021-052-08,8,2,JTJGA31U3400,17,515,2214,7,0,59,403,2004,14,3,14,0,2,L,2,1844,5,0,1,5,15,,,,,,,,,,,,,,,,,,,,,,,,,,,,,,,,,,,,,,,,,,,,,,,,,,,,,,,,,,,,,,,,,,95,95,95,95,,,,,,,,,,1225.32171684258,7,6
21455,76,19,1-76-2021-019-03,3,1,5NPD84LF0LH5,17,498,2735,13,0,55,35,2020,4,1,3,0,1,F,1,1280,5,9999,9,4,41,2,89,1,0,9,998,8,0,9,13787,9,9,0,4,2,1,2,1,1,4,1,4,0,0,1,1,0,0,3,1,1,2,13,99,1,4,1,A,1,0,0,0,0,0,0,0,0,0,0,998,998,0,0,0,1,12,999,999,999,9999999,999,999,999,6,0,99,99,0,8,0,998,0.5,6,8,78,2.1,0.5,2.2,17.8220378653534,3,6
21459,23,29,1-23-2021-029-01,1,1,1N6AA06F38N3,17,478,1920,60,0,35,481,2008,34,5,30,0,1,F,3,2393,5,9999,9,5,16,2,113,1,1,1,0,7,1,3,43201,9,9,0,2,3,3,2,1,1,1,3,2,1,3,5,1,0,0,1,1,1,2,12,99,9,4,1,B,7,0,0,0,0,0,0,0,0,0,0,355,215,0,0,0,3,3,62,-58,-21,482385,998,-86,65,0,4,2,5,0,8,0,995,4.4,999,999,999,99.9,99.9,99.9,88.2826964414613,5,6
21459,23,29,1-23-2021-029-01,1,2,2T3DFREV3DW0,17,448,2217,7,0,49,402,2013,14,3,14,0,1,F,3,1600,5,9999,9,5,16,2,113,1,0,1,0,3,0,2,43065,1,9,0,2,3,3,2,1,1,1,3,2,1,3,5,1,0,0,9,0,1,4,62,2,1,1,6,M,98,1,6,2,5,7,1,3,2,1,26,215,355,0,0,0,3,3,81,-76,28,563745,998,73,78,0,4,6,75,4,1,1,995,9.8,998,998,998,99.8,99.8,99.8,88.2826964414613,5,6
21459,23,29,1-23-2021-029-01,1,3,1FUJGLBG0CSB,17,450,2501,66,0,82,881,2012,66,8,68,0,1,L,9,,,,,,,5,113,1,0,0,995,0,0,0,02150,9,9,0,2,3,1,2,1,1,1,1,3,2,3,5,1,0,0,1,0,1,4,60,99,9,1,6,M,98,,,,,,,,,,,,,,,,,,,,,,,,,,,95,95,95,95,,,9.8,998,998,998,99.8,99.8,99.8,88.2826964414613,5,6
21460,23,30,1-23-2021-030-04,4,1,1FM5K8GC6LGA,17,460,1800,7,0,12,425,2020,15,3,15,0,1,F,3,2022,5,0,1,1,12,2,72,1,0,0,995,0,0,0,44904,9,9,2,5,7,4,2,1,1,1,1,2,0,0,1,1,1,2,1,0,11,2,15,99,1,2,4,J,68,0,0,0,0,0,0,0,0,0,0,355,210,0,0,0,1,3,55,-55,-10,200748,998,-25,49,0,4,0,0,0,0,0,995,9.8,998,998,998,99.8,99.8,99.8,2561.46780305115,5,6
21460,23,30,1-23-2021-030-04,4,2,1N4AL3AP0GC2,17,478,1904,13,0,35,47,2016,4,1,4,0,1,L,3,1453,5,9999,9,4,37,2,72,1,0,1,0,2,0,1,43035,1,1,2,4,6,2,2,1,1,1,1,3,0,0,1,1,1,2,1,0,1,4,62,99,9,1,4,J,69,0,0,0,0,0,0,0,0,0,0,210,355,0,0,0,1,3,74,-69,25,530998,998,-96,78,0,4,1,2,0,3,0,995,0.0,120,19,20,6.2,4.5,7.7,2561.46780305115,5,6
21461,23,31,1-23-2021-031-05,5,1,2GNALDEKXD11,17,467,1847,7,0,20,404,2013,14,3,14,0,1,L,1,1706,5,0,1,1,11,2,89,1,0,0,995,0,0,0,44904,1,9,2,4,2,1,2,1,1,1,0,0,0,0,2,1,2,2,1,0,1,2,17,99,1,1,5,L,89,0,0,0,0,0,0,0,0,0,0,270,0,0,0,0,1,3,15,-7,13,26819,998,-22,20,0,4,1,2,0,4,0,995,9.8,998,998,998,99.8,99.8,99.8,112.175683933942,5,6
21461,23,31,1-23-2021-031-05,5,2,1C4PJMDS4FW7,17,483,1945,7,0,2,404,2015,14,3,14,0,1,F,1,1669,5,9999,9,4,112,2,89,1,0,0,995,0,0,0,44833,1,9,2,4,2,1,2,1,1,1,0,0,0,0,2,1,0,0,1,0,1,4,66,99,1,1,5,L,88,0,0,0,0,0,0,0,0,0,0,0,270,0,0,0,1,3,15,-13,-8,14550,998,-114,11,0,4,1,1,0,4,0,995,9.8,998,998,998,99.8,99.8,99.8,112.175683933942,5,6
21463,66,23,1-66-2021-023-09,9,1,2G1WL52J5112,17,467,9064,13,0,20,20,2001,4,1,3,0,1,F,2,1497,5,0,1,1,11,2,113,1,0,0,995,0,7,0,65804,9,9,0,2,2,2,2,1,1,1,3,2,1,3,2,1,0,0,9,0,1,3,52,3,2,1,2,D,28,0,0,0,0,0,0,0,0,0,0,60,65,0,0,0,1,3,27,-26,5,54318,998,40,28,0,4,1,1,0,6,0,995,9.8,998,998,998,99.8,99.8,99.8,429.171126936491,6,6
21463,66,23,1-66-2021-023-09,9,2,5FNRL5H61GB1,17,474,1869,2,0,37,441,2016,20,4,20,99,1,B,1,1996,5,9999,9,0,998,5,113,1,0,0,995,0,7,0,60053,9,9,0,2,2,2,2,1,1,1,3,2,1,3,2,1,0,0,3,0,2,2,18,1,1,1,2,D,29,0,0,0,0,0,0,0,0,0,0,65,60,0,0,0,1,3,22,22,-4,36948,998,49,21,0,4,95,95,95,95,0,995,9.8,998,998,998,99.8,99.8,99.8,429.171126936491,6,6
21464,66,24,1-66-2021-024-06,6,1,1FUBCYFE1LHL,17,450,2499,66,0,82,898,2020,66,8,68,0,1,F,9,,,,,,,2,80,1,0,0,995,0,7,0,65803,9,9,2,4,3,1,2,1,1,1,1,1,0,0,1,1,1,2,3,0,1,2,17,99,1,1,5,L,88,,,,,,,,,,,,,,,,,,,,,,,,,,,95,95,95,95,,,9.8,998,998,998,99.8,99.8,99.8,134.341273690425,6,6
21464,66,24,1-66-2021-024-06,6,2,1C6RD6FT2CS2,17,476,1938,60,0,7,482,2012,34,5,31,0,1,L,1,2202,5,0,1,1,14,2,999,1,0,0,995,0,7,0,65708,1,2,2,4,2,1,2,1,1,1,1,2,0,0,1,1,1,2,9,0,1,4,66,8,1,1,5,L,89,0,0,0,0,0,0,0,0,0,0,310,30,0,0,0,1,5,999,999,999,9999999,999,999,23,2,0,2,5,0,4,0,995,9.8,998,998,998,99.8,99.8,99.8,134.341273690425,6,6
21465,27,31,1-27-2021-031-06,6,1,1G1BG5SM9G72,17,467,1832,13,0,20,25,2016,4,1,3,0,1,R,2,1250,5,0,1,1,4,2,72,1,0,1,0,2,0,0,01201,1,2,3,4,2,1,2,1,1,1,1,4,0,0,1,1,0,0,1,0,11,2,15,1,1,1,4,J,68,0,0,0,0,0,0,0,0,0,0,170,70,0,0,0,1,1,28,-10,-26,28404,998,-4,24,0,4,1,1,0,4,0,995,9.8,998,998,998,99.8,99.8,99.8,71.7480123922374,3,6
21465,27,31,1-27-2021-031-06,6,2,1FABP2735GF2,17,460,1781,1,0,12,3,1986,1,1,2,0,1,F,2,1370,5,0,1,1,4,2,72,1,0,0,995,0,0,0,01201,9,9,3,4,2,1,2,1,1,4,1,4,0,0,1,1,0,0,1,0,1,4,62,2,2,1,4,J,69,0,0,0,0,0,0,0,0,0,0,70,170,0,0,0,1,1,25,-25,4,50146,998,43,28,0,4,0,0,0,0,0,995,9.8,998,998,998,99.8,99.8,99.8,71.7480123922374,3,6
21466,27,32,1-27-2021-032-09,9,1,1J4PR4GK7AC1,17,483,1949,7,0,2,404,2010,14,3,14,0,1,F,1,2018,5,0,1,1,19,2,48,1,1,1,262,2,9,2,01201,1,2,0,4,2,1,4,2,1,4,0,0,0,0,2,1,0,0,3,1,1,1,6,5,2,4,1,B,7,0,0,0,0,0,0,0,0,0,0,998,998,0,0,1,4,1,24,-23,-4,46851,998,-34,23,0,4,1,1,0,4,0,998,0.0,6,6,999,9.6,0.3,9.6,260.090104577972,3,6
21467,30,27,1-30-2021-027-06,6,1,4T1BE32K05U0,17,448,2469,13,0,49,40,2005,4,1,3,0,1,F,2,1455,5,0,1,1,21,2,56,1,0,1,0,2,0,1,85008,9,9,2,1,4,4,2,1,1,1,1,0,0,0,1,1,1,2,1,0,11,2,15,99,1,1,4,J,68,0,0,0,0,0,0,0,0,0,0,235,100,0,0,0,1,1,25,-25,-4,71483,998,-66,32,0,4,1,1,0,3,0,995,9.8,998,998,998,99.8,99.8,99.8,445.047869539732,10,6
21467,30,27,1-30-2021-027-06,6,2,JA4AD3A39GZ0,17,481,2163,7,0,52,47,2016,6,1,3,0,1,L,1,1595,5,0,1,1,9,2,56,1,0,0,995,0,0,0,85018,9,9,2,1,4,2,2,1,1,1,3,3,0,0,1,1,1,2,1,0,1,4,62,4,1,1,4,J,69,0,0,0,0,0,0,0,0,0,0,100,235,0,0,0,1,1,23,-18,15,10017,998,-14,12,0,4,9,97,0,99,0,995,9.8,998,998,998,99.8,99.8,99.8,445.047869539732,10,6
21469,22,45,1-22-2021-045-04,4,1,1C6SRFRT0KN7,17,496,13620,60,0,7,482,2019,34,5,31,0,1,F,1,2373,5,0,1,1,7,2,40,1,0,0,995,0,0,0,83843,1,2,2,5,3,2,2,1,3,1,1,2,0,0,1,1,0,0,3,0,11,2,15,2,1,1,4,J,68,0,0,0,0,0,0,0,0,0,0,115,335,0,0,0,1,1,20,-19,-7,38696,998,-46,19,0,1,0,0,0,0,0,995,9.8,998,998,998,99.8,99.8,99.8,40.149347057762,12,6
21469,22,45,1-22-2021-045-04,4,2,1D8GU58668W1,17,476,1940,7,0,7,403,2008,14,3,14,0,1,F,2,1801,5,0,1,1,8,2,40,1,0,0,995,0,0,0,99403,9,9,2,5,3,1,2,1,2,1,0,1,0,0,1,1,0,0,9,0,14,4,62,2,1,1,4,J,69,0,0,0,0,0,0,0,0,0,0,335,115,0,0,0,1,1,26,-25,9,60602,998,55,27,0,1,0,0,0,0,0,995,9.8,998,998,998,99.8,99.8,99.8,40.149347057762,12,6
21470,22,46,1-22-2021-046-10,10,1,5J6RE48319L0,17,474,1865,7,0,37,402,2009,14,3,14,0,1,F,3,1604,5,0,1,1,8,2,40,1,0,0,995,0,0,0,99403,9,9,2,4,2,1,2,1,1,4,0,0,0,0,1,1,6,2,9,1,1,2,14,99,1,4,1,C,14,0,0,0,0,0,0,0,0,0,0,998,998,0,1,5,3,12,999,999,999,9999999,999,999,999,8,0,0,0,0,0,0,998,0.0,5,5,999,0.8,0.0,0.8,262.427046330609,12,6
21471,22,47,1-22-2021-047-10,10,1,2T1KE40E29C0,17,448,2466,13,0,49,47,2009,6,1,2,0,1,F,2,1395,5,0,1,1,6,2,40,1,0,0,995,0,0,0,83501,9,9,2,4,2,1,2,1,1,1,0,0,0,0,1,8,2,2,9,0,1,2,17,2,1,1,5,L,86,0,0,0,0,0,0,0,0,0,0,0,90,0,0,0,1,3,28,-25,14,43012,998,98,22,0,4,0,0,0,0,0,995,9.8,998,998,998,99.8,99.8,99.8,262.427046330609,12,6
21471,22,47,1-22-2021-047-10,10,2,1J4GW58N0YC3,17,483,1949,7,0,2,404,2000,14,3,14,0,1,R,1,1823,5,9999,9,5,37,2,56,1,0,0,995,0,0,0,83501,9,9,2,4,2,1,2,1,1,1,0,4,0,0,1,8,0,0,9,0,1,4,66,99,1,1,5,L,87,0,0,0,0,0,0,0,0,0,0,90,0,0,0,0,1,3,22,-11,-19,69536,998,52,29,0,4,0,0,0,0,0,995,9.8,998,998,998,99.8,99.8,99.8,262.427046330609,12,6
21472,29,29,1-29-2021-029-07,7,1,3GTU2WEC3FG2,17,472,1857,60,0,23,481,2015,34,5,31,0,1,F,1,2371,5,46,1,1,16,2,32,1,1,9,998,8,7,9,02576,1,2,0,4,2,1,2,1,1,1,0,0,0,0,3,5,0,0,3,1,1,2,14,2,2,4,1,C,14,0,0,0,0,0,0,0,0,0,0,998,998,0,1,1,1,1,21,-21,0,50349,998,-72,21,0,4,99,99,0,99,0,998,0.0,18,18,120,0.1,0.1,0.2,182.726175877733,2,6
21473,29,30,1-29-2021-030-03,3,1,2T1BURHEXHC9,17,448,2208,13,0,49,32,2017,4,1,3,0,1,F,2,1265,5,0,1,1,6,2,48,1,0,0,995,0,0,0,02740,1,2,2,3,1,1,2,1,1,1,0,0,0,0,1,1,2,2,1,0,1,2,17,3,1,1,5,L,88,0,0,0,0,0,0,0,0,0,0,265,180,0,0,0,1,3,34,-34,-6,38159,998,-41,26,0,4,1,1,0,6,0,995,9.8,998,998,998,99.8,99.8,99.8,35.9286899556381,2,6
21473,29,30,1-29-2021-030-03,3,2,KNDJN2A29E70,17,499,2460,7,0,63,37,2014,6,1,2,0,1,L,2,1347,5,9999,9,0,998,5,48,1,0,0,995,0,0,0,02740,9,9,2,4,2,1,1,1,1,1,0,2,0,0,1,1,0,0,1,0,1,4,66,99,1,1,5,L,89,0,0,0,0,0,0,0,0,0,0,180,265,0,0,0,1,3,35,-6,34,100079,998,-44,41,0,4,95,95,95,95,0,995,9.8,998,998,998,99.8,99.8,99.8,35.9286899556381,2,6
21474,31,26,1-31-2021-026-03,3,1,3VW6T7AU5LM0,17,482,13670,5,0,30,42,2020,5,1,2,0,1,L,1,1378,5,0,2,1,20,2,89,1,0,0,995,0,0,0,63110,1,2,2,4,2,1,2,1,1,4,0,0,0,0,1,1,2,2,2,0,1,2,17,9,1,1,5,L,89,0,0,0,0,0,0,0,0,0,0,210,290,0,0,0,1,3,10,-2,9,9881,998,-147,9,0,4,1,1,0,4,0,995,0.0,120,20,20,16.6,0.0,16.6,227.863878959868,6,6