CASEID,PSU,CASENO,CASENUMBER,CATEGORY,VEHNO,VIN,VINLENGTH,VPICMAKE,VPICMODEL,VPICBODYCLASS,ICFINALBODY,MAKE,MODEL,MODELYR,BODYTYPE,BODYCAT,VEHCLASS,SPECUSE,TRANSTAT,DAMPLANE,DAMSEV,CURBWT,CURBSRC,CARGOWT,CARGOSRC,INSPTYPE,INSPLAG,TOWED,SPEEDLIMIT,DRPRESENT,PARALCOHOL,ALCTEST,ALCTESTRESULT,ALCTESTSRC,PARDRUG,DRUGTEST,ZIP,RACE,ETHNICITY,RELTOJUNCT,TRAFFLOW,RDLANES,INITLANE,SURFTYPE,SURFCOND,ALIGNMENT,PROFILE,LINERIGHT,LINELEFT,RUMBINIT,RUMBROAD,LIGHTCOND,WEATHER,TRAFDEV,TRAFFUNCT,DISTRACT,PREFHE,PREMOVE,CRITCAT,CRITEVENT,MANEUVER,PRESTAB,PRELOC,CRASHCAT,CRASHCONF,CRASHTYPE,ROLLTYPE,ROLLTURN,ROLLINTRPT,ROLLPREMAN,ROLLINITYP,ROLLINLOC,ROLLOBJ,ROLLTRIP,ROLLDIR,ROLLDIST,DVANGTHIS,DVANGOTH,TOWHITCH,TRAJDOC,TREEPOLE,DVEVENT,DVBASIS,DVTOTAL,DVLONG,DVLAT,DVENERGY,DVSPEED,DVMOMENT,DVBES,DVEST,DVCONF,VAIS,VISS,VINJURED,VTREAT,INITOBJCLASS,HEADANGLECAT,SHLDRWIDTH,STRKLENGTH,STRKWIDTH,STRKHEIGHT,EDGEDISTX,EDGEDISTY,EDGEDISTZ,CASEWGT,PSUSTRAT,VERSION
21474,31,26,1-31-2021-026-03,3,2,1B7HC16X3SS3,17,476,1938,60,0,7,482,1995,34,5,31,0,1,F,1,2111,5,0,2,0,998,2,89,1,0,0,995,0,0,0,62931,1,2,2,4,2,1,2,1,1,1,1,2,0,0,1,1,0,0,1,1,1,4,66,3,2,2,5,L,88,0,0,0,0,0,0,0,0,0,0,290,210,0,0,0,1,3,6,-6,-2,6547,998,-96,8,0,4,1,3,0,6,0,995,0.4,120,20,20,1.0,0.6,1.1,227.863878959868,6,6
21475,31,27,1-31-2021-027-09,9,1,1FTRF14515NB,17,460,1801,60,0,12,481,2005,34,5,30,0,1,T,2,2348,5,9999,9,1,8,2,89,1,0,0,995,0,0,0,60957,9,9,0,4,2,1,4,1,1,4,0,0,0,0,2,1,0,0,9,1,1,2,12,99,1,4,1,B,6,1,6,2,2,1,4,61,1,1,20,997,997,0,1,0,2,6,999,999,999,9999999,999,999,999,7,0,99,99,0,99,3,997,0.0,120,120,120,7.5,2.4,8.0,263.104368319194,6,6
21476,19,54,1-19-2021-054-02,2,1,1YVHZ8CH0B5M,17,473,2078,13,0,41,50,2011,4,1,4,0,1,F,1,1486,5,9999,9,0,998,2,89,1,0,0,995,0,1,0,37335,1,9,2,1,3,3,2,1,1,1,3,2,1,1,1,1,1,2,9,0,1,2,17,1,1,1,4,K,83,0,0,0,0,0,0,0,0,0,0,180,70,0,0,0,1,3,15,-15,0,9650,998,0,13,0,4,3,10,1,3,0,995,9.8,998,998,998,99.8,99.8,99.8,47.1230765782335,9,6
21476,19,54,1-19-2021-054-02,2,2,2HKRW1H93HH5,17,474,1865,7,0,37,402,2017,14,3,14,0,1,L,1,1502,5,0,1,1,4,2,89,1,0,0,995,0,0,0,35954,1,2,2,4,2,1,2,1,1,1,1,2,0,0,1,1,1,2,1,0,11,4,66,1,1,1,4,K,82,0,0,0,0,0,0,0,0,0,0,70,180,0,0,0,1,3,15,-5,14,17443,998,-33,17,0,4,2,6,0,4,0,995,9.8,998,998,998,99.8,99.8,99.8,47.1230765782335,9,6
21476,19,54,1-19-2021-054-02,2,3,WA1BNAFY7J21,17,582,3862,7,0,32,402,2018,14,3,14,0,1,F,9,1835,5,9999,9,0,998,5,105,1,0,0,995,0,0,0,35954,9,9,2,1,2,2,2,1,1,1,3,2,0,2,1,1,1,2,9,0,5,4,62,99,1,1,6,M,98,0,0,0,0,0,0,0,0,0,0,0,340,0,0,0,2,0,999,999,999,9999999,999,999,999,9,0,95,95,95,95,0,995,9.8,998,998,998,99.8,99.8,99.8,47.1230765782335,9,6
21477,19,55,1-19-2021-055-04,4,1,1FTYR10U52PA,17,460,1803,60,0,12,471,2002,34,5,30,0,1,L,1,1392,5,0,1,1,4,2,0,1,0,0,995,0,0,0,35906,1,9,2,4,2,1,2,1,1,1,0,0,0,0,1,8,2,2,2,0,11,2,15,1,1,1,4,K,82,0,0,0,0,0,0,0,0,0,0,20,95,0,1,0,1,1,13,0,13,7002,998,114,9,0,4,1,2,0,4,0,995,9.8,998,998,998,99.8,99.8,99.8,332.409092375342,9,6
21477,19,55,1-19-2021-055-04,4,2,3GNKBFRS6MS5,17,467,11502,7,0,20,421,2021,15,3,15,0,1,F,1,1818,5,0,1,1,4,3,72,1,0,0,995,0,0,0,35960,1,2,2,1,4,3,2,1,1,1,3,1,0,0,1,8,0,0,1,0,1,4,67,3,1,1,4,K,83,0,0,0,0,0,0,0,0,0,0,95,20,0,1,0,1,1,9,-9,-2,16068,998,12,14,0,1,1,1,0,7,0,995,9.8,998,998,998,99.8,99.8,99.8,332.409092375342,9,6
21478,19,56,1-19-2021-056-03,3,1,1J4FT68S7RL2,17,483,1945,7,0,2,404,1994,14,3,14,0,1,F,2,1331,5,0,1,1,4,2,72,1,0,0,995,0,0,0,35905,1,9,2,1,3,3,2,1,1,1,3,2,0,0,1,1,1,2,9,0,1,2,17,1,1,1,5,L,88,0,0,0,0,0,0,0,0,0,0,285,160,0,1,0,1,1,38,-37,-7,113484,998,-31,44,0,1,0,0,0,0,0,995,9.8,998,998,998,99.8,99.8,99.8,97.8905713512993,9,6
21478,19,56,1-19-2021-056-03,3,2,W1XV0BEM4L37,17,449,11451,95,0,42,462,2020,20,4,20,0,1,L,2,1915,5,0,2,1,6,2,72,1,0,0,995,0,0,0,35903,2,2,2,4,2,1,2,1,1,2,0,2,0,0,1,1,1,2,1,0,1,4,66,1,1,1,5,L,89,1,1,2,5,1,4,63,1,1,3,160,285,0,1,0,1,1,27,-17,21,24584,998,0,18,0,1,1,1,0,4,3,995,0.0,999,999,999,0.0,0.0,0.0,97.8905713512993,9,6
21479,19,57,1-19-2021-057-03,3,1,W04GW5EV9B11,17,468,1822,13,0,18,19,2011,4,1,3,0,1,L,1,1633,5,0,1,1,4,2,40,1,9,1,122,2,9,0,35957,2,9,2,4,2,1,2,1,1,4,0,0,0,0,1,1,2,2,9,0,11,2,15,9,1,1,4,K,82,0,0,0,0,0,0,0,0,0,0,25,110,0,1,0,1,3,8,-3,8,9813,998,58,11,0,4,3,13,1,4,0,995,9.8,998,998,998,99.8,99.8,99.8,97.8905713512993,9,6
21479,19,57,1-19-2021-057-03,3,2,3GKALMEV7KL3,17,472,1858,7,0,23,402,2019,14,3,14,0,1,F,2,1509,5,0,1,1,3,2,72,1,0,1,0,2,0,0,35903,1,2,2,1,4,3,2,1,1,1,3,1,0,0,1,1,2,2,1,0,1,4,67,1,1,1,4,K,83,0,0,0,0,0,0,0,0,0,0,998,998,0,1,0,3,7,999,999,999,9999999,999,999,999,7,0,3,22,1,3,0,998,0.0,120,120,-120,29.2,23.6,38.5,97.8905713512993,9,6
21480,20,33,1-20-2021-033-02,2,1,1FA6P8CF1J51,17,460,1781,3,0,12,3,2018,2,1,3,0,1,F,1,1681,5,0,1,1,18,2,89,1,0,0,995,0,0,0,95045,1,1,0,4,2,1,2,1,2,1,1,2,0,0,2,1,6,2,3,1,14,2,12,4,1,4,1,B,6,0,0,0,0,0,0,0,0,0,0,998,998,0,0,7,2,10,999,999,999,9999999,999,-82,17,2,0,1,2,0,4,0,998,2.4,6,6,120,4.1,0.0,4.1,55.9656336770062,11,6
21481,20,34,1-20-2021-034-01,1,1,1LNHM94R49G6,17,464,1794,13,0,13,15,2009,4,1,4,0,1,F,9,1940,5,9999,9,0,998,2,113,1,1,1,226,2,9,1,83333,1,1,0,1,2,1,2,1,1,1,3,1,1,3,2,1,0,0,9,0,1,3,54,99,1,1,3,G,52,1,4,2,2,1,4,61,1,2,21,320,140,0,0,0,1,0,999,999,999,9999999,999,999,999,9,0,2,6,0,3,3,995,9.8,998,998,998,99.8,99.8,99.8,41.7944083524258,11,6
21481,20,34,1-20-2021-034-01,1,2,JM1BJ2254215,17,473,5410,13,0,41,35,2002,4,1,2,0,1,F,9,1194,5,9999,9,0,998,2,113,1,0,1,0,2,0,1,93461,1,2,0,1,2,1,2,1,1,1,1,3,2,3,2,1,0,0,1,0,1,3,54,99,1,1,3,G,52,0,0,0,0,0,0,0,0,0,0,140,320,0,0,0,1,0,999,999,999,9999999,999,999,999,9,0,3,14,1,1,0,995,2.9,120,120,120,58.0,8.0,60.0,41.7944083524258,11,6
21481,20,34,1-20-2021-034-01,1,3,1XPXD49X8GD2,17,495,2794,66,0,87,881,2016,66,8,68,0,1,F,9,,,,,,,5,89,1,0,0,995,0,0,0,93901,9,9,0,1,2,1,2,1,1,1,1,3,2,3,2,1,0,0,1,0,1,2,18,1,1,1,6,M,98,,,,,,,,,,,,,,,,,,,,,,,,,,,95,95,95,95,,,9.8,998,998,998,99.8,99.8,99.8,41.7944083524258,11,6
21481,20,34,1-20-2021-034-01,1,4,1HGCR2F53HA1,17,474,1861,13,0,37,32,2017,4,1,4,0,1,F,9,1496,5,9999,9,0,998,5,113,1,0,0,995,0,0,0,93960,9,9,0,1,2,2,2,1,1,1,3,2,1,3,2,1,0,0,1,0,1,2,18,1,1,1,6,M,98,0,0,0,0,0,0,0,0,0,0,998,998,0,0,0,5,0,999,999,999,9999999,999,999,999,9,0,95,95,95,95,0,998,9.8,998,998,998,99.8,99.8,99.8,41.7944083524258,11,6
21484,15,45,1-15-2021-045-04,4,1,3GNKBBRA0LS5,17,467,11502,7,0,20,407,2020,14,3,14,0,1,F,9,1715,5,0,1,4,11,2,89,1,8,9,998,8,7,9,11580,9,9,0,2,5,4,2,1,2,1,3,3,0,3,1,1,0,0,9,0,14,3,52,99,1,1,2,D,28,0,0,0,0,0,0,0,0,0,0,285,285,0,0,0,1,12,999,999,999,9999999,999,999,999,9,0,0,0,0,0,0,995,9.8,998,998,998,99.8,99.8,99.8,106.171666961528,1,6
21484,15,45,1-15-2021-045-04,4,2,2T2BK1BA1FC2,17,515,2214,7,0,59,403,2015,14,3,14,0,1,B,9,1970,5,9999,9,0,998,5,89,1,8,9,998,8,7,9,11024,9,9,0,2,5,4,2,1,2,1,3,3,0,3,1,1,0,0,9,0,2,2,18,99,1,1,2,D,29,0,0,0,0,0,0,0,0,0,0,285,285,0,0,0,1,0,999,999,999,9999999,999,999,999,9,0,95,95,95,95,0,995,9.8,998,998,998,99.8,99.8,99.8,106.171666961528,1,6
21485,15,46,1-15-2021-046-03,3,1,2T3RFREV5FW3,17,448,2217,7,0,49,402,2015,14,3,14,0,1,R,9,1615,5,9999,9,0,998,5,64,1,8,0,995,0,7,0,11542,9,9,2,3,4,2,2,1,1,9,1,1,0,0,1,1,1,2,9,1,10,2,11,99,1,2,4,J,70,0,0,0,0,0,0,0,0,0,0,100,85,0,0,0,1,0,999,999,999,9999999,999,999,999,9,0,95,95,95,95,0,995,9.8,998,998,998,99.8,99.8,99.8,54.2763549555467,1,6
21485,15,46,1-15-2021-046-03,3,2,3N1CP5CUXKL5,17,478,22791,5,0,35,56,2019,5,1,2,0,1,L,9,1200,5,9999,9,0,998,2,64,1,8,0,995,0,7,0,11355,3,2,2,3,4,1,2,1,1,9,1,1,0,0,1,1,1,2,9,0,1,4,60,99,1,1,4,J,71,0,0,0,0,0,0,0,0,0,0,85,100,0,0,0,1,0,999,999,999,9999999,999,999,999,9,0,1,2,0,4,0,995,9.8,998,998,998,99.8,99.8,99.8,54.2763549555467,1,6
21486,15,47,1-15-2021-047-06,6,1,5FNYF8H58KB0,17,474,5959,7,0,37,422,2019,15,3,15,0,1,F,9,1890,5,9999,9,0,998,5,64,1,8,9,998,8,7,9,11801,9,9,0,3,4,2,2,1,1,1,3,3,0,0,5,1,0,0,2,0,1,3,52,99,1,1,2,D,28,0,0,0,0,0,0,0,0,0,0,95,95,0,0,0,1,0,999,999,999,9999999,999,999,999,9,0,95,95,95,95,0,995,9.8,998,998,998,99.8,99.8,99.8,61.1839297809764,1,6
21486,15,47,1-15-2021-047-06,6,2,4T1BF1FK3DU2,17,448,2469,13,0,49,40,2013,4,1,3,0,1,B,9,1441,5,0,1,4,13,2,64,1,8,9,998,8,7,9,11423,9,9,0,3,4,2,2,1,1,1,3,3,0,0,5,1,0,0,9,0,2,2,18,99,1,1,2,D,29,0,0,0,0,0,0,0,0,0,0,95,95,0,0,0,1,12,999,999,999,9999999,999,999,999,9,0,99,99,0,8,0,995,9.8,998,998,998,99.8,99.8,99.8,61.1839297809764,1,6
21487,15,48,1-15-2021-048-03,3,1,19UUB2F32LA0,17,475,5354,13,0,54,44,2020,4,1,4,0,1,R,2,1627,5,9999,9,4,71,2,48,1,8,9,998,8,7,9,11752,9,9,2,4,2,1,2,1,1,1,0,0,0,0,1,8,2,2,9,0,1,2,17,99,1,1,5,L,87,0,0,0,0,0,0,0,0,0,0,265,180,0,0,0,1,12,999,999,999,9999999,999,999,999,7,0,0,0,0,0,0,995,9.8,998,998,998,99.8,99.8,99.8,34.667359890988,1,6
21487,15,48,1-15-2021-048-03,3,2,2T3BFREV5EW1,17,448,2217,7,0,49,402,2014,14,3,14,0,1,F,9,1600,5,9999,9,0,998,2,999,1,8,9,998,8,7,9,11429,9,9,2,1,1,1,2,1,1,1,0,0,0,0,1,8,0,0,9,0,1,4,66,99,1,1,5,L,86,0,0,0,0,0,0,0,0,0,0,180,265,0,0,0,1,0,999,999,999,9999999,999,999,999,9,0,0,0,0,0,0,995,9.8,998,998,998,99.8,99.8,99.8,34.667359890988,1,6
21488,26,42,1-26-2021-042-04,4,1,19XFC2F67LE2,17,474,1863,13,0,37,31,2020,4,1,3,0,1,R,1,1252,5,0,1,1,20,2,72,1,0,0,995,0,0,0,95842,9,1,0,1,4,2,2,1,1,1,3,3,0,0,1,1,0,0,1,1,15,2,10,3,1,2,2,F,47,1,2,2,5,7,1,3,2,2,11,290,270,0,0,0,2,3,11,-4,-10,8292,998,-76,11,0,4,0,0,0,0,1,995,9.8,998,998,998,99.8,99.8,99.8,1111.57025689603,10,6
21488,26,42,1-26-2021-042-04,4,2,999999999999,99,99999,99999,999,0,99,399,9999,9,1,9,99,1,R,9,9999,9,9999,9,0,998,5,72,1,9,0,995,0,9,0,99999,9,9,0,1,4,3,2,1,1,1,3,3,0,0,1,1,0,0,9,0,1,4,61,99,9,1,2,F,45,0,0,0,0,0,0,0,0,0,0,270,260,0,0,0,1,0,999,999,999,9999999,999,999,999,9,0,95,95,95,95,0,995,9.8,998,998,998,99.8,99.8,99.8,1111.57025689603,10,6
21488,26,42,1-26-2021-042-04,4,3,1GTHK29122E1,17,472,1857,60,0,23,481,2002,34,5,30,0,1,L,1,2579,5,9999,9,0,998,2,72,1,0,0,995,0,0,0,95628,1,9,0,1,4,2,2,1,1,1,3,3,0,0,1,1,0,0,1,0,2,4,60,1,1,1,6,M,98,0,0,0,0,0,0,0,0,0,0,270,290,0,0,0,2,3,5,0,5,4461,998,137,5,0,4,0,0,0,0,0,995,9.8,998,998,998,99.8,99.8,99.8,1111.57025689603,10,6
21489,26,43,1-26-2021-043-05,5,1,5NPEU46F97H1,17,498,2459,13,0,55,33,2007,4,1,3,0,1,F,2,1569,5,9999,9,4,21,2,64,1,0,1,0,2,0,2,95655,2,9,2,1,3,1,2,1,1,1,1,3,0,0,3,1,1,2,9,0,1,2,17,99,1,1,4,J,69,0,0,0,0,0,0,0,0,0,0,240,5,0,0,0,1,3,25,-25,4,26865,998,38,20,0,4,3,10,1,3,0,995,9.8,998,998,998,99.8,99.8,99.8,36.1195225075849,10,6
21489,26,43,1-26-2021-043-05,5,2,1N4AL3AP1DN4,17,478,1904,13,0,35,47,2013,4,1,4,0,1,R,2,1420,5,0,1,1,13,2,64,1,0,1,0,2,0,1,95820,9,9,2,1,3,3,2,1,1,1,1,0,0,0,3,1,1,2,1,0,11,4,63,1,1,1,4,J,68,0,0,0,0,0,0,0,0,0,0,5,240,0,0,0,1,3,28,-21,-18,62325,998,-39,32,0,4,4,21,1,3,0,995,9.8,998,998,998,99.8,99.8,99.8,36.1195225075849,10,6
21490,26,44,1-26-2021-044-03,3,1,1N4BL4BV6LC2,17,478,1904,13,0,35,47,2020,4,1,4,0,1,L,2,1545,5,0,1,1,15,2,64,1,0,0,995,0,0,0,95843,1,9,2,1,5,3,2,1,1,1,3,3,0,0,4,1,1,2,9,0,1,2,17,1,1,1,5,L,89,0,0,0,0,0,0,0,0,0,0,75,170,0,0,0,1,1,27,-14,24,38037,998,-72,22,0,4,99,99,0,8,0,995,9.8,998,998,998,99.8,99.8,99.8,345.370371251535,10,6
21490,26,44,1-26-2021-044-03,3,2,JF2GPABC1H82,17,523,13580,7,0,48,403,2017,14,3,14,0,1,F,2,1455,5,0,1,1,24,2,56,1,0,0,995,0,0,0,95631,1,9,2,1,4,1,2,1,1,1,3,3,0,0,4,1,1,2,1,0,1,4,66,4,1,1,5,L,88,0,0,0,0,0,0,0,0,0,0,170,75,0,0,0,1,1,29,-27,-10,82169,998,-70,33,0,4,0,0,0,0,0,995,9.8,998,998,998,99.8,99.8,99.8,345.370371251535,10,6
21491,26,45,1-26-2021-045-04,4,1,3FAHP08196R1,17,460,1780,13,0,12,23,2006,4,1,3,0,1,F,1,1490,5,46,1,1,11,2,64,1,0,0,995,0,0,0,95815,1,9,2,4,2,1,2,1,2,1,0,2,0,0,1,1,0,0,3,0,11,2,15,1,1,1,4,J,68,0,0,0,0,0,0,0,0,0,0,55,250,0,0,0,1,8,999,999,999,9999999,999,999,999,6,0,0,0,0,0,0,995,9.8,998,998,998,99.8,99.8,99.8,1111.57025689603,10,6
21491,26,45,1-26-2021-045-04,4,2,1FTYR1YM2HKB,17,460,3608,95,0,12,462,2017,21,4,21,0,1,F,1,2268,5,9999,9,1,7,2,64,1,0,0,995,0,0,0,95655,1,9,2,4,2,1,2,1,3,1,0,2,0,0,1,1,0,0,1,0,14,4,62,4,1,1,4,J,69,0,0,0,0,0,0,0,0,0,0,250,55,0,0,0,1,8,999,999,999,9999999,999,999,999,6,0,0,0,0,0,0,995,9.8,998,998,998,99.8,99.8,99.8,1111.57025689603,10,6
21492,14,25,1-14-2021-025-03,3,1,1VWBT7A32HC0,17,482,3134,13,0,30,46,2017,4,1,4,0,1,F,1,1439,5,0,1,1,28,2,48,1,0,0,995,0,0,0,78114,1,2,0,5,3,1,2,1,1,1,1,2,0,0,1,1,0,0,9,0,1,3,50,2,1,1,2,D,20,0,0,0,0,0,0,0,0,0,0,240,240,0,0,0,1,3,22,-22,0,27164,998,25,21,0,4,0,0,0,0,0,995,9.8,998,998,998,99.8,99.8,99.8,836.096134920219,8,6
21492,14,25,1-14-2021-025-03,3,2,1FTEW1CF8HKD,17,460,1801,60,0,12,481,2017,34,5,31,0,1,B,1,1837,5,9999,9,0,998,5,48,1,0,0,995,0,0,0,78132,9,9,0,5,3,1,2,1,1,1,1,2,0,0,1,1,0,0,9,0,5,3,53,99,1,1,2,D,21,0,0,0,0,0,0,0,0,0,0,240,240,0,0,0,1,3,19,19,0,30330,998,0,21,0,4,95,95,95,95,0,995,9.8,998,998,998,99.8,99.8,99.8,836.096134920219,8,6
21493,52,60,1-52-2021-060-09,9,1,1C6RR7TT8GS3,17,496,13620,60,0,7,482,2016,34,5,31,0,1,R,1,2443,5,0,1,2,13,5,40,1,0,0,995,0,0,0,59101,9,9,2,4,2,1,2,1,1,1,0,0,0,0,1,1,0,0,9,0,1,2,17,3,1,1,5,L,87,0,0,0,0,0,0,0,0,0,0,0,270,0,0,0,1,1,7,-6,-3,14943,998,123,10,0,4,95,95,95,95,0,995,9.8,998,998,998,99.8,99.8,99.8,140.236933011687,12,6
21493,52,60,1-52-2021-060-09,9,2,3VWSE69M82M1,17,482,3137,13,0,30,40,2002,4,1,1,0,1,F,1,1331,5,0,1,1,13,2,40,1,0,0,995,0,0,0,59101,9,9,2,4,2,1,2,1,1,1,0,0,0,0,1,1,0,0,9,0,1,4,66,99,1,1,5,L,86,0,0,0,0,0,0,0,0,0,0,270,0,0,0,0,1,1,12,-6,10,9976,998,157,9,0,4,9,97,0,99,0,995,9.8,998,998,998,99.8,99.8,99.8,140.236933011687,12,6
21494,21,55,1-21-2021-055-02,2,1,5N1AT2MT7LC7,17,478,1913,7,0,35,404,2020,14,3,14,0,1,R,1,1550,5,0,1,1,25,2,89,1,0,0,995,0,0,2,92311,2,2,0,4,2,1,2,1,1,1,0,2,1,0,2,1,6,2,1,1,1,2,14,4,1,4,1,C,14,1,4,2,6,1,4,61,1,1,999,997,997,0,0,0,3,6,999,999,999,9999999,999,999,999,6,0,3,9,1,3,3,997,2.8,999,999,999,99.9,99.9,99.9,35.6773826191588,11,6
21495,21,56,1-21-2021-056-09,9,1,1G8AK58B47Z1,17,1056,4781,13,0,24,7,2007,4,1,2,0,1,F,2,1221,5,9999,9,5,4,2,113,1,0,0,995,0,0,0,92394,1,9,0,2,3,99,1,1,1,9,3,2,1,3,2,1,0,0,3,1,1,2,12,99,9,4,1,B,6,0,0,0,0,0,0,0,0,0,0,998,998,0,0,0,1,98,999,999,999,9999999,999,999,999,7,0,99,99,0,99,0,998,4.1,999,999,999,0.0,0.0,0.0,3762.75170408495,11,6
21496,25,31,1-25-2021-031-07,7,1,1GT22ZCG5CZ2,17,472,1857,60,0,23,481,2012,34,5,31,0,1,F,9,2890,5,9999,9,0,998,2,40,1,1,1,190,1,7,0,04280,9,9,0,4,2,1,2,1,1,3,0,0,0,0,2,1,0,0,9,1,1,2,12,99,1,4,1,B,6,0,0,0,0,0,0,0,0,0,0,998,998,0,1,0,1,0,999,999,999,9999999,999,999,999,9,0,0,0,0,0,0,998,0.0,120,120,104,11.0,3.2,3.2,435.813049696609,2,6
21497,20,36,1-20-2021-036-09,9,1,3N1CB51D03L7,17,478,1907,13,0,35,43,2003,4,1,1,0,1,T,2,1154,5,0,1,1,17,2,89,1,1,8,997,8,0,0,93927,9,1,0,1,2,1,2,1,2,4,1,2,0,0,1,1,0,0,9,1,14,2,12,8,2,4,6,M,98,1,4,2,4,1,1,61,1,2,10,997,997,0,0,0,1,6,999,999,999,9999999,999,999,999,7,0,1,1,0,99,3,997,9.8,998,998,998,99.8,99.8,99.8,1402.32281175159,11,6
21498,54,15,1-54-2021-015-06,6,1,2HGFB2F58DH5,17,474,1863,13,0,37,31,2013,4,1,3,0,1,T,2,1236,5,0,1,1,9,2,105,1,0,1,264,2,0,1,35565,9,1,0,1,2,1,2,1,3,1,1,3,2,3,2,1,0,0,3,1,14,2,13,3,1,4,1,A,1,1,4,2,2,1,4,61,1,1,30,997,997,0,0,0,2,6,999,999,999,9999999,999,999,999,7,0,2,5,0,3,3,997,3.0,110,110,120,38.8,6.0,39.3,166.967596019387,9,6
21499,14,26,1-14-2021-026-04,4,1,3VV3B7AX6KM1,17,482,8151,7,0,30,402,2019,14,3,14,0,1,L,1,1713,5,0,2,1,16,2,97,1,0,0,995,0,0,0,78610,1,1,2,4,3,1,2,2,1,1,1,1,0,0,1,2,0,0,2,1,15,2,10,2,1,2,2,F,47,0,0,0,0,0,0,0,0,0,0,270,280,0,0,0,1,3,8,0,8,3031,998,-6,7,0,4,0,0,0,5,0,995,9.8,998,998,998,99.8,99.8,99.8,3111.4776522479,8,6
21499,14,26,1-14-2021-026-04,4,2,2FMPK3J9XLBA,17,460,1797,7,0,12,424,2020,15,3,15,0,1,R,1,1800,5,0,1,1,16,3,97,1,0,0,995,0,0,0,78133,1,2,2,4,3,2,2,2,1,1,1,2,0,0,1,2,0,0,1,0,1,4,61,4,1,1,2,F,45,0,0,0,0,0,0,0,0,0,0,280,270,0,0,0,1,3,7,-1,-7,6365,998,11,9,0,4,0,0,0,0,0,995,9.8,998,998,998,99.8,99.8,99.8,3111.4776522479,8,6
21500,16,29,1-16-2021-029-07,7,1,1C3CDZAB1DN5,17,476,1892,13,0,7,26,2013,4,1,3,0,1,F,1,1636,5,0,1,1,8,2,72,1,0,0,995,0,0,0,45203,9,9,0,1,3,2,2,2,2,1,3,1,0,0,1,2,0,0,1,0,14,3,50,2,1,1,2,D,20,0,0,0,0,0,0,0,0,0,0,195,205,0,0,0,1,3,23,-23,0,15139,998,37,15,0,4,0,0,0,0,0,995,9.8,998,998,998,99.8,99.8,99.8,2340.5244095538,5,6
21500,16,29,1-16-2021-029-07,7,2,1GCEK14T81Z1,17,467,1850,60,0,20,481,2001,34,5,31,0,1,B,1,1965,5,9999,9,0,998,5,72,1,0,0,995,0,0,0,45121,9,9,0,1,3,2,2,2,1,1,3,1,0,0,1,2,0,0,1,0,5,3,53,99,1,1,2,D,21,0,0,0,0,0,0,0,0,0,0,205,195,0,0,0,1,3,20,19,-3,53387,998,46,25,0,4,95,95,95,95,0,995,9.8,998,998,998,99.8,99.8,99.8,2340.5244095538,5,6
21501,25,32,1-25-2021-032-03,3,1,3FADP4EE7EM1,17,460,3267,5,0,12,32,2014,5,1,1,0,1,F,2,1170,5,0,1,1,11,2,48,1,8,0,995,0,7,0,04043,9,9,2,4,4,1,2,1,1,1,0,1,0,0,1,1,1,2,1,0,1,2,17,1,1,1,5,L,86,0,0,0,0,0,0,0,0,0,0,150,245,0,0,0,1,1,31,-29,11,91226,998,59,39,0,4,1,1,0,5,0,995,9.8,998,998,998,99.8,99.8,99.8,88.9884141596574,2,6
21501,25,32,1-25-2021-032-03,3,2,JTDEPMAE2MJ1,17,448,2208,13,0,49,32,2021,4,1,3,0,1,R,2,1340,8,0,1,1,14,2,48,1,8,0,995,0,7,0,04103,9,9,2,4,3,2,2,1,1,1,1,2,0,0,1,1,1,2,1,0,1,4,66,4,1,2,5,L,87,0,0,0,0,0,0,0,0,0,0,245,150,0,0,0,1,1,27,-9,-26,7766,998,22,12,0,4,1,1,0,99,0,995,9.8,998,998,998,99.8,99.8,99.8,88.9884141596574,2,6
21502,76,21,1-76-2021-021-07,7,1,5N1AR2MM1GC6,17,478,1911,8,0,35,401,2016,14,3,14,0,1,F,1,2005,5,0,2,4,48,2,64,1,8,9,998,8,7,9,13856,1,2,0,4,2,1,2,1,1,1,0,0,0,0,1,1,0,0,1,0,1,6,87,2,1,1,1,C,13,0,0,0,0,0,0,0,0,0,0,998,998,0,0,0,1,12,999,999,999,9999999,999,999,999,6,0,0,0,0,0,0,998,9.8,998,998,998,99.8,99.8,99.8,88.7126391025713,3,6
21503,30,29,1-30-2021-029-07,7,1,1FAHP3K26CL2,17,460,1779,5,0,12,37,2012,5,1,3,0,1,R,1,1327,5,0,1,1,13,2,64,1,0,0,995,0,0,0,85373,9,9,2,4,2,1,2,1,1,1,0,4,0,0,1,1,0,0,9,0,11,2,15,99,1,1,4,J,68,0,0,0,0,0,0,0,0,0,0,20,270,0,0,0,1,5,999,999,999,9999999,999,999,999,1,0,0,0,0,0,0,995,9.8,998,998,998,99.8,99.8,99.8,1686.11866385474,10,6
21503,30,29,1-30-2021-029-07,7,2,JKAVN2B187A0,17,510,3202,82,0,73,706,2007,80,9,80,0,1,F,9,,,,,,,2,64,1,9,0,995,0,9,0,99999,9,9,2,4,2,1,2,1,1,1,0,4,0,0,1,1,0,0,9,0,1,4,62,99,1,1,4,J,69,,,,,,,,,,,,,,,,,,,,,,,,,,,95,95,95,95,,,9.8,998,998,998,99.8,99.8,99.8,1686.11866385474,10,6