CASEID,PSU,CASENO,CASENUMBER,CATEGORY,VEHNO,VIN,VINLENGTH,VPICMAKE,VPICMODEL,VPICBODYCLASS,ICFINALBODY,MAKE,MODEL,MODELYR,BODYTYPE,BODYCAT,VEHCLASS,SPECUSE,TRANSTAT,DAMPLANE,DAMSEV,CURBWT,CURBSRC,CARGOWT,CARGOSRC,INSPTYPE,INSPLAG,TOWED,SPEEDLIMIT,DRPRESENT,PARALCOHOL,ALCTEST,ALCTESTRESULT,ALCTESTSRC,PARDRUG,DRUGTEST,ZIP,RACE,ETHNICITY,RELTOJUNCT,TRAFFLOW,RDLANES,INITLANE,SURFTYPE,SURFCOND,ALIGNMENT,PROFILE,LINERIGHT,LINELEFT,RUMBINIT,RUMBROAD,LIGHTCOND,WEATHER,TRAFDEV,TRAFFUNCT,DISTRACT,PREFHE,PREMOVE,CRITCAT,CRITEVENT,MANEUVER,PRESTAB,PRELOC,CRASHCAT,CRASHCONF,CRASHTYPE,ROLLTYPE,ROLLTURN,ROLLINTRPT,ROLLPREMAN,ROLLINITYP,ROLLINLOC,ROLLOBJ,ROLLTRIP,ROLLDIR,ROLLDIST,DVANGTHIS,DVANGOTH,TOWHITCH,TRAJDOC,TREEPOLE,DVEVENT,DVBASIS,DVTOTAL,DVLONG,DVLAT,DVENERGY,DVSPEED,DVMOMENT,DVBES,DVEST,DVCONF,VAIS,VISS,VINJURED,VTREAT,INITOBJCLASS,HEADANGLECAT,SHLDRWIDTH,STRKLENGTH,STRKWIDTH,STRKHEIGHT,EDGEDISTX,EDGEDISTY,EDGEDISTZ,CASEWGT,PSUSTRAT,VERSION
21683,10,56,1-10-2021-056-06,6,2,1VWBP7A37EC0,17,482,3134,13,0,30,46,2014,4,1,4,0,1,F,1,1436,8,0,1,1,21,2,64,1,0,0,995,0,0,0,45414,9,9,2,1,2,2,2,1,1,1,3,2,0,0,1,1,0,0,1,1,1,4,67,8,1,2,4,K,83,0,0,0,0,0,0,0,0,0,0,180,40,0,0,0,1,12,999,999,999,9999999,999,999,14,2,0,99,99,0,5,0,995,9.8,998,998,998,99.8,99.8,99.8,517.487079463534,4,6
21684,10,57,1-10-2021-057-04,4,1,1FA6P8TH5J51,17,460,1781,3,0,12,3,2018,2,1,3,0,1,F,2,1607,5,0,1,5,8,2,56,1,0,0,995,0,0,0,45458,9,9,0,5,3,1,2,1,1,1,0,2,0,0,1,1,6,2,9,0,1,3,52,3,1,1,2,D,28,0,0,0,0,0,0,0,0,0,0,100,100,0,0,0,1,12,999,999,999,9999999,999,999,999,7,0,0,0,0,0,0,995,9.8,998,998,998,99.8,99.8,99.8,821.448781764211,4,6
21684,10,57,1-10-2021-057-04,4,2,1GCCT19X6381,17,467,11483,60,0,20,471,2003,34,5,30,0,1,B,9,1721,5,9999,9,0,998,5,56,1,0,0,995,0,0,0,45305,9,9,0,5,3,1,2,1,1,1,0,2,0,0,1,1,6,2,1,0,2,3,53,99,1,1,2,D,29,0,0,0,0,0,0,0,0,0,0,100,100,0,0,0,1,0,999,999,999,9999999,999,999,999,9,0,95,95,95,95,0,995,9.8,998,998,998,99.8,99.8,99.8,821.448781764211,4,6
21685,17,35,1-17-2021-035-03,3,1,5N1AR2MM4EC6,17,478,1911,8,0,35,401,2014,14,3,14,0,1,F,1,1987,5,9999,9,0,998,5,48,1,9,0,995,0,9,0,61273,9,9,2,4,2,1,1,2,2,1,0,0,0,0,1,1,0,0,2,0,14,2,17,99,1,1,5,L,88,0,0,0,0,0,0,0,0,0,0,160,80,0,0,0,1,3,4,-4,-1,1408,998,-81,4,0,4,95,95,95,95,0,995,9.8,998,998,998,99.8,99.8,99.8,169.612419661535,4,6
21685,17,35,1-17-2021-035-03,3,2,1G1ZE5ST6HF2,17,467,1834,13,0,20,37,2017,4,1,4,0,1,L,1,1400,5,0,1,1,6,2,64,1,9,0,995,0,9,0,61244,1,1,2,4,2,1,1,2,3,1,1,2,0,0,1,1,0,0,1,0,14,4,71,1,1,1,5,L,89,0,0,0,0,0,0,0,0,0,0,80,160,0,0,0,1,3,5,-1,5,3970,998,-168,6,0,4,1,1,0,4,0,995,9.8,998,998,998,99.8,99.8,99.8,169.612419661535,4,6
21686,17,36,1-17-2021-036-10,10,1,JM1BJ2227X01,17,473,5410,13,0,41,35,1999,4,1,2,0,1,F,1,1142,5,0,1,1,3,2,48,1,1,1,283,1,9,0,61201,9,9,0,4,2,1,2,1,1,1,0,0,0,0,2,1,0,0,9,1,1,2,11,99,1,4,1,C,11,0,0,0,0,0,0,0,0,0,0,190,180,0,0,0,1,12,999,999,999,9999999,999,999,999,6,0,0,0,0,0,0,995,9.8,998,998,998,99.8,99.8,99.8,3331.67503398132,4,6
21686,17,36,1-17-2021-036-10,10,2,3FAHP0HA3AR1,17,460,1780,13,0,12,23,2010,4,1,3,0,2,L,1,1490,5,9999,9,5,18,,,,,,,,,,,,,,,,,,,,,,,,,,,,,,,,,,,,,,,,,,,,,,,,,,,,,,,,,,,,,,,,,,95,95,95,95,,,,,,,,,,3331.67503398132,4,6
21687,48,32,1-48-2021-032-05,5,1,1G1PC5SB3D72,17,467,1832,13,0,20,25,2013,4,1,3,0,1,F,2,1407,5,0,1,1,14,2,129,1,1,0,995,0,1,0,84404,1,9,0,2,2,1,2,1,1,1,1,3,2,3,2,8,0,0,9,0,1,3,51,1,1,1,2,D,24,0,0,0,0,0,0,0,0,0,0,350,350,0,0,0,1,5,999,999,999,9999999,999,999,29,3,0,2,5,0,4,0,995,3.0,999,999,999,18.0,17.0,24.0,77.0323095151438,12,6
21687,48,32,1-48-2021-032-05,5,2,1XPBDP9X5ND7,17,495,2787,66,0,87,884,2022,66,8,68,0,1,B,9,,,,,,,5,129,1,0,0,995,0,0,0,97801,9,9,0,2,2,1,2,1,1,1,1,3,2,3,2,8,0,0,9,0,1,3,53,99,1,1,2,D,25,,,,,,,,,,,,,,,,,,,,,,,,,,,95,95,95,95,,,9.8,998,998,998,99.8,99.8,99.8,77.0323095151438,12,6
21688,48,33,1-48-2021-033-06,6,1,JF1GH61628G8,17,523,2235,5,0,48,38,2008,5,1,2,0,1,R,1,1385,5,0,1,1,14,2,105,1,0,1,0,2,0,1,84341,1,2,1,4,6,1,2,1,2,1,1,1,0,0,1,1,0,0,9,1,14,2,21,99,1,2,6,M,98,0,0,0,0,0,0,0,0,0,0,105,0,0,0,0,2,1,20,-3,-19,13454,998,-158,10,0,1,1,2,0,4,0,995,9.8,998,998,998,99.8,99.8,99.8,223.664607805145,12,6
21688,48,33,1-48-2021-033-06,6,2,KNAFK4A6XG56,17,499,2462,13,0,63,38,2016,4,1,3,0,1,F,1,1272,5,0,1,1,14,2,105,1,0,0,995,0,0,0,84404,1,2,1,4,6,2,2,1,2,1,3,2,1,0,1,1,0,0,1,0,14,4,60,2,1,1,6,M,98,0,0,0,0,0,0,0,0,0,0,0,285,0,0,0,1,1,19,-19,0,29515,998,0,24,0,1,1,1,0,0,0,995,9.8,998,998,998,99.8,99.8,99.8,223.664607805145,12,6
21688,48,33,1-48-2021-033-06,6,3,5NPET46C59H4,17,498,2459,13,0,55,33,2009,4,1,3,0,1,F,1,1476,5,0,1,1,14,2,105,1,0,0,995,0,0,0,84302,9,9,1,4,6,3,2,1,2,1,3,2,1,0,1,1,0,0,9,0,14,4,60,7,1,3,6,M,98,0,0,0,0,0,0,0,0,0,0,0,105,0,0,0,2,1,19,-19,0,60272,998,34,31,0,4,9,97,0,99,0,995,9.8,998,998,998,99.8,99.8,99.8,223.664607805145,12,6
21689,24,61,1-24-2021-061-03,3,1,3KPF24AD4LE2,17,499,2462,13,0,63,38,2020,4,1,3,0,1,L,1,1256,5,0,1,1,11,2,40,1,1,1,0,1,0,0,08234,9,9,2,4,2,1,2,2,1,1,0,2,0,0,1,2,1,2,9,0,10,2,16,99,1,1,4,K,78,0,0,0,0,0,0,0,0,0,0,180,245,0,0,0,1,1,14,-5,13,20554,998,101,16,0,3,1,1,0,99,0,995,9.8,998,998,998,99.8,99.8,99.8,389.406812650772,1,6
21689,24,61,1-24-2021-061-03,3,2,2G1125S35J91,17,467,1833,13,0,20,2,2018,4,1,4,0,1,R,1,1717,5,0,1,1,25,2,40,1,0,0,995,0,0,0,08055,1,2,2,3,2,2,2,2,1,1,3,0,0,0,1,2,1,2,1,0,1,4,65,2,1,1,4,K,79,0,0,0,0,0,0,0,0,0,0,245,180,0,0,0,1,1,10,-7,-8,5436,998,-96,7,0,3,0,0,0,0,0,995,9.8,998,998,998,99.8,99.8,99.8,389.406812650772,1,6
21690,24,62,1-24-2021-062-07,7,1,19XFC1F32GE2,17,474,1863,13,0,37,31,2016,4,1,3,0,1,F,1,1244,5,0,1,3,14,2,80,1,0,0,995,0,0,0,08201,1,2,0,4,2,1,2,1,1,3,1,2,1,0,1,1,0,0,1,0,1,6,88,1,1,1,1,C,13,0,0,0,0,0,0,0,0,0,0,998,998,0,0,0,1,10,999,999,999,9999999,999,999,999,6,0,0,0,0,0,0,998,9.8,998,998,998,99.8,99.8,99.8,2389.9230375647,1,6
21691,52,70,1-52-2021-070-03,3,1,3TMCZ5AN2HM0,17,448,2223,60,0,49,472,2017,34,5,30,0,1,F,2,1927,5,0,1,1,13,2,40,1,1,8,997,8,0,0,59102,9,9,0,4,2,1,2,2,1,1,0,0,0,0,3,9,0,0,9,1,1,2,13,7,1,1,1,C,12,0,0,0,0,0,0,0,0,0,0,998,998,0,0,0,1,98,999,999,999,9999999,999,999,999,7,0,99,99,0,99,0,998,9.8,998,998,998,99.8,99.8,99.8,29.8700048297256,12,6
21692,52,71,1-52-2021-071-03,3,1,1G1ZD5ST4LF0,17,467,1834,13,0,20,37,2020,4,1,4,0,1,B,2,1418,5,0,1,1,10,2,56,1,0,0,995,0,0,0,59101,1,2,2,1,5,1,2,1,1,1,1,3,0,0,1,8,1,2,1,0,1,2,17,1,1,1,5,L,89,0,0,0,0,0,0,0,0,0,0,998,998,0,0,9,2,12,999,999,999,9999999,999,999,999,7,0,0,0,0,0,0,998,0.0,40,40,999,3.1,2.5,3.9,29.8700048297256,12,6
21692,52,71,1-52-2021-071-03,3,2,JN8DR07Y61W5,17,478,1911,7,0,35,401,2001,14,3,14,0,1,F,1,1962,5,0,1,1,9,2,56,1,0,0,995,0,0,0,59063,2,9,2,3,4,2,2,1,1,1,1,1,0,0,1,8,1,2,9,0,1,4,66,99,1,1,5,L,88,0,0,0,0,0,0,0,0,0,0,45,325,0,0,0,1,1,24,-18,-15,138451,998,-129,31,0,1,1,2,0,4,0,995,9.8,998,998,998,99.8,99.8,99.8,29.8700048297256,12,6
21693,52,72,1-52-2021-072-04,4,1,JF2SH64639H7,17,523,2234,7,0,48,401,2009,14,3,14,0,1,R,1,1483,5,0,1,1,10,3,56,1,0,0,995,0,0,0,59101,9,9,2,4,3,1,2,1,1,1,0,1,0,0,1,1,1,2,9,0,1,2,17,99,1,1,5,L,87,0,0,0,0,0,0,0,0,0,0,90,20,0,0,0,1,1,8,-5,-6,1766,998,158,4,0,4,0,0,0,0,0,995,9.8,998,998,998,99.8,99.8,99.8,90.3007508105702,12,6
21693,52,72,1-52-2021-072-04,4,2,2T1BURHEXJC0,17,448,2208,13,0,49,32,2018,4,1,3,0,1,F,1,1265,5,0,1,1,11,2,56,1,0,0,995,0,0,0,59101,9,9,2,4,3,1,2,1,1,1,0,1,0,0,1,1,1,2,9,0,1,4,66,4,1,1,5,L,86,0,0,0,0,0,0,0,0,0,0,20,90,0,0,0,1,1,10,-5,9,19314,998,154,13,0,4,0,0,0,0,0,995,9.8,998,998,998,99.8,99.8,99.8,90.3007508105702,12,6
21694,52,73,1-52-2021-073-06,6,1,3C6TD5MT2CG2,17,476,1938,60,0,7,482,2012,34,5,31,0,1,F,9,3042,8,9999,9,0,998,5,56,1,0,0,995,0,0,0,59105,9,9,2,3,4,2,2,1,1,1,1,1,0,0,1,8,1,2,9,0,1,2,17,99,1,1,5,L,86,0,0,0,0,0,0,0,0,0,0,35,135,0,0,0,1,0,999,999,999,9999999,999,999,999,9,0,95,95,95,95,0,995,9.8,998,998,998,99.8,99.8,99.8,60.7475043051552,12,6
21694,52,73,1-52-2021-073-06,6,2,3N1CN7AP0FL9,17,478,1894,13,0,35,50,2015,4,1,2,0,1,R,2,1098,8,0,1,1,10,2,56,1,0,0,995,0,0,0,59105,1,9,2,2,4,2,2,1,1,1,1,1,0,0,1,8,1,2,9,0,1,4,71,3,1,1,5,L,87,0,0,0,0,0,0,0,0,0,0,135,35,0,0,0,1,8,999,999,999,9999999,999,999,999,7,0,1,1,0,4,0,995,0.0,999,999,999,0.0,0.0,0.0,60.7475043051552,12,6
21696,25,39,1-25-2021-039-06,6,1,1G6AX5S38E01,17,469,1825,13,0,19,18,2014,4,1,5,0,1,R,1,1795,5,0,1,1,39,2,80,1,1,1,197,2,7,0,04062,9,9,0,4,2,1,2,1,2,2,1,2,0,0,1,1,6,2,3,1,14,2,13,7,4,4,1,A,2,0,0,0,0,0,0,0,0,0,0,998,998,0,1,1,1,1,12,-8,-9,13970,998,86,12,0,3,1,2,0,4,0,998,1.4,40,40,120,41.1,3.3,41.0,367.34793789811,2,6
21697,16,35,1-16-2021-035-02,2,1,1GNFC36099R1,17,467,1851,7,0,20,422,2009,15,3,15,0,1,F,1,2611,5,0,1,1,44,2,72,1,0,0,995,0,0,0,45213,9,9,0,4,4,3,2,1,1,1,3,2,0,0,1,1,0,0,1,1,1,2,10,99,1,2,3,G,50,0,0,0,0,0,0,0,0,0,0,30,215,0,0,0,1,3,18,-18,0,52708,998,-45,22,0,4,9,97,0,99,0,995,9.8,998,998,998,99.8,99.8,99.8,29.9355807568688,5,6
21697,16,35,1-16-2021-035-02,2,2,1N4AZ1CPXJC3,17,478,1905,5,0,35,55,2018,5,1,3,0,1,F,2,1560,5,0,1,1,40,2,72,1,0,0,995,0,0,0,45224,1,9,0,4,4,1,2,1,1,1,0,2,0,0,1,1,0,0,1,0,1,4,62,4,1,1,3,G,51,0,0,0,0,0,0,0,0,0,0,215,30,0,0,0,1,3,27,-27,5,36638,998,-24,23,0,4,2,4,0,8,0,995,0.0,999,999,999,0.0,0.0,0.0,29.9355807568688,5,6
21697,16,35,1-16-2021-035-02,2,3,5YFS4RCE7LP0,17,448,2208,13,0,49,32,2020,4,1,3,0,1,F,3,1395,5,0,1,1,44,2,72,1,0,0,995,0,0,0,45202,9,1,0,4,4,1,2,1,1,1,0,2,0,0,1,1,0,0,1,0,1,4,62,2,1,1,6,M,98,0,0,0,0,0,0,0,0,0,0,210,30,0,0,0,3,12,999,999,999,9999999,999,999,999,4,0,1,1,0,4,0,995,9.8,998,998,998,99.8,99.8,99.8,29.9355807568688,5,6
21698,16,36,1-16-2021-036-04,4,1,3MYDLBYV9HY1,17,448,24949,13,0,49,51,2017,4,1,2,0,1,F,2,1095,5,0,1,3,9,2,56,1,0,0,995,0,0,0,45248,9,9,2,5,6,3,2,1,3,1,3,1,0,0,1,1,1,2,9,0,14,3,50,2,1,1,2,D,20,0,0,0,0,0,0,0,0,0,0,335,335,0,0,0,1,12,999,999,999,9999999,999,999,999,3,0,0,0,0,0,0,995,9.8,998,998,998,99.8,99.8,99.8,1584.31112022975,5,6
21698,16,36,1-16-2021-036-04,4,2,1FMCU0GXXDUC,17,460,1798,7,0,12,402,2013,14,3,14,0,1,B,9,1588,5,9999,9,0,998,5,56,1,0,0,995,0,0,0,45248,9,9,2,5,6,3,2,1,3,1,3,1,0,0,1,1,1,2,1,0,5,3,53,1,1,1,2,D,21,0,0,0,0,0,0,0,0,0,0,335,335,0,0,0,1,0,999,999,999,9999999,999,999,999,9,0,95,95,95,95,0,995,9.8,998,998,998,99.8,99.8,99.8,1584.31112022975,5,6
21698,16,36,1-16-2021-036-04,4,3,5FNYF4H57DB0,17,474,1864,7,0,37,421,2013,15,3,15,0,1,B,9,2058,5,9999,9,0,998,5,56,1,0,0,995,0,0,0,45247,9,9,2,5,6,3,2,1,3,1,3,1,0,0,1,1,1,2,1,0,5,3,53,1,1,1,6,M,98,0,0,0,0,0,0,0,0,0,0,335,335,0,0,0,2,0,999,999,999,9999999,999,999,999,9,0,95,95,95,95,0,995,9.8,998,998,998,99.8,99.8,99.8,1584.31112022975,5,6
21702,28,31,1-28-2021-031-04,4,1,2LMPJ8LP6KBL,17,464,24892,7,0,13,422,2019,15,3,15,0,1,F,1,2071,5,9999,9,4,44,2,89,1,0,0,995,0,0,0,14830,1,2,0,4,2,1,2,1,2,4,1,2,1,0,2,1,0,0,1,0,14,6,87,2,1,1,1,C,13,0,0,0,0,0,0,0,0,0,0,998,998,0,0,0,1,12,999,999,999,9999999,999,999,999,6,0,0,0,0,0,0,998,9.8,998,998,998,99.8,99.8,99.8,39.3854945609915,3,6
21704,59,20,1-59-2021-020-05,5,1,1FTFW1ET7DKE,17,460,1801,60,0,12,481,2013,34,5,31,0,1,F,2,2586,5,9999,9,1,2,2,89,1,0,0,995,0,0,0,47884,9,9,0,4,2,1,4,8,1,4,0,0,0,0,1,8,0,0,9,1,1,1,6,3,2,4,1,A,2,0,0,0,0,0,0,0,0,0,0,998,998,0,0,0,1,10,999,999,999,9999999,999,-46,27,3,0,9,97,0,8,0,998,0.0,120,20,20,0.0,0.0,0.0,82.6089307138972,6,6
21705,32,57,1-32-2021-057-06,6,1,JM1GJ1U56G14,17,473,2078,13,0,41,50,2016,4,1,4,0,1,F,3,1474,5,0,1,1,17,2,72,1,1,8,997,8,0,0,75056,9,1,2,1,4,1,1,1,1,1,1,1,0,0,3,1,1,2,9,1,1,2,14,1,1,4,1,C,14,1,2,2,2,1,4,61,1,2,20,998,998,0,0,1,2,98,999,999,999,9999999,999,999,999,8,0,99,99,0,8,3,998,0.0,60,20,17,0.0,0.0,0.0,1463.81091200918,7,6
21706,32,58,1-32-2021-058-07,7,1,2C4RDGCG9GR2,17,476,14832,2,0,7,442,2016,20,4,20,0,1,F,1,2050,5,9999,9,0,998,2,64,1,0,0,995,0,0,0,75115,1,9,2,1,3,1,2,1,1,1,0,3,0,0,1,1,0,0,9,0,1,3,52,1,1,1,2,D,28,0,0,0,0,0,0,0,0,0,0,120,120,0,0,0,1,3,13,-13,0,12030,998,0,12,0,4,0,0,0,0,0,995,9.8,998,998,998,99.8,99.8,99.8,4124.66965548814,7,6
21706,32,58,1-32-2021-058-07,7,2,JTHCF1D28F50,17,515,2184,13,0,59,35,2015,4,1,4,0,1,B,1,1655,5,0,1,2,16,5,64,1,0,0,995,0,0,0,75052,9,9,2,1,3,1,2,1,1,1,0,3,0,0,1,1,0,0,9,0,2,3,53,1,1,1,2,D,29,0,0,0,0,0,0,0,0,0,0,120,120,0,0,0,1,3,16,16,0,18336,998,0,17,0,4,95,95,95,95,0,995,9.8,998,998,998,99.8,99.8,99.8,4124.66965548814,7,6
21706,32,58,1-32-2021-058-07,7,3,JH4CU2F60BC0,17,475,1874,13,0,54,39,2011,4,1,3,0,1,B,9,1672,5,9999,9,0,998,5,64,1,0,0,995,0,0,0,75232,9,9,2,1,3,1,2,1,1,1,0,3,0,0,1,1,0,0,9,0,2,3,53,1,1,1,6,M,98,0,0,0,0,0,0,0,0,0,0,120,120,0,0,0,2,0,999,999,999,9999999,999,999,999,9,0,95,95,95,95,0,995,9.8,998,998,998,99.8,99.8,99.8,4124.66965548814,7,6
21706,32,58,1-32-2021-058-07,7,4,1G2NE52T6TC7,17,536,8840,13,0,22,18,1996,4,1,2,0,1,B,9,1267,5,9999,9,0,998,5,64,1,0,0,995,0,0,0,75233,9,9,2,1,3,1,2,1,1,1,0,3,0,0,1,1,0,0,9,0,2,3,53,1,1,1,6,M,98,0,0,0,0,0,0,0,0,0,0,120,120,0,0,0,3,0,999,999,999,9999999,999,999,999,9,0,95,95,95,95,0,995,9.8,998,998,998,99.8,99.8,99.8,4124.66965548814,7,6
21707,32,59,1-32-2021-059-08,8,1,3GNBAAFW7BS5,17,467,4586,7,0,20,23,2011,6,1,2,0,1,F,1,1431,5,0,1,1,6,2,80,1,0,0,995,0,0,0,75052,9,1,2,1,4,4,1,2,3,2,1,2,0,0,1,2,2,2,9,0,11,2,15,2,1,1,4,J,68,0,0,0,0,0,0,0,0,0,0,35,265,0,0,0,1,3,16,-14,-8,21785,998,-94,16,0,4,0,0,0,4,0,995,9.8,998,998,998,99.8,99.8,99.8,566.892621830657,7,6
21707,32,59,1-32-2021-059-08,8,2,JNKCV54E36M7,17,480,2305,3,0,58,37,2006,2,1,4,0,1,F,1,1551,5,9999,9,0,998,2,80,1,0,0,995,0,0,0,75211,9,1,2,1,4,3,1,2,1,1,3,1,0,0,1,2,2,2,9,0,1,4,62,99,1,1,4,J,69,0,0,0,0,0,0,0,0,0,0,265,35,0,0,0,1,3,15,-14,5,16343,998,66,14,0,4,99,99,0,99,0,995,9.8,998,998,998,99.8,99.8,99.8,566.892621830657,7,6
21708,32,60,1-32-2021-060-10,10,1,2GCEC19T5312,17,467,1850,60,0,20,481,2003,34,5,31,0,1,R,9,1980,8,9999,9,0,998,5,72,1,0,0,995,0,0,0,75216,9,9,2,1,3,3,1,1,3,1,3,0,0,0,1,8,0,0,9,0,11,2,15,99,1,1,4,J,68,0,0,0,0,0,0,0,0,0,0,160,30,0,0,0,1,0,999,999,999,9999999,999,999,999,9,0,95,95,95,95,0,995,9.8,998,998,998,99.8,99.8,99.8,19220.6037978029,7,6
21708,32,60,1-32-2021-060-10,10,2,1D4GP25E37B2,17,476,1942,9,0,7,442,2007,20,4,20,0,1,F,2,1742,5,0,1,1,34,2,72,1,0,0,995,0,0,0,75216,2,9,2,1,4,2,1,1,3,1,3,3,0,0,1,8,0,0,9,0,14,4,62,99,1,1,4,J,69,0,0,0,0,0,0,0,0,0,0,30,160,0,0,0,1,11,999,999,999,9999999,999,999,999,7,0,0,0,0,0,0,995,9.8,998,998,998,99.8,99.8,99.8,19220.6037978029,7,6
21708,32,60,1-32-2021-060-10,10,3,1GNEC13Z32J3,17,467,1852,7,0,20,421,2002,15,3,15,0,1,L,9,2211,5,9999,9,0,998,5,72,1,0,0,995,0,0,0,75216,9,9,2,4,2,1,1,1,3,1,0,0,0,0,1,8,2,2,9,0,5,4,66,1,1,1,6,M,98,0,0,0,0,0,0,0,0,0,0,310,80,0,0,0,2,0,999,999,999,9999999,999,999,999,9,0,95,95,95,95,0,995,9.8,998,998,998,99.8,99.8,99.8,19220.6037978029,7,6
21709,73,34,1-73-2021-034-09,9,1,2T1BR32E38C8,17,448,2208,13,0,49,32,2008,4,1,2,0,1,F,1,1135,5,9999,9,0,998,5,80,1,8,0,995,0,7,0,04979,9,9,0,4,3,1,2,1,1,4,1,2,1,0,1,1,0,0,3,0,1,3,52,99,1,1,2,D,28,0,0,0,0,0,0,0,0,0,0,175,175,0,0,0,1,3,16,-16,0,10958,998,0,16,0,4,95,95,95,95,0,995,9.8,998,998,998,99.8,99.8,99.8,455.849164267727,3,6
21709,73,34,1-73-2021-034-09,9,2,2T1BU4EEXBC5,17,448,2208,13,0,49,32,2011,4,1,2,0,1,B,1,1255,5,0,1,1,13,2,80,1,8,0,995,0,7,0,04957,9,9,0,4,3,1,2,1,1,4,1,2,1,0,1,1,0,0,1,0,1,2,18,99,1,1,2,D,29,0,0,0,0,0,0,0,0,0,0,175,175,0,0,0,1,3,13,13,0,9273,998,37,13,0,4,9,97,0,0,0,995,9.8,998,998,998,99.8,99.8,99.8,455.849164267727,3,6
21710,73,35,1-73-2021-035-08,8,1,1G1AK58F0871,17,467,4234,13,0,20,22,2008,4,1,2,0,1,T,9,1261,5,9999,9,0,998,2,89,1,8,0,995,0,7,2,04957,1,2,0,4,2,1,2,1,2,4,1,4,0,0,2,8,0,0,9,1,14,2,12,99,1,4,1,B,6,9,99,9,9,99,9,99,9,9,999,999,999,0,1,0,99,0,999,999,999,9999999,999,999,999,9,0,3,22,1,3,9,999,2.6,999,999,999,21.2,0.8,21.4,83.7877974792917,3,6
21711,27,37,1-27-2021-037-10,10,1,2CNDL23F8760,17,467,1847,7,0,20,404,2007,14,3,14,0,1,R,1,1713,5,0,1,1,5,2,24,1,0,0,995,0,0,0,01201,9,9,2,4,2,1,2,1,3,1,1,2,0,0,3,1,0,0,9,1,10,2,13,99,2,4,1,A,1,0,0,0,0,0,0,0,0,0,0,998,998,0,0,0,1,12,999,999,999,9999999,999,999,999,6,0,0,0,0,0,0,998,0.2,999,15,17,0.0,0.0,0.0,484.042077085217,3,6
21712,27,38,1-27-2021-038-03,3,1,JA4AR4AW7HZ0,17,481,13867,7,0,52,47,2017,6,1,3,0,1,F,2,1481,8,0,1,1,12,2,72,1,8,0,995,0,7,0,01247,1,2,2,1,2,2,2,1,3,1,1,2,0,0,1,1,1,2,9,0,14,2,17,4,1,1,4,K,83,0,0,0,0,0,0,0,0,0,0,5,285,0,0,0,1,3,25,-23,-8,29664,998,-73,19,0,4,1,1,0,4,0,995,9.8,998,998,998,99.8,99.8,99.8,21.5159332978039,3,6
21712,27,38,1-27-2021-038-03,3,2,2T3RFREV7HW6,17,448,2217,7,0,49,402,2017,14,3,14,0,1,L,1,1610,5,0,2,3,12,2,72,1,8,0,995,0,7,0,01220,1,2,2,1,2,2,2,1,3,2,1,2,0,0,1,1,1,2,1,0,11,4,66,4,1,1,4,K,82,0,0,0,0,0,0,0,0,0,0,285,5,0,0,0,1,3,22,-4,22,53619,998,-37,28,0,4,0,0,0,0,0,995,9.8,998,998,998,99.8,99.8,99.8,21.5159332978039,3,6
21714,14,32,1-14-2021-032-02,2,1,3FAHP08Z19R1,17,460,1780,13,0,12,23,2009,4,1,3,0,1,F,3,1429,5,9999,9,0,998,2,72,1,0,0,995,0,0,0,78130,9,1,2,1,5,5,2,2,1,1,1,2,0,0,3,1,1,2,9,0,11,2,15,99,1,1,4,J,68,0,0,0,0,0,0,0,0,0,0,60,270,0,0,0,1,3,45,-42,-15,143751,998,-71,45,0,4,99,99,0,99,0,995,9.8,998,998,998,99.8,99.8,99.8,233.928636027283,8,6
21714,14,32,1-14-2021-032-02,2,2,1N4AL3AP4HC4,17,478,1904,13,0,35,47,2017,4,1,4,0,1,F,3,1453,5,0,1,1,25,2,72,1,0,1,0,2,0,1,78130,9,1,2,1,5,2,2,2,1,1,1,3,0,0,3,1,1,2,9,0,1,4,62,3,1,1,4,J,69,0,0,0,0,0,0,0,0,0,0,270,60,0,0,0,1,3,41,-40,7,118485,998,47,41,0,4,2,5,0,3,0,995,9.8,998,998,998,99.8,99.8,99.8,233.928636027283,8,6
21715,23,38,1-23-2021-038-03,3,1,1G8ZH52852Z2,17,1056,8991,13,0,24,1,2002,4,1,2,0,1,F,9,1067,5,9999,9,0,998,5,113,1,0,0,995,0,0,0,44903,9,9,0,2,3,3,2,2,1,9,3,2,1,3,2,2,0,0,1,1,1,2,11,99,9,2,2,F,44,0,0,0,0,0,0,0,0,0,0,240,230,0,0,0,1,0,999,999,999,9999999,999,999,999,9,0,95,95,95,95,0,995,9.8,998,998,998,99.8,99.8,99.8,657.850582279196,5,6
21715,23,38,1-23-2021-038-03,3,2,1GNKRGKD5HJ1,17,467,1853,7,0,20,423,2017,15,3,15,0,1,L,9,2107,5,9999,9,0,998,2,113,1,0,0,995,0,0,0,44907,9,9,0,1,3,2,2,2,1,9,3,3,0,3,2,2,0,0,1,0,1,4,60,99,1,1,2,F,45,0,0,0,0,0,0,0,0,0,0,230,240,0,0,0,1,0,999,999,999,9999999,999,999,999,9,0,3,9,1,4,0,995,9.8,998,998,998,99.8,99.8,99.8,657.850582279196,5,6