CASEID,PSU,CASENO,CASENUMBER,CATEGORY,VEHNO,VIN,VINLENGTH,VPICMAKE,VPICMODEL,VPICBODYCLASS,ICFINALBODY,MAKE,MODEL,MODELYR,BODYTYPE,BODYCAT,VEHCLASS,SPECUSE,TRANSTAT,DAMPLANE,DAMSEV,CURBWT,CURBSRC,CARGOWT,CARGOSRC,INSPTYPE,INSPLAG,TOWED,SPEEDLIMIT,DRPRESENT,PARALCOHOL,ALCTEST,ALCTESTRESULT,ALCTESTSRC,PARDRUG,DRUGTEST,ZIP,RACE,ETHNICITY,RELTOJUNCT,TRAFFLOW,RDLANES,INITLANE,SURFTYPE,SURFCOND,ALIGNMENT,PROFILE,LINERIGHT,LINELEFT,RUMBINIT,RUMBROAD,LIGHTCOND,WEATHER,TRAFDEV,TRAFFUNCT,DISTRACT,PREFHE,PREMOVE,CRITCAT,CRITEVENT,MANEUVER,PRESTAB,PRELOC,CRASHCAT,CRASHCONF,CRASHTYPE,ROLLTYPE,ROLLTURN,ROLLINTRPT,ROLLPREMAN,ROLLINITYP,ROLLINLOC,ROLLOBJ,ROLLTRIP,ROLLDIR,ROLLDIST,DVANGTHIS,DVANGOTH,TOWHITCH,TRAJDOC,TREEPOLE,DVEVENT,DVBASIS,DVTOTAL,DVLONG,DVLAT,DVENERGY,DVSPEED,DVMOMENT,DVBES,DVEST,DVCONF,VAIS,VISS,VINJURED,VTREAT,INITOBJCLASS,HEADANGLECAT,SHLDRWIDTH,STRKLENGTH,STRKWIDTH,STRKHEIGHT,EDGEDISTX,EDGEDISTY,EDGEDISTZ,CASEWGT,PSUSTRAT,VERSION
21786,52,77,1-52-2021-077-06,6,2,5UXZV4C57D0B,17,452,1717,7,0,34,401,2013,14,3,14,0,1,B,2,1915,5,0,1,1,21,2,56,1,0,0,995,0,0,0,59101,9,9,2,2,4,2,2,1,1,1,1,1,0,0,1,8,1,2,9,0,5,3,53,1,1,1,2,D,21,0,0,0,0,0,0,0,0,0,0,10,10,0,0,0,1,3,30,30,0,56682,998,12,27,0,4,1,1,0,4,0,995,9.8,998,998,998,99.8,99.8,99.8,75.2428542544457,12,6
21787,76,27,1-76-2021-027-04,4,1,2C3CCASG7HH5,17,477,1878,13,0,6,51,2017,4,1,5,0,1,F,1,2047,5,0,1,1,20,2,89,1,8,9,998,8,7,9,13856,9,9,0,4,2,1,2,1,2,4,1,2,0,0,2,8,0,0,9,1,14,2,12,99,1,4,1,B,6,0,0,0,0,0,0,0,0,0,0,998,998,0,0,0,1,11,999,999,999,9999999,999,999,999,6,0,0,0,0,0,0,998,1.0,120,14,80,47.3,4.1,47.5,17.2757568540296,3,6
21788,76,28,1-76-2021-028-02,2,1,1G1BE5SM4H72,17,467,1832,13,0,20,25,2017,4,1,3,0,1,F,3,1250,5,9999,9,4,48,2,89,1,8,0,995,0,7,0,12455,1,9,0,4,2,1,2,1,3,1,1,2,0,0,1,1,0,0,9,1,14,2,10,99,1,2,3,G,50,0,0,0,0,0,0,0,0,0,0,270,90,0,1,0,1,12,999,999,999,9999999,999,999,999,8,0,1,1,0,4,0,995,2.5,120,23,86,0.0,0.0,0.0,17.3682875210287,3,6
21788,76,28,1-76-2021-028-02,2,2,1GCHK59K29E1,17,467,1850,60,0,20,481,2009,34,5,31,0,1,F,1,2649,5,9999,9,4,48,2,89,1,8,0,995,0,7,0,12459,1,9,0,4,2,1,2,1,2,1,1,2,0,0,1,1,0,0,9,0,14,4,62,99,1,1,3,G,51,0,0,0,0,0,0,0,0,0,0,90,270,0,1,0,1,12,999,999,999,9999999,999,999,999,6,0,1,1,0,4,0,995,9.8,998,998,998,99.8,99.8,99.8,17.3682875210287,3,6
21789,16,37,1-16-2021-037-06,6,1,KNAGM4A76F56,17,499,2739,13,0,63,34,2015,4,1,4,0,1,F,1,1468,5,0,1,1,35,2,40,1,0,0,995,0,0,0,45205,9,9,3,4,2,1,2,1,1,1,0,0,0,0,1,1,0,0,9,1,10,2,16,99,1,1,4,K,78,0,0,0,0,0,0,0,0,0,0,0,30,0,0,0,1,12,999,999,999,9999999,999,999,999,6,0,99,99,0,0,0,995,9.8,998,998,998,99.8,99.8,99.8,684.781901063652,5,6
21789,16,37,1-16-2021-037-06,6,2,1MEFM50U72A6,17,465,2365,13,0,14,17,2002,4,1,3,0,1,R,9,1603,8,9999,9,0,998,2,40,1,0,0,995,0,0,0,45239,9,9,3,4,4,2,2,1,1,1,3,2,0,0,1,1,0,0,1,0,1,4,70,99,1,1,4,K,79,0,0,0,0,0,0,0,0,0,0,30,0,0,0,0,1,0,999,999,999,9999999,999,999,999,9,0,0,0,0,0,0,995,9.8,998,998,998,99.8,99.8,99.8,684.781901063652,5,6
21789,16,37,1-16-2021-037-06,6,3,5NPEC4AC0EH8,17,498,2459,13,0,55,33,2014,4,1,4,0,2,L,9,1475,5,9999,9,0,998,,,,,,,,,,,,,,,,,,,,,,,,,,,,,,,,,,,,,,,,,,,,,,,,,,,,,,,,,,,,,,,,,,95,95,95,95,,,,,,,,,,684.781901063652,5,6
21790,16,38,1-16-2021-038-03,3,1,1G1BE5SM7H72,17,467,1832,13,0,20,25,2017,4,1,3,0,1,F,3,1250,5,0,1,1,37,2,56,1,0,0,995,0,0,0,45214,2,2,2,4,6,2,2,1,1,2,1,3,0,0,1,1,1,2,1,0,1,2,17,2,1,1,4,J,69,0,0,0,0,0,0,0,0,0,0,40,145,0,0,0,1,3,49,-46,17,95895,998,64,39,0,4,1,1,0,4,0,995,9.8,998,998,998,99.8,99.8,99.8,388.003527987686,5,6
21790,16,38,1-16-2021-038-03,3,2,2CTALSEC8B62,17,472,1858,7,0,23,402,2011,14,3,14,0,1,R,2,1748,5,9999,9,1,45,2,56,1,0,0,995,0,0,0,45239,2,2,2,4,6,4,2,1,1,1,1,2,0,0,1,1,1,2,1,0,11,4,63,1,1,1,4,J,68,0,0,0,0,0,0,0,0,0,0,145,40,0,0,0,1,3,35,-18,-30,155030,998,64,43,0,4,1,1,0,4,0,995,9.8,998,998,998,99.8,99.8,99.8,388.003527987686,5,6
21790,16,38,1-16-2021-038-03,3,3,4T1BF1FK3GU2,17,448,2469,13,0,49,40,2016,4,1,4,0,1,L,9,1467,5,9999,9,0,998,2,56,1,0,0,995,0,0,0,37129,9,9,2,4,4,1,2,1,1,1,0,1,0,0,1,1,1,2,1,0,5,4,66,99,1,1,6,M,98,0,0,0,0,0,0,0,0,0,0,290,80,0,0,0,3,0,999,999,999,9999999,999,999,999,9,0,0,0,0,0,0,995,9.8,998,998,998,99.8,99.8,99.8,388.003527987686,5,6
21791,32,61,1-32-2021-061-04,4,1,5TFAZ5CN4LX0,17,448,2223,60,0,49,472,2020,34,5,30,0,1,F,9,2007,5,9999,9,0,998,5,56,1,0,0,995,0,0,0,75038,9,9,2,1,1,1,1,1,1,2,0,0,0,0,1,1,2,2,9,0,11,2,15,99,1,1,4,K,82,0,0,0,0,0,0,0,0,0,0,260,350,0,0,0,1,0,999,999,999,9999999,999,999,999,9,0,95,95,95,95,0,995,9.8,998,998,998,99.8,99.8,99.8,7541.8458536531,7,6
21791,32,61,1-32-2021-061-04,4,2,4T1C11AK3LU4,17,448,2469,13,0,49,40,2020,4,1,4,0,1,R,9,1495,5,9999,9,0,998,2,56,1,0,0,995,0,0,0,75062,9,1,2,1,3,3,1,1,2,4,3,1,0,0,1,1,0,0,9,0,14,4,67,99,1,1,4,K,83,0,0,0,0,0,0,0,0,0,0,350,260,0,0,0,1,0,999,999,999,9999999,999,999,999,9,0,0,0,0,0,0,995,9.8,998,998,998,99.8,99.8,99.8,7541.8458536531,7,6
21792,32,62,1-32-2021-062-02,2,1,KNDMB5C11H62,17,499,2740,2,0,63,441,2017,20,4,20,0,1,T,2,2002,5,0,1,1,22,2,80,1,0,1,147,2,0,2,75232,2,2,0,4,4,1,2,1,1,4,1,3,0,0,1,1,0,0,9,1,1,2,13,1,9,4,1,A,1,1,99,1,2,7,4,2,9,2,999,997,997,0,0,0,3,6,999,999,999,9999999,999,999,999,7,0,3,17,1,3,1,997,3.6,120,120,67,23.1,8.5,24.2,96.3693068914723,7,6
21792,32,62,1-32-2021-062-02,2,2,1GKEV237X8J1,17,472,1855,7,0,23,8,2008,6,1,5,0,2,T,9,2142,5,9999,9,0,998,,,,,,,,,,,,,,,,,,,,,,,,,,,,,,,,,,,,,,,,,,,,,,,,,,,,,,,,,,,,,,,,,,95,95,95,95,,,,,,,,,,96.3693068914723,7,6
21792,32,62,1-32-2021-062-02,2,3,1GCGC23U14F1,17,467,1850,60,0,20,481,2004,34,5,31,0,2,T,9,2609,5,9999,9,0,998,,,,,,,,,,,,,,,,,,,,,,,,,,,,,,,,,,,,,,,,,,,,,,,,,,,,,,,,,,,,,,,,,,95,95,95,95,,,,,,,,,,96.3693068914723,7,6
21792,32,62,1-32-2021-062-02,2,4,3D7KS29C37G7,17,476,1938,60,0,7,482,2007,34,5,31,0,2,B,9,2719,5,9999,9,0,998,,,,,,,,,,,,,,,,,,,,,,,,,,,,,,,,,,,,,,,,,,,,,,,,,,,,,,,,,,,,,,,,,,95,95,95,95,,,,,,,,,,96.3693068914723,7,6
21792,32,62,1-32-2021-062-02,2,5,1FTFW1CV1AFA,17,460,1801,60,0,12,481,2010,34,5,31,0,2,F,9,2517,5,9999,9,0,998,,,,,,,,,,,,,,,,,,,,,,,,,,,,,,,,,,,,,,,,,,,,,,,,,,,,,,,,,,,,,,,,,,95,95,95,95,,,,,,,,,,96.3693068914723,7,6
21793,25,41,1-25-2021-041-08,8,1,1G1ZG57B89F2,17,467,1834,13,0,20,37,2009,4,1,4,0,1,F,1,1569,5,0,1,1,8,2,48,1,8,0,995,0,7,0,04101,7,9,0,4,2,1,2,1,3,1,1,2,0,0,2,1,0,0,3,1,14,2,13,3,1,4,1,A,1,0,0,0,0,0,0,0,0,0,0,998,998,0,1,1,3,1,15,-14,-5,14721,998,-22,15,0,4,1,1,0,4,0,998,0.1,12,12,999,11.2,1.2,11.4,164.800376377125,2,6
21794,25,42,1-25-2021-042-04,4,1,5FNYF6H58HB0,17,474,1864,7,0,37,421,2017,15,3,15,0,1,F,1,1930,5,0,1,3,9,2,56,1,8,0,995,0,7,0,04240,9,9,0,4,2,1,2,1,1,4,0,2,0,0,2,1,0,0,1,1,1,2,13,7,1,4,1,A,3,0,0,0,0,0,0,0,0,0,0,998,998,0,1,0,1,12,999,999,999,9999999,999,999,999,6,0,0,0,0,0,0,998,0.0,999,999,999,9.9,2.6,10.2,753.400514291633,2,6
21796,73,37,1-73-2021-037-03,3,1,3GNAXUEV2ML3,17,467,1847,7,0,20,404,2021,14,3,14,0,1,L,2,1572,5,0,1,5,4,2,89,1,0,0,995,0,7,0,04294,9,9,0,4,2,1,2,1,1,2,1,2,1,1,1,8,0,0,1,0,1,4,60,99,1,1,3,I,65,0,0,0,0,0,0,0,0,0,0,265,80,0,0,0,1,12,999,999,999,9999999,999,999,999,7,0,9,97,0,99,0,995,9.8,998,998,998,99.8,99.8,99.8,51.5125173416532,3,6
21796,73,37,1-73-2021-037-03,3,2,4S4BSACC2H32,17,523,2233,7,0,48,45,2017,6,1,3,0,1,F,2,1614,5,48,1,1,4,2,89,1,8,0,995,0,7,0,99999,1,2,0,4,2,1,2,1,1,4,4,1,1,1,1,8,0,0,3,1,1,2,10,99,1,2,3,I,64,0,0,0,0,0,0,0,0,0,0,80,265,0,1,0,1,12,999,999,999,9999999,999,999,999,7,0,1,1,0,4,0,995,2.5,120,25,52,0.0,0.0,0.0,51.5125173416532,3,6
21798,66,33,1-66-2021-033-05,5,1,KMHD35LH3EU2,17,498,2735,5,0,55,35,2014,5,1,2,0,1,F,2,1295,5,9999,9,4,36,2,80,1,0,0,995,0,7,0,65605,9,9,0,4,2,1,2,2,1,1,1,2,3,3,1,2,0,0,9,1,1,1,6,99,4,2,3,G,50,0,0,0,0,0,0,0,0,0,0,10,240,0,0,0,1,3,37,-35,-13,62680,998,-65,31,0,4,9,97,0,8,0,995,2.7,999,999,999,0.0,0.0,0.0,113.709358166044,6,6
21798,66,33,1-66-2021-033-05,5,2,NM0LS7BN9DT1,17,460,1811,9,0,12,444,2013,20,4,20,0,1,F,2,1538,5,227,1,1,13,2,80,1,0,1,0,2,7,0,65619,1,2,0,4,2,1,2,2,1,1,1,2,3,3,1,2,5,2,9,0,1,4,62,1,1,1,3,G,51,0,0,0,0,0,0,0,0,0,0,240,10,0,0,0,1,3,27,-23,14,90553,998,59,32,0,4,2,5,0,3,0,995,2.6,120,44,88,0.0,0.0,0.0,113.709358166044,6,6
21799,14,34,1-14-2021-034-03,3,1,1FTSX31F7XEB,17,460,1806,60,0,12,481,1999,34,5,31,0,1,F,1,2424,5,9999,9,0,998,2,89,1,0,0,995,0,0,0,78163,9,9,3,4,2,1,2,2,1,1,1,2,0,0,1,2,0,0,9,0,1,3,52,99,1,1,2,D,28,0,0,0,0,0,0,0,0,0,0,90,80,0,0,0,1,3,19,-19,0,48634,998,0,22,0,4,0,0,0,0,0,995,9.8,998,998,998,99.8,99.8,99.8,3883.17397531495,8,6
21799,14,34,1-14-2021-034-03,3,2,1GKKNKLA9JZ1,17,472,1855,7,0,23,423,2018,15,3,15,0,1,B,1,1794,5,0,2,1,10,2,89,1,0,0,995,0,0,0,78801,1,1,3,4,2,1,2,2,1,1,1,2,0,0,1,2,0,0,1,0,2,3,53,1,1,1,2,D,29,0,0,0,0,0,0,0,0,0,0,80,90,0,0,0,1,3,24,23,4,41686,998,-76,21,0,4,1,3,0,4,0,995,9.8,998,998,998,99.8,99.8,99.8,3883.17397531495,8,6
21800,14,35,1-14-2021-035-08,8,1,5TDYK3DC7BS0,17,448,2468,2,0,49,442,2011,20,4,20,0,1,F,2,2045,5,0,1,1,11,2,113,1,0,0,995,0,0,0,75701,1,1,1,2,4,1,2,2,1,9,1,3,0,0,3,1,0,0,9,1,15,1,6,99,3,4,1,B,7,0,0,0,0,0,0,0,0,0,0,998,998,0,0,0,1,1,28,-24,14,78239,998,55,28,0,4,3,10,1,4,0,998,3.2,999,999,999,99.9,99.9,99.9,1534.99824422325,8,6
21800,14,35,1-14-2021-035-08,8,2,1XKYD49X3FJ4,17,532,2733,66,0,85,881,2015,66,8,68,0,1,L,9,,,,,,,5,113,1,0,0,995,0,0,0,00001,9,9,1,2,4,2,2,2,1,9,3,3,0,0,3,1,0,0,9,0,1,4,60,99,1,1,6,M,98,,,,,,,,,,,,,,,,,,,,,,,,,,,95,95,95,95,,,9.8,998,998,998,99.8,99.8,99.8,1534.99824422325,8,6
21801,59,21,1-59-2021-021-02,2,1,2GNALBEC3B12,17,467,1847,7,0,20,404,2011,14,3,14,0,1,F,1,1706,5,9999,9,0,998,5,48,1,0,0,995,0,0,0,47804,9,9,2,3,2,1,2,1,1,1,1,1,0,0,1,1,2,2,2,0,1,2,17,1,1,1,5,L,88,0,0,0,0,0,0,0,0,0,0,90,0,0,0,0,1,3,7,-6,-3,3154,998,-108,6,0,4,95,95,95,95,0,995,9.8,998,998,998,99.8,99.8,99.8,64.7976556419355,6,6
21801,59,21,1-59-2021-021-02,2,2,3HGGK5H80KM7,17,474,2127,5,0,37,39,2019,5,1,1,0,1,L,1,1170,5,0,1,1,6,2,48,1,0,0,995,0,0,0,47802,4,2,2,4,2,1,2,1,1,1,1,2,0,0,1,1,0,0,1,0,1,4,66,4,1,1,5,L,89,0,0,0,0,0,0,0,0,0,0,0,90,0,0,0,1,3,9,-5,8,9431,998,-116,10,0,4,1,2,0,4,0,995,9.8,998,998,998,99.8,99.8,99.8,64.7976556419355,6,6
21802,59,22,1-59-2021-022-08,8,1,4T1BE46K47U1,17,448,2469,13,0,49,40,2007,4,1,4,0,1,L,1,1500,5,0,2,1,4,2,48,1,0,0,995,0,0,0,47803,1,2,2,4,4,1,2,1,1,1,0,1,0,0,1,1,1,2,1,0,1,4,66,2,1,1,5,L,89,0,0,0,0,0,0,0,0,0,0,260,345,0,0,0,1,3,15,-11,9,28502,998,10,22,0,1,1,2,0,6,0,995,9.8,998,998,998,99.8,99.8,99.8,294.198142789193,6,6
21802,59,22,1-59-2021-022-08,8,2,1FMCU0DG2BKA,17,460,1798,7,0,12,402,2011,14,3,14,0,1,F,1,1540,5,0,1,1,4,2,48,1,0,0,995,0,0,0,47885,1,2,2,5,4,2,2,1,1,1,0,2,0,0,1,1,1,2,1,0,1,2,17,7,1,1,5,L,88,0,0,0,0,0,0,0,0,0,0,345,260,0,0,0,1,3,14,-9,-11,10811,998,-139,9,0,1,1,1,0,4,0,995,9.8,998,998,998,99.8,99.8,99.8,294.198142789193,6,6
21803,18,33,1-18-2021-033-02,2,1,1FTCR14U7VPB,17,460,1803,60,0,12,471,1997,34,5,30,0,1,F,3,1497,5,0,1,1,17,2,72,1,1,8,997,8,0,0,54703,1,9,2,1,3,3,2,1,1,1,3,0,0,0,1,1,1,2,9,0,1,3,50,99,1,1,2,D,20,0,0,0,0,0,0,0,0,0,0,100,100,0,0,0,1,1,51,-51,0,30664,998,-11,22,0,4,0,0,0,0,0,995,9.8,998,998,998,99.8,99.8,99.8,48.5556827782631,6,6
21803,18,33,1-18-2021-033-02,2,2,KNDMB5C11K65,17,499,2740,2,0,63,441,2019,20,4,20,0,1,B,2,2079,5,0,1,1,18,2,72,1,0,0,995,0,0,0,54739,1,9,2,1,3,3,1,1,1,1,3,0,0,0,1,1,1,2,1,0,5,3,53,1,1,1,2,D,21,0,0,0,0,0,0,0,0,0,0,100,100,0,0,0,1,1,37,37,0,256431,998,-10,54,0,4,9,97,0,8,0,995,9.8,998,998,998,99.8,99.8,99.8,48.5556827782631,6,6
21803,18,33,1-18-2021-033-02,2,3,1G1FY6S01L41,17,467,13672,5,0,20,40,2020,5,1,2,0,1,B,9,1625,5,9999,9,0,998,5,72,1,0,0,995,0,0,0,54701,9,9,2,1,3,3,1,1,1,1,3,0,0,0,1,1,1,2,1,0,5,3,53,1,1,1,6,M,98,0,0,0,0,0,0,0,0,0,0,100,100,0,0,0,2,0,999,999,999,9999999,999,999,999,9,0,95,95,95,95,0,995,9.8,998,998,998,99.8,99.8,99.8,48.5556827782631,6,6
21804,18,34,1-18-2021-034-03,3,1,3GTRKVE33AG2,17,472,1857,60,0,23,481,2010,34,5,31,0,1,F,1,2397,5,0,1,1,13,2,80,1,1,1,34,1,0,0,54729,1,9,0,1,2,1,1,1,1,1,1,3,0,0,5,1,0,0,1,0,1,3,51,1,1,1,2,D,24,0,0,0,0,0,0,0,0,0,0,5,5,0,1,0,1,3,13,-12,2,20647,998,-35,14,0,4,9,97,0,8,0,995,9.8,998,998,998,99.8,99.8,99.8,419.174210658328,6,6
21804,18,34,1-18-2021-034-03,3,2,1GKKNXLS8MZ1,17,472,1855,7,0,23,423,2021,15,3,15,0,1,B,1,1991,5,0,1,1,18,2,80,1,0,0,995,0,0,0,54729,1,9,0,1,2,2,1,1,1,1,1,3,0,0,5,1,0,0,1,0,1,3,53,1,1,1,2,D,25,0,0,0,0,0,0,0,0,0,0,5,5,0,1,0,1,3,15,14,-3,13326,998,-17,13,0,4,99,99,0,99,0,995,9.8,998,998,998,99.8,99.8,99.8,419.174210658328,6,6
21805,27,39,1-27-2021-039-03,3,1,3N1CN7AP8KL8,17,478,1894,13,0,35,50,2019,4,1,2,0,1,F,1,1129,8,0,2,1,8,2,48,1,1,0,995,0,0,0,01201,1,2,2,4,2,1,2,1,1,1,1,2,0,0,1,1,1,2,1,0,1,2,17,3,1,1,5,L,86,0,0,0,0,0,0,0,0,0,0,275,15,0,0,0,1,1,18,-18,3,36436,998,23,28,0,1,0,0,0,0,0,995,9.8,998,998,998,99.8,99.8,99.8,19.0706214116776,3,6
21805,27,39,1-27-2021-039-03,3,2,3HGGK5G71HM7,17,474,2127,5,0,37,39,2017,5,1,1,0,1,R,1,1170,5,0,1,1,7,2,48,1,0,0,995,0,0,9,01201,9,9,2,4,2,1,2,1,1,2,0,0,0,0,1,1,1,2,9,0,1,2,17,1,1,1,5,L,87,0,0,0,0,0,0,0,0,0,0,15,275,0,0,0,1,1,17,-6,-16,4441,998,105,7,0,1,99,99,0,99,0,995,9.8,998,998,998,99.8,99.8,99.8,19.0706214116776,3,6
21806,27,40,1-27-2021-040-07,7,1,KM8J33AL1KU8,17,498,2058,7,0,55,402,2019,14,3,14,0,1,R,1,1560,5,9999,9,0,998,5,56,1,8,9,998,8,7,9,01201,9,9,2,4,2,1,2,1,1,2,1,2,0,0,1,1,0,0,1,0,11,2,15,99,1,1,4,J,68,0,0,0,0,0,0,0,0,0,0,125,25,0,0,0,1,3,15,0,-15,17692,998,22,17,0,4,95,95,95,95,0,995,9.8,998,998,998,99.8,99.8,99.8,77.6334915907573,3,6
21806,27,40,1-27-2021-040-07,7,2,4T1BK1EB1DU0,17,448,2465,13,0,49,43,2013,4,1,4,0,1,F,1,1620,5,0,1,1,3,2,56,1,8,9,998,8,7,9,01201,9,9,2,4,2,1,2,1,3,1,1,2,0,0,1,1,0,0,1,0,14,4,62,1,1,1,4,J,69,0,0,0,0,0,0,0,0,0,0,25,125,0,0,0,1,3,14,-14,-3,10898,998,14,13,0,4,0,0,0,0,0,995,9.8,998,998,998,99.8,99.8,99.8,77.6334915907573,3,6
21807,23,41,1-23-2021-041-03,3,1,3FA6P0H72HR3,17,460,1780,13,0,12,23,2017,4,1,4,0,1,F,1,1558,5,0,1,1,31,2,89,1,0,0,995,0,0,0,43015,9,9,0,4,2,1,2,1,3,1,1,2,0,0,1,1,0,0,1,1,14,2,13,7,2,4,1,A,1,0,0,0,0,0,0,0,0,0,0,998,998,0,0,0,2,1,14,-14,-2,13454,998,36,14,0,4,99,99,0,5,0,998,0.5,43,9,90,5.1,1.4,4.8,268.932290391585,5,6
21808,23,42,1-23-2021-042-03,3,1,2HKRW2H84LH6,17,474,1865,7,0,37,402,2020,14,3,14,0,1,R,2,1580,5,9999,9,4,81,2,40,1,0,0,995,0,0,0,43015,1,2,2,4,2,1,2,2,1,1,0,2,0,0,1,2,2,2,1,0,1,2,17,99,1,1,5,L,87,1,2,2,5,7,1,2,2,2,999,250,155,0,0,0,1,12,999,999,999,9999999,999,999,999,7,0,1,1,0,4,1,995,9.8,998,998,998,99.8,99.8,99.8,268.932290391585,5,6
21808,23,42,1-23-2021-042-03,3,2,JTDKN3DU8D16,17,448,2209,5,0,49,46,2013,5,1,4,0,1,F,9,1485,5,9999,9,0,998,2,40,1,0,0,995,0,0,0,43214,9,9,2,4,3,1,2,2,2,1,0,2,0,0,1,2,0,0,1,0,14,4,66,99,1,1,5,L,86,0,0,0,0,0,0,0,0,0,0,155,250,0,0,0,1,0,999,999,999,9999999,999,999,999,9,0,0,0,0,5,0,995,9.8,998,998,998,99.8,99.8,99.8,268.932290391585,5,6
21809,23,43,1-23-2021-043-06,6,1,1C3CDFBB1FD3,17,476,2054,13,0,7,29,2015,4,1,3,0,1,F,2,1445,5,9999,9,4,106,2,89,1,0,0,995,0,0,0,43011,1,2,2,4,2,1,2,1,1,1,1,2,0,0,1,5,0,0,1,0,1,4,66,99,1,1,5,L,88,0,0,0,0,0,0,0,0,0,0,275,190,0,0,0,1,12,999,999,999,9999999,999,999,999,7,0,0,0,0,5,0,995,9.8,998,998,998,99.8,99.8,99.8,474.634769496838,5,6
21809,23,43,1-23-2021-043-06,6,2,1FDYR5PM2GKA,17,460,3608,62,9,12,462,2016,21,4,21,0,1,L,9,1860,8,9999,9,4,106,2,89,1,0,0,995,0,0,0,43019,9,9,2,4,2,1,2,1,1,1,1,2,0,0,1,5,2,2,1,0,1,2,17,99,1,1,5,L,89,0,0,0,0,0,0,0,0,0,0,190,275,0,0,0,1,12,999,999,999,9999999,999,999,999,9,0,0,0,0,0,0,995,2.2,120,20,65,2.6,1.9,2.9,474.634769496838,5,6
21810,31,33,1-31-2021-033-09,9,1,1NXBU40EX9Z1,17,448,2208,13,0,49,32,2009,4,1,2,0,1,R,1,1279,5,0,1,1,6,2,89,1,0,0,995,0,0,0,62861,9,9,0,4,2,1,4,1,1,2,0,0,0,0,5,1,0,0,9,1,1,1,5,99,4,4,1,A,2,0,0,0,0,0,0,0,0,0,0,998,998,0,0,5,1,10,999,999,999,9999999,999,76,19,2,0,9,97,0,0,0,998,0.0,20,20,120,92.9,14.2,94.1,298.374575531712,6,6
21811,31,34,1-31-2021-034-07,7,1,1G2NW52E63M6,17,536,8840,13,0,22,18,2003,4,1,3,0,1,L,1,1413,5,0,2,5,19,2,89,1,0,0,995,0,0,0,62862,1,2,2,4,2,1,2,1,1,2,0,0,0,0,2,1,2,2,2,0,1,2,17,9,1,1,5,L,89,0,0,0,0,0,0,0,0,0,0,25,115,0,0,0,1,12,999,999,999,9999999,999,999,999,6,0,0,0,0,0,0,995,9.8,998,998,998,99.8,99.8,99.8,275.536483547936,6,6
21811,31,34,1-31-2021-034-07,7,2,3VWLA7AJ1FM4,17,482,3137,13,0,30,40,2015,4,1,3,0,1,F,1,1470,5,0,2,5,6,2,89,1,0,0,995,0,0,0,62820,1,2,2,4,2,1,2,1,1,2,1,2,0,0,2,1,0,0,1,0,1,4,66,2,1,1,5,L,88,0,0,0,0,0,0,0,0,0,0,115,25,0,0,0,1,12,999,999,999,9999999,999,999,999,6,0,0,0,0,0,0,995,9.8,998,998,998,99.8,99.8,99.8,275.536483547936,6,6
21812,19,70,1-19-2021-070-08,8,1,JTEGF21A7100,17,448,2213,7,0,49,403,2001,14,3,14,0,1,L,1,1580,5,0,1,1,6,2,89,1,0,0,995,0,0,0,35952,1,9,2,4,2,1,2,1,2,1,1,2,0,0,1,1,2,2,2,0,11,2,15,99,1,1,4,K,82,0,0,0,0,0,0,0,0,0,0,340,85,0,0,0,1,1,15,-3,15,7452,998,78,9,0,1,0,0,0,0,0,995,9.8,998,998,998,99.8,99.8,99.8,179.816403806402,9,6
21812,19,70,1-19-2021-070-08,8,2,1B7FL26X0SW9,17,476,1941,60,0,7,472,1995,34,5,30,0,1,F,1,1342,5,0,1,1,7,2,89,1,0,0,995,0,0,0,35952,1,9,2,4,2,1,2,1,3,1,1,2,2,3,1,1,0,0,9,0,14,4,67,2,2,1,4,K,83,0,0,0,0,0,0,0,0,0,0,85,340,0,1,0,1,1,18,-18,3,30803,998,-21,23,0,2,9,97,0,8,0,995,9.8,998,998,998,99.8,99.8,99.8,179.816403806402,9,6
21813,19,71,1-19-2021-071-08,8,1,1FTYR14X3XTA,17,460,1803,60,0,12,471,1999,34,5,30,0,1,F,3,1497,5,0,1,1,4,2,56,1,9,0,995,0,9,0,35956,1,9,0,4,2,1,2,1,2,2,0,0,0,0,1,1,0,0,9,1,14,2,10,1,1,2,3,G,50,0,0,0,0,0,0,0,0,0,0,90,260,0,1,0,1,1,46,-45,8,157570,998,-4,51,0,4,3,27,1,3,0,995,9.8,998,998,998,99.8,99.8,99.8,179.816403806402,9,6
21813,19,71,1-19-2021-071-08,8,2,3TMJU4GN8AM0,17,448,2223,60,0,49,472,2010,34,5,30,0,1,F,2,1873,5,0,1,1,4,2,56,1,0,0,995,0,0,0,35952,1,9,0,4,2,1,2,1,3,4,0,0,0,0,1,1,0,0,9,0,14,4,62,4,1,1,3,G,51,0,0,0,0,0,0,0,0,0,0,260,90,0,1,0,1,1,37,-37,0,82225,998,-34,32,0,4,2,4,0,4,0,995,9.8,998,998,998,99.8,99.8,99.8,179.816403806402,9,6