CASEID,PSU,CASENO,CASENUMBER,CATEGORY,VEHNO,VIN,VINLENGTH,VPICMAKE,VPICMODEL,VPICBODYCLASS,ICFINALBODY,MAKE,MODEL,MODELYR,BODYTYPE,BODYCAT,VEHCLASS,SPECUSE,TRANSTAT,DAMPLANE,DAMSEV,CURBWT,CURBSRC,CARGOWT,CARGOSRC,INSPTYPE,INSPLAG,TOWED,SPEEDLIMIT,DRPRESENT,PARALCOHOL,ALCTEST,ALCTESTRESULT,ALCTESTSRC,PARDRUG,DRUGTEST,ZIP,RACE,ETHNICITY,RELTOJUNCT,TRAFFLOW,RDLANES,INITLANE,SURFTYPE,SURFCOND,ALIGNMENT,PROFILE,LINERIGHT,LINELEFT,RUMBINIT,RUMBROAD,LIGHTCOND,WEATHER,TRAFDEV,TRAFFUNCT,DISTRACT,PREFHE,PREMOVE,CRITCAT,CRITEVENT,MANEUVER,PRESTAB,PRELOC,CRASHCAT,CRASHCONF,CRASHTYPE,ROLLTYPE,ROLLTURN,ROLLINTRPT,ROLLPREMAN,ROLLINITYP,ROLLINLOC,ROLLOBJ,ROLLTRIP,ROLLDIR,ROLLDIST,DVANGTHIS,DVANGOTH,TOWHITCH,TRAJDOC,TREEPOLE,DVEVENT,DVBASIS,DVTOTAL,DVLONG,DVLAT,DVENERGY,DVSPEED,DVMOMENT,DVBES,DVEST,DVCONF,VAIS,VISS,VINJURED,VTREAT,INITOBJCLASS,HEADANGLECAT,SHLDRWIDTH,STRKLENGTH,STRKWIDTH,STRKHEIGHT,EDGEDISTX,EDGEDISTY,EDGEDISTZ,CASEWGT,PSUSTRAT,VERSION
21814,19,72,1-19-2021-072-05,5,1,2C3CCABT4FH9,17,477,1878,13,0,6,51,2015,4,1,5,0,1,F,2,1797,5,0,1,1,7,2,72,1,0,1,0,2,9,1,35903,2,9,0,1,3,1,2,1,3,1,1,3,0,0,3,8,0,0,3,1,14,2,13,1,1,4,1,A,1,0,0,0,0,0,0,0,0,0,0,998,998,0,1,2,2,10,999,999,999,9999999,999,13,27,3,0,1,1,0,3,0,998,0.0,20,20,999,5.8,0.4,5.8,47.5090336657469,9,6
21815,19,73,1-19-2021-073-06,6,1,1G6KE57Y94U1,17,469,8844,13,0,19,3,2004,4,1,5,0,1,R,1,1804,5,0,1,1,7,2,40,1,0,0,995,0,0,0,35903,1,9,2,1,3,1,2,1,1,1,1,2,0,0,1,1,2,2,9,0,1,2,17,1,1,1,5,L,87,0,0,0,0,0,0,0,0,0,0,190,125,0,0,0,1,1,11,2,-11,9221,998,-169,8,0,1,0,0,0,0,0,995,9.8,998,998,998,99.8,99.8,99.8,348.005935855538,9,6
21815,19,73,1-19-2021-073-06,6,2,1C3CCCABXFN5,17,477,2053,13,0,6,18,2015,4,1,3,0,1,F,1,1575,5,0,1,1,6,2,40,1,0,0,995,0,0,0,35901,2,2,2,4,2,1,2,1,1,1,0,2,0,0,1,1,0,0,1,0,1,4,66,4,1,1,5,L,86,0,0,0,0,0,0,0,0,0,0,125,190,0,0,0,1,1,13,-12,4,21097,998,25,18,0,1,1,2,0,4,0,995,9.8,998,998,998,99.8,99.8,99.8,348.005935855538,9,6
21817,13,35,1-13-2021-035-05,5,1,2C3CDXBG9DH6,17,476,1895,13,0,7,24,2013,4,1,5,0,1,F,1,1797,5,0,1,1,11,2,113,1,1,1,143,1,7,0,79701,9,1,1,2,2,1,1,2,1,9,1,3,0,0,3,5,0,0,3,1,1,2,13,3,1,4,1,A,1,0,0,0,0,0,0,0,0,0,0,998,998,0,0,0,1,10,999,999,999,9999999,999,-10,14,2,0,9,97,0,8,0,998,3.5,999,999,999,40.2,1.5,40.3,160.573819354488,7,6
21818,29,36,1-29-2021-036-04,4,1,1GTU9FEL2KZ2,17,472,1857,60,0,23,481,2019,34,5,31,0,1,L,1,2193,5,0,2,1,5,2,56,1,8,0,995,0,7,0,02871,1,2,3,4,2,1,2,1,1,1,0,0,0,0,1,1,0,0,1,0,11,2,15,2,1,1,4,K,82,0,0,0,0,0,0,0,0,0,0,85,200,0,0,0,1,1,15,-10,12,6233,998,65,8,0,4,0,0,0,0,0,995,9.8,998,998,998,99.8,99.8,99.8,354.764831496594,2,6
21818,29,36,1-29-2021-036-04,4,2,2T3BF4DV9BW1,17,448,2217,7,0,49,402,2011,14,3,14,0,1,F,1,1579,5,0,1,1,5,2,56,1,8,0,995,0,7,0,02878,9,9,3,4,4,2,2,1,3,1,3,2,0,0,1,1,0,0,1,0,14,4,72,2,1,1,4,K,83,0,0,0,0,0,0,0,0,0,0,200,85,0,0,0,1,1,21,-21,-4,48359,998,-29,27,0,4,99,99,0,8,0,995,9.8,998,998,998,99.8,99.8,99.8,354.764831496594,2,6
21819,29,37,1-29-2021-037-03,3,1,4T1B11HK5KU8,17,448,2469,13,0,49,40,2019,4,1,4,0,1,F,9,1495,5,9999,9,0,998,5,48,1,0,0,995,0,0,0,02740,9,9,2,4,2,1,2,1,1,1,0,2,0,0,1,1,0,0,1,0,1,4,66,4,1,1,5,L,86,0,0,0,0,0,0,0,0,0,0,280,350,0,0,0,1,0,999,999,999,9999999,999,999,999,9,0,95,95,95,95,0,995,9.8,998,998,998,99.8,99.8,99.8,125.742683268095,2,6
21819,29,37,1-29-2021-037-03,3,2,3KPF24AD0KE1,17,499,2462,13,0,63,38,2019,4,1,3,0,1,R,1,1253,5,0,1,3,8,2,48,1,0,0,995,0,0,0,02744,9,9,2,4,2,1,2,1,1,4,0,2,0,0,1,1,2,2,2,0,1,2,17,99,1,1,5,L,87,0,0,0,0,0,0,0,0,0,0,350,280,0,0,0,1,12,999,999,999,9999999,999,999,999,6,0,0,0,0,4,0,995,9.8,998,998,998,99.8,99.8,99.8,125.742683268095,2,6
21820,22,59,1-22-2021-059-09,9,1,JTDKB22U3530,17,448,2209,5,0,49,46,2005,5,1,3,0,1,F,2,1335,5,0,1,1,34,2,80,1,0,1,0,2,0,1,85213,9,9,0,4,2,1,2,1,3,1,1,2,0,0,1,1,0,0,9,1,14,2,12,99,2,4,1,B,7,1,3,2,2,2,4,44,4,1,10,998,998,0,1,0,1,1,26,-25,-4,37452,998,-33,25,0,3,1,2,0,4,3,998,0.1,120,120,90,1.2,3.3,3.6,175.412451209905,12,6
21821,22,60,1-22-2021-060-03,3,1,2GKFLUEK4H61,17,472,1858,7,0,23,402,2017,14,3,14,0,1,L,2,1823,5,0,1,1,19,2,89,1,0,1,130,2,0,1,83843,9,9,0,4,2,1,2,1,3,1,1,2,0,0,2,1,0,0,9,1,14,2,13,2,3,4,1,A,2,1,1,2,6,1,4,61,1,2,4,997,997,0,1,0,2,6,999,999,999,9999999,999,999,999,7,0,1,3,0,4,3,997,0.5,120,120,-60,11.6,4.1,12.4,36.9580019385408,12,6
21822,22,61,1-22-2021-061-07,7,1,1GCGTCE31F11,17,467,4086,60,0,20,473,2015,34,5,30,0,1,F,3,1891,5,0,1,1,9,2,56,1,0,0,995,0,0,0,83501,9,9,2,4,2,1,2,1,1,1,0,4,0,0,1,1,0,0,9,0,1,3,50,1,1,1,2,D,20,0,0,0,0,0,0,0,0,0,0,75,75,0,0,0,1,3,44,-44,0,90063,998,-38,33,0,4,0,0,0,0,0,995,9.8,998,998,998,99.8,99.8,99.8,161.986087055453,12,6
21822,22,61,1-22-2021-061-07,7,2,3GNFK16Z24G2,17,467,1851,7,0,20,422,2004,15,3,15,0,1,B,2,2244,5,9999,9,0,998,5,56,1,0,0,995,0,0,0,83501,9,9,2,4,2,1,2,1,1,1,0,4,0,0,1,1,0,0,9,0,5,3,53,99,1,1,2,D,21,0,0,0,0,0,0,0,0,0,0,75,75,0,0,0,1,3,39,39,0,199251,998,0,48,0,4,95,95,95,95,0,995,9.8,998,998,998,99.8,99.8,99.8,161.986087055453,12,6
21823,22,62,1-22-2021-062-05,5,1,1G1JC5SG9F41,17,467,1835,13,0,20,28,2015,4,1,1,0,1,F,2,1245,5,0,1,1,16,2,105,1,0,0,995,0,0,0,99403,1,9,0,2,2,1,2,1,3,2,1,3,2,3,1,8,0,0,3,0,14,3,51,2,1,1,2,D,24,1,4,2,2,5,4,31,6,1,23,355,355,0,0,0,1,5,999,999,999,9999999,999,999,36,3,0,2,5,0,4,2,995,9.8,998,998,998,99.8,99.8,99.8,35.9226907691191,12,6
21823,22,62,1-22-2021-062-05,5,2,1FUJGLDR1HLH,17,450,2501,66,0,82,881,2017,66,8,68,0,1,B,9,,,,,,,5,105,1,0,0,995,0,0,0,33442,9,9,0,2,2,1,2,1,3,2,1,3,2,3,1,8,0,0,9,0,14,3,53,99,1,1,2,D,25,,,,,,,,,,,,,,,,,,,,,,,,,,,95,95,95,95,,,9.8,998,998,998,99.8,99.8,99.8,35.9226907691191,12,6
21824,15,59,1-15-2021-059-03,3,1,1G1BE5SM9J72,17,467,1832,13,0,20,25,2018,4,1,3,0,1,R,2,1250,5,9999,9,4,183,2,48,1,8,9,998,8,7,9,11542,9,9,0,4,2,1,2,1,1,1,0,0,0,0,3,1,0,0,3,1,1,2,11,99,1,4,1,C,11,1,2,2,1,6,1,2,2,2,9,95,90,0,0,0,1,12,999,999,999,9999999,999,999,999,7,0,9,97,0,5,1,995,9.8,998,998,998,99.8,99.8,99.8,22.8505985566956,1,6
21824,15,59,1-15-2021-059-03,3,2,1FAFP23155G1,17,460,2347,13,0,12,21,2005,4,1,4,0,2,L,1,1662,5,9999,9,4,183,,,,,,,,,,,,,,,,,,,,,,,,,,,,,,,,,,,,,,,,,,,,,,,,,,,,,,,,,,,,,,,,,,95,95,95,95,,,,,,,,,,22.8505985566956,1,6
21825,15,60,1-15-2021-060-03,3,1,ZARFAMAN3L76,17,493,10326,13,0,31,37,2020,4,1,4,0,1,F,2,1429,5,9999,9,4,189,2,48,1,8,1,0,2,7,1,11542,1,2,0,4,2,1,2,1,1,1,1,2,0,0,1,1,0,0,9,1,1,2,13,99,1,4,1,A,1,9,99,9,9,99,9,99,9,9,999,998,998,0,0,2,1,12,999,999,999,9999999,999,999,999,7,0,2,9,0,3,9,998,1.4,30,30,999,6.0,0.6,6.0,22.8505985566956,1,6
21826,15,61,1-15-2021-061-10,10,1,999999999999,99,448,99999,999,0,99,399,2006,9,1,9,0,1,L,9,9999,9,9999,9,0,998,2,48,1,8,9,998,8,7,9,11590,9,9,0,4,2,98,2,1,1,1,0,1,0,0,1,1,0,0,9,0,8,2,19,99,1,7,2,F,49,0,0,0,0,0,0,0,0,0,0,85,90,0,0,0,1,0,999,999,999,9999999,999,999,999,9,0,0,0,0,0,0,995,9.8,998,998,998,99.8,99.8,99.8,309.612915835725,1,6
21826,15,61,1-15-2021-061-10,10,2,JN1BJ1CR9JW2,17,478,17214,5,0,35,51,2018,6,1,3,0,1,R,9,1610,5,9999,9,0,998,5,48,1,8,9,998,8,7,9,11803,9,9,0,4,2,1,2,1,1,1,1,2,0,0,1,1,0,0,9,0,1,4,64,99,1,1,2,F,49,0,0,0,0,0,0,0,0,0,0,90,85,0,0,0,1,0,999,999,999,9999999,999,999,999,9,0,95,95,95,95,0,995,9.8,998,998,998,99.8,99.8,99.8,309.612915835725,1,6
21827,15,62,1-15-2021-062-07,7,1,2T2BK1BA0DC1,17,515,2214,7,0,59,403,2013,14,3,14,0,1,F,9,1970,5,9999,9,0,998,2,48,1,8,9,998,8,7,9,11580,9,9,0,4,2,1,2,1,1,1,0,2,0,0,3,1,0,0,3,1,1,2,11,99,1,4,1,C,11,0,0,0,0,0,0,0,0,0,0,5,0,0,0,0,1,0,999,999,999,9999999,999,999,999,9,0,0,0,0,0,0,995,9.8,998,998,998,99.8,99.8,99.8,73.0757863992933,1,6
21827,15,62,1-15-2021-062-07,7,2,1HGCP368X8A0,17,474,1861,13,0,37,32,2008,4,1,4,0,2,B,9,1523,5,9999,9,0,998,,,,,,,,,,,,,,,,,,,,,,,,,,,,,,,,,,,,,,,,,,,,,,,,,,,,,,,,,,,,,,,,,,95,95,95,95,,,,,,,,,,73.0757863992933,1,6
21828,26,58,1-26-2021-058-03,3,1,1G1Y82D43L51,17,467,1831,3,0,20,4,2020,2,1,3,0,1,F,3,1530,5,9999,9,4,49,2,105,1,0,0,995,0,0,0,95835,1,2,1,3,1,1,2,1,2,9,1,2,0,0,1,1,1,2,3,1,14,2,13,99,9,4,1,A,1,0,0,0,0,0,0,0,0,0,0,998,998,0,0,7,1,12,999,999,999,9999999,999,999,999,8,0,1,1,0,99,0,998,4.8,999,999,999,99.9,1.8,99.9,104.746954604065,10,6
21831,26,61,1-26-2021-061-07,7,1,WBAFR7C58DC8,17,452,1716,13,0,34,35,2013,4,1,5,0,1,F,9,1980,5,0,2,0,998,2,80,1,0,0,995,0,0,0,95843,7,2,0,4,2,1,2,1,1,1,1,4,0,0,2,1,0,0,1,1,1,2,13,1,1,4,1,A,1,0,0,0,0,0,0,0,0,0,0,998,998,0,1,0,1,0,999,999,999,9999999,999,999,999,9,0,0,0,0,0,0,998,2.3,15,15,90,28.1,5.6,28.3,544.295506530928,10,6
21832,20,50,1-20-2021-050-01,1,1,JM1BK32GX717,17,473,2074,13,0,41,51,2007,4,1,2,0,1,L,1,1249,5,0,1,1,25,2,89,1,9,1,0,3,0,1,95020,9,1,0,4,2,1,2,1,1,1,1,2,1,0,4,8,0,0,9,1,1,2,13,99,3,4,1,A,2,0,0,0,0,0,0,0,0,0,0,998,998,0,0,1,1,1,17,-11,13,27496,998,-133,17,0,3,2,9,0,1,0,998,1.3,40,40,120,9.9,3.9,10.4,41.7944083524258,11,6
21833,20,51,1-20-2021-051-05,5,1,1FTFW1ET1CFA,17,460,1801,60,0,12,481,2012,34,5,31,0,1,9,9,2670,5,9999,9,0,998,2,89,1,1,8,997,8,9,9,93905,1,1,0,4,2,1,2,1,3,2,0,2,0,0,2,1,5,2,9,1,14,2,13,99,1,4,1,A,1,1,6,2,2,1,4,61,1,1,28,997,997,9,0,0,2,0,999,999,999,9999999,999,999,999,9,0,1,1,0,4,3,997,0.0,120,120,90,26.4,6.2,27.8,41.7682909515469,11,6
21834,20,52,1-20-2021-052-09,9,1,1GC1KTEY8KF2,17,467,24906,60,0,20,481,2019,34,5,31,0,1,L,1,2991,5,9999,9,0,998,3,89,1,0,0,995,0,0,0,93905,9,1,2,4,2,1,2,1,1,1,0,2,0,0,4,1,2,2,2,0,11,2,15,99,1,1,4,K,82,0,0,0,0,0,0,0,0,0,0,150,250,0,0,0,1,3,15,-10,11,74534,998,144,20,0,4,0,0,0,0,0,995,9.8,998,998,998,99.8,99.8,99.8,2565.04038631648,11,6
21834,20,52,1-20-2021-052-09,9,2,JHMCG66571C0,17,474,1861,13,0,37,32,2001,4,1,3,0,1,F,2,1375,5,0,1,1,6,2,105,1,0,0,995,0,0,0,93905,9,1,2,2,4,3,2,1,1,1,3,1,0,0,4,1,0,0,1,0,1,4,67,3,1,1,4,K,83,0,0,0,0,0,0,0,0,0,0,250,150,0,0,0,1,3,30,-26,-15,28440,998,-58,20,0,4,2,5,0,4,0,995,9.8,998,998,998,99.8,99.8,99.8,2565.04038631648,11,6
21835,21,67,1-21-2021-067-04,4,1,JTDEPRAE8LJ0,17,448,2208,13,0,49,32,2020,4,1,3,0,1,B,1,1315,5,9999,9,0,998,5,105,1,0,0,995,0,0,0,91108,9,9,2,4,5,1,2,1,1,1,0,1,0,0,3,1,1,2,9,0,10,2,16,1,1,1,4,K,78,0,0,0,0,0,0,0,0,0,0,240,245,0,0,0,1,3,18,17,6,22282,998,-91,18,0,4,95,95,95,95,0,995,9.8,998,998,998,99.8,99.8,99.8,1574.54313324703,11,6
21835,21,67,1-21-2021-067-04,4,2,4T1G11AK3LU9,17,448,2469,13,0,49,40,2020,4,1,4,0,1,F,1,1520,5,0,1,1,26,2,105,1,1,8,997,8,0,0,92371,9,9,2,3,2,1,2,1,1,2,1,1,0,0,3,1,1,2,9,0,1,4,65,3,1,1,4,K,79,0,0,0,0,0,0,0,0,0,0,245,240,0,0,0,1,3,15,-15,-3,15940,998,13,16,0,4,0,0,0,0,0,995,9.8,998,998,998,99.8,99.8,99.8,1574.54313324703,11,6
21836,21,68,1-21-2021-068-06,6,1,3FA6P0HD3ER2,17,460,1780,13,0,12,23,2014,4,1,4,0,1,F,9,1554,5,9999,9,0,998,2,56,1,0,0,995,0,0,0,92404,9,9,2,4,5,2,2,1,1,1,1,1,0,0,1,1,1,2,9,0,1,4,66,99,1,1,5,L,86,0,0,0,0,0,0,0,0,0,0,170,260,0,0,0,1,0,999,999,999,9999999,999,999,999,9,0,2,5,0,4,0,995,9.8,998,998,998,99.8,99.8,99.8,844.588751084519,11,6
21836,21,68,1-21-2021-068-06,6,2,5UXFB33563LH,17,452,1717,7,0,34,401,2003,14,3,14,0,1,R,9,2188,5,9999,9,0,998,2,56,1,0,0,995,0,0,0,92376,2,9,2,4,3,1,2,1,1,1,0,1,0,0,1,1,1,2,9,0,1,2,17,99,1,1,5,L,87,0,0,0,0,0,0,0,0,0,0,260,170,0,0,0,1,0,999,999,999,9999999,999,999,999,9,0,0,0,0,0,0,995,9.8,998,998,998,99.8,99.8,99.8,844.588751084519,11,6
21837,26,62,1-26-2021-062-09,9,1,4S3BG6850W76,17,523,2232,15,0,48,34,1998,6,1,2,0,1,R,1,1440,5,0,1,1,6,2,72,1,1,8,997,8,0,0,95610,1,9,0,1,3,1,2,1,2,1,0,3,0,0,4,1,0,0,9,1,14,1,9,99,4,4,1,B,7,0,0,0,0,0,0,0,0,0,0,998,998,0,1,4,3,10,999,999,999,9999999,999,61,23,2,0,1,1,0,6,0,998,0.0,100,15,16,0.0,0.0,0.0,619.352380265411,10,6
21838,26,63,1-26-2021-063-10,10,1,1NXBU40E09Z1,17,448,2208,13,0,49,32,2009,4,1,2,0,1,F,2,1279,5,0,1,1,14,2,72,1,0,0,995,0,0,0,95660,9,1,0,1,3,1,2,1,1,1,1,3,0,0,1,1,0,0,9,0,1,3,50,2,2,1,2,D,20,0,0,0,0,0,0,0,0,0,0,100,100,0,0,0,1,3,25,-25,0,31986,998,0,24,0,4,0,0,0,0,0,995,9.8,998,998,998,99.8,99.8,99.8,2631.50429294105,10,6
21838,26,63,1-26-2021-063-10,10,2,999999999999,99,467,1833,13,0,20,2,2008,4,1,4,0,1,B,1,1630,5,9999,9,0,998,5,72,1,0,0,995,0,0,0,95842,9,9,0,1,3,1,2,1,1,1,1,3,0,0,1,1,0,0,1,0,5,3,53,1,1,1,2,D,21,0,0,0,0,0,0,0,0,0,0,100,100,0,0,0,1,3,22,22,0,31565,998,0,22,0,4,95,95,95,95,0,995,9.8,998,998,998,99.8,99.8,99.8,2631.50429294105,10,6
21838,26,63,1-26-2021-063-10,10,3,1C4NJPBA6CD5,17,483,1947,7,0,2,407,2012,14,3,14,0,1,B,9,1410,5,9999,9,0,998,5,72,1,0,0,995,0,0,0,95670,9,9,0,1,3,1,2,1,1,1,1,3,0,0,1,1,0,0,1,0,5,3,53,1,1,1,6,M,98,0,0,0,0,0,0,0,0,0,0,100,100,0,0,0,2,0,999,999,999,9999999,999,999,999,9,0,95,95,95,95,0,995,9.8,998,998,998,99.8,99.8,99.8,2631.50429294105,10,6
21838,26,63,1-26-2021-063-10,10,4,3VWLL7AJ6DM4,17,482,3137,13,0,30,40,2013,4,1,3,0,1,B,9,1441,5,9999,9,0,998,5,72,1,0,0,995,0,0,0,95682,9,9,0,1,3,1,2,1,1,1,1,3,0,0,1,1,0,0,1,0,5,3,53,1,1,1,6,M,98,0,0,0,0,0,0,0,0,0,0,100,100,0,0,0,3,0,999,999,999,9999999,999,999,999,9,0,95,95,95,95,0,995,9.8,998,998,998,99.8,99.8,99.8,2631.50429294105,10,6
21840,30,39,1-30-2021-039-02,2,1,2G11Z5SA1K91,17,467,1833,13,0,20,2,2019,4,1,4,0,1,R,2,1661,5,9999,9,0,998,2,72,1,0,0,995,0,0,0,95746,9,9,2,1,3,3,2,1,1,1,1,0,0,0,1,1,1,2,9,0,12,2,21,99,1,2,6,M,98,0,0,0,0,0,0,0,0,0,0,260,180,0,0,0,1,3,29,5,-29,138205,998,159,31,0,4,99,99,0,99,0,995,9.8,998,998,998,99.8,99.8,99.8,49.1890551838701,10,6
21840,30,39,1-30-2021-039-02,2,2,1G6AJ5SS7J01,17,469,1824,13,0,19,24,2018,4,1,4,0,1,F,2,1530,5,0,1,1,27,2,72,1,0,0,995,0,0,0,85050,9,9,2,4,6,3,2,1,1,1,3,1,0,0,1,1,1,2,1,0,1,4,62,2,1,1,6,M,98,0,0,0,0,0,0,0,0,0,0,180,260,0,0,0,1,3,33,-33,0,55882,998,0,30,0,1,9,97,0,99,0,995,9.8,998,998,998,99.8,99.8,99.8,49.1890551838701,10,6
21842,66,34,1-66-2021-034-07,7,1,3FA6P0H91DR1,17,460,1780,13,0,12,23,2013,4,1,4,0,1,F,1,1554,5,0,1,1,25,2,72,1,0,0,995,0,7,0,65810,9,9,3,5,3,2,2,1,1,1,4,4,0,0,1,1,0,0,9,0,5,4,62,1,1,1,3,H,59,0,0,0,0,0,0,0,0,0,0,15,180,0,0,0,1,8,999,999,999,9999999,999,999,999,6,0,99,99,0,99,0,995,9.8,998,998,998,99.8,99.8,99.8,195.174233981444,6,6
21842,66,34,1-66-2021-034-07,7,2,WD0PD6449557,17,476,3121,95,0,7,462,2005,21,4,21,0,1,F,1,2185,5,9999,9,4,39,2,72,1,0,0,995,0,7,0,65605,9,9,3,5,3,1,2,1,1,1,1,2,0,0,1,1,0,0,9,1,15,2,10,2,2,2,3,H,58,0,0,0,0,0,0,0,0,0,0,180,15,0,1,0,1,8,999,999,999,9999999,999,999,999,6,0,99,99,0,99,0,995,9.8,998,998,998,99.8,99.8,99.8,195.174233981444,6,6
21843,30,40,1-30-2021-040-03,3,1,1FMCU0GD5JUC,17,460,1798,7,0,12,402,2018,14,3,14,0,1,F,2,1611,5,0,1,5,38,2,105,1,0,0,995,0,0,0,85033,9,9,1,2,5,2,2,1,1,1,1,3,0,0,1,1,0,0,1,0,1,3,50,4,1,1,2,D,20,0,0,0,0,0,0,0,0,0,0,180,180,0,0,0,1,12,999,999,999,9999999,999,999,999,7,0,4,29,1,3,0,995,9.8,998,998,998,99.8,99.8,99.8,803.899733126029,10,6
21843,30,40,1-30-2021-040-03,3,2,2D4GP44L97R1,17,476,1942,9,0,7,442,2007,20,4,20,0,1,B,2,1779,5,9999,9,4,24,2,105,1,0,0,995,0,0,0,85338,9,9,1,2,5,2,2,1,1,1,1,3,0,0,1,1,0,0,1,0,5,3,53,99,1,1,2,D,21,0,0,0,0,0,0,0,0,0,0,180,180,0,0,0,1,12,999,999,999,9999999,999,999,999,7,0,1,1,0,4,0,995,9.8,998,998,998,99.8,99.8,99.8,803.899733126029,10,6
21843,30,40,1-30-2021-040-03,3,3,4T4BF1FK5FR4,17,448,2469,13,0,49,40,2015,4,1,4,0,1,F,1,1467,5,0,1,5,26,2,105,1,0,0,995,0,0,0,85305,9,9,1,2,5,2,2,1,1,1,1,3,0,0,1,1,0,0,1,0,2,3,53,99,1,1,6,M,98,0,0,0,0,0,0,0,0,0,0,180,180,0,0,0,3,98,999,999,999,9999999,999,999,999,6,0,0,0,0,5,0,995,9.8,998,998,998,99.8,99.8,99.8,803.899733126029,10,6
21843,30,40,1-30-2021-040-03,3,4,5YFBURHE2EP0,17,448,2208,13,0,49,32,2014,4,1,3,0,1,F,9,1290,5,9999,9,0,998,5,105,1,0,0,995,0,0,0,85037,9,9,1,2,5,2,2,1,1,1,1,3,0,0,1,1,0,0,1,0,5,3,53,99,1,1,6,M,98,0,0,0,0,0,0,0,0,0,0,180,180,0,0,0,4,0,999,999,999,9999999,999,999,999,9,0,95,95,95,95,0,995,9.8,998,998,998,99.8,99.8,99.8,803.899733126029,10,6
21843,30,40,1-30-2021-040-03,3,5,2GTEC19TX111,17,472,1857,60,0,23,481,2001,34,5,31,0,1,B,9,2059,5,9999,9,0,998,5,105,1,0,0,995,0,0,0,85323,9,9,1,2,5,2,2,1,1,1,1,3,0,0,1,1,0,0,1,0,5,3,53,99,1,1,6,M,98,0,0,0,0,0,0,0,0,0,0,180,180,0,0,0,4,0,999,999,999,9999999,999,999,999,9,0,95,95,95,95,0,995,9.8,998,998,998,99.8,99.8,99.8,803.899733126029,10,6
21844,13,36,1-13-2021-036-03,3,1,1C4PJLDB8LD5,17,483,1945,7,0,2,404,2020,14,3,14,0,1,F,1,1661,5,0,1,1,8,2,72,1,8,0,995,0,7,0,99999,9,9,2,4,3,1,1,1,1,1,1,2,0,0,3,1,2,2,9,1,1,2,14,99,1,4,1,C,14,0,0,0,0,0,0,0,0,0,0,998,998,0,0,7,3,10,999,999,999,9999999,999,999,999,6,0,99,99,0,0,0,998,0.0,999,999,999,0.0,0.0,1.1,1287.58332613154,7,6
21845,10,60,1-10-2021-060-09,9,1,4T1BK36B37U2,17,448,2465,13,0,49,43,2007,4,1,4,0,1,F,2,1615,5,9999,9,4,28,2,72,1,0,0,995,0,0,0,45414,1,2,2,4,3,2,2,1,1,1,1,2,0,0,1,8,1,2,1,0,11,2,15,98,1,1,4,J,68,0,0,0,0,0,0,0,0,0,0,350,185,0,0,0,1,12,999,999,999,9999999,999,999,999,7,0,1,1,0,4,0,995,9.8,998,998,998,99.8,99.8,99.8,2525.39771795078,4,6
21845,10,60,1-10-2021-060-09,9,2,1GCCS1943W82,17,467,11483,60,0,20,471,1998,34,5,30,0,1,F,9,1425,5,9999,9,0,998,2,72,1,0,0,995,0,0,0,45414,9,9,2,4,3,1,2,1,1,1,1,1,0,0,1,8,1,2,1,0,1,4,62,99,1,1,4,J,69,0,0,0,0,0,0,0,0,0,0,185,350,0,0,0,1,0,999,999,999,9999999,999,999,999,9,0,0,0,0,0,0,995,9.8,998,998,998,99.8,99.8,99.8,2525.39771795078,4,6
21846,10,61,1-10-2021-061-03,3,1,2C4RDGBG5KR6,17,476,14832,2,0,7,442,2019,20,4,20,0,1,F,9,2050,5,9999,9,0,998,2,72,1,0,0,995,0,0,0,45401,1,2,2,4,5,1,2,1,1,9,0,3,0,0,1,1,1,2,1,0,1,3,50,99,1,1,2,D,20,0,0,0,0,0,0,0,0,0,0,170,170,0,0,0,1,0,999,999,999,9999999,999,999,999,9,0,1,1,0,4,0,995,9.8,998,998,998,99.8,99.8,99.8,378.320933874212,4,6
21846,10,61,1-10-2021-061-03,3,2,3C6JR6DT1EG1,17,496,13620,60,0,7,482,2014,34,5,31,0,1,B,9,2215,5,9999,9,0,998,5,72,1,0,0,995,0,0,0,45429,9,9,2,4,5,1,2,1,1,9,1,3,0,0,1,1,1,2,1,0,5,3,53,99,1,1,2,D,21,0,0,0,0,0,0,0,0,0,0,170,170,0,0,0,1,0,999,999,999,9999999,999,999,999,9,0,95,95,95,95,0,995,9.8,998,998,998,99.8,99.8,99.8,378.320933874212,4,6
21847,77,41,1-77-2021-041-03,3,1,W04WH3N58KG3,17,468,10290,1,0,18,26,2019,1,1,3,0,1,F,1,1805,8,0,1,1,14,2,40,1,0,0,995,0,0,0,22980,9,9,2,4,3,1,2,1,1,1,1,1,0,0,1,1,1,2,1,0,1,3,50,1,1,1,2,D,20,0,0,0,0,0,0,0,0,0,0,115,115,0,0,0,1,1,14,-14,0,16864,998,5,15,0,4,0,0,0,0,0,995,9.8,998,998,998,99.8,99.8,99.8,316.183547395101,9,6
21847,77,41,1-77-2021-041-03,3,2,KNMAT2MV1HP5,17,478,1913,8,0,35,51,2017,6,1,3,0,1,B,1,1610,5,0,1,1,13,2,40,1,0,0,995,0,0,0,22902,9,9,2,4,3,1,2,1,1,1,1,1,0,0,1,1,1,2,1,0,5,3,53,1,1,1,2,D,21,0,0,0,0,0,0,0,0,0,0,115,115,0,0,0,1,1,16,16,0,14392,998,4,15,0,4,1,1,0,4,0,995,9.8,998,998,998,99.8,99.8,99.8,316.183547395101,9,6