CASEID,PSU,CASENO,CASENUMBER,CATEGORY,VEHNO,VIN,VINLENGTH,VPICMAKE,VPICMODEL,VPICBODYCLASS,ICFINALBODY,MAKE,MODEL,MODELYR,BODYTYPE,BODYCAT,VEHCLASS,SPECUSE,TRANSTAT,DAMPLANE,DAMSEV,CURBWT,CURBSRC,CARGOWT,CARGOSRC,INSPTYPE,INSPLAG,TOWED,SPEEDLIMIT,DRPRESENT,PARALCOHOL,ALCTEST,ALCTESTRESULT,ALCTESTSRC,PARDRUG,DRUGTEST,ZIP,RACE,ETHNICITY,RELTOJUNCT,TRAFFLOW,RDLANES,INITLANE,SURFTYPE,SURFCOND,ALIGNMENT,PROFILE,LINERIGHT,LINELEFT,RUMBINIT,RUMBROAD,LIGHTCOND,WEATHER,TRAFDEV,TRAFFUNCT,DISTRACT,PREFHE,PREMOVE,CRITCAT,CRITEVENT,MANEUVER,PRESTAB,PRELOC,CRASHCAT,CRASHCONF,CRASHTYPE,ROLLTYPE,ROLLTURN,ROLLINTRPT,ROLLPREMAN,ROLLINITYP,ROLLINLOC,ROLLOBJ,ROLLTRIP,ROLLDIR,ROLLDIST,DVANGTHIS,DVANGOTH,TOWHITCH,TRAJDOC,TREEPOLE,DVEVENT,DVBASIS,DVTOTAL,DVLONG,DVLAT,DVENERGY,DVSPEED,DVMOMENT,DVBES,DVEST,DVCONF,VAIS,VISS,VINJURED,VTREAT,INITOBJCLASS,HEADANGLECAT,SHLDRWIDTH,STRKLENGTH,STRKWIDTH,STRKHEIGHT,EDGEDISTX,EDGEDISTY,EDGEDISTZ,CASEWGT,PSUSTRAT,VERSION
21848,77,42,1-77-2021-042-03,3,1,2HKRW2H88HH6,17,474,1865,7,0,37,402,2017,14,3,14,0,1,R,1,1580,5,0,1,1,14,2,56,1,0,0,995,0,0,0,22936,7,2,2,4,5,3,2,1,1,1,1,2,0,0,1,1,1,2,1,0,11,2,15,2,1,1,4,J,68,0,0,0,0,0,0,0,0,0,0,330,210,0,0,0,1,1,21,-13,-16,26127,998,52,19,0,1,0,0,0,0,0,995,9.8,998,998,998,99.8,99.8,99.8,316.183547395101,9,6
21848,77,42,1-77-2021-042-03,3,2,1FMCU0EG0BKA,17,460,1798,7,0,12,402,2011,14,3,14,0,1,F,1,1540,5,0,1,1,12,2,56,1,0,0,995,0,0,0,22936,9,9,2,4,5,1,2,1,1,1,1,1,0,0,1,1,1,2,1,0,1,4,62,3,1,1,4,J,69,0,0,0,0,0,0,0,0,0,0,210,330,0,0,0,1,1,21,-20,4,40192,998,68,22,0,1,99,99,0,99,0,995,9.8,998,998,998,99.8,99.8,99.8,316.183547395101,9,6
21849,54,23,1-54-2021-023-03,3,1,1N4AA6AP7JC4,17,478,2302,13,0,35,39,2018,4,1,4,0,1,F,2,1627,5,0,1,1,6,2,72,1,0,0,995,0,0,0,35653,1,2,0,4,2,1,2,1,1,1,1,2,0,0,2,1,0,0,3,1,1,6,87,98,4,4,1,C,13,0,0,0,0,0,0,0,0,0,0,998,998,0,0,1,3,12,999,999,999,9999999,999,999,999,7,0,1,1,0,4,0,998,0.0,120,64,-120,5.0,6.0,8.0,215.541147713819,9,6
21851,17,39,1-17-2021-039-06,6,1,5XXGN4A75DG2,17,499,2739,13,0,63,34,2013,4,1,4,0,1,F,1,1535,5,0,1,1,2,2,64,1,9,0,995,0,9,0,61279,1,9,2,4,2,1,2,1,1,1,0,4,0,0,1,8,0,0,9,0,1,3,52,99,1,1,2,D,28,0,0,0,0,0,0,0,0,0,0,270,270,0,0,0,1,12,999,999,999,9999999,999,999,999,6,0,0,0,0,0,0,995,9.8,998,998,998,99.8,99.8,99.8,304.09988570387,4,6
21851,17,39,1-17-2021-039-06,6,2,19XFA1F5XAE0,17,474,1863,13,0,37,31,2010,4,1,3,0,1,B,9,1199,5,9999,9,0,998,5,64,1,9,0,995,0,9,0,61265,9,9,2,4,2,1,2,1,1,1,0,4,0,0,1,8,0,0,9,0,2,3,53,99,1,1,2,D,31,0,0,0,0,0,0,0,0,0,0,270,270,0,0,0,1,0,999,999,999,9999999,999,999,999,9,0,95,95,95,95,0,995,0.0,120,3,86,3.8,4.6,6.0,304.09988570387,4,6
21853,17,40,1-17-2021-040-03,3,1,KL7CJKSB9LB3,17,467,10988,7,0,20,406,2020,14,3,14,0,1,F,2,1382,5,0,1,1,8,2,89,1,9,1,0,2,9,1,61275,1,2,0,1,2,1,2,1,1,1,1,3,2,3,1,1,0,0,3,0,1,3,52,1,1,1,2,D,28,0,0,0,0,0,0,0,0,0,0,40,40,0,0,0,1,5,999,999,999,9999999,999,999,31,3,0,1,2,0,4,0,995,9.8,998,998,998,99.8,99.8,99.8,172.30570540978,4,6
21853,17,40,1-17-2021-040-03,3,2,1NPBGGGG60D4,17,495,2787,64,66,87,881,2017,66,8,68,0,1,B,9,,,,,,,5,89,1,9,0,995,0,9,0,61241,9,9,0,1,2,1,2,1,1,1,1,3,2,3,1,1,0,0,9,0,1,3,53,99,1,1,2,D,29,,,,,,,,,,,,,,,,,,,,,,,,,,,95,95,95,95,,,9.8,998,998,998,99.8,99.8,99.8,172.30570540978,4,6
21854,11,27,1-11-2021-027-02,2,1,1FTFW1E48KFB,17,460,1801,60,0,12,481,2019,34,5,31,0,1,F,2,2130,5,9999,9,4,150,2,97,1,0,0,995,0,0,0,08105,9,9,0,2,3,1,2,2,2,9,1,3,0,0,2,2,0,0,1,1,14,2,13,99,1,4,1,C,11,0,0,0,0,0,0,0,0,0,0,0,355,0,0,0,1,12,999,999,999,9999999,999,999,999,7,0,1,1,0,4,0,995,4.8,999,999,999,99.9,99.9,99.9,98.8757791442637,8,6
21854,11,27,1-11-2021-027-02,2,2,1GNES16S0561,17,467,4548,7,0,20,403,2005,14,3,14,0,2,B,9,2165,5,9999,9,0,998,,,,,,,,,,,,,,,,,,,,,,,,,,,,,,,,,,,,,,,,,,,,,,,,,,,,,,,,,,,,,,,,,,95,95,95,95,,,,,,,,,,98.8757791442637,8,6
21855,11,28,1-11-2021-028-08,8,1,2GCEG25H5P41,17,467,14462,95,0,20,461,1993,21,4,21,0,1,F,2,1826,5,680,2,4,16,2,72,1,9,1,0,2,9,9,23803,1,2,0,4,2,1,2,1,1,1,1,2,0,0,1,1,0,0,9,1,1,2,10,99,1,2,3,G,50,1,2,2,6,1,4,61,1,1,7,998,998,0,0,1,2,12,999,999,999,9999999,999,999,999,7,0,3,22,1,3,3,998,0.0,36,34,56,10.4,1.5,10.7,1502.46707924741,8,6
21855,11,28,1-11-2021-028-08,8,2,1GNSKGKC0JR2,17,467,1851,7,0,20,422,2018,15,3,15,0,1,F,9,2620,5,9999,9,0,998,5,72,1,0,0,995,0,0,0,23838,9,9,0,1,2,1,2,1,1,1,2,1,0,0,1,1,0,0,1,0,1,4,63,99,1,2,3,G,51,0,0,0,0,0,0,0,0,0,0,285,115,0,0,0,1,0,999,999,999,9999999,999,999,999,9,0,95,95,95,95,0,995,9.8,998,998,998,99.8,99.8,99.8,1502.46707924741,8,6
21856,48,36,1-48-2021-036-04,4,1,1G1ZD5ST9LF1,17,467,1834,13,0,20,37,2020,4,1,4,0,1,L,2,1418,5,0,1,1,8,2,129,1,0,0,995,0,0,0,43210,9,9,0,2,2,2,1,1,1,2,3,2,1,3,1,8,0,0,9,1,1,2,12,99,9,4,1,B,6,0,0,0,0,0,0,0,0,0,0,998,998,0,0,0,1,8,999,999,999,9999999,999,999,999,7,0,0,0,0,0,0,998,2.6,999,999,999,0.0,0.0,0.0,462.841724946,12,6
21857,48,37,1-48-2021-037-04,4,1,2T1BURHE6HC9,17,448,2208,13,0,49,32,2017,4,1,3,0,1,R,2,1265,5,0,1,1,4,2,56,1,0,0,995,0,0,0,84324,1,2,2,2,7,4,2,1,1,1,1,2,0,0,1,1,1,2,1,0,11,2,15,1,1,1,4,J,68,0,0,0,0,0,0,0,0,0,0,35,265,0,0,0,1,1,26,-17,-20,65106,998,117,28,0,1,1,1,0,0,0,995,9.8,998,998,998,99.8,99.8,99.8,462.841724946,12,6
21857,48,37,1-48-2021-037-04,4,2,JTEBU5JR6G53,17,448,2216,7,0,49,401,2016,14,3,14,0,1,F,1,2111,5,0,1,1,5,2,56,1,0,0,995,0,0,0,84302,1,2,2,1,4,2,2,1,1,4,1,3,0,0,1,1,1,2,1,0,1,2,17,3,1,1,4,J,69,0,0,0,0,0,0,0,0,0,0,265,35,0,0,0,1,1,16,-16,0,16409,998,28,14,0,4,1,1,0,6,0,995,9.8,998,998,998,99.8,99.8,99.8,462.841724946,12,6
21857,48,37,1-48-2021-037-04,4,3,5TDKK3DC4BS1,17,448,2468,2,0,49,442,2011,20,4,20,0,1,F,9,1990,5,9999,9,0,998,5,56,1,0,0,995,0,0,0,84321,9,9,2,2,4,3,2,1,1,1,3,1,0,0,1,1,1,2,9,0,5,4,67,99,1,1,6,M,98,0,0,0,0,0,0,0,0,0,0,180,150,0,0,0,2,0,999,999,999,9999999,999,999,999,9,0,95,95,95,95,0,995,9.8,998,998,998,99.8,99.8,99.8,462.841724946,12,6
21858,24,65,1-24-2021-065-03,3,1,KNAGT4LE9H50,17,499,2739,13,0,63,34,2017,4,1,4,0,1,F,1,1583,5,0,1,1,25,2,80,1,0,0,995,0,0,0,08402,1,2,2,4,3,1,2,1,1,1,1,2,0,0,1,1,1,2,3,0,1,3,50,3,1,1,2,D,20,0,0,0,0,0,0,0,0,0,0,250,260,0,0,0,1,3,14,-14,-2,13882,998,-15,15,0,4,1,1,0,0,0,995,9.8,998,998,998,99.8,99.8,99.8,305.358336615498,1,6
21858,24,65,1-24-2021-065-03,3,2,4T3L6RFV8MU0,17,448,2217,7,0,49,402,2021,14,3,14,0,1,B,1,1703,5,9999,9,0,998,5,80,1,0,0,995,0,0,0,08221,9,9,2,4,3,1,2,1,1,1,1,2,0,0,1,1,1,2,1,0,5,3,53,1,1,1,2,D,21,0,0,0,0,0,0,0,0,0,0,260,250,0,0,0,1,3,12,12,0,10536,998,30,12,0,4,95,95,95,95,0,995,9.8,998,998,998,99.8,99.8,99.8,305.358336615498,1,6
21859,24,66,1-24-2021-066-02,2,1,SADCK2GXXJA2,17,442,11441,7,0,39,401,2018,14,3,14,0,1,L,1,1760,5,0,1,1,15,2,40,1,0,0,995,0,0,0,11210,1,2,2,4,2,1,2,1,1,1,0,2,0,0,1,1,2,2,9,0,1,2,17,99,1,1,5,L,89,0,0,0,0,0,0,0,0,0,0,240,330,0,0,0,1,12,999,999,999,9999999,999,999,999,2,0,1,1,0,4,0,995,9.8,998,998,998,99.8,99.8,99.8,152.360192071072,1,6
21859,24,66,1-24-2021-066-02,2,2,2C3CDXCT2EH1,17,476,1895,13,0,7,24,2014,4,1,5,0,1,F,9,1929,5,9999,9,0,998,2,64,1,0,0,995,0,0,0,08215,1,2,2,4,2,1,2,1,1,1,1,4,0,0,1,1,0,0,1,0,1,4,66,1,1,1,5,L,88,0,0,0,0,0,0,0,0,0,0,330,240,0,0,0,1,0,999,999,999,9999999,999,999,999,9,0,2,5,0,3,0,995,2.4,84,15,15,0.0,0.0,0.0,152.360192071072,1,6
21860,24,67,1-24-2021-067-06,6,1,JTJHW31U6600,17,515,2214,7,0,59,403,2006,14,3,14,0,1,F,9,1981,5,9999,9,0,998,5,72,1,0,0,995,0,0,0,08037,9,9,2,4,2,1,2,1,1,1,1,2,0,0,1,1,0,0,9,1,6,2,10,99,1,2,4,J,73,0,0,0,0,0,0,0,0,0,0,50,20,0,0,0,1,0,999,999,999,9999999,999,999,999,9,0,95,95,95,95,0,995,9.8,998,998,998,99.8,99.8,99.8,615.520952198461,1,6
21860,24,67,1-24-2021-067-06,6,2,WBA3B5G51DNS,17,452,1709,13,0,34,34,2013,4,1,4,0,1,L,1,1630,5,0,1,1,14,2,72,1,0,0,995,0,0,0,08009,9,9,2,4,2,1,2,1,1,1,1,2,0,0,1,1,0,0,9,0,11,4,60,99,1,1,4,J,72,0,0,0,0,0,0,0,0,0,0,20,50,0,0,0,1,12,999,999,999,9999999,999,999,7,1,0,9,97,0,0,0,995,9.8,998,998,998,99.8,99.8,99.8,615.520952198461,1,6
21861,24,68,1-24-2021-068-03,3,1,4T1BE46KX9U2,17,448,2469,13,0,49,40,2009,4,1,4,0,1,F,2,1500,5,0,1,5,13,2,64,1,0,0,995,0,0,0,08088,1,2,2,4,4,1,2,1,1,1,1,3,0,0,3,1,0,0,3,0,15,3,50,2,1,1,2,D,20,0,0,0,0,0,0,0,0,0,0,320,320,0,0,0,1,3,33,-33,0,57520,998,0,30,0,4,1,1,0,4,0,995,9.8,998,998,998,99.8,99.8,99.8,305.358336605649,1,6
21861,24,68,1-24-2021-068-03,3,2,5XXGT4L3XHG1,17,499,2739,13,0,63,34,2017,4,1,4,0,1,B,2,1630,5,0,1,1,19,2,64,1,0,0,995,0,0,0,24440,1,2,2,4,4,2,2,1,1,1,3,2,0,0,3,1,0,0,9,0,5,3,53,1,1,1,2,D,22,0,0,0,0,0,0,0,0,0,0,320,320,0,0,0,1,3,31,31,0,76307,998,20,33,0,4,1,2,0,4,0,995,9.8,998,998,998,99.8,99.8,99.8,305.358336605649,1,6
21862,76,29,1-76-2021-029-09,9,1,KMHDU4AD8AU8,17,498,2735,13,0,55,35,2010,4,1,3,0,1,R,3,1246,5,0,1,1,20,2,89,1,8,9,998,8,7,9,12414,9,9,2,4,2,1,2,2,1,1,1,2,1,0,2,2,1,2,2,0,11,2,15,99,1,1,4,J,68,0,0,0,0,0,0,0,0,0,0,340,200,0,0,0,1,3,41,-32,-27,111921,998,50,44,0,1,0,0,0,0,0,995,9.8,998,998,998,99.8,99.8,99.8,25.2319500495459,3,6
21862,76,29,1-76-2021-029-09,9,2,5FNYF18568B0,17,474,1864,7,0,37,421,2008,15,3,15,0,1,F,2,2021,5,9999,9,4,34,2,89,1,1,9,998,8,7,9,12051,9,9,2,4,2,1,2,2,1,1,1,2,1,0,2,2,1,2,9,0,1,4,62,99,1,1,4,J,69,0,0,0,0,0,0,0,0,0,0,200,340,0,0,0,1,3,26,-26,0,42313,998,0,23,0,4,1,3,0,4,0,995,9.8,998,998,998,99.8,99.8,99.8,25.2319500495459,3,6
21863,76,30,1-76-2021-030-09,9,1,1GCDT1494881,17,467,4086,60,0,20,473,2008,34,5,30,0,1,L,1,1685,5,0,1,1,26,2,89,1,8,0,995,0,7,1,12413,1,2,0,4,2,1,2,1,2,4,1,2,0,0,1,1,0,0,9,1,14,1,6,99,3,4,1,A,2,1,1,1,2,1,4,61,1,2,2,998,998,0,1,4,5,10,999,999,999,9999999,999,-28,12,2,0,3,10,1,3,3,998,0.2,8,4,999,3.6,1.7,4.0,25.2319500495459,3,6
21864,52,78,1-52-2021-078-03,3,1,1FMNU43S42ED,17,460,2370,7,0,12,423,2002,16,3,16,0,1,R,1,3261,5,0,1,2,21,5,56,1,0,0,995,0,0,0,59102,9,9,3,4,2,1,2,1,1,1,0,2,0,0,1,8,0,0,9,0,11,2,15,99,1,1,4,J,68,0,0,0,0,0,0,0,0,0,0,285,175,0,0,0,1,1,7,-4,-6,10084,998,66,8,0,4,95,95,95,95,0,995,9.8,998,998,998,99.8,99.8,99.8,31.0298817632061,12,6
21864,52,78,1-52-2021-078-03,3,2,WMZYT5C35H3D,17,456,1880,7,0,69,54,2017,6,1,3,0,1,F,1,1497,5,0,1,1,20,2,56,1,0,0,995,0,0,0,59106,9,9,3,4,2,1,2,1,1,1,0,2,0,0,1,8,0,0,9,0,1,4,62,2,1,1,4,J,69,0,0,0,0,0,0,0,0,0,0,175,285,0,0,0,1,1,15,-14,3,10840,998,34,13,0,4,99,99,0,0,0,995,9.8,998,998,998,99.8,99.8,99.8,31.0298817632061,12,6
21865,52,79,1-52-2021-079-04,4,1,3FA6P0HD0KR2,17,460,1780,13,0,12,23,2019,4,1,4,0,1,R,1,1558,5,0,1,1,14,3,56,1,0,0,995,0,0,0,59088,9,9,2,2,4,4,2,1,3,1,1,0,0,0,1,1,1,2,9,0,11,2,15,2,1,1,4,J,68,0,0,0,0,0,0,0,0,0,0,195,90,0,0,0,1,1,15,-8,-13,15046,998,28,15,0,1,0,0,0,0,0,995,9.8,998,998,998,99.8,99.8,99.8,93.8072034723025,12,6
21865,52,79,1-52-2021-079-04,4,2,5FNYF48699B0,17,474,1864,7,0,37,421,2009,15,3,15,0,1,F,1,1967,5,0,1,1,14,2,56,1,0,0,995,0,0,0,59102,9,9,2,2,4,1,2,1,2,1,0,1,0,0,1,1,1,2,9,0,14,4,62,99,1,1,4,J,69,0,0,0,0,0,0,0,0,0,0,90,195,0,0,0,1,1,12,-12,2,14967,998,72,12,0,1,0,0,0,0,0,995,9.8,998,998,998,99.8,99.8,99.8,93.8072034723025,12,6
21866,52,80,1-52-2021-080-04,4,1,3C4PDCAB3JT3,17,476,1939,7,0,7,27,2018,6,1,4,0,1,F,1,1732,5,64,1,1,26,2,129,1,0,0,995,0,0,0,59034,9,9,0,1,2,2,2,2,3,1,3,2,1,3,2,4,0,0,9,0,14,6,87,99,9,1,1,C,13,0,0,0,0,0,0,0,0,0,0,998,998,0,0,0,1,10,999,999,999,9999999,999,59,12,2,0,0,0,0,0,0,998,9.8,998,998,998,99.8,99.8,99.8,93.8072034723025,12,6
21867,52,81,1-52-2021-081-10,10,1,WAUDH74F16N1,17,582,3148,15,0,32,42,2006,6,1,4,0,1,F,1,1820,5,0,1,1,19,2,113,1,0,0,995,0,0,0,59105,9,9,0,4,2,1,2,1,3,1,1,3,3,3,5,1,0,0,9,0,14,6,87,99,1,1,1,C,13,0,0,0,0,0,0,0,0,0,0,998,998,0,0,0,1,10,999,999,999,9999999,999,-41,12,2,0,0,0,0,0,0,998,9.8,998,998,998,99.8,99.8,99.8,647.634607925297,12,6
21868,66,35,1-66-2021-035-09,9,1,1N6AA06B74N5,17,478,1920,60,0,35,473,2004,34,5,31,0,1,F,2,2387,5,0,1,1,19,2,64,1,9,0,995,0,7,0,99999,9,9,2,4,2,1,2,1,1,1,0,0,0,0,9,1,0,0,9,1,1,2,13,1,1,4,1,A,1,0,0,0,0,0,0,0,0,0,0,998,998,0,0,0,1,1,26,-26,0,62735,998,0,26,0,4,0,0,0,99,0,998,0.0,999,999,999,2.5,0.0,2.5,144.174066612041,6,6
21869,59,23,1-59-2021-023-02,2,1,KNDPMCAC0K75,17,499,2770,7,0,63,401,2019,14,3,14,0,1,F,2,1696,5,0,1,1,3,2,64,1,0,0,995,0,0,0,47802,9,9,2,1,5,2,2,1,1,1,1,3,0,0,1,8,0,0,9,0,1,4,62,99,1,1,4,J,69,0,0,0,0,0,0,0,0,0,0,0,110,0,0,0,1,1,27,-26,9,39666,998,57,22,0,1,2,5,0,3,0,995,9.8,998,998,998,99.8,99.8,99.8,174.412135303241,6,6
21869,59,23,1-59-2021-023-02,2,2,1HGCS22838A0,17,474,1861,3,0,37,32,2008,2,1,3,0,1,R,2,1623,5,0,1,1,3,2,64,1,0,0,995,0,0,0,47471,1,9,2,1,4,4,2,1,1,1,1,2,0,0,1,8,0,0,9,0,11,2,15,99,1,1,4,J,68,0,0,0,0,0,0,0,0,0,0,110,0,0,0,0,1,1,28,-18,-22,77512,998,-45,33,0,1,1,1,0,5,0,995,9.8,998,998,998,99.8,99.8,99.8,174.412135303241,6,6
21870,14,36,1-14-2021-036-04,4,1,1D7HA18N28S6,17,476,1938,60,0,7,482,2008,34,5,31,0,1,F,1,2208,5,0,1,1,19,2,56,1,0,0,995,0,0,0,78259,1,9,3,4,2,1,2,1,1,1,0,0,0,0,1,1,0,0,9,0,11,2,15,99,1,1,4,K,82,0,0,0,0,0,0,0,0,0,0,270,60,0,0,0,1,1,11,-11,2,22230,998,-9,15,0,1,0,0,0,0,0,995,9.8,998,998,998,99.8,99.8,99.8,2455.97253194397,8,6
21870,14,36,1-14-2021-036-04,4,2,1G1ZE5ST7HF1,17,467,1834,13,0,20,37,2017,4,1,4,0,1,F,1,1400,5,0,1,1,50,2,56,1,0,0,995,0,0,0,78248,1,2,3,5,5,2,2,1,1,1,3,2,0,0,1,1,0,0,1,0,1,4,72,2,1,1,4,K,83,0,0,0,0,0,0,0,0,0,0,60,270,0,0,0,1,1,19,-18,-7,10624,998,-10,14,0,4,0,0,0,4,0,995,9.8,998,998,998,99.8,99.8,99.8,2455.97253194397,8,6
21871,14,37,1-14-2021-037-04,4,1,5TDDGRFH9KS0,17,448,2213,7,0,49,403,2019,14,3,14,0,1,F,9,2220,5,0,2,3,31,2,72,1,0,0,995,0,0,0,78130,1,1,0,5,3,1,2,1,3,1,1,2,0,0,1,1,0,0,1,0,14,6,87,1,1,1,1,C,13,0,0,0,0,0,0,0,0,0,0,998,998,0,0,0,1,12,999,999,999,9999999,999,999,999,9,0,0,0,0,0,0,998,9.8,998,998,998,99.8,99.8,99.8,2455.97253194397,8,6
21872,32,63,1-32-2021-063-06,6,1,KNAFK4A69F53,17,499,2462,13,0,63,38,2015,4,1,3,0,1,F,2,1272,5,0,1,1,7,2,105,1,0,0,995,0,0,0,75060,2,9,0,2,4,3,1,2,2,1,3,3,0,0,3,2,0,0,9,0,14,3,50,1,1,1,2,D,32,0,0,0,0,0,0,0,0,0,0,355,355,0,0,0,1,9,999,999,999,9999999,999,999,999,7,0,9,97,0,0,0,995,9.8,998,998,998,99.8,99.8,99.8,4293.74814809286,7,6
21872,32,63,1-32-2021-063-06,6,2,1HGEJ6679XL0,17,474,1863,13,0,37,31,1999,4,1,2,0,1,B,2,1067,5,0,1,1,17,2,105,0,7,7,887,6,8,8,99998,8,8,0,2,4,3,1,2,2,1,3,3,0,0,3,2,0,0,0,8,0,3,53,0,0,0,2,D,32,0,0,0,0,0,0,0,0,0,0,355,355,0,0,0,1,9,999,999,999,9999999,999,999,999,7,0,0,0,0,0,0,995,9.8,998,998,998,99.8,99.8,99.8,4293.74814809286,7,6
21873,32,64,1-32-2021-064-02,2,1,2C3CDXCT2GH2,17,476,1895,13,0,7,24,2016,4,1,5,0,1,R,1,1996,5,9999,9,0,998,5,113,1,1,8,997,8,7,3,75042,9,9,1,2,4,2,1,1,1,1,3,3,0,0,1,1,0,0,9,1,15,2,11,1,1,2,2,F,46,0,0,0,0,0,0,0,0,0,0,20,15,0,0,0,1,3,5,-5,-2,1714,998,91,4,0,4,95,95,95,95,0,995,1.0,120,999,999,4.7,1.0,4.8,110.71573478258,7,6
21873,32,64,1-32-2021-064-02,2,2,1HGCV1F18JA2,17,474,1861,13,0,37,32,2018,4,1,4,0,1,L,1,1433,5,0,1,1,5,2,113,1,0,0,995,0,0,0,75220,1,9,1,2,5,1,1,1,1,1,1,1,0,0,1,1,0,0,9,0,1,4,60,8,1,1,2,F,45,0,0,0,0,0,0,0,0,0,0,15,20,0,0,0,1,3,6,6,2,4412,998,107,7,0,4,1,3,0,4,0,995,2.5,999,999,999,4.3,2.4,4.7,110.71573478258,7,6
21875,25,44,1-25-2021-044-01,1,1,1FAHP2KT9DG1,17,460,1782,13,0,12,17,2013,4,1,4,0,1,F,9,1918,5,0,1,5,10,2,97,1,8,1,11,3,7,0,04086,9,9,0,3,2,1,2,1,1,1,3,2,1,3,1,1,0,0,9,1,1,2,12,99,9,4,1,B,6,0,0,0,0,0,0,0,0,0,0,998,998,0,0,0,2,12,999,999,999,9999999,999,999,999,9,0,5,38,3,1,0,998,1.0,999,999,999,0.0,0.0,0.0,46.2646390777131,2,6
21876,73,38,1-73-2021-038-07,7,1,4T1BF1FK2FU9,17,448,2469,13,0,49,40,2015,4,1,4,0,1,F,2,1467,5,0,1,1,32,2,89,1,8,0,995,0,7,0,04443,9,9,2,4,2,1,2,1,1,1,1,2,0,0,1,1,1,2,3,0,1,3,52,2,1,1,2,D,28,0,0,0,0,0,0,0,0,0,0,270,270,0,0,0,1,5,999,999,999,9999999,999,999,26,3,0,0,0,0,0,0,995,9.8,998,998,998,99.8,99.8,99.8,269.553902312685,3,6
21876,73,38,1-73-2021-038-07,7,2,5KJJBLDR1JLJ,17,4512,9576,66,0,98,804,2018,66,8,68,0,1,B,9,,,,,,,5,89,1,8,0,995,0,7,0,04463,9,9,2,4,2,1,2,1,1,1,1,2,0,0,1,1,1,2,1,0,1,2,18,99,1,1,2,D,29,,,,,,,,,,,,,,,,,,,,,,,,,,,95,95,95,95,,,9.8,998,998,998,99.8,99.8,99.8,269.553902312685,3,6
21877,73,39,1-73-2021-039-09,9,1,2GCEK19T2511,17,467,1850,60,0,20,481,2005,34,5,31,0,1,L,1,2241,5,0,1,4,4,2,40,1,1,1,210,1,7,0,04976,9,9,2,4,2,1,2,1,1,1,1,2,0,0,1,1,0,0,1,1,11,2,13,99,3,4,1,A,2,1,1,2,6,1,4,61,1,2,3,997,997,0,1,0,3,6,999,999,999,9999999,999,999,999,6,0,9,97,0,99,3,997,0.0,999,999,999,0.0,0.0,0.0,291.896122804733,3,6
21878,23,44,1-23-2021-044-05,5,1,1FADP3F24DL2,17,460,1779,13,0,12,37,2013,4,1,3,0,1,R,3,1340,5,9999,9,0,998,2,72,1,0,1,0,2,0,1,43035,9,9,2,4,2,1,2,1,1,2,1,2,0,0,1,1,1,2,1,0,1,2,17,99,1,1,5,L,87,0,0,0,0,0,0,0,0,0,0,180,80,0,0,0,1,3,56,-19,-53,213898,998,56,58,0,4,2,9,0,3,0,995,0.6,999,54,91,1.0,1.2,1.7,82.7206547024009,5,6
21878,23,44,1-23-2021-044-05,5,2,1GAZG1FA6D11,17,467,1848,9,0,20,461,2013,21,4,21,0,1,F,2,2906,5,0,1,1,18,2,89,1,0,0,995,0,0,0,43040,1,9,2,4,2,1,2,1,1,4,1,2,0,0,1,1,8,2,1,0,1,4,66,99,1,1,5,L,86,0,0,0,0,0,0,0,0,0,0,80,180,0,0,0,1,3,26,-25,4,67215,998,39,23,0,4,2,5,0,5,0,995,9.8,998,998,998,99.8,99.8,99.8,82.7206547024009,5,6
21879,23,45,1-23-2021-045-03,3,1,5KKWAVDV7LLL,17,4512,9574,11,0,98,804,2020,63,8,60,0,1,F,9,,,,,,,5,72,1,0,0,995,0,0,0,43011,9,9,2,4,2,1,2,1,1,1,1,2,0,0,1,8,0,0,1,0,1,4,66,99,1,1,5,L,86,,,,,,,,,,,,,,,,,,,,,,,,,,,95,95,95,95,,,9.8,998,998,998,99.8,99.8,99.8,663.306983353009,5,6
21879,23,45,1-23-2021-045-03,3,2,1FMCU0J9XHUD,17,460,1798,7,0,12,402,2017,14,3,14,0,1,R,9,1611,5,9999,9,0,998,2,72,1,0,0,995,0,0,0,43235,9,9,2,4,2,1,2,1,1,1,1,2,0,0,1,8,2,2,1,0,1,2,17,99,1,1,5,L,87,1,2,2,2,1,4,1,1,2,4,350,260,0,0,0,1,0,999,999,999,9999999,999,999,999,9,0,9,97,0,99,1,995,9.8,998,998,998,99.8,99.8,99.8,663.306983353009,5,6
21881,18,35,1-18-2021-035-05,5,1,1FAHP2D8XEG1,17,460,1782,13,0,12,17,2014,4,1,4,0,1,F,1,1822,5,0,1,1,12,2,80,1,1,8,997,8,1,3,54701,3,9,2,4,2,1,2,1,1,1,1,2,0,0,3,1,6,2,9,1,1,2,14,98,2,4,1,C,14,0,0,0,0,0,0,0,0,0,0,998,998,0,0,0,1,1,17,-17,0,22979,998,0,17,0,4,9,97,0,8,0,998,0.0,120,120,999,6.9,0.2,6.9,76.6500073805899,6,6