CASEID,PSU,CASENO,CASENUMBER,CATEGORY,VEHNO,VIN,VINLENGTH,VPICMAKE,VPICMODEL,VPICBODYCLASS,ICFINALBODY,MAKE,MODEL,MODELYR,BODYTYPE,BODYCAT,VEHCLASS,SPECUSE,TRANSTAT,DAMPLANE,DAMSEV,CURBWT,CURBSRC,CARGOWT,CARGOSRC,INSPTYPE,INSPLAG,TOWED,SPEEDLIMIT,DRPRESENT,PARALCOHOL,ALCTEST,ALCTESTRESULT,ALCTESTSRC,PARDRUG,DRUGTEST,ZIP,RACE,ETHNICITY,RELTOJUNCT,TRAFFLOW,RDLANES,INITLANE,SURFTYPE,SURFCOND,ALIGNMENT,PROFILE,LINERIGHT,LINELEFT,RUMBINIT,RUMBROAD,LIGHTCOND,WEATHER,TRAFDEV,TRAFFUNCT,DISTRACT,PREFHE,PREMOVE,CRITCAT,CRITEVENT,MANEUVER,PRESTAB,PRELOC,CRASHCAT,CRASHCONF,CRASHTYPE,ROLLTYPE,ROLLTURN,ROLLINTRPT,ROLLPREMAN,ROLLINITYP,ROLLINLOC,ROLLOBJ,ROLLTRIP,ROLLDIR,ROLLDIST,DVANGTHIS,DVANGOTH,TOWHITCH,TRAJDOC,TREEPOLE,DVEVENT,DVBASIS,DVTOTAL,DVLONG,DVLAT,DVENERGY,DVSPEED,DVMOMENT,DVBES,DVEST,DVCONF,VAIS,VISS,VINJURED,VTREAT,INITOBJCLASS,HEADANGLECAT,SHLDRWIDTH,STRKLENGTH,STRKWIDTH,STRKHEIGHT,EDGEDISTX,EDGEDISTY,EDGEDISTZ,CASEWGT,PSUSTRAT,VERSION
21915,13,39,1-13-2021-039-03,3,1,1GYKNCRS7KZ2,17,469,11442,7,0,19,401,2019,14,3,14,0,1,F,1,1814,5,0,1,3,21,2,56,1,8,0,995,0,7,0,76116,1,9,1,4,4,1,1,1,1,1,0,3,0,0,1,1,1,2,9,0,1,2,17,1,1,1,5,L,88,0,0,0,0,0,0,0,0,0,0,335,245,0,0,0,1,3,11,-4,-10,10250,998,-204,7,0,4,9,97,0,99,0,995,9.8,998,998,998,99.8,99.8,99.8,778.347158054909,7,6
21915,13,39,1-13-2021-039-03,3,2,1GNDX03E03D1,17,467,8883,9,0,20,443,2003,20,4,20,0,1,L,1,1767,5,500,1,1,27,2,56,1,8,0,995,0,7,0,76082,1,9,1,2,3,2,1,1,1,2,1,3,0,0,1,1,1,2,9,0,1,2,17,2,1,1,5,L,89,0,0,0,0,0,0,0,0,0,0,245,335,0,0,0,1,3,9,-8,3,25969,998,-119,13,0,4,0,0,0,0,0,995,2.9,36,36,120,1.9,1.6,2.4,778.347158054909,7,6
21918,54,24,1-54-2021-024-06,6,1,1G4PP5SK9C41,17,468,1823,13,0,18,25,2012,4,1,3,0,1,R,3,1497,5,0,1,1,9,2,89,1,0,0,995,0,0,0,35653,9,9,2,4,2,1,2,1,1,1,1,2,0,0,1,1,2,2,9,0,1,2,17,99,1,1,5,L,87,0,0,0,0,0,0,0,0,0,0,200,100,0,0,0,1,1,56,-28,-49,154402,998,-12,50,0,1,2,4,0,4,0,995,9.8,998,998,998,99.8,99.8,99.8,160.580971053283,9,6
21918,54,24,1-54-2021-024-06,6,2,1GDEC19R8VE5,17,472,1857,65,999,23,481,1997,34,5,31,0,1,F,3,1887,8,0,1,1,10,2,89,1,0,0,995,0,0,0,35653,1,9,2,1,4,2,2,1,1,1,1,3,2,2,1,1,0,0,9,0,1,4,66,99,1,1,5,L,86,0,0,0,0,0,0,0,0,0,0,100,200,0,0,0,1,1,45,-42,15,222261,998,76,49,0,1,3,10,1,4,0,995,9.8,998,998,998,99.8,99.8,99.8,160.580971053283,9,6
21919,54,25,1-54-2021-025-07,7,1,4A3AK24F37E0,17,481,2166,5,0,52,37,2007,3,1,2,0,1,F,1,1575,5,9999,9,4,5,2,56,1,0,0,995,0,0,0,35653,2,9,2,4,2,1,2,1,1,2,1,2,0,0,1,1,2,2,9,0,1,2,17,99,1,1,5,L,86,0,0,0,0,0,0,0,0,0,0,40,115,0,0,0,1,3,9,-8,3,4245,998,73,7,0,4,0,0,0,0,0,995,9.8,998,998,998,99.8,99.8,99.8,426.938933381016,9,6
21919,54,25,1-54-2021-025-07,7,2,KMHDH4AE8GU5,17,498,2735,13,0,55,35,2016,4,1,3,0,1,R,1,1305,5,0,1,1,2,2,89,1,0,0,995,0,0,0,35653,1,9,2,1,4,2,2,1,1,1,1,3,2,2,1,1,0,0,9,0,1,4,66,99,1,1,5,L,87,0,0,0,0,0,0,0,0,0,0,115,40,0,0,0,1,3,11,-2,-11,10085,998,-55,12,0,4,0,0,0,0,0,995,9.8,998,998,998,99.8,99.8,99.8,426.938933381016,9,6
21920,59,24,1-59-2021-024-02,2,1,1GBHC24U35E1,17,467,1850,65,11,20,481,2005,34,5,31,0,1,L,1,2360,5,9999,9,0,998,5,48,1,0,0,995,0,0,0,47804,9,9,2,4,2,1,2,2,1,1,0,0,0,0,1,2,2,2,9,0,1,2,17,99,1,1,5,L,89,0,0,0,0,0,0,0,0,0,0,270,0,0,0,0,1,3,17,-3,17,57869,998,-143,19,0,4,95,95,95,95,0,995,9.8,998,998,998,99.8,99.8,99.8,64.7976556419355,6,6
21920,59,24,1-59-2021-024-02,2,2,2C4RC1EG5JR2,17,477,3628,2,0,6,443,2018,20,4,20,0,1,F,1,1965,5,0,1,1,16,2,64,1,0,0,995,0,0,0,47842,1,2,2,4,3,2,2,2,1,1,3,3,0,0,1,2,0,0,1,0,1,4,66,4,1,1,5,L,88,0,0,0,0,0,0,0,0,0,0,0,270,0,0,0,1,3,19,-19,-3,21248,998,-62,15,0,4,1,1,0,4,0,995,9.8,998,998,998,99.8,99.8,99.8,64.7976556419355,6,6
21921,59,25,1-59-2021-025-05,5,1,4T1BF1FK8GU5,17,448,2469,13,0,49,40,2016,4,1,4,0,1,F,2,1467,5,0,1,1,15,2,97,1,0,0,995,0,0,0,47805,9,9,0,1,2,2,2,1,1,1,3,2,0,0,2,1,0,0,9,0,1,6,87,1,1,1,1,C,13,0,0,0,0,0,0,0,0,0,0,998,998,0,0,0,1,98,999,999,999,9999999,999,999,999,7,0,1,1,0,4,0,998,9.8,998,998,998,99.8,99.8,99.8,78.3025960487807,6,6
21922,17,41,1-17-2021-041-05,5,1,2G1WB55K7891,17,467,1833,13,0,20,2,2008,4,1,4,0,1,F,3,1630,5,0,1,1,9,2,56,1,1,1,399,2,9,1,61201,9,9,2,4,3,98,2,2,1,1,2,0,0,0,1,2,1,2,9,1,10,2,10,1,1,2,3,G,50,0,0,0,0,0,0,0,0,0,0,350,180,0,0,0,1,1,51,-51,0,216846,998,0,57,0,1,2,5,0,4,0,995,9.8,998,998,998,99.8,99.8,99.8,111.15457465114,4,6
21922,17,41,1-17-2021-041-05,5,2,5TDYK3DC8ES4,17,448,2468,2,0,49,442,2014,20,4,20,0,1,F,3,1985,5,0,1,1,7,2,56,1,0,0,995,0,0,0,61201,9,9,2,4,4,2,2,2,1,1,3,2,0,0,1,2,1,2,9,0,1,4,62,3,1,1,3,G,51,0,0,0,0,0,0,0,0,0,0,180,350,0,0,0,1,1,42,-42,7,106584,998,36,35,0,1,1,3,0,4,0,995,9.8,998,998,998,99.8,99.8,99.8,111.15457465114,4,6
21923,17,42,1-17-2021-042-03,3,1,2GNAXUEV9K62,17,467,1847,7,0,20,404,2019,14,3,14,0,1,F,1,1593,5,0,1,1,7,2,48,1,9,0,995,0,9,0,61201,1,1,2,4,3,1,2,1,1,1,0,1,0,0,1,8,1,2,1,0,1,2,17,2,1,1,5,L,88,0,0,0,0,0,0,0,0,0,0,100,10,0,0,0,1,1,20,-19,-7,61445,998,-74,27,0,1,1,2,0,4,0,995,9.8,998,998,998,99.8,99.8,99.8,891.308293714393,4,6
21923,17,42,1-17-2021-042-03,3,2,4T3BK3BB1AU0,17,448,3005,7,0,49,53,2010,5,1,4,0,1,L,1,1790,5,0,1,1,8,2,48,1,9,0,995,0,9,0,61201,1,9,2,4,3,1,2,1,1,1,0,1,0,0,1,8,1,2,9,0,1,4,66,2,1,1,5,L,89,0,0,0,0,0,0,0,0,0,0,10,100,0,0,0,1,1,18,-6,16,5959,998,-114,7,0,4,1,1,0,4,0,995,9.8,998,998,998,99.8,99.8,99.8,891.308293714393,4,6
21924,12,9,1-12-2021-009-04,4,1,3GCUYGED7LG2,17,467,1850,60,0,20,481,2020,34,5,31,0,1,F,2,2184,5,0,1,1,13,2,121,1,8,2,996,1,1,0,73401,1,2,0,2,2,1,1,1,1,1,3,2,1,3,2,8,0,0,1,1,1,2,12,2,1,4,1,B,6,0,0,0,0,0,0,0,0,0,0,998,998,0,0,0,1,98,999,999,999,9999999,999,999,999,7,0,0,0,0,0,0,998,1.5,120,10,100,99.0,14.6,99.0,1169.85571526022,9,6
21925,12,10,1-12-2021-010-03,3,1,JA4AD3A35KZ0,17,481,2163,7,0,52,404,2019,14,3,14,0,1,R,1,1545,5,0,1,1,11,2,105,1,0,0,995,0,0,0,73086,9,9,0,4,2,1,2,1,1,1,1,4,2,2,4,1,0,0,1,0,1,6,87,7,1,1,1,C,13,0,0,0,0,0,0,0,0,0,0,998,998,0,0,0,2,10,999,999,999,9999999,999,19,13,2,0,9,97,0,99,0,998,9.8,998,998,998,99.8,99.8,99.8,367.285524348266,9,6
21927,11,29,1-11-2021-029-01,1,1,1HGCM56333A0,17,474,1861,13,0,37,32,2003,4,1,3,0,1,F,3,1389,5,0,1,1,11,2,72,1,1,1,233,3,0,1,23831,9,1,0,4,2,1,2,1,3,1,0,2,0,0,2,1,0,0,3,1,14,2,13,99,2,4,1,A,1,0,0,0,0,0,0,0,0,0,0,998,998,0,0,5,3,10,999,999,999,9999999,999,-13,46,4,0,2,6,0,1,0,998,0.1,999,999,999,34.1,2.3,34.1,164.025412823488,8,6
21928,11,30,1-11-2021-030-03,3,1,1GCGTCEN9M12,17,467,4086,60,0,20,473,2021,34,5,30,0,1,T,2,2001,5,0,1,1,8,2,97,1,0,1,0,2,0,1,23831,2,9,0,2,3,3,2,1,9,9,3,3,0,0,1,1,0,0,1,1,15,2,11,99,1,2,2,F,46,1,6,1,5,1,1,61,1,2,999,997,997,0,0,0,2,6,999,999,999,9999999,999,999,999,7,0,3,14,1,3,3,997,9.8,998,998,998,99.8,99.8,99.8,1671.22484229714,8,6
21928,11,30,1-11-2021-030-03,3,2,2FAFP74V78X1,17,460,1778,13,0,12,16,2008,4,1,4,0,1,L,9,1900,5,9999,9,0,998,5,97,1,0,0,995,0,0,0,19104,9,9,0,2,3,2,2,1,9,9,3,3,0,0,1,1,0,0,1,0,1,4,60,99,1,1,2,F,45,0,0,0,0,0,0,0,0,0,0,335,340,0,0,0,1,0,999,999,999,9999999,999,999,999,9,0,95,95,95,95,0,995,3.9,999,999,999,0.0,0.0,0.0,1671.22484229714,8,6
21928,11,30,1-11-2021-030-03,3,3,1M3AA15K5TW0,17,490,9456,64,66,86,881,1996,66,8,68,0,1,L,9,,,,,,,5,97,1,0,0,995,0,0,0,23103,9,9,0,2,3,1,2,1,9,9,1,3,0,0,1,1,0,0,1,0,1,4,60,99,1,1,6,M,98,,,,,,,,,,,,,,,,,,,,,,,,,,,95,95,95,95,,,9.8,998,998,998,99.8,99.8,99.8,1671.22484229714,8,6
21929,48,38,1-48-2021-038-10,10,1,3GNFK16Z45G1,17,467,1851,7,0,20,422,2005,15,3,15,0,1,F,1,2244,5,0,1,1,11,2,64,1,0,0,995,0,0,0,84324,9,9,1,4,2,1,2,1,2,4,1,2,0,0,1,8,0,0,9,0,14,6,87,99,1,1,1,C,13,0,0,0,0,0,0,0,0,0,0,998,998,0,0,0,1,10,999,999,999,9999999,999,999,999,6,0,0,0,0,0,0,998,9.8,998,998,998,99.8,99.8,99.8,635.387341768078,12,6
21930,48,39,1-48-2021-039-03,3,1,1FMCU9HD4KUA,17,460,1798,7,0,12,402,2019,14,3,14,0,1,F,2,1668,5,0,1,1,3,2,89,1,0,0,995,0,0,0,84660,1,2,0,5,5,2,2,1,1,1,3,2,0,0,1,1,0,0,1,1,1,2,10,1,1,2,3,G,50,0,0,0,0,0,0,0,0,0,0,60,250,0,0,0,1,3,30,-29,5,48877,998,-20,27,0,4,2,12,0,3,0,995,9.8,998,998,998,99.8,99.8,99.8,84.1490119370097,12,6
21930,48,39,1-48-2021-039-03,3,2,1B4HS58Z92F1,17,476,3508,7,0,7,402,2002,14,3,14,0,1,F,1,2100,5,0,1,1,3,2,89,1,0,0,995,0,0,0,84302,9,9,0,5,5,2,2,1,1,1,3,2,0,0,1,1,0,0,9,1,1,4,62,8,1,2,3,G,51,0,0,0,0,0,0,0,0,0,0,250,60,0,0,0,1,3,24,-22,8,61380,998,24,27,0,4,99,99,0,99,0,995,9.8,998,998,998,99.8,99.8,99.8,84.1490119370097,12,6
21931,24,69,1-24-2021-069-02,2,1,1C4RJFBG6HC6,17,483,1949,7,0,2,422,2017,15,3,15,0,1,L,1,2211,5,0,1,1,24,2,56,1,0,1,0,2,0,0,08205,1,2,3,4,2,1,2,1,1,1,0,0,0,0,3,1,2,2,1,0,11,2,15,1,1,1,4,K,82,0,0,0,0,0,0,0,0,0,0,150,240,0,0,0,1,3,6,-3,6,7586,998,62,8,0,4,2,4,0,4,0,995,9.8,998,998,998,99.8,99.8,99.8,96.2126014946297,1,6
21931,24,69,1-24-2021-069-02,2,2,YV1RH5928927,17,485,1959,13,0,51,47,2009,4,1,3,0,1,F,1,1455,5,9999,9,0,998,2,56,1,0,0,995,0,0,0,08004,1,2,3,4,5,2,2,1,1,1,3,3,0,0,3,1,0,0,1,0,1,4,67,1,1,1,4,K,83,0,0,0,0,0,0,0,0,0,0,240,150,0,0,0,1,3,9,-8,-5,4692,998,-101,7,0,4,1,1,0,4,0,995,9.8,998,998,998,99.8,99.8,99.8,96.2126014946297,1,6
21932,24,70,1-24-2021-070-03,3,1,19UUB2F40LA0,17,475,5354,13,0,54,44,2020,4,1,4,0,1,F,2,1617,5,0,1,1,16,2,72,1,0,1,0,2,1,2,08221,1,2,0,1,2,1,2,1,1,1,1,2,0,0,3,1,0,0,3,1,1,2,13,1,1,4,1,A,1,0,0,0,0,0,0,0,0,0,0,998,998,0,0,7,1,10,999,999,999,9999999,999,8,35,3,0,0,0,0,4,0,998,0.9,999,999,999,13.1,2.3,13.0,100.980769831338,1,6
21933,24,71,1-24-2021-071-07,7,1,2T1BURHE1EC1,17,448,2208,13,0,49,32,2014,4,1,3,0,1,F,2,1290,5,0,1,1,29,2,80,1,0,0,995,0,0,0,08205,9,9,2,4,4,2,2,1,1,1,3,2,0,0,1,1,0,0,9,0,1,4,67,4,1,1,4,K,83,0,0,0,0,0,0,0,0,0,0,330,220,0,0,0,1,12,999,999,999,9999999,999,999,27,3,0,0,0,0,0,0,995,9.8,998,998,998,99.8,99.8,99.8,619.753585044563,1,6
21933,24,71,1-24-2021-071-07,7,2,2GCEC19X6313,17,467,1850,60,0,20,481,2003,34,5,30,0,1,L,9,1980,5,9999,9,0,998,5,40,1,0,0,995,0,0,0,08205,9,9,2,4,2,1,2,1,1,1,0,0,0,0,1,1,2,2,2,0,11,2,15,1,1,1,4,K,82,0,0,0,0,0,0,0,0,0,0,220,330,0,0,0,1,0,999,999,999,9999999,999,999,999,9,0,95,95,95,95,0,995,9.8,998,998,998,99.8,99.8,99.8,619.753585044563,1,6
21934,24,72,1-24-2021-072-04,4,1,1G1BE5SM5K71,17,467,1832,13,0,20,25,2019,4,1,3,0,1,F,2,1250,5,0,1,1,11,2,80,1,0,0,995,0,0,0,19007,9,9,0,4,2,1,2,1,1,1,1,2,0,0,2,1,0,0,3,1,1,2,12,1,1,4,1,B,6,0,0,0,0,0,0,0,0,0,0,998,998,0,0,7,1,10,999,999,999,9999999,999,-13,31,3,0,0,0,0,0,0,998,0.5,26,26,999,25.7,0.9,25.7,363.05909700145,1,6
21935,52,82,1-52-2021-082-03,3,1,1C6RR7LT4HS6,17,496,13620,60,0,7,482,2017,34,5,31,0,1,F,1,2336,5,0,1,1,18,2,129,1,0,0,995,0,0,0,59102,9,9,0,1,2,1,2,1,1,1,1,3,2,3,4,1,0,0,1,0,1,6,87,3,1,1,1,C,13,0,0,0,0,0,0,0,0,0,0,998,998,0,0,0,1,10,999,999,999,9999999,999,-24,13,2,0,1,2,0,4,0,998,9.8,998,998,998,99.8,99.8,99.8,36.9611807922967,12,6
21936,52,83,1-52-2021-083-09,9,1,1D7HW48N35S3,17,476,1941,60,0,7,472,2005,34,5,31,0,1,F,1,2041,5,0,1,1,42,2,56,1,0,0,995,0,0,0,59105,9,9,2,4,3,2,2,1,3,1,1,2,0,0,1,1,1,2,9,0,11,2,15,99,1,1,4,J,68,0,0,0,0,0,0,0,0,0,0,95,295,0,0,0,1,1,17,-17,3,26227,998,43,17,0,4,99,99,0,99,0,995,9.8,998,998,998,99.8,99.8,99.8,220.66525668185,12,6
21936,52,83,1-52-2021-083-09,9,2,3VWSE69M92M0,17,482,3137,13,0,30,40,2002,4,1,1,0,1,F,1,1331,5,0,1,1,42,2,56,1,0,0,995,0,0,0,59105,2,9,2,1,3,2,2,1,2,1,1,1,0,0,1,1,1,2,9,0,14,4,62,99,1,1,4,J,69,0,0,0,0,0,0,0,0,0,0,295,95,0,0,0,1,1,23,-20,12,46102,998,84,23,0,4,1,1,0,4,0,995,9.8,998,998,998,99.8,99.8,99.8,220.66525668185,12,6
21937,52,84,1-52-2021-084-03,3,1,1G1JD6SH5H41,17,467,1835,5,0,20,28,2017,5,1,1,0,1,F,2,1263,5,0,1,1,20,2,40,1,9,0,995,0,9,0,99999,9,9,0,4,2,1,2,1,3,1,0,0,0,0,2,8,0,0,9,1,14,2,12,1,1,4,1,C,11,0,0,0,0,0,0,0,0,0,0,10,190,0,0,0,1,11,999,999,999,9999999,999,999,999,7,0,99,99,0,0,0,995,9.8,998,998,998,99.8,99.8,99.8,36.9611807922967,12,6
21937,52,84,1-52-2021-084-03,3,2,1FAFP52U1WA2,17,460,1782,13,0,12,17,1998,4,1,3,0,2,9,9,1509,5,9999,9,0,998,,,,,,,,,,,,,,,,,,,,,,,,,,,,,,,,,,,,,,,,,,,,,,,,,,,,,,,,,,,,,,,,,,95,95,95,95,,,,,,,,,,36.9611807922967,12,6
21937,52,84,1-52-2021-084-03,3,3,1GKFK63847J3,17,472,1859,7,0,23,421,2007,15,3,15,0,2,F,1,2556,5,9999,9,4,22,,,,,,,,,,,,,,,,,,,,,,,,,,,,,,,,,,,,,,,,,,,,,,,,,,,,,,,,,,,,,,,,,,95,95,95,95,,,,,,,,,,36.9611807922967,12,6
21941,28,34,1-28-2021-034-01,1,1,1GCEC14X68Z3,17,467,1850,60,0,20,481,2008,34,5,31,0,1,L,3,2084,5,0,1,1,31,2,72,1,9,0,995,0,0,0,16950,1,9,2,4,2,1,2,1,1,1,0,0,0,0,1,1,2,2,9,0,11,2,15,99,1,1,4,K,82,1,1,2,2,1,4,61,1,1,2,320,50,0,0,0,1,5,999,999,999,9999999,999,999,999,5,0,9,0,0,1,3,995,1.0,5,8,999,4.6,2.6,5.2,49.2071087049636,3,6
21941,28,34,1-28-2021-034-01,1,2,1GT12UE81GF1,17,472,1857,60,0,23,481,2016,34,5,31,0,1,F,1,2971,5,1044,1,1,39,2,72,1,0,1,0,2,0,0,16947,2,2,2,4,2,1,2,1,1,1,1,2,1,0,1,1,0,0,1,1,1,4,67,3,1,2,4,K,83,0,0,0,0,0,0,0,0,0,0,50,320,1,0,0,1,5,999,999,999,9999999,999,999,999,2,0,0,0,0,4,0,995,9.8,998,998,998,99.8,99.8,99.8,49.2071087049636,3,6
21942,28,35,1-28-2021-035-10,10,1,5N1AR1NB6AC6,17,478,1911,7,0,35,401,2010,14,3,14,0,1,T,1,2187,5,68,2,1,5,2,89,1,0,0,995,0,0,0,14865,1,1,0,4,2,1,2,1,2,1,1,2,1,0,1,1,0,0,1,0,14,6,91,1,1,1,6,M,98,0,0,0,0,0,0,0,0,0,0,996,996,0,0,0,1,7,999,999,999,9999999,999,999,999,6,0,0,0,0,0,0,996,9.8,998,998,998,99.8,99.8,99.8,211.728240831901,3,6
21943,25,46,1-25-2021-046-09,9,1,2T2BK1BA3BC1,17,515,2214,7,0,59,403,2011,14,3,14,0,1,F,2,1970,5,0,1,1,43,2,48,1,1,1,210,1,7,0,04042,9,9,0,4,2,1,2,1,1,1,1,2,0,0,2,1,0,0,1,1,1,2,12,99,1,4,1,B,6,1,2,2,2,1,4,61,1,1,12,998,998,0,1,0,1,1,33,-33,0,89467,998,-10,33,0,1,0,0,0,6,3,998,1.1,101,120,120,2.0,0.8,2.2,889.494359690718,2,6
21944,25,47,1-25-2021-047-04,4,1,3CZRU6H50HM7,17,474,9212,7,0,37,404,2017,14,3,14,0,1,F,1,1389,5,0,1,1,12,2,64,1,8,0,995,0,7,0,04274,9,9,0,4,2,1,2,1,1,1,1,2,0,0,1,1,0,0,1,0,1,3,52,4,1,1,2,D,28,0,0,0,0,0,0,0,0,0,0,35,30,0,0,0,1,3,14,-14,2,11277,998,14,14,0,4,0,0,0,0,0,995,9.8,998,998,998,99.8,99.8,99.8,444.204278240274,2,6
21944,25,47,1-25-2021-047-04,4,2,7FARW2H84JE0,17,474,1865,7,0,37,402,2018,14,3,14,0,1,B,1,1580,5,9999,9,0,998,5,64,1,8,0,995,0,7,0,04072,9,9,0,4,2,1,2,1,1,1,1,2,0,0,1,1,0,0,1,0,2,3,53,1,1,1,2,D,29,0,0,0,0,0,0,0,0,0,0,30,35,0,0,0,1,3,13,13,0,9686,998,0,13,0,4,95,95,95,95,0,995,9.8,998,998,998,99.8,99.8,99.8,444.204278240274,2,6
21945,73,40,1-73-2021-040-05,5,1,3GCUKREC6FG1,17,467,1850,60,0,20,481,2015,34,5,31,0,1,L,2,2394,5,0,1,1,28,2,80,1,8,1,0,2,7,2,04976,9,9,0,4,2,1,2,1,3,1,1,2,0,0,1,1,0,0,3,1,14,2,13,1,1,4,1,A,1,1,1,2,6,1,4,61,1,2,11,997,997,0,0,0,3,6,999,999,999,9999999,999,999,999,7,0,3,19,1,3,3,997,3.0,120,120,120,22.2,5.7,23.6,36.6836542679149,3,6
21946,73,41,1-73-2021-041-03,3,1,1GCEK14K6NZ1,17,467,10978,60,0,20,481,1992,34,5,31,0,1,F,1,1815,5,9999,9,0,998,2,56,1,8,9,998,8,7,0,04967,9,9,3,4,2,1,2,1,1,4,1,4,0,0,1,1,0,0,9,0,11,2,15,99,1,1,4,J,68,0,0,0,0,0,0,0,0,0,0,40,260,0,0,0,1,3,15,-14,-5,25153,998,-84,16,0,4,0,0,0,0,0,995,9.8,998,998,998,99.8,99.8,99.8,93.3552679333606,3,6
21946,73,41,1-73-2021-041-03,3,2,3FA6P0CD9KR2,17,460,1780,13,0,12,23,2019,4,1,4,0,1,F,1,1558,5,0,1,1,33,2,56,1,8,9,998,8,7,0,04988,9,9,3,4,2,1,2,1,1,1,1,4,0,0,1,1,0,0,9,0,1,4,62,99,1,1,4,J,69,0,0,0,0,0,0,0,0,0,0,260,40,0,0,0,1,3,17,-16,6,15390,998,32,15,0,4,1,1,0,4,0,995,9.8,998,998,998,99.8,99.8,99.8,93.3552679333606,3,6
21947,76,31,1-76-2021-031-03,3,1,5FNYF8H27KB0,17,474,5959,7,0,37,422,2019,15,3,15,0,1,F,3,1890,5,0,1,1,37,2,89,1,8,0,995,0,7,0,12187,9,9,0,4,2,1,2,1,1,2,1,4,0,0,1,1,0,0,9,0,1,4,62,3,1,1,3,G,51,0,0,0,0,0,0,0,0,0,0,340,165,0,0,0,1,1,46,-46,-8,143563,998,15,42,0,1,2,5,0,3,0,995,9.8,998,998,998,99.8,99.8,99.8,33.3783794338651,3,6
21947,76,31,1-76-2021-031-03,3,2,2T3DFREV2DW0,17,448,2217,7,0,49,402,2013,14,3,14,0,1,F,3,1615,5,0,1,1,37,2,89,1,8,9,998,8,7,9,10027,9,9,0,4,2,1,2,1,1,4,1,4,0,0,1,1,0,0,3,1,1,2,10,8,1,2,3,G,50,0,0,0,0,0,0,0,0,0,0,165,340,0,0,0,1,1,56,-55,-10,235604,998,11,60,0,1,0,0,0,0,0,995,9.8,998,998,998,99.8,99.8,99.8,33.3783794338651,3,6
21948,76,32,1-76-2021-032-01,1,1,1Z37L6S40294,13,467,1831,3,0,20,4,1976,2,1,1,0,1,L,2,1538,5,0,1,1,10,2,89,1,8,9,998,8,7,9,07869,9,9,0,2,2,1,2,1,2,1,1,3,2,3,2,1,0,0,9,1,14,1,6,99,3,4,1,A,2,0,0,0,0,0,0,0,0,0,0,998,998,0,0,0,1,12,999,999,999,9999999,999,999,999,7,0,9,0,0,1,0,998,0.0,999,999,999,0.0,0.0,0.0,18.7511904956082,3,6
21949,23,47,1-23-2021-047-04,4,1,2HGFC2F60LH5,17,474,1863,13,0,37,31,2020,4,1,3,0,1,F,9,1312,5,9999,9,0,998,2,89,1,0,0,995,0,0,0,43015,9,9,0,4,2,1,2,1,1,1,1,4,0,0,3,1,0,0,1,0,1,6,87,99,1,1,1,C,13,0,0,0,0,0,0,0,0,0,0,998,998,0,0,0,1,0,999,999,999,9999999,999,999,999,9,0,0,0,0,5,0,998,9.8,998,998,998,99.8,99.8,99.8,613.119699876527,5,6
21950,23,48,1-23-2021-048-03,3,1,JNKCV51F86M6,17,480,2305,13,0,58,37,2006,4,1,4,0,1,F,9,1673,5,9999,9,0,998,2,72,1,8,1,0,1,1,2,43201,9,9,2,4,6,4,2,1,1,1,1,2,0,0,1,1,1,2,1,0,11,2,15,99,1,1,4,K,84,0,0,0,0,0,0,0,0,0,0,250,120,0,0,0,1,0,999,999,999,9999999,999,999,999,9,0,0,0,0,0,0,995,9.8,998,998,998,99.8,99.8,99.8,215.305786452814,5,6
21950,23,48,1-23-2021-048-03,3,2,2HKRW2H59KH6,17,474,1865,7,0,37,402,2019,14,3,14,0,1,L,2,1580,5,9999,9,4,116,2,72,1,0,0,995,0,0,0,43035,9,9,2,4,3,2,2,1,2,1,1,2,0,0,1,1,1,2,1,0,11,4,67,99,1,1,4,K,84,0,0,0,0,0,0,0,0,0,0,120,250,0,0,0,1,12,999,999,999,9999999,999,999,999,7,0,99,99,0,0,0,995,9.8,998,998,998,99.8,99.8,99.8,215.305786452814,5,6
21951,23,49,1-23-2021-049-03,3,1,ZACCJADB5HPE,17,483,6160,7,0,2,408,2017,14,3,14,0,1,F,9,1372,5,9999,9,0,998,2,40,1,0,0,995,0,0,0,43302,1,9,2,4,2,1,2,1,1,1,1,2,0,0,1,1,0,0,1,1,10,2,10,99,9,2,4,K,80,0,0,0,0,0,0,0,0,0,0,280,120,0,0,0,1,0,999,999,999,9999999,999,999,999,9,0,0,0,0,8,0,995,9.8,998,998,998,99.8,99.8,99.8,215.305786452814,5,6
21951,23,49,1-23-2021-049-03,3,2,5FNRL5H39HB0,17,474,1869,2,0,37,441,2017,20,4,20,0,1,F,2,1996,5,9999,9,4,69,2,40,1,0,0,995,0,0,0,43015,1,9,2,4,2,1,2,1,1,1,0,0,0,0,1,1,2,2,1,0,1,4,67,1,1,1,4,K,81,0,0,0,0,0,0,0,0,0,0,120,280,0,0,0,1,12,999,999,999,9999999,999,999,999,7,0,0,0,0,8,0,995,9.8,998,998,998,99.8,99.8,99.8,215.305786452814,5,6
21952,32,65,1-32-2021-065-06,6,1,1FA6P8CF4F53,17,460,1781,3,0,12,3,2015,2,1,3,0,1,F,1,1681,5,0,1,1,15,2,113,1,0,0,995,0,0,0,83709,1,9,1,2,6,2,1,2,1,9,1,3,0,0,1,2,0,0,9,1,1,1,6,1,3,4,1,A,2,0,0,0,0,0,0,0,0,0,0,998,998,0,0,1,1,1,15,-14,5,22037,998,96,15,0,1,9,97,0,0,0,998,2.8,9,9,76,43.3,34.4,57.8,3432.12535940542,7,6