CASEID,PSU,CASENO,CASENUMBER,CATEGORY,VEHNO,VIN,VINLENGTH,VPICMAKE,VPICMODEL,VPICBODYCLASS,ICFINALBODY,MAKE,MODEL,MODELYR,BODYTYPE,BODYCAT,VEHCLASS,SPECUSE,TRANSTAT,DAMPLANE,DAMSEV,CURBWT,CURBSRC,CARGOWT,CARGOSRC,INSPTYPE,INSPLAG,TOWED,SPEEDLIMIT,DRPRESENT,PARALCOHOL,ALCTEST,ALCTESTRESULT,ALCTESTSRC,PARDRUG,DRUGTEST,ZIP,RACE,ETHNICITY,RELTOJUNCT,TRAFFLOW,RDLANES,INITLANE,SURFTYPE,SURFCOND,ALIGNMENT,PROFILE,LINERIGHT,LINELEFT,RUMBINIT,RUMBROAD,LIGHTCOND,WEATHER,TRAFDEV,TRAFFUNCT,DISTRACT,PREFHE,PREMOVE,CRITCAT,CRITEVENT,MANEUVER,PRESTAB,PRELOC,CRASHCAT,CRASHCONF,CRASHTYPE,ROLLTYPE,ROLLTURN,ROLLINTRPT,ROLLPREMAN,ROLLINITYP,ROLLINLOC,ROLLOBJ,ROLLTRIP,ROLLDIR,ROLLDIST,DVANGTHIS,DVANGOTH,TOWHITCH,TRAJDOC,TREEPOLE,DVEVENT,DVBASIS,DVTOTAL,DVLONG,DVLAT,DVENERGY,DVSPEED,DVMOMENT,DVBES,DVEST,DVCONF,VAIS,VISS,VINJURED,VTREAT,INITOBJCLASS,HEADANGLECAT,SHLDRWIDTH,STRKLENGTH,STRKWIDTH,STRKHEIGHT,EDGEDISTX,EDGEDISTY,EDGEDISTZ,CASEWGT,PSUSTRAT,VERSION
21953,32,66,1-32-2021-066-04,4,1,999999999999,99,467,1850,60,0,20,481,9999,34,5,31,0,1,F,9,9999,9,9999,9,0,998,5,113,1,0,0,995,0,0,0,99999,9,9,1,2,4,1,1,1,1,9,1,3,0,0,3,1,0,0,9,0,1,3,51,1,1,1,2,D,24,0,0,0,0,0,0,0,0,0,0,90,90,0,0,0,1,0,999,999,999,9999999,999,999,999,9,0,95,95,95,95,0,995,9.8,998,998,998,99.8,99.8,99.8,6925.87801188849,7,6
21953,32,66,1-32-2021-066-04,4,2,4T1B11HK4KU2,17,448,2469,13,0,49,40,2019,4,1,4,0,1,B,1,1520,5,0,1,1,16,2,113,1,0,0,995,0,0,0,75050,1,1,1,2,1,1,1,1,1,4,2,3,0,0,3,1,0,0,1,0,1,3,53,1,1,1,2,D,25,0,0,0,0,0,0,0,0,0,0,90,90,0,0,0,1,5,999,999,999,9999999,999,999,10,2,0,0,0,0,0,0,995,3.0,999,999,999,0.0,0.0,0.0,6925.87801188849,7,6
21954,31,36,1-31-2021-036-05,5,1,1FDWF37F93EA,17,460,1806,63,999,12,881,2003,61,8,60,0,1,R,9,,,,,,,2,89,1,0,0,995,0,0,0,62931,9,9,2,4,2,1,2,1,3,1,0,0,0,0,1,1,2,2,9,0,14,2,17,99,1,1,5,L,87,,,,,,,,,,,,,,,,,,,,,,,,,,,95,95,95,95,,,0.0,120,120,-120,5.1,0.6,5.0,208.592833680532,6,6
21954,31,36,1-31-2021-036-05,5,2,4T4BF1FK5GR5,17,448,2469,13,0,49,40,2016,4,1,4,0,1,F,1,1467,5,9999,9,1,22,2,89,1,0,0,995,0,0,0,62934,9,9,2,4,2,1,2,1,3,1,1,4,0,0,1,1,0,0,9,0,14,4,66,98,2,1,5,L,86,0,0,0,0,0,0,0,0,0,0,355,85,0,0,0,1,5,999,999,999,9999999,999,999,20,2,0,9,97,0,8,0,995,9.8,998,998,998,99.8,99.8,99.8,208.592833680532,6,6
21955,31,37,1-31-2021-037-04,4,1,999999999999,99,5431,99997,126,0,98,998,2004,92,10,90,0,1,L,9,,,,,,,5,89,1,0,0,995,0,0,0,42071,9,9,0,4,2,1,2,1,1,1,1,4,0,0,1,1,0,0,9,1,1,2,10,8,1,2,3,I,64,,,,,,,,,,,,,,,,,,,,,,,,,,,95,95,95,95,,,9.8,998,998,998,99.8,99.8,99.8,223.387528164507,6,6
21955,31,37,1-31-2021-037-04,4,2,3N1AB7AP5JL6,17,478,1907,13,0,35,43,2018,4,1,3,0,1,F,1,1300,5,0,1,1,21,2,89,1,0,0,995,0,0,0,62871,1,2,0,4,2,1,2,1,1,1,1,4,0,0,1,1,0,0,9,0,1,4,62,8,1,1,3,I,65,0,0,0,0,0,0,0,0,0,0,55,235,0,0,0,1,5,999,999,999,9999999,999,999,999,6,0,0,0,0,0,0,995,9.8,998,998,998,99.8,99.8,99.8,223.387528164507,6,6
21956,27,43,1-27-2021-043-07,7,1,999999999999,99,99999,99999,999,0,99,399,9999,9,1,9,0,1,B,9,9999,9,9999,9,0,998,5,56,1,8,9,998,8,7,9,99999,9,9,0,4,2,1,2,1,1,2,1,2,0,0,1,1,0,0,9,0,5,3,53,99,1,1,2,D,21,0,0,0,0,0,0,0,0,0,0,999,115,0,0,0,99,0,999,999,999,9999999,999,999,999,9,0,95,95,95,95,0,995,9.8,998,998,998,99.8,99.8,99.8,170.651245948064,3,6
21956,27,43,1-27-2021-043-07,7,2,WAUFFAFL0GN0,17,582,3146,13,0,32,43,2016,4,1,4,0,1,F,1,1640,5,0,1,1,26,2,56,1,0,9,998,8,0,9,01201,7,1,0,4,2,1,2,1,1,2,1,2,0,0,1,1,0,0,1,0,1,3,50,2,1,1,2,D,20,0,0,0,0,0,0,0,0,0,0,115,115,0,0,0,1,5,999,999,999,9999999,999,999,13,2,0,0,0,0,0,0,995,9.8,998,998,998,99.8,99.8,99.8,170.651245948064,3,6
21958,66,36,1-66-2021-036-09,9,1,1FTDX1869VKA,17,460,1801,60,0,12,481,1997,34,5,31,0,1,F,1,2032,5,0,1,1,12,2,89,1,0,0,995,0,7,0,65734,9,9,0,4,2,1,2,1,1,1,1,4,2,3,1,1,0,0,3,1,1,2,12,99,1,4,1,B,6,0,0,0,0,0,0,0,0,0,0,998,998,0,1,0,1,12,999,999,999,9999999,999,999,999,6,0,9,97,0,99,0,998,0.5,120,60,-40,17.9,3.2,18.2,436.262932375246,6,6
21959,66,37,1-66-2021-037-09,9,1,1GHDT13S8323,17,4162,8920,7,0,21,401,2003,14,3,14,0,1,B,3,2099,5,9999,9,4,29,2,56,0,7,7,887,6,8,8,99998,8,8,0,4,2,1,2,1,1,1,1,4,0,0,1,1,0,0,0,8,0,3,53,0,0,0,2,D,32,0,0,0,0,0,0,0,0,0,0,185,185,0,0,0,1,12,999,999,999,9999999,999,999,999,8,0,99,99,0,8,0,995,9.8,998,998,998,99.8,99.8,99.8,436.262932375246,6,6
21959,66,37,1-66-2021-037-09,9,2,1FTSW31S7YEC,17,460,1806,60,0,12,481,2000,34,5,31,0,1,F,1,2576,5,9999,9,4,29,5,56,1,0,0,995,0,7,0,65605,9,9,0,4,2,1,2,1,1,1,1,2,0,0,1,1,0,0,1,0,1,3,50,99,1,1,2,D,32,0,0,0,0,0,0,0,0,0,0,185,185,0,0,0,1,12,999,999,999,9999999,999,999,999,6,0,95,95,95,95,0,995,9.8,998,998,998,99.8,99.8,99.8,436.262932375246,6,6
21961,26,67,1-26-2021-067-05,5,1,KNMAT2MT2FP5,17,478,1913,8,0,35,51,2015,6,1,3,0,1,F,2,1550,5,0,1,1,30,2,89,1,0,1,196,2,0,1,95608,9,1,2,4,3,1,2,1,1,1,1,1,0,0,3,1,1,2,9,0,1,2,17,8,9,1,5,L,86,1,6,2,5,1,1,61,1,2,22,340,85,0,0,0,1,1,30,-23,19,32872,998,91,19,0,1,2,5,0,4,3,995,9.8,998,998,998,99.8,99.8,99.8,33.3087181325181,10,6
21961,26,67,1-26-2021-067-05,5,2,4T1BF3EKXAU0,17,448,2469,13,0,49,40,2010,4,1,4,0,1,R,2,1500,5,0,1,1,40,2,89,1,0,0,995,0,0,0,95829,3,9,2,4,4,2,2,1,1,1,1,1,0,0,3,1,1,2,1,0,1,4,66,1,1,1,5,L,87,0,0,0,0,0,0,0,0,0,0,85,340,0,0,0,1,1,28,-24,-14,98008,998,14,38,0,1,3,17,1,3,0,995,2.7,999,999,999,0.0,0.0,0.0,33.3087181325181,10,6
21963,26,69,1-26-2021-069-03,3,1,1GNEC13VX4J1,17,467,1852,7,0,20,421,2004,15,3,15,0,1,F,3,2244,5,9999,9,0,998,2,105,1,0,0,995,0,0,0,95747,3,9,0,2,4,4,1,1,1,9,3,2,0,0,1,1,0,0,1,0,1,3,52,2,2,1,2,D,28,0,0,0,0,0,0,0,0,0,0,20,20,0,0,0,1,3,42,-42,0,184506,998,0,45,0,4,0,0,0,0,0,995,9.8,998,998,998,99.8,99.8,99.8,318.493810250174,10,6
21963,26,69,1-26-2021-069-03,3,2,3KPF24AD5LE2,17,499,2462,13,0,63,38,2020,4,1,3,0,1,B,3,1256,5,0,1,1,13,2,105,1,0,0,995,0,0,0,95827,2,9,0,2,4,4,2,1,1,9,3,2,0,0,1,1,0,0,1,0,2,3,53,1,1,1,2,D,29,0,0,0,0,0,0,0,0,0,0,20,20,0,0,0,1,3,70,70,0,239081,998,0,66,0,4,0,0,0,4,0,995,9.8,998,998,998,99.8,99.8,99.8,318.493810250174,10,6
21964,18,37,1-18-2021-037-04,4,1,5XYPGDA33KG4,17,499,2769,7,0,63,402,2019,14,3,14,0,1,F,1,1793,5,0,1,1,7,2,40,1,0,0,995,0,0,0,54703,1,9,2,4,2,1,2,1,3,1,0,0,0,0,1,8,0,0,1,0,5,3,56,98,1,1,6,M,93,0,0,0,0,0,0,0,0,0,0,85,85,0,0,0,1,5,999,999,999,9999999,999,999,13,2,0,0,0,0,0,0,995,9.8,998,998,998,99.8,99.8,99.8,590.941840496502,6,6
21964,18,37,1-18-2021-037-04,4,2,1T7Y74D28K11,17,535,2784,73,0,94,983,2019,50,7,50,2,1,B,9,,,,,,,5,40,1,0,0,995,0,0,0,54701,9,9,2,4,2,1,2,1,1,1,0,0,0,0,1,8,0,0,2,0,13,3,50,1,1,1,6,M,92,,,,,,,,,,,,,,,,,,,,,,,,,,,95,95,95,95,,,9.8,998,998,998,99.8,99.8,99.8,590.941840496502,6,6
21965,18,38,1-18-2021-038-07,7,1,1GTN2UEC1EZ1,17,472,1857,60,0,23,481,2014,34,5,31,0,1,F,1,2184,5,0,1,1,21,2,89,1,0,0,995,0,0,0,54722,1,9,0,4,2,1,2,1,1,1,0,0,0,0,2,1,0,0,9,1,1,2,13,99,1,4,1,A,1,0,0,0,0,0,0,0,0,0,0,998,998,0,1,0,1,1,14,-13,-2,16839,998,32,14,0,4,0,0,0,0,0,998,0.3,63,120,5,18.8,3.3,19.0,972.565026983545,6,6
21966,29,41,1-29-2021-041-07,7,1,1GCRKSE74DZ1,17,467,1850,60,0,20,481,2013,34,5,31,0,1,F,1,2496,5,9999,9,0,998,5,48,1,0,0,995,0,0,0,02721,9,9,2,1,2,1,2,1,2,1,1,1,0,0,1,1,1,2,1,0,14,4,62,99,1,1,4,J,69,0,0,0,0,0,0,0,0,0,0,10,115,0,0,0,1,3,6,-4,4,3487,998,167,4,0,4,95,95,95,95,0,995,9.8,998,998,998,99.8,99.8,99.8,641.952970441435,2,6
21966,29,41,1-29-2021-041-07,7,2,3GTU2UECXEG5,17,472,1857,60,0,23,481,2014,34,5,31,0,1,R,1,2378,5,0,1,1,8,2,48,1,0,0,995,0,0,9,02723,9,9,2,1,2,2,2,1,3,4,1,2,0,0,1,1,1,2,1,0,11,2,15,2,1,1,4,J,68,0,0,0,0,0,0,0,0,0,0,115,10,0,0,0,1,3,6,-5,-3,9315,998,181,7,0,4,0,0,0,0,0,995,9.8,998,998,998,99.8,99.8,99.8,641.952970441435,2,6
21967,29,42,1-29-2021-042-06,6,1,1C4BJWEG4CL1,17,483,1943,7,0,2,403,2012,14,3,14,0,1,F,1,1839,5,9999,9,0,998,5,48,1,8,0,995,0,7,0,02722,9,9,2,4,2,1,2,1,1,1,0,0,0,0,1,1,2,2,9,0,1,2,17,99,1,1,5,L,88,0,0,0,0,0,0,0,0,0,0,90,345,0,0,0,1,3,11,-11,2,7410,998,33,10,0,4,95,95,95,95,0,995,9.8,998,998,998,99.8,99.8,99.8,222.771909995818,2,6
21967,29,42,1-29-2021-042-06,6,2,KNDJX3A51F77,17,499,2460,7,0,63,37,2015,6,1,2,0,1,L,1,1287,8,0,1,1,5,2,48,1,8,0,995,0,7,0,02702,9,9,2,4,2,1,2,1,1,1,0,0,0,0,1,1,0,0,1,0,1,4,66,2,2,1,5,L,89,0,0,0,0,0,0,0,0,0,0,345,90,0,1,0,1,3,14,0,14,22084,998,-112,15,0,4,9,97,0,99,0,995,9.8,998,998,998,99.8,99.8,99.8,222.771909995818,2,6
21968,19,78,1-19-2021-078-09,9,1,1G2ZH57N5842,17,536,4263,13,0,22,22,2008,4,1,4,0,1,F,3,1542,5,0,1,1,3,2,40,1,9,0,995,0,7,0,99999,9,9,2,4,2,1,2,1,1,4,1,2,0,0,1,8,0,0,9,1,11,2,13,99,2,4,1,A,1,0,0,0,0,0,0,0,0,0,0,998,998,0,1,1,3,1,62,-62,0,230556,998,-1,62,0,4,9,97,0,0,0,998,0.0,120,120,58,5.5,3.1,6.3,1389.20107560057,9,6
21969,19,79,1-19-2021-079-01,1,1,1D4GP24R85B4,17,476,1942,9,0,7,442,2005,20,4,20,0,1,L,3,1752,5,68,1,1,2,2,56,1,0,0,995,0,0,0,35956,1,9,2,4,2,1,2,1,1,1,1,0,0,0,5,1,2,2,9,0,1,2,17,99,1,1,5,L,89,0,0,0,0,0,0,0,0,0,0,250,340,0,1,0,1,1,49,-9,48,211843,998,-102,44,0,1,9,0,0,1,0,995,9.8,998,998,998,99.8,99.8,99.8,54.6039151382465,9,6
21969,19,79,1-19-2021-079-01,1,2,1B7HC16Y0RS6,17,476,1938,60,0,7,482,1994,34,5,31,0,1,F,3,1741,5,0,1,1,2,2,105,1,0,0,995,0,0,0,35954,1,9,2,1,2,2,2,1,1,1,3,2,1,2,5,1,0,0,1,0,1,4,66,2,2,1,5,L,88,0,0,0,0,0,0,0,0,0,0,340,250,0,1,0,1,1,51,-50,-9,247954,998,-40,58,0,1,0,0,0,0,0,995,9.8,998,998,998,99.8,99.8,99.8,54.6039151382465,9,6
21970,19,80,1-19-2021-080-04,4,1,4T1G11AK6LU5,17,448,2469,13,0,49,40,2020,4,1,4,0,1,F,2,1520,5,0,2,1,8,2,64,1,0,0,995,0,0,0,35905,1,2,2,1,2,2,2,1,1,1,3,2,0,0,1,1,1,2,1,0,1,4,62,98,1,1,4,J,69,0,0,0,0,0,0,0,0,0,0,140,240,0,0,0,1,1,30,-30,5,107948,998,34,39,0,1,1,1,0,0,0,995,9.8,998,998,998,99.8,99.8,99.8,756.611516418239,9,6
21970,19,80,1-19-2021-080-04,4,2,JTHBF30GX360,17,515,2475,13,0,59,31,2003,4,1,3,0,1,R,2,1560,5,0,1,1,6,2,64,1,0,0,995,0,0,0,35901,1,9,2,4,5,3,2,1,1,1,1,2,0,0,1,1,1,2,9,0,11,2,15,99,1,1,4,J,68,0,0,0,0,0,0,0,0,0,0,240,140,0,0,0,1,1,30,-10,-29,20917,998,-33,17,0,1,2,6,0,4,0,995,9.8,998,998,998,99.8,99.8,99.8,756.611516418239,9,6
21970,19,80,1-19-2021-080-04,4,3,1N4AL3AP7FC1,17,478,1904,13,0,35,47,2015,4,1,4,0,1,F,9,1416,5,9999,9,0,998,5,72,1,0,0,995,0,0,0,35903,9,9,2,4,3,1,2,1,1,1,1,1,0,0,1,1,1,2,1,0,5,4,67,1,1,1,6,M,98,0,0,0,0,0,0,0,0,0,0,35,205,0,0,0,2,0,999,999,999,9999999,999,999,999,9,0,95,95,95,95,0,995,9.8,998,998,998,99.8,99.8,99.8,756.611516418239,9,6
21971,13,40,1-13-2021-040-02,2,1,1N4AL3AP5JC1,17,478,1904,13,0,35,47,2018,4,1,4,0,1,F,9,1453,5,9999,9,0,998,2,48,1,8,1,0,2,7,0,76110,9,1,0,4,2,1,2,1,1,1,0,0,0,0,1,1,0,0,3,1,1,2,12,99,1,4,1,C,11,0,0,0,0,0,0,0,0,0,0,70,260,0,0,0,1,0,999,999,999,9999999,999,999,999,9,0,0,0,0,4,0,995,9.8,998,998,998,99.8,99.8,99.8,48.5641248880947,7,6
21971,13,40,1-13-2021-040-02,2,2,3GNEC16RXVG1,17,467,1851,7,0,20,431,1997,16,3,16,0,2,F,9,2259,5,9999,9,0,998,,,,,,,,,,,,,,,,,,,,,,,,,,,,,,,,,,,,,,,,,,,,,,,,,,,,,,,,,,,,,,,,,,95,95,95,95,,,,,,,,,,48.5641248880947,7,6
21973,20,57,1-20-2021-057-03,3,1,JTEDW21A3700,17,448,2213,7,0,49,403,2007,14,3,14,0,1,F,2,1785,5,0,1,1,38,2,89,1,0,0,995,0,0,0,94040,9,2,0,4,2,1,2,1,2,4,0,0,0,0,1,1,0,0,1,1,14,2,10,2,1,2,3,G,50,0,0,0,0,0,0,0,0,0,0,50,240,0,0,0,1,1,26,-26,0,42120,998,-19,24,0,1,99,99,0,99,0,995,9.8,998,998,998,99.8,99.8,99.8,160.611592457206,11,6
21973,20,57,1-20-2021-057-03,3,2,NM0LS7E79J13,17,460,1811,95,0,12,444,2018,20,4,20,0,1,F,2,1624,5,0,1,1,16,2,89,1,0,0,995,0,0,0,93924,1,2,0,4,2,1,2,1,2,2,0,0,0,0,1,1,0,0,1,0,14,4,62,4,1,1,3,G,51,0,0,0,0,0,0,0,0,0,0,240,50,0,0,0,1,1,28,-28,5,60901,998,19,30,0,1,9,97,0,99,0,995,9.8,998,998,998,99.8,99.8,99.8,160.611592457206,11,6
21974,20,58,1-20-2021-058-07,7,1,4T1BF1FKXFU9,17,448,2469,13,0,49,40,2015,4,1,4,0,1,F,1,1467,5,0,1,1,29,2,105,1,0,0,995,0,0,0,93921,1,2,1,2,3,1,2,1,1,2,1,3,0,0,1,1,0,0,3,0,1,3,50,2,1,1,2,D,20,0,0,0,0,0,0,0,0,0,0,210,215,0,0,0,1,3,13,-13,-2,9777,998,-21,13,0,4,0,0,0,0,0,995,9.8,998,998,998,99.8,99.8,99.8,1207.23268310855,11,6
21974,20,58,1-20-2021-058-07,7,2,JTDZN3EU8C31,17,448,13822,15,0,49,46,2012,6,1,4,0,1,B,1,1485,5,9999,9,0,998,5,105,1,0,0,995,0,0,0,93950,9,9,1,2,3,1,2,1,1,2,1,3,0,0,1,1,0,0,1,0,5,3,53,1,1,1,2,D,21,0,0,0,0,0,0,0,0,0,0,215,210,0,0,0,1,3,13,13,2,11062,998,-43,13,0,4,95,95,95,95,0,995,9.8,998,998,998,99.8,99.8,99.8,1207.23268310855,11,6
21975,20,59,1-20-2021-059-05,5,1,2HGFG12657H5,17,474,1863,3,0,37,31,2007,2,1,3,0,1,T,2,1227,5,0,1,1,10,2,89,1,0,1,0,2,0,2,93927,9,1,0,4,2,1,2,1,1,1,1,4,0,0,1,1,0,0,9,1,1,2,13,99,2,4,1,A,2,1,4,1,2,1,4,61,1,1,40,997,997,0,1,0,2,6,999,999,999,9999999,999,999,999,7,0,2,8,0,3,3,997,1.0,56,70,118,18.6,4.0,19.0,41.7682909515469,11,6
21976,15,66,1-15-2021-066-04,4,1,2G1105S36L91,17,467,1833,13,0,20,2,2020,4,1,4,0,1,R,2,1717,5,9999,9,4,149,2,48,1,8,9,998,8,7,9,11236,9,9,0,4,2,1,2,1,1,1,0,0,0,0,2,1,0,0,3,1,1,2,13,99,1,4,1,C,11,0,0,0,0,0,0,0,0,0,0,180,175,0,0,0,1,12,999,999,999,9999999,999,999,999,7,0,9,97,0,99,0,995,9.8,998,998,998,99.8,99.8,99.8,123.135696752051,1,6
21976,15,66,1-15-2021-066-04,4,2,1GYFK63807R1,17,469,1843,7,0,19,421,2007,15,3,15,0,2,L,1,2527,5,9999,9,4,149,,,,,,,,,,,,,,,,,,,,,,,,,,,,,,,,,,,,,,,,,,,,,,,,,,,,,,,,,,,,,,,,,,95,95,95,95,,,,,,,,,,123.135696752051,1,6
21977,15,67,1-15-2021-067-03,3,1,2GNFLFEKXF61,17,467,1847,7,0,20,404,2015,14,3,14,0,1,F,2,1782,5,9999,9,4,176,2,64,1,8,9,998,8,7,9,11757,9,9,2,4,2,1,2,1,1,1,1,2,0,0,1,1,0,0,9,0,1,3,50,99,1,1,2,D,20,0,0,0,0,0,0,0,0,0,0,15,15,0,0,0,1,5,999,999,999,9999999,999,999,999,7,0,1,1,0,4,0,995,9.8,998,998,998,99.8,99.8,99.8,40.2064848069493,1,6
21977,15,67,1-15-2021-067-03,3,2,999999999999,99,498,99998,999,0,55,999,2021,99,10,99,0,1,B,9,,,,,,,2,64,1,8,9,998,8,7,9,11803,9,9,2,4,2,1,2,1,1,1,1,2,0,0,1,1,0,0,9,0,5,3,53,99,1,1,2,D,22,,,,,,,,,,,,,,,,,,,,,,,,,,,95,95,95,95,,,9.8,998,998,998,99.8,99.8,99.8,40.2064848069493,1,6
21978,15,68,1-15-2021-068-07,7,1,2FMDK4JC5CBA,17,460,1797,7,0,12,24,2012,6,1,4,0,1,F,2,1993,5,9999,9,4,27,2,64,1,8,9,998,8,7,9,11793,9,9,1,3,1,1,2,1,3,1,1,2,0,0,1,1,1,2,9,0,14,3,52,99,1,1,2,D,28,0,0,0,0,0,0,0,0,0,0,65,65,0,0,0,1,12,999,999,999,9999999,999,999,999,7,0,0,0,0,0,0,995,9.8,998,998,998,99.8,99.8,99.8,189.107498843833,1,6
21978,15,68,1-15-2021-068-07,7,2,1N4AL2AP9CN5,17,478,1904,13,0,35,47,2012,4,1,4,0,1,B,3,1437,5,9999,9,4,27,2,64,1,8,9,998,8,7,9,11746,9,9,1,3,1,1,2,1,3,1,1,2,0,0,1,1,1,2,9,0,2,2,18,99,1,1,2,D,29,0,0,0,0,0,0,0,0,0,0,65,65,0,0,0,1,12,999,999,999,9999999,999,999,999,8,0,0,0,0,0,0,995,9.8,998,998,998,99.8,99.8,99.8,189.107498843833,1,6
21979,15,69,1-15-2021-069-09,9,1,1FTYR1ZM3KKA,17,460,3608,95,0,12,462,2019,21,4,21,0,1,R,9,2268,5,9999,9,0,998,5,89,1,8,9,998,8,7,9,11951,9,9,0,2,4,2,2,1,3,1,3,3,0,0,1,1,0,0,9,0,14,4,61,99,1,1,2,F,45,0,0,0,0,0,0,0,0,0,0,105,90,0,0,0,1,0,999,999,999,9999999,999,999,999,9,0,95,95,95,95,0,995,9.8,998,998,998,99.8,99.8,99.8,241.60314623011,1,6
21979,15,69,1-15-2021-069-09,9,2,WDBRF52H76F7,17,449,2085,13,0,42,42,2006,4,1,3,0,1,L,9,1470,5,9999,9,0,998,2,89,1,8,1,0,2,7,1,10466,2,9,0,2,4,1,2,1,3,1,1,3,0,0,1,1,0,0,9,1,15,2,10,99,1,2,2,F,47,0,0,0,0,0,0,0,0,0,0,90,105,0,0,0,1,0,999,999,999,9999999,999,999,999,9,0,0,0,0,4,0,995,9.8,998,998,998,99.8,99.8,99.8,241.60314623011,1,6
21979,15,69,1-15-2021-069-09,9,3,1N4AL3AP6DN4,17,478,1904,13,0,35,47,2013,4,1,4,0,1,B,9,1420,5,9999,9,0,998,5,89,1,8,9,998,8,7,9,07803,9,9,0,2,4,2,2,1,3,1,3,3,0,0,1,1,0,0,9,0,14,3,53,99,1,1,6,M,98,0,0,0,0,0,0,0,0,0,0,105,95,0,0,0,2,0,999,999,999,9999999,999,999,999,9,0,95,95,95,95,0,995,9.8,998,998,998,99.8,99.8,99.8,241.60314623011,1,6
21980,21,73,1-21-2021-073-06,6,1,WDBUF56J76A8,17,449,2081,13,0,42,48,2006,4,1,4,0,1,L,9,1680,5,0,2,0,998,2,105,1,0,0,995,0,0,0,92407,1,2,0,5,5,98,2,1,1,9,1,3,0,0,1,1,0,0,2,1,8,2,10,1,1,7,2,F,48,0,0,0,0,0,0,0,0,0,0,280,320,0,0,0,1,0,999,999,999,9999999,999,999,999,9,0,0,0,0,0,0,995,9.8,998,998,998,99.8,99.8,99.8,1129.836857413,11,6
21980,21,73,1-21-2021-073-06,6,2,1G1YM2D77F51,17,467,1831,3,0,20,4,2015,3,1,3,0,1,R,2,1497,5,0,1,4,38,2,105,1,0,0,995,0,0,0,92064,1,9,0,5,5,1,2,1,1,9,3,2,0,0,1,1,0,0,1,0,1,4,64,7,1,2,2,F,48,0,0,0,0,0,0,0,0,0,0,320,280,0,0,0,1,12,999,999,999,9999999,999,999,999,7,0,99,99,0,99,0,995,9.8,998,998,998,99.8,99.8,99.8,1129.836857413,11,6
21981,21,74,1-21-2021-074-02,2,1,3N1CN8FV9ML8,17,478,1894,13,0,35,50,2021,4,1,2,0,1,R,3,1194,5,0,1,1,18,2,89,1,0,1,0,2,0,2,85743,1,9,1,3,1,1,2,1,1,2,1,2,0,0,1,1,2,2,9,1,1,2,13,99,1,4,1,A,1,1,7,2,2,5,4,31,1,1,46,997,997,0,0,0,2,6,999,999,999,9999999,999,999,999,8,0,5,30,1,3,2,997,9.8,998,998,998,99.8,99.8,99.8,35.6773826191588,11,6
21982,21,75,1-21-2021-075-01,1,1,3N1CE2CP6EL4,17,478,1898,5,0,35,50,2014,5,1,2,0,1,L,9,1127,5,9999,9,4,81,2,105,1,0,1,0,2,0,1,92311,1,9,1,3,2,2,1,1,2,9,3,2,0,0,1,1,0,0,1,1,14,2,12,1,1,7,2,F,48,0,0,0,0,0,0,0,0,0,0,355,45,0,0,0,1,5,999,999,999,9999999,999,999,999,9,0,1,2,0,1,0,995,9.8,998,998,998,99.8,99.8,99.8,51.6003584429637,11,6
21982,21,75,1-21-2021-075-01,1,2,3AKJGLDR9GSG,17,450,2501,66,0,82,881,2016,66,8,68,0,1,R,9,,,,,,,5,89,1,0,0,995,0,0,0,91752,9,9,1,2,3,1,2,1,2,9,1,3,2,3,1,1,0,0,1,0,14,4,64,1,1,1,2,F,48,,,,,,,,,,,,,,,,,,,,,,,,,,,95,95,95,95,,,9.8,998,998,998,99.8,99.8,99.8,51.6003584429637,11,6
21983,21,76,1-21-2021-076-05,5,1,3VWRM71KX9M0,17,482,3137,13,0,30,40,2009,4,1,2,0,1,F,3,1465,5,9999,9,4,13,2,113,1,0,0,995,0,0,0,92311,2,9,0,2,4,3,2,1,1,1,3,3,0,3,2,1,0,0,9,0,1,3,51,3,1,1,2,D,24,0,0,0,0,0,0,0,0,0,0,185,195,0,0,0,1,3,56,-53,-19,157904,998,-66,46,0,4,0,0,0,0,0,995,9.8,998,998,998,99.8,99.8,99.8,58.6191614307247,11,6
21983,21,76,1-21-2021-076-05,5,2,3N1CE2CP6EL4,17,478,1898,5,0,35,50,2014,5,1,2,0,1,B,3,1127,5,9999,9,1,13,2,113,1,0,0,995,0,0,0,92316,2,2,0,2,4,3,2,1,1,1,3,3,0,3,2,1,0,0,9,0,1,3,53,1,1,1,2,D,25,0,0,0,0,0,0,0,0,0,0,195,185,0,0,0,1,3,65,64,11,306741,998,-33,75,0,4,4,24,1,3,0,995,9.8,998,998,998,99.8,99.8,99.8,58.6191614307247,11,6
21984,26,70,1-26-2021-070-02,2,1,3N1AB8DV5LY2,17,478,1907,13,0,35,43,2020,4,1,3,0,1,T,1,1385,5,0,1,1,24,2,64,1,1,1,324,2,0,1,95829,9,1,0,5,5,1,2,1,1,1,1,3,0,0,1,1,0,0,9,1,1,2,13,99,9,4,1,A,1,1,6,9,2,1,4,61,1,1,22,997,997,0,0,0,1,6,999,999,999,9999999,999,999,999,6,0,2,9,0,3,3,997,9.8,998,998,998,99.8,99.8,99.8,14.4738277659613,10,6