CASEID,PSU,CASENO,CASENUMBER,CATEGORY,VEHNO,VIN,VINLENGTH,VPICMAKE,VPICMODEL,VPICBODYCLASS,ICFINALBODY,MAKE,MODEL,MODELYR,BODYTYPE,BODYCAT,VEHCLASS,SPECUSE,TRANSTAT,DAMPLANE,DAMSEV,CURBWT,CURBSRC,CARGOWT,CARGOSRC,INSPTYPE,INSPLAG,TOWED,SPEEDLIMIT,DRPRESENT,PARALCOHOL,ALCTEST,ALCTESTRESULT,ALCTESTSRC,PARDRUG,DRUGTEST,ZIP,RACE,ETHNICITY,RELTOJUNCT,TRAFFLOW,RDLANES,INITLANE,SURFTYPE,SURFCOND,ALIGNMENT,PROFILE,LINERIGHT,LINELEFT,RUMBINIT,RUMBROAD,LIGHTCOND,WEATHER,TRAFDEV,TRAFFUNCT,DISTRACT,PREFHE,PREMOVE,CRITCAT,CRITEVENT,MANEUVER,PRESTAB,PRELOC,CRASHCAT,CRASHCONF,CRASHTYPE,ROLLTYPE,ROLLTURN,ROLLINTRPT,ROLLPREMAN,ROLLINITYP,ROLLINLOC,ROLLOBJ,ROLLTRIP,ROLLDIR,ROLLDIST,DVANGTHIS,DVANGOTH,TOWHITCH,TRAJDOC,TREEPOLE,DVEVENT,DVBASIS,DVTOTAL,DVLONG,DVLAT,DVENERGY,DVSPEED,DVMOMENT,DVBES,DVEST,DVCONF,VAIS,VISS,VINJURED,VTREAT,INITOBJCLASS,HEADANGLECAT,SHLDRWIDTH,STRKLENGTH,STRKWIDTH,STRKHEIGHT,EDGEDISTX,EDGEDISTY,EDGEDISTZ,CASEWGT,PSUSTRAT,VERSION
22021,32,68,1-32-2021-068-09,9,1,JN8AZ1MU7AW0,17,478,1914,7,0,35,49,2010,6,1,4,0,1,F,1,1886,5,0,1,1,26,2,48,1,0,0,995,0,0,0,75230,2,2,0,1,2,2,1,1,3,2,3,0,0,0,1,1,0,0,1,1,14,2,12,2,1,4,1,B,6,0,0,0,0,0,0,0,0,0,0,998,998,0,0,0,4,10,999,999,999,9999999,999,0,16,2,0,1,1,0,0,0,998,0.0,120,15,18,0.0,0.0,0.0,9769.07010040583,7,6
22022,59,26,1-59-2021-026-05,5,1,1G1JA5SH4E41,17,467,1835,13,0,20,28,2014,4,1,1,0,1,F,1,1245,5,0,1,1,4,2,48,1,0,0,995,0,0,0,50658,9,9,2,1,4,1,2,2,1,1,0,3,0,0,1,2,1,2,9,0,1,2,17,2,1,1,5,L,88,0,0,0,0,0,0,0,0,0,0,0,270,0,0,0,1,3,16,-14,-8,11946,998,-52,14,0,4,99,99,0,99,0,995,9.8,998,998,998,99.8,99.8,99.8,257.299579491989,6,6
22022,59,26,1-59-2021-026-05,5,2,1C4NJRFB9FD4,17,483,1947,7,0,2,407,2015,14,3,14,0,1,L,1,1423,5,0,1,1,4,2,48,1,0,0,995,0,0,0,47885,1,2,2,3,3,2,2,2,1,1,1,1,0,0,1,2,1,2,1,0,1,4,66,1,1,1,5,L,89,0,0,0,0,0,0,0,0,0,0,270,0,0,0,0,1,3,13,-7,12,22112,998,103,15,0,4,3,10,1,3,0,995,9.8,998,998,998,99.8,99.8,99.8,257.299579491989,6,6
22023,76,33,1-76-2021-033-10,10,1,2HGEJ6328YH1,17,474,1863,5,0,37,31,2000,3,1,2,0,1,F,9,1056,5,9999,9,0,998,2,89,1,8,9,998,8,7,9,12051,9,9,0,4,2,1,2,1,2,1,1,2,0,0,1,1,0,0,9,1,14,1,1,99,2,4,1,B,7,0,0,0,0,0,0,0,0,0,0,998,998,0,1,0,1,0,999,999,999,9999999,999,999,999,9,0,0,0,0,0,0,998,1.0,100,999,54,9.2,2.8,9.6,20.6150526644035,3,6
22024,76,34,1-76-2021-034-10,10,1,3B7HC13Z9WG2,17,476,1938,60,0,7,482,1998,34,5,31,0,1,F,1,2105,5,9999,9,0,998,2,72,1,8,9,998,8,7,9,12414,9,9,3,4,2,1,2,1,2,2,1,2,0,0,1,1,0,0,9,1,14,4,71,3,1,2,6,M,98,0,0,0,0,0,0,0,0,0,0,345,270,0,0,0,1,3,11,-11,-2,10193,998,-45,11,0,4,0,0,0,0,0,995,9.8,998,998,998,99.8,99.8,99.8,20.6150526644035,3,6
22024,76,34,1-76-2021-034-10,10,2,JTKDE1671500,17,448,2207,5,0,49,50,2005,3,1,3,0,1,L,1,1347,8,0,1,1,15,2,72,1,8,9,998,8,7,9,12477,9,9,3,4,2,1,2,1,2,2,1,2,0,0,1,1,0,0,9,0,13,2,20,99,1,7,6,M,98,0,0,0,0,0,0,0,0,0,0,270,345,0,0,0,1,3,16,3,16,15382,998,22,16,0,1,0,0,0,0,0,995,9.8,998,998,998,99.8,99.8,99.8,20.6150526644035,3,6
22025,23,50,1-23-2021-050-03,3,1,1GCEK19B17Z1,17,467,1850,60,0,20,481,2007,34,5,30,0,1,B,9,2241,5,9999,9,0,998,5,89,1,0,0,995,0,0,0,43015,9,9,2,1,4,3,2,1,1,1,3,1,0,0,1,1,1,2,1,0,5,3,53,1,1,1,2,D,21,0,0,0,0,0,0,0,0,0,0,350,350,1,0,0,1,0,999,999,999,9999999,999,999,999,9,0,95,95,95,95,0,995,9.8,998,998,998,99.8,99.8,99.8,447.01042275084,5,6
22025,23,50,1-23-2021-050-03,3,2,3LN6L5F97HR6,17,464,1790,13,0,13,13,2017,4,1,4,0,1,F,9,1773,5,9999,9,0,998,2,89,1,0,0,995,0,1,0,43232,2,9,2,1,4,3,2,1,1,1,3,1,0,0,1,1,1,2,1,0,1,3,50,99,9,1,2,D,20,0,0,0,0,0,0,0,0,0,0,350,350,0,0,0,1,0,999,999,999,9999999,999,999,999,9,0,1,1,0,4,0,995,9.8,998,998,998,99.8,99.8,99.8,447.01042275084,5,6
22026,23,51,1-23-2021-051-05,5,1,1N4AL3AP1FN3,17,478,1904,13,0,35,47,2015,4,1,4,0,1,T,1,1416,5,0,1,4,113,2,89,1,1,2,996,1,0,0,43015,1,2,0,4,2,1,2,1,2,1,1,2,0,0,2,1,0,0,1,1,14,2,12,99,1,4,1,B,6,1,4,2,2,1,4,68,1,1,21,997,997,0,0,0,3,6,999,999,999,9999999,999,999,999,6,0,1,1,0,4,3,997,0.8,999,5,999,3.4,0.0,3.4,79.5378796779388,5,6
22027,23,52,1-23-2021-052-06,6,1,3C6UD5CL0CG2,17,476,1938,60,0,7,482,2012,34,5,31,0,1,F,9,2830,5,9999,9,0,998,2,89,1,0,0,995,0,0,0,44827,1,2,3,4,2,1,2,1,1,1,1,2,0,0,1,1,0,0,1,1,1,4,71,99,1,4,1,A,3,0,0,0,0,0,0,0,0,0,0,998,998,0,0,0,1,0,999,999,999,9999999,999,999,999,9,0,0,0,0,8,0,998,0.7,999,999,999,10.5,0.9,10.6,788.922329319766,5,6
22028,13,43,1-13-2021-043-03,3,1,WAUA7GFF7G10,17,582,3676,13,0,32,48,2016,4,1,2,0,1,R,1,1440,5,0,1,1,22,2,64,1,8,0,995,0,7,0,76137,1,9,2,1,4,4,1,1,3,1,1,0,0,0,1,8,0,0,9,0,11,2,15,5,1,1,4,J,68,0,0,0,0,0,0,0,0,0,0,270,180,0,0,0,1,3,11,-5,-9,12212,998,-42,14,0,1,0,0,0,0,0,995,9.8,998,998,998,99.8,99.8,99.8,1013.74477954781,7,6
22028,13,43,1-13-2021-043-03,3,2,LRBFXBSA9HD0,17,468,11438,7,0,18,405,2017,14,3,14,0,1,F,1,1839,5,9999,9,0,998,2,64,1,8,0,995,0,7,0,76131,2,9,2,1,4,1,1,1,2,1,0,3,0,0,1,8,0,0,9,0,14,4,62,99,1,1,4,J,69,0,0,0,0,0,0,0,0,0,0,180,270,0,0,0,1,3,9,-8,4,4617,998,106,6,0,4,99,99,0,0,0,995,9.8,998,998,998,99.8,99.8,99.8,1013.74477954781,7,6
22028,13,43,1-13-2021-043-03,3,3,3GCUKREC8FG1,17,467,1850,60,0,20,481,2015,34,5,31,0,1,F,9,2394,5,9999,9,0,998,5,64,1,8,0,995,0,7,0,76137,9,9,2,4,2,1,1,1,1,1,0,0,0,0,1,8,2,2,9,0,5,4,67,1,1,1,6,M,98,0,0,0,0,0,0,0,0,0,0,90,260,0,0,0,2,0,999,999,999,9999999,999,999,999,9,0,95,95,95,95,0,995,9.8,998,998,998,99.8,99.8,99.8,1013.74477954781,7,6
22029,13,44,1-13-2021-044-06,6,1,1HGCP2F36CA0,17,474,1861,13,0,37,32,2012,4,1,4,0,1,F,3,1523,5,0,1,4,38,2,56,1,8,0,995,0,7,0,75052,3,2,2,4,5,3,1,2,1,1,1,2,0,0,1,2,1,2,1,0,11,2,15,2,1,1,4,J,68,0,0,0,0,0,0,0,0,0,0,220,80,0,0,0,1,3,49,-42,-24,251086,998,-104,51,0,4,0,0,0,5,0,995,9.8,998,998,998,99.8,99.8,99.8,1789.14372487103,7,6
22029,13,44,1-13-2021-044-06,6,2,YV140MFJ0F13,17,485,1959,13,0,51,47,2015,4,1,4,0,1,F,3,1658,5,0,1,1,22,2,56,1,8,0,995,0,7,0,76001,1,9,2,4,5,2,2,2,1,1,3,1,0,0,1,2,1,2,9,0,1,4,62,2,1,1,4,J,69,0,0,0,0,0,0,0,0,0,0,80,220,0,0,0,1,3,47,-46,8,132664,998,32,44,0,1,99,99,0,5,0,995,9.8,998,998,998,99.8,99.8,99.8,1789.14372487103,7,6
22031,28,37,1-28-2021-037-10,10,1,1J8GR48K27C6,17,483,1949,7,0,2,404,2007,14,3,14,0,1,U,1,2014,5,0,1,1,6,2,89,1,0,0,995,0,0,0,17764,9,9,0,4,2,1,2,1,1,4,1,2,0,0,1,1,0,0,1,0,1,6,90,2,1,1,6,M,98,0,0,0,0,0,0,0,0,0,0,996,996,0,0,0,2,7,999,999,999,9999999,999,999,999,6,0,0,0,0,0,0,996,9.8,998,998,998,99.8,99.8,99.8,45.0485618791279,3,6
22033,18,40,1-18-2021-040-01,1,1,1GCRKREA8BZ4,17,467,1850,60,0,20,481,2011,34,5,31,0,1,F,2,2496,5,250,1,1,10,2,113,1,0,1,0,1,0,2,23024,1,9,0,2,2,2,2,1,1,1,3,2,1,3,1,8,0,0,9,1,1,2,12,1,1,4,1,B,6,0,0,0,0,0,0,0,0,0,0,305,315,1,1,0,2,5,999,999,999,9999999,999,999,999,7,0,9,0,0,1,0,995,1.4,120,35,70,8.8,1.7,9.0,62.2666828171456,6,6
22033,18,40,1-18-2021-040-01,1,2,1FM5K8AR9HGB,17,460,1800,7,0,12,401,2017,14,3,14,5,2,B,9,2067,5,9999,9,0,998,,,,,,,,,,,,,,,,,,,,,,,,,,,,,,,,,,,,,,,,,,,,,,,,,,,,,,,,,,,,,,,,,,95,95,95,95,,,,,,,,,,62.2666828171456,6,6
22034,12,11,1-12-2021-011-05,5,1,1B3HB48B78D6,17,476,1896,5,0,7,25,2008,5,1,2,0,1,F,2,1345,5,0,1,1,23,2,72,1,0,0,995,0,0,0,73401,9,9,2,1,3,1,1,2,1,1,1,3,0,0,1,8,1,2,9,0,1,2,17,99,1,1,4,K,79,0,0,0,0,0,0,0,0,0,0,260,190,0,0,0,1,12,999,999,999,9999999,999,999,999,7,0,9,97,0,99,0,995,9.8,998,998,998,99.8,99.8,99.8,281.290042407203,9,6
22034,12,11,1-12-2021-011-05,5,2,5TDYKRFH5ES0,17,448,2213,7,0,49,403,2014,14,3,14,0,1,L,2,1975,8,0,1,1,16,2,40,1,0,0,995,0,0,0,73401,1,2,2,1,2,1,2,2,2,4,0,1,0,0,1,8,1,2,1,0,10,4,66,2,1,1,4,K,78,0,0,0,0,0,0,0,0,0,0,190,260,0,0,0,1,12,999,999,999,9999999,999,999,999,7,0,1,2,0,4,0,995,9.8,998,998,998,99.8,99.8,99.8,281.290042407203,9,6
22035,12,12,1-12-2021-012-01,1,1,JN8AZ1MU0AW0,17,478,1914,7,0,35,49,2010,6,1,4,0,1,L,2,1886,5,0,1,1,5,2,105,0,7,7,887,6,8,8,99998,8,8,0,2,2,2,2,1,1,1,3,2,0,0,2,8,0,0,0,8,0,3,53,0,0,0,6,M,98,0,0,0,0,0,0,0,0,0,0,230,0,0,0,0,1,1,30,-10,28,113106,998,20,39,0,1,0,0,0,0,0,995,1.1,120,15,75,0.0,0.0,0.0,284.409163761138,9,6
22035,12,12,1-12-2021-012-01,1,2,SHHFK7H45MU2,17,474,1863,5,0,37,31,2021,5,1,3,0,1,F,2,1337,8,0,1,1,41,2,105,1,0,0,995,0,0,0,73401,1,2,0,2,2,2,2,1,1,1,3,2,0,0,2,8,0,0,1,1,1,3,50,8,1,2,6,M,98,0,0,0,0,0,0,0,0,0,0,0,230,0,0,0,1,1,39,-37,13,40043,998,22,26,0,1,2,5,0,3,0,995,0.0,120,60,90,0.0,0.0,0.0,284.409163761138,9,6
22035,12,12,1-12-2021-012-01,1,3,1N4AL3AP9DN4,17,478,1904,13,0,35,47,2013,4,1,4,0,1,F,1,1524,5,0,1,1,6,2,105,1,0,0,995,0,0,0,73401,9,9,0,2,2,2,2,1,1,1,3,2,0,0,2,8,0,0,9,1,1,3,50,8,1,2,6,M,98,0,0,0,0,0,0,0,0,0,0,20,90,0,0,0,2,3,17,-16,6,9947,998,13,13,0,4,99,99,0,0,0,995,3.0,120,15,75,0.0,0.0,0.0,284.409163761138,9,6
22036,26,72,1-26-2021-072-06,6,1,1G6AB5RA1D01,17,469,1824,13,0,19,24,2013,4,1,4,0,1,F,2,1503,5,0,1,1,21,2,48,1,9,0,995,0,9,0,95621,1,9,0,4,2,1,2,1,3,1,1,2,0,0,3,1,6,2,9,1,14,2,13,2,1,4,1,A,1,0,0,0,0,0,0,0,0,0,0,998,998,0,1,7,2,12,999,999,999,9999999,999,999,999,7,0,99,99,0,0,0,998,3.9,35,5,77,2.2,0.7,2.4,560.443183805343,10,6
22037,26,73,1-26-2021-073-09,9,1,3GNFK16T41G2,17,467,1851,7,0,20,431,2001,16,3,16,0,1,F,3,2424,5,0,1,1,14,2,105,1,0,0,995,0,0,0,95219,2,9,0,2,3,1,2,1,1,1,1,3,0,0,2,1,0,0,1,0,1,3,50,3,1,2,2,D,20,1,4,2,5,1,1,61,1,2,11,310,325,0,0,0,1,5,999,999,999,9999999,999,999,999,8,0,1,2,0,4,3,995,9.8,998,998,998,99.8,99.8,99.8,1643.97397334649,10,6
22037,26,73,1-26-2021-073-09,9,2,3AKJHHDR6LSM,17,450,2501,66,0,82,881,2020,66,8,68,0,1,B,9,,,,,,,5,105,1,0,0,995,0,0,0,95301,9,9,0,2,3,1,2,1,1,1,1,3,0,0,2,1,0,0,1,0,5,3,53,1,1,1,2,D,21,,,,,,,,,,,,,,,,,,,,,,,,,,,95,95,95,95,,,9.8,998,998,998,99.8,99.8,99.8,1643.97397334649,10,6
22038,29,43,1-29-2021-043-04,4,1,3KPFK4A78JE2,17,499,2462,13,0,63,38,2018,4,1,3,0,1,F,1,1272,5,0,1,1,10,2,89,1,0,0,995,0,0,0,02721,9,9,1,2,2,1,2,2,1,9,1,3,2,3,1,2,0,0,1,1,1,2,12,99,9,4,1,B,7,0,0,0,0,0,0,0,0,0,0,998,998,0,0,0,1,1,16,-16,0,14833,998,-61,15,0,4,0,0,0,0,0,998,0.9,999,999,999,0.0,0.0,0.0,281.225537271375,2,6
22040,19,81,1-19-2021-081-08,8,1,1GNDS13S1722,17,467,4548,7,0,20,403,2007,14,3,14,0,1,F,3,2004,5,0,1,1,3,2,113,1,0,0,995,0,0,0,79764,9,1,0,2,2,2,2,1,1,1,3,2,1,3,1,8,0,0,9,1,1,2,12,2,9,4,1,B,6,0,0,0,0,0,0,0,0,0,0,998,998,0,1,0,1,1,52,-51,9,238574,998,43,52,0,1,9,97,0,8,0,998,1.4,999,999,999,83.2,6.3,84.0,419.600962768099,9,6
22041,19,82,1-19-2021-082-01,1,1,1GNEC13V34R3,17,467,1852,7,0,20,421,2004,15,3,15,0,1,T,2,2190,5,0,1,1,5,2,40,1,9,1,0,4,9,3,35903,2,9,0,4,2,1,2,1,1,1,0,0,0,0,3,1,0,0,9,0,1,3,50,2,1,1,3,G,52,1,4,2,5,7,1,2,3,2,14,997,997,0,0,0,2,6,999,999,999,9999999,999,999,999,7,0,9,0,0,1,1,997,9.8,998,998,998,99.8,99.8,99.8,54.6039151382465,9,6
22041,19,82,1-19-2021-082-01,1,2,2C3CDZAG4JH2,17,476,1893,3,0,7,28,2018,2,1,5,0,1,F,1,1785,5,0,2,1,5,2,40,1,0,1,0,2,0,0,35906,2,2,0,4,2,98,2,1,1,2,0,0,0,0,3,1,0,0,3,0,7,3,54,1,1,1,3,G,52,0,0,0,0,0,0,0,0,0,0,100,275,0,1,0,1,1,20,-20,0,22783,998,66,16,0,4,1,1,0,4,0,995,0.0,20,20,999,3.4,0.7,3.3,54.6039151382465,9,6
22042,27,46,1-27-2021-046-05,5,1,JF1SG63605H7,17,523,2234,7,0,48,401,2005,14,3,14,0,1,F,2,1400,5,0,1,1,7,2,48,1,0,0,995,0,0,0,01254,1,2,0,4,2,1,2,2,2,1,1,2,0,0,1,2,1,9,9,1,14,6,87,99,2,2,3,H,60,0,0,0,0,0,0,0,0,0,0,250,80,0,0,0,1,1,39,-39,0,72551,998,0,35,0,1,1,1,0,4,0,995,9.8,998,998,998,99.8,99.8,99.8,26.1536490381265,3,6
22042,27,46,1-27-2021-046-05,5,2,2T1BURHE6EC0,17,448,2208,13,0,49,32,2014,4,1,3,0,1,F,3,1290,5,0,1,1,7,2,48,1,0,0,995,0,0,0,01237,1,9,0,4,2,1,2,2,3,1,1,2,0,0,1,2,0,0,1,0,14,4,62,98,9,1,3,H,61,0,0,0,0,0,0,0,0,0,0,80,250,0,0,0,1,1,42,-42,7,113792,998,32,45,0,1,2,5,0,3,0,995,9.8,998,998,998,99.8,99.8,99.8,26.1536490381265,3,6
22043,66,38,1-66-2021-038-03,3,1,2C4RDGEG3KR5,17,476,14832,2,0,7,442,2019,20,4,20,0,1,F,2,2050,5,0,1,1,36,2,97,1,0,0,995,0,7,0,65714,9,9,2,4,3,1,2,2,1,1,1,1,2,3,2,2,0,0,9,0,1,4,66,2,1,1,5,L,86,0,0,0,0,0,0,0,0,0,0,90,180,0,0,0,1,3,34,-29,17,82365,998,110,25,0,4,1,1,0,4,0,995,9.8,998,998,998,99.8,99.8,99.8,203.414670146234,6,6
22043,66,38,1-66-2021-038-03,3,2,1GNDV23L56D1,17,467,4588,2,0,20,444,2006,20,4,20,0,1,R,2,1939,5,0,1,1,37,2,64,1,0,0,995,0,7,0,65708,9,1,2,4,2,1,2,2,1,1,0,0,0,0,2,2,2,2,9,0,1,2,17,9,1,1,5,L,87,1,1,2,2,1,4,61,1,1,6,180,90,0,0,0,1,3,36,-18,-31,190196,998,62,44,0,4,1,1,0,4,3,995,0.0,7,7,999,1.8,2.0,2.7,203.414670146234,6,6
22044,66,39,1-66-2021-039-09,9,1,1FTYR44U58PA,17,460,1803,60,0,12,471,2008,34,5,30,99,1,F,9,1502,5,9999,9,0,998,2,64,1,9,0,995,0,7,0,65712,9,9,2,4,2,1,2,1,1,4,0,0,0,0,2,8,0,0,3,1,1,2,14,99,9,4,1,C,14,0,0,0,0,0,0,0,0,0,0,998,998,0,0,7,2,0,999,999,999,9999999,999,999,999,9,0,99,99,0,99,0,998,0.0,20,20,999,1.1,2.8,3.3,1321.58911628305,6,6
22045,17,43,1-17-2021-043-06,6,1,2GNALPEK7D61,17,467,1847,7,0,20,404,2013,14,3,14,0,1,F,2,1706,5,0,1,1,4,2,48,1,9,0,995,0,9,0,61244,1,9,2,4,2,1,2,1,1,1,0,0,0,0,1,1,2,2,9,0,3,2,17,99,1,1,5,L,86,0,0,0,0,0,0,0,0,0,0,180,270,0,0,0,1,1,27,-21,17,78963,998,131,24,0,1,1,2,0,6,0,995,9.8,998,998,998,99.8,99.8,99.8,274.294972089614,4,6
22045,17,43,1-17-2021-043-06,6,2,2A4GP54L06R7,17,477,1936,2,0,6,441,2006,20,4,20,0,1,R,2,1969,5,0,1,1,17,2,48,1,9,0,995,0,9,0,99999,9,9,2,4,2,1,2,1,1,1,0,4,0,0,1,1,0,0,9,0,1,4,66,99,1,1,5,L,87,0,0,0,0,0,0,0,0,0,0,270,180,0,0,0,1,1,25,-16,-20,67322,998,31,29,0,1,99,99,0,99,0,995,0.0,120,120,55,30.5,11.2,32.5,274.294972089614,4,6
22046,17,44,1-17-2021-044-08,8,1,3C4FY58844T2,17,477,3595,7,0,6,52,2004,6,1,2,0,1,R,2,1408,5,0,1,1,13,2,48,1,9,0,995,0,9,0,61265,9,9,2,4,2,1,2,1,1,1,0,0,0,0,1,8,2,2,9,0,1,2,17,99,1,1,5,L,87,0,0,0,0,0,0,0,0,0,0,265,165,0,0,0,1,1,34,-11,-32,62086,998,31,32,0,1,1,2,0,4,0,995,0.0,32,32,120,0.5,0.0,0.5,106.22669542955,4,6
22046,17,44,1-17-2021-044-08,8,2,5N1AA0NCXAN6,17,478,1915,7,0,35,421,2010,15,3,15,0,1,F,1,2652,5,0,1,1,6,2,48,1,9,0,995,0,9,0,61265,9,9,2,4,2,1,2,1,1,1,0,0,0,0,1,8,0,0,9,0,1,4,66,99,1,1,5,L,86,0,0,0,0,0,0,0,0,0,0,165,265,0,0,0,1,1,18,-18,3,44365,998,40,20,0,1,1,2,0,4,0,995,9.8,998,998,998,99.8,99.8,99.8,106.22669542955,4,6
22047,11,33,1-11-2021-033-03,3,1,WBAUP7C51BVK,17,452,1707,3,0,34,43,2011,2,1,3,0,1,R,9,1478,5,9999,9,0,998,2,97,1,0,1,0,2,0,0,23120,3,2,0,2,2,2,2,1,1,9,3,2,0,0,2,1,0,0,3,1,15,2,11,99,1,2,2,F,46,0,0,0,0,0,0,0,0,0,0,10,30,0,0,0,1,0,999,999,999,9999999,999,999,999,9,0,1,2,0,4,0,995,3.8,999,999,999,0.0,0.0,0.0,376.804505008083,8,6
22047,11,33,1-11-2021-033-03,3,2,WDC0G4KB3KV1,17,449,5885,7,0,42,405,2019,14,3,14,0,1,L,1,1815,5,0,1,1,11,2,97,1,0,0,995,0,0,0,23236,1,2,0,2,2,1,2,1,1,9,1,3,0,0,2,1,0,0,1,0,1,4,60,1,1,1,2,F,45,0,0,0,0,0,0,0,0,0,0,30,10,0,0,0,1,8,999,999,999,9999999,999,999,999,6,0,0,0,0,0,0,995,9.8,998,998,998,99.8,99.8,99.8,376.804505008083,8,6
22048,22,65,1-22-2021-065-09,9,1,5J6YH28708L0,17,474,1868,7,0,37,403,2008,14,3,14,0,1,F,1,1698,5,0,1,1,21,2,97,1,0,0,995,0,0,0,83501,9,9,0,4,2,1,2,1,1,1,1,4,3,3,1,1,0,0,9,0,1,6,87,4,1,1,1,C,13,0,0,0,0,0,0,0,0,0,0,998,998,0,0,0,1,10,999,999,999,9999999,999,46,18,2,0,0,0,0,0,0,998,9.8,998,998,998,99.8,99.8,99.8,463.00841745728,12,6
22049,22,66,1-22-2021-066-03,3,1,JF2SJAGC9JH6,17,523,2234,7,0,48,401,2018,14,3,14,0,1,F,1,1498,5,0,1,1,30,2,97,1,0,0,995,0,0,0,99206,9,9,0,4,3,2,1,1,1,2,3,2,1,3,1,8,0,0,9,0,1,6,87,4,1,1,1,C,13,0,0,0,0,0,0,0,0,0,0,998,998,0,0,0,1,10,999,999,999,9999999,999,15,20,2,0,1,1,0,4,0,998,9.8,998,998,998,99.8,99.8,99.8,79.7889799720178,12,6
22050,22,67,1-22-2021-067-05,5,1,2G1WC5E39E11,17,467,1833,13,0,20,2,2014,4,1,4,0,1,F,2,1754,5,9999,9,5,46,2,105,1,0,1,0,2,0,0,83549,1,2,0,4,3,1,2,1,1,1,1,4,0,0,2,1,0,0,1,1,1,6,90,7,9,4,1,B,8,0,0,0,0,0,0,0,0,0,0,998,998,0,0,0,2,12,999,999,999,9999999,999,999,999,7,0,3,17,1,3,0,998,2.1,999,999,999,49.0,29.0,58.0,35.9226907691191,12,6
22051,21,77,1-21-2021-077-05,5,1,JF1VA1B62G98,17,523,2237,13,0,48,47,2016,4,1,3,0,1,T,2,1483,5,9999,9,5,31,2,113,1,1,1,231,2,0,2,92311,1,9,0,2,2,2,2,1,1,2,3,2,1,3,2,1,0,0,9,1,6,2,10,99,2,2,2,F,48,1,8,2,4,1,2,61,1,2,96,997,997,0,0,0,3,6,999,999,999,9999999,999,999,999,7,0,4,41,1,3,3,997,9.8,998,998,998,99.8,99.8,99.8,50.8719715257819,11,6
22051,21,77,1-21-2021-077-05,5,2,1GNKRHKD0GJ1,17,467,1853,7,0,20,423,2016,15,3,15,0,1,L,1,2107,5,9999,9,4,57,5,113,1,0,0,995,0,0,0,89106,9,9,0,2,2,2,2,1,1,2,3,2,1,3,2,1,0,0,1,0,1,4,64,1,1,1,2,F,48,0,0,0,0,0,0,0,0,0,0,50,60,0,0,0,1,8,999,999,999,9999999,999,999,999,6,0,95,95,95,95,0,995,9.8,998,998,998,99.8,99.8,99.8,50.8719715257819,11,6
22052,21,78,1-21-2021-078-03,3,1,1NXBU4EE9AZ3,17,448,2208,13,0,49,32,2010,4,1,2,0,1,F,1,1279,5,9999,9,0,998,5,40,1,0,0,995,0,0,0,91706,9,9,2,4,2,1,2,1,1,1,0,0,0,0,1,1,0,0,9,0,11,2,15,99,9,1,4,K,82,0,0,0,0,0,0,0,0,0,0,225,345,0,0,0,1,3,9,-9,3,2526,998,68,6,0,4,95,95,95,95,0,995,9.8,998,998,998,99.8,99.8,99.8,486.431449673744,11,6
22052,21,78,1-21-2021-078-03,3,2,1G1JF5SB6J41,17,467,1835,13,0,20,28,2018,4,1,1,0,1,R,1,1322,8,0,1,1,21,2,40,1,0,1,0,2,0,0,92376,9,9,2,4,2,1,2,1,1,1,0,0,0,0,1,1,0,0,1,1,1,4,67,3,1,2,4,K,83,0,0,0,0,0,0,0,0,0,0,345,225,0,0,0,1,3,8,-6,-5,6625,998,-13,11,0,4,1,2,0,4,0,995,9.8,998,998,998,99.8,99.8,99.8,486.431449673744,11,6
22052,21,78,1-21-2021-078-03,3,3,5YJ3E1EA9LF7,17,441,17834,13,0,29,5,2020,4,1,4,0,1,F,9,1612,8,9999,9,0,998,5,40,1,0,0,995,0,0,0,92324,9,9,2,4,2,1,2,1,1,1,0,0,0,0,1,1,0,0,1,0,1,4,62,99,1,1,6,M,98,0,0,0,0,0,0,0,0,0,0,190,350,0,0,0,2,0,999,999,999,9999999,999,999,999,9,0,95,95,95,95,0,995,9.8,998,998,998,99.8,99.8,99.8,486.431449673744,11,6
22054,15,70,1-15-2021-070-06,6,1,2T1CF28P0YC2,17,448,2803,3,0,49,44,2000,2,1,3,0,1,F,9,1440,5,9999,9,0,998,5,64,1,8,9,998,8,7,9,11771,9,9,0,4,2,1,2,1,1,1,1,2,0,0,1,1,0,0,9,0,1,3,52,99,1,1,2,D,28,0,0,0,0,0,0,0,0,0,0,355,355,0,0,0,1,0,999,999,999,9999999,999,999,999,9,0,95,95,95,95,0,995,9.8,998,998,998,99.8,99.8,99.8,60.2504648798283,1,6
22054,15,70,1-15-2021-070-06,6,2,JTDKN3DU8E17,17,448,2209,5,0,49,46,2014,5,1,2,0,1,B,9,1135,5,9999,9,4,54,2,64,1,8,9,998,8,7,9,11758,9,9,0,4,2,1,2,1,1,1,1,2,0,0,1,1,0,0,9,0,2,3,53,99,1,1,2,D,29,0,0,0,0,0,0,0,0,0,0,355,355,0,0,0,1,12,999,999,999,9999999,999,999,999,9,0,1,1,0,99,0,995,9.8,998,998,998,99.8,99.8,99.8,60.2504648798283,1,6