CASEID,PSU,CASENO,CASENUMBER,CATEGORY,VEHNO,VIN,VINLENGTH,VPICMAKE,VPICMODEL,VPICBODYCLASS,ICFINALBODY,MAKE,MODEL,MODELYR,BODYTYPE,BODYCAT,VEHCLASS,SPECUSE,TRANSTAT,DAMPLANE,DAMSEV,CURBWT,CURBSRC,CARGOWT,CARGOSRC,INSPTYPE,INSPLAG,TOWED,SPEEDLIMIT,DRPRESENT,PARALCOHOL,ALCTEST,ALCTESTRESULT,ALCTESTSRC,PARDRUG,DRUGTEST,ZIP,RACE,ETHNICITY,RELTOJUNCT,TRAFFLOW,RDLANES,INITLANE,SURFTYPE,SURFCOND,ALIGNMENT,PROFILE,LINERIGHT,LINELEFT,RUMBINIT,RUMBROAD,LIGHTCOND,WEATHER,TRAFDEV,TRAFFUNCT,DISTRACT,PREFHE,PREMOVE,CRITCAT,CRITEVENT,MANEUVER,PRESTAB,PRELOC,CRASHCAT,CRASHCONF,CRASHTYPE,ROLLTYPE,ROLLTURN,ROLLINTRPT,ROLLPREMAN,ROLLINITYP,ROLLINLOC,ROLLOBJ,ROLLTRIP,ROLLDIR,ROLLDIST,DVANGTHIS,DVANGOTH,TOWHITCH,TRAJDOC,TREEPOLE,DVEVENT,DVBASIS,DVTOTAL,DVLONG,DVLAT,DVENERGY,DVSPEED,DVMOMENT,DVBES,DVEST,DVCONF,VAIS,VISS,VINJURED,VTREAT,INITOBJCLASS,HEADANGLECAT,SHLDRWIDTH,STRKLENGTH,STRKWIDTH,STRKHEIGHT,EDGEDISTX,EDGEDISTY,EDGEDISTZ,CASEWGT,PSUSTRAT,VERSION
22054,15,70,1-15-2021-070-06,6,3,5N1AZ2CSXLN1,17,478,1914,7,0,35,422,2020,15,3,15,0,1,B,9,1787,5,9999,9,0,998,5,64,1,8,9,998,8,7,9,11801,9,9,0,4,2,1,2,1,1,2,1,2,0,0,1,1,0,0,9,0,5,3,53,99,1,1,6,M,98,0,0,0,0,0,0,0,0,0,0,355,355,0,0,0,2,0,999,999,999,9999999,999,999,999,9,0,95,95,95,95,0,995,9.8,998,998,998,99.8,99.8,99.8,60.2504648798283,1,6
22055,15,71,1-15-2021-071-06,6,1,4T1BF1FK2CU1,17,448,2469,13,0,49,40,2012,4,1,3,0,1,F,1,1441,5,0,2,4,119,2,64,1,8,9,998,8,7,9,11801,7,2,0,3,3,1,2,1,1,1,1,3,0,0,1,1,0,0,3,1,16,2,10,1,1,2,2,F,47,0,0,0,0,0,0,0,0,0,0,70,90,0,0,0,1,5,999,999,999,9999999,999,999,999,6,0,1,1,0,4,0,995,2.0,999,999,999,99.9,99.9,99.9,60.2504648798283,1,6
22055,15,71,1-15-2021-071-06,6,2,1HTEUMMN8KH2,17,526,20856,11,0,84,881,2019,63,8,60,0,1,R,9,,,,,,,5,64,1,8,9,998,8,7,9,11787,9,9,0,3,3,2,2,1,1,1,3,3,0,0,1,1,0,0,9,0,1,4,61,99,1,1,2,F,45,,,,,,,,,,,,,,,,,,,,,,,,,,,95,95,95,95,,,9.8,998,998,998,99.8,99.8,99.8,60.2504648798283,1,6
22056,15,72,1-15-2021-072-06,6,1,1VWBT7A31EC1,17,482,3134,13,0,30,46,2014,4,1,4,0,1,F,2,1458,5,9999,9,4,130,2,48,1,8,9,998,8,7,9,11793,1,2,0,4,2,1,2,1,1,1,1,2,0,0,1,1,0,0,1,1,1,4,62,1,1,4,1,A,3,0,0,0,0,0,0,0,0,0,0,998,998,0,0,1,1,12,999,999,999,9999999,999,999,999,7,0,0,0,0,0,0,998,2.3,26,26,80,4.0,0.5,4.0,60.2504648798283,1,6
22057,20,61,1-20-2021-061-06,6,1,1C4BJWEGXFL6,17,483,1943,7,0,2,403,2015,14,3,14,0,1,F,9,1994,5,9999,9,0,998,2,40,1,0,1,253,2,0,0,93905,1,1,0,4,2,1,2,1,1,1,0,0,0,0,1,1,0,0,3,1,1,2,13,99,1,4,1,C,11,1,1,2,1,7,2,2,3,2,999,140,140,9,0,0,1,0,999,999,999,9999999,999,999,999,9,0,0,0,0,4,1,995,9.8,998,998,998,99.8,99.8,99.8,550.810189492566,11,6
22057,20,61,1-20-2021-061-06,6,2,5N1AA08A24N7,17,478,1915,7,0,35,421,2004,15,3,15,0,2,B,2,2399,5,9999,9,4,46,,,,,,,,,,,,,,,,,,,,,,,,,,,,,,,,,,,,,,,,,,,,,,,,,,,,,,,,,,,,,,,,,,95,95,95,95,,,,,,,,,,550.810189492566,11,6
22060,28,38,1-28-2021-038-10,10,1,3C7WDTCL2CG2,17,476,1958,74,60,7,881,2012,61,8,60,0,1,R,9,,,,,,,5,64,1,0,0,995,0,0,0,14813,9,9,2,4,2,1,2,1,2,1,0,0,0,0,1,1,2,2,2,0,14,2,17,99,1,1,5,L,87,,,,,,,,,,,,,,,,,,,,,,,,,,,95,95,95,95,,,9.8,998,998,998,99.8,99.8,99.8,45.0485618791279,3,6
22060,28,38,1-28-2021-038-10,10,2,2G1WT58K8692,17,467,1833,13,0,20,2,2006,4,1,4,0,1,F,1,1630,5,0,1,1,12,2,64,1,0,0,995,0,0,0,16748,1,2,2,4,2,1,2,1,1,1,1,2,0,0,1,1,5,2,1,0,1,4,66,3,2,1,5,L,86,0,0,0,0,0,0,0,0,0,0,185,340,0,1,0,1,5,999,999,999,9999999,999,999,999,6,0,0,0,0,0,0,995,9.8,998,998,998,99.8,99.8,99.8,45.0485618791279,3,6
22061,29,45,1-29-2021-045-08,8,1,1FTFX1EF3BFA,17,460,1801,60,0,12,481,2011,34,5,31,0,1,R,1,2454,5,9999,9,0,998,2,48,1,0,0,995,0,0,0,02893,9,9,2,4,2,1,2,1,1,1,0,0,0,0,1,1,2,2,9,0,1,2,17,99,1,1,5,L,87,0,0,0,0,0,0,0,0,0,0,355,260,0,0,0,1,3,18,-3,-17,66921,998,30,26,0,4,0,0,0,0,0,995,9.8,998,998,998,99.8,99.8,99.8,68.1285806585863,2,6
22061,29,45,1-29-2021-045-08,8,2,3N1BC1CP2AL4,17,478,1894,5,0,35,50,2010,5,1,2,0,1,F,2,1235,5,0,1,1,9,2,48,1,0,0,995,0,0,0,02740,2,2,2,3,1,1,2,1,1,1,0,0,0,0,1,1,0,0,1,0,1,4,66,2,1,1,5,L,86,0,0,0,0,0,0,0,0,0,0,260,355,0,0,0,1,3,34,-34,6,25535,998,27,22,0,4,0,0,0,4,0,995,9.8,998,998,998,99.8,99.8,99.8,68.1285806585863,2,6
22062,18,41,1-18-2021-041-07,7,1,2LMDJ8JK5DBL,17,464,1813,7,0,13,14,2013,6,1,4,0,1,F,2,2008,5,9999,9,4,50,2,113,1,0,0,995,0,0,0,54401,9,9,0,1,2,1,1,1,1,1,1,3,2,3,2,1,0,0,9,0,1,6,87,99,1,1,1,C,13,0,0,0,0,0,0,0,0,0,0,998,998,0,0,0,1,12,999,999,999,9999999,999,999,999,7,0,99,99,0,99,0,998,9.8,998,998,998,99.8,99.8,99.8,307.321607674447,6,6
22063,30,46,1-30-2021-046-04,4,1,1C4PJMCB2KD1,17,483,1945,7,0,2,404,2019,14,3,14,0,1,L,1,1797,5,9999,9,4,29,2,64,1,0,0,995,0,0,0,85204,9,9,2,4,5,1,2,1,1,1,3,1,0,0,3,1,1,2,2,0,10,2,16,99,1,1,4,K,78,0,0,0,0,0,0,0,0,0,0,260,280,0,0,0,1,12,999,999,999,9999999,999,999,999,6,0,0,0,0,0,0,995,9.8,998,998,998,99.8,99.8,99.8,492.593280466288,10,6
22063,30,46,1-30-2021-046-04,4,2,55SWF4JB7FU0,17,449,2085,13,0,42,42,2015,4,1,4,0,1,F,9,1625,5,9999,9,0,998,3,64,1,1,0,995,0,0,0,85204,9,9,2,1,4,2,2,1,1,1,1,1,0,0,3,1,1,2,1,0,1,4,65,99,1,1,4,K,79,0,0,0,0,0,0,0,0,0,0,280,260,0,0,0,1,0,999,999,999,9999999,999,999,999,9,0,0,0,0,0,0,995,9.8,998,998,998,99.8,99.8,99.8,492.593280466288,10,6
22065,54,27,1-54-2021-027-05,5,1,1FMCU9DG8CKA,17,460,1798,7,0,12,402,2012,14,3,14,0,1,R,2,1585,5,0,1,5,3,2,72,1,0,0,995,0,0,0,35582,1,2,0,4,2,1,2,2,3,1,1,2,0,0,1,2,0,0,3,1,14,2,13,2,9,4,1,A,1,1,1,2,6,5,4,31,6,1,5,996,996,0,0,2,2,7,999,999,999,9999999,999,999,999,7,0,2,5,0,3,2,996,0.1,999,999,999,42.0,5.4,43.5,145.454151439287,9,6
22066,54,28,1-54-2021-028-06,6,1,1J4RR6GT1BC5,17,483,1949,7,0,2,404,2011,14,3,14,0,1,F,1,2200,5,9999,9,0,998,2,40,1,0,0,995,0,0,0,35654,1,9,2,4,3,1,2,2,1,1,0,1,0,0,1,1,1,2,9,0,1,4,66,99,1,1,5,L,86,0,0,0,0,0,0,0,0,0,0,205,285,0,0,0,1,3,13,-11,7,18185,998,114,11,0,4,0,0,0,0,0,995,9.8,998,998,998,99.8,99.8,99.8,516.630112078927,9,6
22066,54,28,1-54-2021-028-06,6,2,4T1BF1FK8EU3,17,448,2469,13,0,49,40,2014,4,1,3,0,1,R,1,1441,5,0,1,1,6,2,40,1,0,0,995,0,0,0,35653,1,2,2,4,2,1,2,2,1,1,0,2,0,0,1,1,1,2,9,0,1,2,17,10,1,1,5,L,87,0,0,0,0,0,0,0,0,0,0,285,205,0,0,0,1,3,18,-6,-17,48100,998,144,20,0,4,1,2,0,4,0,995,9.8,998,998,998,99.8,99.8,99.8,516.630112078927,9,6
22066,54,28,1-54-2021-028-06,6,3,2D4RN5D15AR4,17,476,14832,2,0,7,442,2010,20,4,20,0,1,F,9,2038,5,9999,9,0,998,5,40,1,0,0,995,0,0,0,99999,9,9,2,4,2,1,2,2,1,1,0,2,0,0,1,1,1,2,1,0,5,4,62,1,1,1,6,M,98,0,0,0,0,0,0,0,0,0,0,120,60,0,0,0,2,0,999,999,999,9999999,999,999,999,9,0,95,95,95,95,0,995,9.8,998,998,998,99.8,99.8,99.8,516.630112078927,9,6
22067,77,45,1-77-2021-045-06,6,1,1G1PG5SB5D72,17,467,1832,13,0,20,25,2013,4,1,3,0,1,F,3,1407,5,0,1,1,19,2,89,1,0,0,995,0,0,0,30101,9,9,0,4,2,1,2,1,3,1,1,2,0,0,2,1,0,0,3,1,14,2,13,1,2,4,1,A,1,0,0,0,0,0,0,0,0,0,0,998,998,0,0,1,1,1,60,-52,-30,232042,998,-47,60,0,4,2,5,0,6,0,998,0.4,50,50,120,41.0,3.9,41.0,2856.8950200919,9,6
22068,77,46,1-77-2021-046-01,1,1,1FTNF21F2XEB,17,460,1805,60,0,12,481,1999,34,5,30,0,1,F,3,2467,5,0,1,4,40,2,89,1,0,0,995,0,0,0,22932,9,9,0,4,2,1,2,1,2,1,1,2,0,0,1,1,0,0,1,1,14,2,10,99,2,2,3,G,50,0,0,0,0,0,0,0,0,0,0,160,340,0,0,0,1,12,999,999,999,9999999,999,999,999,8,0,0,0,0,0,0,995,9.8,998,998,998,99.8,99.8,99.8,135.97879301932,9,6
22068,77,46,1-77-2021-046-01,1,2,5TFDY5F16HX6,17,448,2467,60,0,49,482,2017,34,5,31,0,1,F,3,2559,5,0,1,1,10,2,89,1,0,0,995,0,0,0,22932,1,2,0,4,2,1,2,1,3,1,1,2,0,0,1,1,0,0,1,0,14,4,62,99,1,1,3,G,51,0,0,0,0,0,0,0,0,0,0,340,160,0,0,0,1,12,999,999,999,9999999,999,999,999,8,0,3,10,1,1,0,995,9.8,998,998,998,99.8,99.8,99.8,135.97879301932,9,6
22069,12,13,1-12-2021-013-06,6,1,3TMJU4GN2EM1,17,448,2223,60,0,49,472,2014,34,5,31,0,1,R,1,1644,5,0,1,1,7,2,56,1,0,0,995,0,0,0,73401,9,9,2,4,5,1,1,1,1,1,0,2,0,0,1,1,0,0,1,0,11,2,15,9,1,1,4,J,68,0,0,0,0,0,0,0,0,0,0,110,0,0,0,0,1,1,18,-12,-14,17983,998,191,10,0,4,9,97,0,99,0,995,9.8,998,998,998,99.8,99.8,99.8,266.359360799673,9,6
22069,12,13,1-12-2021-013-06,6,2,1GNKRHKD5EJ1,17,467,1853,7,0,20,423,2014,15,3,15,0,1,F,1,2107,5,0,1,1,8,2,56,1,0,0,995,0,0,0,73401,9,9,2,4,3,1,1,1,1,1,0,2,0,0,1,1,0,0,1,0,1,4,62,2,1,1,4,J,69,0,0,0,0,0,0,0,0,0,0,0,110,0,0,0,1,1,14,-14,5,59182,998,82,23,0,4,0,0,0,0,0,995,9.8,998,998,998,99.8,99.8,99.8,266.359360799673,9,6
22070,12,14,1-12-2021-014-04,4,1,1FAFP52U94A1,17,460,1782,13,0,12,17,2004,4,1,3,0,1,L,1,1500,5,0,1,1,4,2,40,1,0,0,995,0,0,0,73401,9,9,2,4,2,1,1,1,1,1,0,0,0,0,3,1,2,2,9,0,1,2,17,99,1,1,5,L,89,0,0,0,0,0,0,0,0,0,0,280,5,0,0,0,1,1,16,-8,14,19787,998,-10,18,0,1,99,99,0,99,0,995,0.0,999,999,999,4.0,3.8,5.6,417.160621147299,9,6
22070,12,14,1-12-2021-014-04,4,2,3GKALMEV6JL3,17,472,1858,7,0,23,402,2018,14,3,14,0,1,F,1,1509,5,0,1,1,3,2,40,1,0,0,995,0,0,0,73401,1,2,2,4,2,1,1,1,1,1,0,0,0,0,3,1,0,0,1,0,1,4,66,2,1,1,5,L,88,0,0,0,0,0,0,0,0,0,0,5,280,0,0,0,1,1,16,-12,-10,17165,998,-88,14,0,1,0,0,0,0,0,995,9.8,998,998,998,99.8,99.8,99.8,417.160621147299,9,6
22071,17,45,1-17-2021-045-03,3,1,JTDL9RFUXK30,17,448,2209,13,0,49,46,2019,5,1,4,0,1,R,1,1505,5,0,1,1,7,2,72,1,9,0,995,0,9,0,61443,1,2,2,1,4,4,1,1,1,1,1,2,0,0,1,1,1,2,2,0,11,2,15,1,1,1,4,J,68,0,0,0,0,0,0,0,0,0,0,215,95,0,0,0,1,1,20,-13,-15,23164,998,33,19,0,4,0,0,0,0,0,995,9.8,998,998,998,99.8,99.8,99.8,261.340510877345,4,6
22071,17,45,1-17-2021-045-03,3,2,3MZBN1W31JM1,17,473,2074,13,0,41,51,2018,4,1,3,0,1,F,1,1327,5,0,1,1,7,2,72,1,9,0,995,0,9,0,61244,1,2,2,1,4,3,1,1,1,1,3,1,0,0,1,1,1,2,1,0,1,4,62,2,1,1,4,J,69,0,0,0,0,0,0,0,0,0,0,95,215,0,0,0,1,1,21,-20,4,28180,998,36,21,0,1,1,2,0,4,0,995,9.8,998,998,998,99.8,99.8,99.8,261.340510877345,4,6
22072,17,46,1-17-2021-046-03,3,1,JTEBU5JR7F52,17,448,2216,7,0,49,401,2015,14,3,14,0,1,F,1,2111,5,9999,9,0,998,5,72,1,9,0,995,0,9,0,61240,9,9,2,1,4,1,2,1,2,1,1,1,0,0,5,1,1,2,9,0,14,3,50,99,1,1,2,D,20,0,0,0,0,0,0,0,0,0,0,215,215,0,0,0,1,3,9,-9,0,5096,998,0,8,0,4,95,95,95,95,0,995,9.8,998,998,998,99.8,99.8,99.8,261.340510877345,4,6
22072,17,46,1-17-2021-046-03,3,2,2C4RDGBG3LR1,17,476,14832,2,0,7,442,2020,20,4,20,0,1,B,1,2050,5,0,1,1,7,2,72,1,9,0,995,0,9,0,50563,1,2,2,1,4,1,2,1,2,1,1,1,0,0,5,1,1,2,1,0,5,3,53,1,1,1,2,D,23,0,0,0,0,0,0,0,0,0,0,215,215,0,0,0,1,3,8,8,0,8054,998,0,10,0,4,1,2,0,4,0,995,9.8,998,998,998,99.8,99.8,99.8,261.340510877345,4,6
22073,48,42,1-48-2021-042-03,3,1,3G1BE6SMXHS5,17,467,1832,5,0,20,25,2017,5,1,3,0,1,F,1,1312,5,0,1,1,5,2,89,1,0,0,995,0,0,0,84302,1,2,3,5,5,3,2,1,1,1,4,4,0,0,1,1,0,0,2,0,11,2,15,1,1,1,4,J,68,0,0,0,0,0,0,0,0,0,0,295,190,0,0,0,1,1,14,-7,-12,16248,998,-174,11,0,4,1,1,0,5,0,995,9.8,998,998,998,99.8,99.8,99.8,108.935407925698,12,6
22073,48,42,1-48-2021-042-03,3,2,KMHCU5AE5DU0,17,498,2773,5,0,55,36,2013,5,1,2,0,1,F,1,1138,5,0,1,1,4,2,89,1,0,0,995,0,0,0,84040,1,2,3,5,5,1,2,1,1,1,1,3,0,0,1,1,0,0,1,0,1,4,62,2,1,1,4,J,69,0,0,0,0,0,0,0,0,0,0,190,295,0,0,0,1,1,16,-16,3,24994,998,-24,23,0,4,1,2,0,6,0,995,9.8,998,998,998,99.8,99.8,99.8,108.935407925698,12,6
22074,48,43,1-48-2021-043-09,9,1,JN1CA21D0TT1,17,478,2302,13,0,35,39,1996,4,1,3,0,1,F,1,1369,5,0,1,1,6,2,105,1,0,0,995,0,0,0,84302,9,9,0,4,2,1,2,1,1,1,1,4,0,0,1,1,0,0,9,1,1,2,10,99,1,2,3,I,64,0,0,0,0,0,0,0,0,0,0,80,280,0,1,0,1,3,15,-15,0,11709,998,-65,13,0,4,99,99,0,99,0,995,0.8,8,8,42,24.1,1.3,24.2,682.981918319137,12,6
22074,48,43,1-48-2021-043-09,9,2,1GNFK16Z63J1,17,467,1851,7,0,20,431,2003,16,3,16,0,1,L,1,2424,5,0,1,1,5,2,105,1,0,0,995,0,0,0,84302,9,9,0,4,2,1,2,1,1,1,1,4,0,0,1,1,0,0,9,0,1,4,62,2,1,1,3,I,65,0,0,0,0,0,0,0,0,0,0,280,80,0,1,0,1,3,9,-8,3,14630,998,-96,11,0,4,99,99,0,99,0,995,9.8,998,998,998,99.8,99.8,99.8,682.981918319137,12,6
22076,24,78,1-24-2021-078-03,3,1,KL7CJKSB3MB3,17,467,10988,7,0,20,406,2021,14,3,14,0,1,F,2,1417,8,0,1,1,20,2,72,1,0,1,152,2,0,0,08234,1,1,2,4,2,1,2,1,1,1,1,2,0,0,3,1,2,2,1,0,1,2,17,3,1,1,5,L,88,0,0,0,0,0,0,0,0,0,0,110,10,0,0,0,1,1,30,-28,-10,85857,998,-63,33,0,1,1,2,0,4,0,995,0.8,71,16,120,38.7,3.8,39.3,333.172313384275,1,6
22076,24,78,1-24-2021-078-03,3,2,4S4BRBKC5A33,17,523,2233,7,0,48,45,2010,6,1,3,0,1,L,2,1542,5,0,1,1,27,2,72,1,0,0,995,0,0,0,08312,1,2,2,4,2,1,2,1,1,1,1,2,0,0,3,1,2,2,9,0,1,4,66,99,1,1,5,L,89,0,0,0,0,0,0,0,0,0,0,10,110,0,0,0,1,1,28,-14,25,46553,998,62,24,0,1,1,2,0,4,0,995,9.8,998,998,998,99.8,99.8,99.8,333.172313384275,1,6
22077,24,79,1-24-2021-079-03,3,1,1HGCV1F5XLA1,17,474,1861,13,0,37,32,2020,4,1,4,0,1,L,1,1462,5,0,1,1,23,2,40,1,0,0,995,0,0,0,11221,1,1,2,3,2,1,2,1,1,1,0,1,0,0,1,1,1,2,1,1,11,2,10,1,1,2,4,J,72,0,0,0,0,0,0,0,0,0,0,210,220,0,0,0,1,1,14,11,9,11795,998,74,12,0,4,1,3,0,4,0,995,0.0,999,999,999,0.0,4.3,4.3,333.172313415074,1,6
22077,24,79,1-24-2021-079-03,3,2,1C4RJEAG7FC2,17,483,1949,7,0,2,422,2015,15,3,15,0,1,F,1,2062,8,0,1,1,16,2,40,1,0,0,995,0,0,0,08232,2,2,2,3,2,2,2,1,1,1,1,2,0,0,1,1,1,2,9,1,1,4,61,3,1,2,4,J,73,0,0,0,0,0,0,0,0,0,0,220,210,0,0,0,1,1,10,-9,-5,13521,998,-56,12,0,4,1,2,0,4,0,995,0.0,999,999,999,0.0,3.9,3.9,333.172313415074,1,6
22078,24,80,1-24-2021-080-08,8,1,JM1BK1431411,17,473,2074,5,0,41,51,2004,5,1,2,0,1,F,1,1271,5,0,1,1,6,2,40,1,0,0,995,0,0,0,08721,9,9,2,4,2,1,2,2,1,1,2,2,0,0,1,2,1,2,3,0,1,2,17,99,1,1,5,L,86,0,0,0,0,0,0,0,0,0,0,65,150,0,0,0,1,1,14,-9,11,21294,998,164,13,0,4,0,0,0,0,0,995,9.8,998,998,998,99.8,99.8,99.8,320.928419121334,1,6
22078,24,80,1-24-2021-080-08,8,2,JTDKB20U4631,17,448,2209,5,0,49,46,2006,5,1,3,0,1,R,1,1335,5,0,1,1,13,2,40,1,0,0,995,0,0,0,08201,9,9,2,4,2,1,2,2,1,1,2,2,0,0,1,2,1,2,1,0,1,4,66,99,1,1,5,L,87,0,0,0,0,0,0,0,0,0,0,150,65,0,0,0,1,1,12,-9,-8,12632,998,12,14,0,4,1,2,0,4,0,995,0.0,999,999,999,0.0,0.0,0.0,320.928419121334,1,6
22079,25,50,1-25-2021-050-05,5,1,2GNFLNEK9D63,17,467,1847,7,0,20,404,2013,14,3,14,0,1,F,3,1782,5,0,1,1,27,2,56,1,1,1,273,2,7,0,04103,9,9,2,4,5,1,2,2,3,1,1,3,0,0,3,2,1,2,9,1,14,1,6,5,9,4,1,A,2,0,0,0,0,0,0,0,0,0,0,998,998,0,0,7,2,10,999,999,999,9999999,999,-20,47,4,0,4,36,1,3,0,998,3.6,30,30,120,1.6,0.8,1.4,51.7146935993595,2,6
22079,25,50,1-25-2021-050-05,5,2,1FTRX18W73NA,17,460,1801,60,0,12,481,2003,34,5,30,0,2,R,9,1961,5,9999,9,0,998,,,,,,,,,,,,,,,,,,,,,,,,,,,,,,,,,,,,,,,,,,,,,,,,,,,,,,,,,,,,,,,,,,95,95,95,95,,,,,,,,,,51.7146935993595,2,6
22081,52,89,1-52-2021-089-06,6,1,5N1ED28Y1YC5,17,478,1916,7,0,35,402,2000,14,3,14,0,1,F,1,1857,5,0,1,1,5,2,56,1,9,1,0,2,9,0,59101,9,9,2,5,3,1,2,1,1,1,1,0,0,0,1,1,1,2,3,0,1,3,50,3,9,1,2,D,20,0,0,0,0,0,0,0,0,0,0,185,175,0,0,0,1,1,12,-12,0,15153,998,70,13,0,4,0,0,0,4,0,995,9.8,998,998,998,99.8,99.8,99.8,136.270255006421,12,6
22081,52,89,1-52-2021-089-06,6,2,5UXWX9C55F0D,17,452,1719,7,0,34,402,2015,14,3,14,0,1,B,1,1882,5,0,1,1,5,2,56,1,0,0,995,0,0,0,59101,9,9,2,5,3,1,2,1,1,1,1,0,0,0,1,1,1,2,9,0,5,3,53,1,1,1,2,D,21,0,0,0,0,0,0,0,0,0,0,175,185,0,0,0,1,1,12,11,2,7914,998,18,10,0,4,1,1,0,4,0,995,9.8,998,998,998,99.8,99.8,99.8,136.270255006421,12,6
22082,52,90,1-52-2021-090-04,4,1,1N4AL3AP9HN3,17,478,1904,13,0,35,47,2017,4,1,4,0,1,F,2,1453,5,0,1,1,22,2,56,1,0,0,995,0,0,0,59101,9,9,2,4,5,3,2,1,1,1,1,2,0,0,1,1,1,2,9,0,11,2,15,10,1,1,4,J,68,0,0,0,0,0,0,0,0,0,0,210,0,0,0,0,2,12,999,999,999,9999999,999,999,999,7,0,0,0,0,0,0,995,9.8,998,998,998,99.8,99.8,99.8,202.564804611792,12,6
22082,52,90,1-52-2021-090-04,4,2,1C6RR7FT4FS5,17,496,13620,60,0,7,482,2015,34,5,31,0,1,F,9,2305,5,9999,9,0,998,5,56,1,0,0,995,0,0,0,59101,9,9,2,4,5,1,2,1,1,1,0,1,0,0,1,1,1,2,9,0,1,4,62,99,1,1,4,J,69,0,0,0,0,0,0,0,0,0,0,95,205,0,0,0,1,0,999,999,999,9999999,999,999,999,9,0,95,95,95,95,0,995,9.8,998,998,998,99.8,99.8,99.8,202.564804611792,12,6
22082,52,90,1-52-2021-090-04,4,3,5J6RM4H51GL0,17,474,1865,7,0,37,402,2016,14,3,14,0,1,F,9,1586,5,9999,9,0,998,5,56,1,0,0,995,0,0,0,59102,9,9,2,4,3,2,2,1,1,1,1,2,0,0,1,1,1,2,9,0,5,4,67,99,1,1,6,M,98,0,0,0,0,0,0,0,0,0,0,0,210,0,0,0,2,0,999,999,999,9999999,999,999,999,9,0,95,95,95,95,0,995,9.8,998,998,998,99.8,99.8,99.8,202.564804611792,12,6
22083,52,91,1-52-2021-091-03,3,1,1FAFP55273G1,17,460,1782,13,0,12,17,2003,4,1,3,0,1,L,1,1521,5,0,1,1,19,2,56,1,0,1,0,2,0,0,59106,1,2,2,4,5,1,2,1,1,1,0,1,0,0,1,8,1,2,9,0,1,2,17,99,9,1,4,J,69,0,0,0,0,0,0,0,0,0,0,110,215,0,0,0,1,1,23,-18,15,25596,998,-32,20,0,4,1,2,0,4,0,995,9.8,998,998,998,99.8,99.8,99.8,67.0051094567244,12,6
22083,52,91,1-52-2021-091-03,3,2,KNMAT2MV4HP5,17,478,1913,8,0,35,51,2017,6,1,3,0,1,F,1,1610,5,0,1,1,18,2,56,1,0,0,995,0,0,0,59102,9,9,2,4,5,3,2,1,1,1,1,2,0,0,1,8,1,2,9,0,11,4,63,2,1,1,4,J,68,0,0,0,0,0,0,0,0,0,0,215,110,0,0,0,1,1,22,-17,-14,62936,998,-117,24,0,4,99,99,0,99,0,995,9.8,998,998,998,99.8,99.8,99.8,67.0051094567244,12,6
22083,52,91,1-52-2021-091-03,3,3,1GC4K1C86EF1,17,467,1850,60,0,20,880,2014,67,8,60,0,1,9,9,,,,,,,5,56,1,0,0,995,0,0,0,59105,9,9,2,4,4,2,2,1,1,1,1,1,0,0,1,8,1,2,9,0,5,4,66,1,1,1,6,M,98,,,,,,,,,,,,,,,,,,,,,,,,,,,95,95,95,95,,,9.8,998,998,998,99.8,99.8,99.8,67.0051094567244,12,6
22084,52,92,1-52-2021-092-10,10,1,5FPYK1F57BB4,17,474,1866,60,0,37,471,2011,34,5,31,0,1,F,1,2043,5,0,1,1,10,2,56,1,0,0,995,0,0,0,59102,9,9,2,4,3,1,2,1,1,1,1,1,0,0,1,1,1,1,9,0,1,2,17,99,1,1,5,L,88,0,0,0,0,0,0,0,0,0,0,80,10,0,0,0,1,1,11,-10,-6,21935,998,-125,12,0,4,0,0,0,0,0,995,9.8,998,998,998,99.8,99.8,99.8,1398.48511583609,12,6
22084,52,92,1-52-2021-092-10,10,2,1C4RJFBG9FC1,17,483,1949,7,0,2,422,2015,15,3,15,0,1,L,1,2211,5,0,1,2,12,5,56,1,0,0,995,0,0,0,59101,9,9,2,4,3,1,2,1,1,1,1,1,0,0,1,1,1,1,9,0,1,4,66,4,1,1,5,L,89,0,0,0,0,0,0,0,0,0,0,10,80,0,0,0,1,1,12,-2,12,16983,998,-101,12,0,4,95,95,95,95,0,995,9.8,998,998,998,99.8,99.8,99.8,1398.48511583609,12,6
22085,16,45,1-16-2021-045-01,1,1,1D7GG16XX3S3,17,476,1941,60,0,7,472,2003,34,5,31,0,1,T,3,1652,5,0,1,1,26,2,105,1,9,1,0,3,9,1,45242,1,9,0,2,3,2,2,1,1,1,3,3,0,0,1,8,0,0,3,1,1,1,9,99,4,4,1,B,7,1,10,2,1,6,4,54,3,1,66,997,997,0,0,0,2,6,999,999,999,9999999,999,999,999,8,0,3,27,1,1,3,997,3.3,999,999,999,0.0,0.0,0.0,91.0540047206978,5,6
22086,16,46,1-16-2021-046-03,3,1,1FMYU03172KA,17,460,1798,7,0,12,402,2002,14,3,14,0,1,F,1,1357,5,9999,9,0,998,2,56,1,0,0,995,0,0,0,45014,9,9,2,4,5,1,2,2,1,1,0,3,0,0,1,2,1,2,1,0,1,2,17,99,1,1,4,K,83,0,0,0,0,0,0,0,0,0,0,0,260,0,0,0,1,3,7,-7,-3,1919,998,-66,5,0,4,0,0,0,0,0,995,9.8,998,998,998,99.8,99.8,99.8,927.732551073641,5,6