CASEID,PSU,CASENO,CASENUMBER,CATEGORY,VEHNO,VIN,VINLENGTH,VPICMAKE,VPICMODEL,VPICBODYCLASS,ICFINALBODY,MAKE,MODEL,MODELYR,BODYTYPE,BODYCAT,VEHCLASS,SPECUSE,TRANSTAT,DAMPLANE,DAMSEV,CURBWT,CURBSRC,CARGOWT,CARGOSRC,INSPTYPE,INSPLAG,TOWED,SPEEDLIMIT,DRPRESENT,PARALCOHOL,ALCTEST,ALCTESTRESULT,ALCTESTSRC,PARDRUG,DRUGTEST,ZIP,RACE,ETHNICITY,RELTOJUNCT,TRAFFLOW,RDLANES,INITLANE,SURFTYPE,SURFCOND,ALIGNMENT,PROFILE,LINERIGHT,LINELEFT,RUMBINIT,RUMBROAD,LIGHTCOND,WEATHER,TRAFDEV,TRAFFUNCT,DISTRACT,PREFHE,PREMOVE,CRITCAT,CRITEVENT,MANEUVER,PRESTAB,PRELOC,CRASHCAT,CRASHCONF,CRASHTYPE,ROLLTYPE,ROLLTURN,ROLLINTRPT,ROLLPREMAN,ROLLINITYP,ROLLINLOC,ROLLOBJ,ROLLTRIP,ROLLDIR,ROLLDIST,DVANGTHIS,DVANGOTH,TOWHITCH,TRAJDOC,TREEPOLE,DVEVENT,DVBASIS,DVTOTAL,DVLONG,DVLAT,DVENERGY,DVSPEED,DVMOMENT,DVBES,DVEST,DVCONF,VAIS,VISS,VINJURED,VTREAT,INITOBJCLASS,HEADANGLECAT,SHLDRWIDTH,STRKLENGTH,STRKWIDTH,STRKHEIGHT,EDGEDISTX,EDGEDISTY,EDGEDISTZ,CASEWGT,PSUSTRAT,VERSION
22162,66,42,1-66-2021-042-06,6,1,1G6AX5SX8G01,17,469,1825,13,0,19,18,2016,4,1,5,0,1,F,3,1713,5,0,1,1,17,2,113,1,0,1,0,2,7,2,63730,1,2,0,2,2,1,2,1,1,1,1,3,2,3,1,1,0,0,3,1,1,2,13,1,1,4,1,A,1,0,0,0,0,0,0,0,0,0,0,998,998,0,0,0,1,10,999,999,999,9999999,999,7,43,4,0,1,1,0,4,0,998,3.3,999,999,999,99.9,3.3,99.9,266.74927228734,6,6
22163,66,43,1-66-2021-043-03,3,1,3C4PDCAB1JT2,17,476,1939,7,0,7,27,2018,6,1,4,0,1,F,1,1732,5,0,1,1,24,2,113,1,0,0,995,0,7,0,64865,1,2,0,2,2,2,2,1,1,1,3,2,1,3,1,1,0,0,9,0,1,3,51,4,1,1,2,D,24,0,0,0,0,0,0,0,0,0,0,60,55,0,0,0,1,1,16,-16,3,16909,998,-6,15,0,1,2,5,0,4,0,995,9.8,998,998,998,99.8,99.8,99.8,131.162623760207,6,6
22163,66,43,1-66-2021-043-03,3,2,KNMAT2MT1GP6,17,478,1913,8,0,35,51,2016,6,1,3,0,1,B,1,1550,5,0,1,1,25,2,113,1,0,0,995,0,7,0,63146,9,9,0,2,2,2,2,1,1,1,3,2,1,3,1,1,0,0,9,0,1,3,53,1,1,1,2,D,25,0,0,0,0,0,0,0,0,0,0,55,60,0,0,0,1,1,18,18,0,25181,998,-30,19,0,1,1,2,0,4,0,995,2.3,999,999,999,99.9,5.3,99.9,131.162623760207,6,6
22163,66,43,1-66-2021-043-03,3,3,2G11Z5SAXK91,17,467,1833,13,0,20,2,2019,4,1,4,99,1,B,9,1661,5,9999,9,0,998,5,113,1,0,0,995,0,7,0,64453,9,9,0,2,2,2,2,1,1,1,3,2,1,3,1,1,0,0,9,0,5,3,53,99,1,1,6,M,98,0,0,0,0,0,0,0,0,0,0,55,999,0,0,0,2,0,999,999,999,9999999,999,999,999,9,0,95,95,95,95,0,995,9.8,998,998,998,99.8,99.8,99.8,131.162623760207,6,6
22163,66,43,1-66-2021-043-03,3,4,5J6RW6H38HL0,17,474,1865,7,0,37,402,2017,14,3,14,99,1,B,9,1580,5,9999,9,0,998,5,113,1,0,0,995,0,7,0,64801,9,9,0,2,2,1,2,1,1,1,1,3,2,3,1,1,0,0,9,0,5,3,53,99,1,1,6,M,98,0,0,0,0,0,0,0,0,0,0,55,999,0,0,0,3,0,999,999,999,9999999,999,999,999,9,0,95,95,95,95,0,995,9.8,998,998,998,99.8,99.8,99.8,131.162623760207,6,6
22164,28,41,1-28-2021-041-07,7,1,3GTU2UEC0FG5,17,472,1857,60,0,23,481,2015,34,5,31,0,1,T,1,2394,5,0,1,1,26,2,56,1,0,1,0,1,0,0,17529,9,9,0,4,2,1,2,1,2,2,0,2,0,0,2,1,0,0,3,1,14,2,12,1,1,4,1,B,6,1,1,1,2,5,4,31,4,2,6,996,996,0,0,1,2,7,999,999,999,9999999,999,999,999,6,0,0,0,0,0,2,996,0.0,22,22,-120,23.0,2.6,24.0,350.028548558498,3,6
22165,28,42,1-28-2021-042-03,3,1,1FTEW1EP4KFB,17,460,1801,60,0,12,481,2019,34,5,31,0,1,F,1,2130,5,0,1,1,34,2,40,1,1,8,997,8,0,0,16901,1,2,0,4,2,1,2,1,3,1,0,2,0,0,3,1,6,2,9,1,14,2,13,7,2,4,1,A,1,0,0,0,0,0,0,0,0,0,0,998,998,0,0,0,2,1,15,-15,-3,25169,998,-101,15,0,1,1,1,0,4,0,998,0.0,999,999,999,99.9,99.9,99.9,61.877054575055,3,6
22168,32,71,1-32-2021-071-03,3,1,JN8AZ1MU7BW0,17,478,1914,8,0,35,49,2011,6,1,4,0,1,L,1,1891,5,0,1,1,29,2,48,1,0,0,995,0,0,0,75243,2,9,2,4,2,1,2,1,1,1,0,0,0,0,1,1,2,2,9,0,1,2,17,1,1,1,5,L,87,0,0,0,0,0,0,0,0,0,0,310,40,0,0,0,2,3,19,0,19,39655,998,-22,22,0,4,0,0,0,0,0,995,9.8,998,998,998,99.8,99.8,99.8,1431.54663513276,7,6
22168,32,71,1-32-2021-071-03,3,2,1HGCP2F42BA1,17,474,1861,13,0,37,32,2011,4,1,4,0,1,F,1,1621,5,0,1,1,8,2,48,1,0,0,995,0,0,0,75204,3,2,2,3,4,2,2,1,1,1,3,3,0,0,1,1,0,0,9,0,1,4,66,1,1,1,5,L,86,0,0,0,0,0,0,0,0,0,0,130,220,0,0,0,1,1,18,-16,9,42030,998,66,23,0,4,3,9,1,3,0,995,9.8,998,998,998,99.8,99.8,99.8,1431.54663513276,7,6
22168,32,71,1-32-2021-071-03,3,3,2C3CDXBG1KH6,17,476,1895,13,0,7,24,2019,4,1,5,0,1,F,1,1785,5,120,1,1,9,2,48,1,0,0,995,0,0,0,76119,2,2,2,3,2,1,2,1,1,1,0,0,0,0,1,1,2,2,9,0,5,4,62,1,1,1,6,M,98,0,0,0,0,0,0,0,0,0,0,40,310,0,0,0,2,3,19,-19,0,15884,998,-18,14,0,4,1,1,0,4,0,995,9.8,998,998,998,99.8,99.8,99.8,1431.54663513276,7,6
22169,32,72,1-32-2021-072-03,3,1,3GNMCGE0XDG1,17,467,3876,119,0,20,482,2013,34,5,31,0,1,F,2,2466,5,0,1,1,8,2,72,1,0,0,995,0,0,0,75052,1,9,2,1,3,1,1,1,1,2,1,3,0,0,1,1,1,2,9,0,1,2,17,1,1,1,5,L,89,0,0,0,0,0,0,0,0,0,0,998,998,0,0,1,2,12,999,999,999,9999999,999,999,999,7,0,0,0,0,0,0,998,0.0,30,30,49,5.8,1.4,5.9,1431.54663515854,7,6
22169,32,72,1-32-2021-072-03,3,2,3N1AB7AP5HY4,17,478,1907,13,0,35,43,2017,4,1,3,0,1,F,3,1300,5,0,1,1,9,2,121,1,0,0,995,0,0,0,75116,9,1,2,1,3,2,1,1,1,2,3,3,0,0,1,1,1,2,9,0,1,4,66,8,1,1,5,L,88,0,0,0,0,0,0,0,0,0,0,30,275,0,0,0,1,3,85,-84,-15,177847,998,-30,57,0,4,9,97,0,0,0,995,9.8,998,998,998,99.8,99.8,99.8,1431.54663515854,7,6
22170,14,38,1-14-2021-038-02,2,1,WAUH3AFC7JN1,17,582,3148,13,0,32,42,2018,4,1,5,0,1,R,1,1861,5,0,1,1,26,2,89,1,0,0,995,0,0,0,78132,1,2,2,5,5,3,2,1,1,1,4,4,0,0,1,1,0,0,1,0,11,2,15,7,1,1,4,J,68,0,0,0,0,0,0,0,0,0,0,300,160,0,0,0,1,3,18,-11,-14,42001,998,115,19,0,4,2,5,0,3,0,995,9.8,998,998,998,99.8,99.8,99.8,206.051907504817,8,6
22170,14,38,1-14-2021-038-02,2,2,1FTRF12258KB,17,460,1801,60,0,12,481,2008,34,5,31,0,1,F,1,2158,5,9999,9,0,998,2,89,1,0,0,995,0,0,0,78133,1,2,2,5,5,2,2,1,1,1,3,2,0,0,1,1,0,0,9,0,1,4,62,99,1,1,4,J,69,1,1,2,5,7,1,1,9,2,20,160,300,0,0,0,1,3,15,-15,-3,16660,998,-39,13,0,4,1,1,0,8,1,995,9.8,998,998,998,99.8,99.8,99.8,206.051907504817,8,6
22171,14,39,1-14-2021-039-09,9,1,3D7LX38C06G2,17,476,1938,60,0,7,482,2006,34,5,31,0,1,F,9,3041,5,9999,9,0,998,2,72,1,0,0,995,0,0,0,78163,1,9,2,2,2,1,2,2,1,4,0,2,0,0,1,2,2,2,9,0,11,2,15,99,1,1,4,K,82,0,0,0,0,0,0,0,0,0,0,340,100,0,0,0,1,0,999,999,999,9999999,999,999,999,9,0,0,0,0,0,0,995,9.8,998,998,998,99.8,99.8,99.8,11176.3811628998,8,6
22171,14,39,1-14-2021-039-09,9,2,JHLRE38777C0,17,474,1865,7,0,37,402,2007,14,3,14,0,1,R,1,1604,5,0,1,1,37,2,72,1,0,0,995,0,0,0,78163,1,9,2,5,4,3,2,2,1,2,4,4,0,0,1,2,0,0,9,0,1,4,67,99,1,1,4,K,83,0,0,0,0,0,0,0,0,0,0,100,340,0,0,0,1,12,999,999,999,9999999,999,999,14,2,0,9,97,0,8,0,995,9.8,998,998,998,99.8,99.8,99.8,11176.3811628998,8,6
22172,16,47,1-16-2021-047-05,5,1,2LMDJ6JKXDBL,17,464,1813,7,0,13,14,2013,6,1,4,0,1,R,3,2008,5,0,1,1,12,2,56,1,0,0,995,0,0,0,45140,9,9,2,4,2,1,2,1,1,1,1,2,0,0,1,1,2,2,1,0,1,4,66,1,1,1,5,L,87,0,0,0,0,0,0,0,0,0,0,185,90,0,0,0,1,12,999,999,999,9999999,999,999,999,4,0,9,97,0,8,0,995,9.8,998,998,998,99.8,99.8,99.8,97.1651461007827,5,6
22172,16,47,1-16-2021-047-05,5,2,1G1JC6SH0E41,17,467,1835,13,0,20,28,2014,5,1,1,0,1,F,2,1259,5,0,1,1,12,2,56,1,0,0,995,0,0,0,45213,9,9,2,4,2,1,2,1,1,1,1,2,0,0,1,1,2,2,1,0,1,2,17,2,1,1,5,L,86,0,0,0,0,0,0,0,0,0,0,90,185,0,0,0,1,12,999,999,999,9999999,999,999,999,3,0,9,97,0,8,0,995,9.8,998,998,998,99.8,99.8,99.8,97.1651461007827,5,6
22174,18,44,1-18-2021-044-08,8,1,2G2WP5525811,17,536,4262,13,0,22,20,2008,4,1,4,0,1,R,2,1577,5,0,1,1,8,2,72,1,0,0,995,0,0,0,54701,1,9,2,1,4,4,1,1,1,1,1,2,0,0,1,1,1,2,1,0,11,2,15,99,1,1,4,J,68,0,0,0,0,0,0,0,0,0,0,350,225,0,0,0,1,1,26,-17,-20,13569,998,-39,14,0,1,9,97,0,99,0,995,9.8,998,998,998,99.8,99.8,99.8,259.864808494275,6,6
22174,18,44,1-18-2021-044-08,8,2,1G8AJ55F67Z1,17,1056,4781,13,0,24,7,2007,4,1,2,0,1,F,2,1221,5,0,1,1,9,2,72,1,0,0,995,0,0,0,54729,1,9,2,1,4,1,1,1,1,1,1,3,0,0,1,1,1,2,1,0,1,4,62,2,1,1,4,J,69,0,0,0,0,0,0,0,0,0,0,225,350,0,0,0,1,1,35,-35,6,96010,998,11,44,0,1,9,97,0,8,0,995,9.8,998,998,998,99.8,99.8,99.8,259.864808494275,6,6
22176,76,38,1-76-2021-038-09,9,1,1HGEM21943L0,17,474,1863,3,0,37,31,2003,2,1,2,0,1,L,2,1159,8,0,1,1,34,2,89,1,8,9,998,8,7,9,12058,9,9,0,4,2,1,2,2,1,1,1,2,1,0,2,2,0,0,9,1,1,2,13,99,9,4,1,A,3,1,2,1,2,1,4,61,1,2,9,997,997,0,1,0,2,6,999,999,999,9999999,999,999,999,7,0,9,97,0,99,3,997,1.8,120,120,-31,4.1,1.1,4.2,163.512047750751,3,6
22177,76,39,1-76-2021-039-08,8,1,3D7UT2CL6BG5,17,476,1938,60,0,7,482,2011,34,5,31,0,1,F,3,2878,5,9999,9,5,6,2,89,1,1,9,998,8,7,9,12477,9,9,0,4,2,1,2,2,3,1,0,0,0,0,2,1,0,0,9,1,14,1,6,99,2,4,1,A,2,0,0,0,0,0,0,0,0,0,0,998,998,0,1,1,1,1,58,-57,-10,410062,998,-55,58,0,4,9,0,0,8,0,998,0.0,68,68,120,33.3,0.9,33.4,25.676928183359,3,6
22178,73,46,1-73-2021-046-05,5,1,5N1AZ2MH0GN1,17,478,1914,8,0,35,49,2016,6,1,4,0,1,F,3,1787,5,0,1,1,17,2,72,1,1,8,997,8,7,0,04406,9,9,0,4,2,1,2,1,1,1,1,4,0,0,2,1,0,0,1,1,1,2,12,99,1,4,1,B,6,1,1,1,2,1,4,61,1,2,5,998,998,0,0,0,1,12,999,999,999,9999999,999,999,999,8,0,1,1,0,4,3,998,0.3,999,999,999,99.9,99.9,99.9,36.6836542679149,3,6
22180,23,56,1-23-2021-056-04,4,1,5UX2V5C07M9F,17,452,5992,7,0,34,49,2021,5,1,4,0,1,F,9,1943,8,9999,9,0,998,2,113,1,0,0,995,0,0,0,43021,9,9,0,2,3,3,2,1,1,1,3,2,1,3,5,1,0,0,1,0,1,6,90,99,1,2,1,C,12,0,0,0,0,0,0,0,0,0,0,998,998,0,0,0,1,0,999,999,999,9999999,999,999,999,9,0,0,0,0,0,0,998,9.8,998,998,998,99.8,99.8,99.8,1481.89200374891,5,6
22181,23,57,1-23-2021-057-07,7,1,5NPDH4AE0CH1,17,498,2735,13,0,55,35,2012,4,1,3,0,1,F,2,1265,5,9999,9,4,47,2,72,1,0,0,995,0,0,0,43074,9,9,2,4,3,2,2,1,1,1,1,2,0,0,1,1,1,2,3,0,1,3,50,99,1,1,2,D,20,0,0,0,0,0,0,0,0,0,0,130,130,0,0,0,1,12,999,999,999,9999999,999,999,999,7,0,0,0,0,0,0,995,9.8,998,998,998,99.8,99.8,99.8,2622.98396488348,5,6
22181,23,57,1-23-2021-057-07,7,2,1FTFX1E50JFE,17,460,1801,60,0,12,481,2018,34,5,31,0,1,B,9,2081,5,9999,9,0,998,5,72,1,0,0,995,0,0,0,43074,9,9,2,4,3,2,2,1,1,1,1,2,0,0,1,1,1,2,1,0,5,3,53,99,1,1,2,D,22,0,0,0,0,0,0,0,0,0,0,130,130,0,0,0,1,0,999,999,999,9999999,999,999,999,9,0,95,95,95,95,0,995,9.8,998,998,998,99.8,99.8,99.8,2622.98396488348,5,6
22182,19,85,1-19-2021-085-06,6,1,1C4NJCBA0GD5,17,483,1946,7,0,2,1,2016,6,1,2,0,1,R,1,1405,5,0,1,1,7,2,40,1,0,0,995,0,0,0,35901,1,2,2,4,2,1,2,1,1,4,0,0,0,0,1,1,2,2,2,0,1,2,17,1,1,1,5,L,87,0,0,0,0,0,0,0,0,0,0,130,40,0,1,0,1,3,8,-4,-7,5943,998,-74,9,0,4,0,0,0,8,0,995,0.0,45,40,72,1.7,1.9,2.6,118.331921758663,9,6
22182,19,85,1-19-2021-085-06,6,2,CCU189Z15340,13,467,11502,7,0,20,421,1979,15,3,15,0,1,F,1,1832,4,46,1,1,7,2,56,1,0,0,995,0,0,0,35904,1,9,2,4,2,1,2,1,1,1,0,2,0,0,1,1,0,0,9,0,1,4,66,99,1,1,5,L,86,0,0,0,0,0,0,0,0,0,0,998,998,0,1,1,5,1,23,-23,0,45947,998,-61,22,0,4,0,0,0,0,0,998,0.0,999,999,999,1.3,0.8,1.8,118.331921758663,9,6
22184,19,87,1-19-2021-087-04,4,1,1N4AL3AP7HC1,17,478,1904,13,0,35,47,2017,4,1,4,0,1,F,2,1453,5,0,1,1,3,2,72,1,9,0,995,0,9,0,99999,9,9,0,1,2,1,2,1,2,1,3,2,0,0,2,1,0,0,9,1,14,2,13,99,2,4,1,A,1,1,2,2,1,1,4,61,1,1,11,998,998,0,1,2,1,10,999,999,999,9999999,999,-64,26,3,0,99,99,0,99,3,998,3.3,30,30,999,10.6,2.2,10.7,197.579008281252,9,6
22185,19,88,1-19-2021-088-08,8,1,1G1JC52F5372,17,467,8834,13,0,20,16,2003,4,1,2,0,1,9,9,1214,5,9999,9,0,998,2,89,1,9,0,995,0,9,0,35672,1,9,0,4,2,1,2,1,1,1,1,4,0,0,1,8,0,0,9,1,1,2,12,1,1,4,1,B,6,1,2,2,2,1,4,61,1,1,8,999,999,0,1,0,99,0,999,999,999,9999999,999,999,999,9,0,3,10,1,3,3,999,0.3,120,120,-38,56.0,4.0,56.3,126.407858510741,9,6
22186,27,49,1-27-2021-049-06,6,1,4T4BF1FK6GR5,17,448,2469,13,0,49,40,2016,4,1,4,0,1,F,1,1467,5,0,1,1,3,2,48,1,0,0,995,0,0,0,01201,9,9,0,4,2,1,2,1,1,4,1,2,0,0,1,1,0,0,9,0,1,3,50,4,1,1,2,D,20,0,0,0,0,0,0,0,0,0,0,105,105,0,0,0,1,1,18,-18,0,18102,998,-31,17,0,1,0,0,0,0,0,995,9.8,998,998,998,99.8,99.8,99.8,91.7986612105734,3,6
22186,27,49,1-27-2021-049-06,6,2,1D7HG48N54S5,17,476,1941,60,0,7,472,2004,34,5,30,0,1,B,1,2034,5,91,2,1,8,2,48,1,0,0,995,0,0,0,01201,1,2,0,4,2,1,2,1,1,4,1,2,0,0,1,1,0,0,1,0,5,3,53,1,1,1,2,D,21,0,0,0,0,0,0,0,0,0,0,105,105,0,0,0,1,1,12,12,0,14777,998,-3,13,0,1,1,1,0,0,0,995,9.8,998,998,998,99.8,99.8,99.8,91.7986612105734,3,6
22186,27,49,1-27-2021-049-06,6,3,2T3BFREV2FW3,17,448,2217,7,0,49,402,2015,14,3,14,0,1,B,2,1600,5,0,1,1,3,2,48,1,0,0,995,0,0,0,01201,9,9,0,4,2,1,2,1,1,4,1,2,0,0,1,1,0,0,1,0,2,3,53,99,1,1,6,M,98,0,0,0,0,0,0,0,0,0,0,105,105,0,0,0,2,3,34,34,0,44918,998,0,26,0,4,99,99,0,99,0,995,9.8,998,998,998,99.8,99.8,99.8,91.7986612105734,3,6
22188,31,40,1-31-2021-040-07,7,1,1C3CCCABXFN5,17,477,2053,13,0,6,18,2015,4,1,3,0,1,F,1,1575,5,0,1,1,34,2,56,1,0,0,995,0,0,0,62806,9,9,0,4,2,1,2,1,1,1,1,4,0,0,2,1,0,0,9,1,1,2,11,8,1,4,6,M,98,0,0,0,0,0,0,0,0,0,0,15,5,0,0,0,1,98,999,999,999,9999999,999,999,999,6,0,0,0,0,0,0,995,9.8,998,998,998,99.8,99.8,99.8,1601.80683443835,6,6
22188,31,40,1-31-2021-040-07,7,2,2G1WF52E1592,17,467,1833,13,0,20,2,2005,4,1,4,0,2,9,9,1572,5,9999,9,0,998,,,,,,,,,,,,,,,,,,,,,,,,,,,,,,,,,,,,,,,,,,,,,,,,,,,,,,,,,,,,,,,,,,95,95,95,95,,,,,,,,,,1601.80683443835,6,6
22189,31,41,1-31-2021-041-03,3,1,3GKALTEXXJL2,17,472,1858,7,0,23,402,2018,14,3,14,0,1,T,1,1580,5,0,1,1,9,2,113,1,0,0,995,0,0,0,65049,9,9,0,1,2,1,2,2,1,1,1,3,2,3,2,2,0,0,9,1,1,1,6,2,3,4,1,A,2,1,4,2,6,1,4,61,1,2,20,997,997,0,0,0,2,6,999,999,999,9999999,999,999,999,6,0,9,97,0,99,3,997,9.8,998,998,998,99.8,99.8,99.8,268.374301828596,6,6
22190,27,50,1-27-2021-050-03,3,1,1N4AL2AP9BN4,17,478,1904,13,0,35,47,2011,4,1,4,0,1,F,1,1437,5,0,1,1,8,2,48,1,8,9,998,8,7,9,01201,9,9,3,4,2,1,2,1,1,2,0,2,0,0,1,1,0,0,9,0,11,2,15,99,1,1,4,J,68,0,0,0,0,0,0,0,0,0,0,155,10,0,0,0,1,3,22,-21,-8,25820,998,-65,19,0,4,0,0,0,0,0,995,9.8,998,998,998,99.8,99.8,99.8,45.1380922572235,3,6
22190,27,50,1-27-2021-050-03,3,2,19XFC1F36LE2,17,474,1863,13,0,37,31,2020,4,1,3,0,1,F,2,1252,5,0,1,3,8,2,48,1,8,0,995,0,7,0,01240,1,2,3,4,2,1,2,1,1,4,0,2,0,0,1,1,0,0,1,0,1,4,62,4,1,1,4,J,69,0,0,0,0,0,0,0,0,0,0,10,155,0,0,0,1,3,25,-25,4,42267,998,34,28,0,4,1,1,0,4,0,995,9.8,998,998,998,99.8,99.8,99.8,45.1380922572235,3,6
22191,18,46,1-18-2021-046-04,4,1,JTDEPMAE2MJ1,17,448,2208,13,0,49,32,2021,4,1,3,0,1,F,1,1315,5,0,1,1,6,2,999,1,0,0,995,0,0,0,54801,1,2,0,1,2,1,2,1,1,1,1,3,2,3,4,1,0,0,9,0,1,6,87,4,2,1,1,C,13,0,0,0,0,0,0,0,0,0,0,998,998,0,0,0,1,12,999,999,999,9999999,999,999,999,6,0,0,0,0,0,0,998,9.8,998,998,998,99.8,99.8,99.8,781.724515854782,6,6
22192,20,63,1-20-2021-063-03,3,1,4T1B61HK2KU2,17,448,2469,13,0,49,40,2019,4,1,4,0,1,R,2,1520,5,0,1,1,15,2,89,1,0,0,995,0,0,0,95076,1,1,2,1,3,2,2,1,1,1,2,3,0,0,1,1,0,0,2,0,11,2,15,1,1,1,4,J,68,0,0,0,0,0,0,0,0,0,0,265,200,0,0,0,1,12,999,999,999,9999999,999,999,999,7,0,2,4,0,6,0,995,9.8,998,998,998,99.8,99.8,99.8,245.042589745216,11,6
22192,20,63,1-20-2021-063-03,3,2,3C6UD5HL8CG1,17,476,1938,60,0,7,482,2012,34,5,31,0,1,F,2,2878,8,0,1,1,14,2,89,1,0,0,995,0,0,0,93906,1,1,2,1,2,1,2,1,1,1,1,3,0,0,1,1,0,0,1,0,1,4,62,4,2,1,4,J,69,0,0,0,0,0,0,0,0,0,0,200,265,0,0,0,1,12,999,999,999,9999999,999,999,999,7,0,0,0,0,0,0,995,9.8,998,998,998,99.8,99.8,99.8,245.042589745216,11,6
22192,20,63,1-20-2021-063-03,3,3,4T1BF1FK9EU3,17,448,2469,13,0,49,40,2014,4,1,3,0,1,F,1,1441,5,0,1,5,19,5,40,1,0,0,995,0,0,0,95076,9,9,2,4,2,1,2,1,1,1,0,1,0,0,1,1,2,2,1,0,5,4,62,1,1,1,6,M,98,0,0,0,0,0,0,0,0,0,0,65,220,0,0,0,3,3,14,-13,2,8700,998,17,12,0,4,95,95,95,95,0,995,9.8,998,998,998,99.8,99.8,99.8,245.042589745216,11,6
22193,20,64,1-20-2021-064-03,3,1,1GCJK336X7F5,17,467,1850,60,0,20,880,2007,67,8,60,0,1,F,9,,,,,,,2,72,1,0,0,995,0,0,0,95004,9,9,0,5,3,2,2,1,2,4,4,4,0,0,1,1,0,0,9,0,14,3,50,8,1,1,2,D,20,,,,,,,,,,,,,,,,,,,,,,,,,,,95,95,95,95,,,9.8,998,998,998,99.8,99.8,99.8,245.042589745216,11,6
22193,20,64,1-20-2021-064-03,3,2,4S3GTAD67K37,17,523,2235,5,0,48,38,2019,5,1,3,0,1,B,1,1382,5,0,1,1,17,2,72,1,0,0,995,0,0,0,94521,3,9,0,5,3,2,2,1,2,4,4,4,0,0,1,1,0,0,1,0,5,3,53,1,1,1,2,D,22,0,0,0,0,0,0,0,0,0,0,240,255,0,0,0,1,5,999,999,999,9999999,999,999,999,6,0,99,99,0,99,0,995,9.8,998,998,998,99.8,99.8,99.8,245.042589745216,11,6
22194,20,65,1-20-2021-065-05,5,1,1HGCR2F36EA0,17,474,1861,13,0,37,32,2014,4,1,4,0,1,F,3,1496,5,46,1,1,11,2,56,1,1,1,218,2,9,1,95076,1,1,0,4,2,1,2,1,3,4,1,2,0,0,2,1,0,0,3,1,14,2,13,7,1,4,1,C,11,0,0,0,0,0,0,0,0,0,0,0,10,0,0,0,1,3,41,-40,-7,113795,998,13,42,0,4,2,12,0,3,0,995,9.8,998,998,998,99.8,99.8,99.8,41.7682909515469,11,6
22194,20,65,1-20-2021-065-05,5,2,1C4PJLAB9HW6,17,483,1945,7,0,2,404,2017,14,3,14,0,2,B,3,1669,5,9999,9,0,998,,,,,,,,,,,,,,,,,,,,,,,,,,,,,,,,,,,,,,,,,,,,,,,,,,,,,,,,,,,,,,,,,,95,95,95,95,,,,,,,,,,41.7682909515469,11,6
22195,29,49,1-29-2021-049-06,6,1,1FADP3F22GL3,17,460,1779,13,0,12,37,2016,4,1,3,0,1,F,2,1340,5,9999,9,4,26,2,40,1,0,0,995,0,0,0,02771,9,9,2,4,2,1,2,1,3,1,1,2,0,0,5,1,6,2,9,1,14,2,13,99,1,4,1,A,1,0,0,0,0,0,0,0,0,0,0,998,998,0,1,7,1,12,999,999,999,9999999,999,999,999,7,0,9,97,0,5,0,998,0.4,999,999,999,2.4,0.9,2.7,130.802056461299,2,6
22196,29,50,1-29-2021-050-04,4,1,1HGFA15816L0,17,474,1863,13,0,37,31,2006,4,1,3,0,1,R,1,1224,5,9999,9,0,998,2,40,1,8,0,995,0,7,0,02744,9,9,2,3,1,1,2,1,1,1,0,0,0,0,1,1,2,2,1,0,1,2,17,99,1,1,5,L,87,0,0,0,0,0,0,0,0,0,0,115,35,0,0,0,1,3,18,0,-18,24612,998,32,21,0,4,0,0,0,0,0,995,9.8,998,998,998,99.8,99.8,99.8,209.100855941399,2,6
22196,29,50,1-29-2021-050-04,4,2,SHHFK7H84HU4,17,474,1863,5,0,37,31,2017,5,1,3,0,1,F,1,1350,8,0,1,1,6,2,40,1,8,0,995,0,7,0,02740,9,9,2,3,1,1,2,1,1,1,0,0,0,0,1,1,0,0,1,0,1,4,66,4,1,1,5,L,86,0,0,0,0,0,0,0,0,0,0,35,115,0,0,0,1,3,17,-17,3,10609,998,34,13,0,4,0,0,0,0,0,995,9.8,998,998,998,99.8,99.8,99.8,209.100855941399,2,6
22197,22,70,1-22-2021-070-03,3,1,2C3CCARG3MH5,17,477,1878,13,0,6,51,2021,4,1,5,0,1,F,2,1935,5,0,1,1,2,2,56,1,0,0,995,0,0,0,83524,1,2,2,4,5,1,2,1,1,1,0,3,0,0,1,1,1,2,1,0,1,2,17,7,1,1,4,K,83,0,0,0,0,0,0,0,0,0,0,120,50,0,1,0,1,8,999,999,999,9999999,999,999,999,7,0,1,1,0,4,0,995,0.0,47,15,12,0.0,0.0,0.0,72.9996550584798,12,6
22197,22,70,1-22-2021-070-03,3,2,JTEBU5JR2L57,17,448,2216,7,0,49,401,2020,14,3,14,0,1,L,2,2111,5,0,1,1,2,2,40,1,0,0,995,0,0,0,83501,1,2,2,4,3,2,2,1,1,1,1,2,0,0,1,1,1,2,1,0,11,4,66,4,1,1,4,K,82,0,0,0,0,0,0,0,0,0,0,50,120,0,1,0,1,8,999,999,999,9999999,999,999,999,7,0,0,0,0,0,0,995,9.8,998,998,998,99.8,99.8,99.8,72.9996550584798,12,6
22198,22,71,1-22-2021-071-03,3,1,1FADP3E22JL3,17,460,1779,13,0,12,37,2018,4,1,3,0,1,F,3,1340,5,0,1,1,13,2,40,1,0,0,995,0,0,0,83843,1,2,3,4,2,1,2,1,1,1,0,0,0,0,1,1,0,0,3,1,11,2,15,1,1,2,3,G,50,0,0,0,0,0,0,0,0,0,0,75,250,0,0,0,1,98,999,999,999,9999999,999,999,999,8,0,1,1,0,4,0,995,9.8,998,998,998,99.8,99.8,99.8,72.9996550945522,12,6