CASEID,PSU,CASENO,CASENUMBER,CATEGORY,VEHNO,VIN,VINLENGTH,VPICMAKE,VPICMODEL,VPICBODYCLASS,ICFINALBODY,MAKE,MODEL,MODELYR,BODYTYPE,BODYCAT,VEHCLASS,SPECUSE,TRANSTAT,DAMPLANE,DAMSEV,CURBWT,CURBSRC,CARGOWT,CARGOSRC,INSPTYPE,INSPLAG,TOWED,SPEEDLIMIT,DRPRESENT,PARALCOHOL,ALCTEST,ALCTESTRESULT,ALCTESTSRC,PARDRUG,DRUGTEST,ZIP,RACE,ETHNICITY,RELTOJUNCT,TRAFFLOW,RDLANES,INITLANE,SURFTYPE,SURFCOND,ALIGNMENT,PROFILE,LINERIGHT,LINELEFT,RUMBINIT,RUMBROAD,LIGHTCOND,WEATHER,TRAFDEV,TRAFFUNCT,DISTRACT,PREFHE,PREMOVE,CRITCAT,CRITEVENT,MANEUVER,PRESTAB,PRELOC,CRASHCAT,CRASHCONF,CRASHTYPE,ROLLTYPE,ROLLTURN,ROLLINTRPT,ROLLPREMAN,ROLLINITYP,ROLLINLOC,ROLLOBJ,ROLLTRIP,ROLLDIR,ROLLDIST,DVANGTHIS,DVANGOTH,TOWHITCH,TRAJDOC,TREEPOLE,DVEVENT,DVBASIS,DVTOTAL,DVLONG,DVLAT,DVENERGY,DVSPEED,DVMOMENT,DVBES,DVEST,DVCONF,VAIS,VISS,VINJURED,VTREAT,INITOBJCLASS,HEADANGLECAT,SHLDRWIDTH,STRKLENGTH,STRKWIDTH,STRKHEIGHT,EDGEDISTX,EDGEDISTY,EDGEDISTZ,CASEWGT,PSUSTRAT,VERSION
22376,26,84,1-26-2021-084-03,3,1,7FARW1H93KE0,17,474,1865,7,0,37,402,2019,14,3,14,0,1,F,2,1502,5,0,1,1,53,2,56,1,0,0,995,0,0,0,95831,1,2,0,4,2,1,2,1,1,1,1,2,0,0,1,1,0,0,3,1,1,2,13,1,1,4,1,A,1,0,0,0,0,0,0,0,0,0,0,345,355,0,0,0,3,12,999,999,999,9999999,999,999,999,7,0,1,1,0,6,0,995,2.3,56,55,60,18.5,3.5,19.1,507.177657353928,10,6
22376,26,84,1-26-2021-084-03,3,2,5YFEPRAE7LP0,17,448,2208,13,0,49,32,2020,4,1,3,0,2,B,2,1315,5,9999,9,4,54,,,,,,,,,,,,,,,,,,,,,,,,,,,,,,,,,,,,,,,,,,,,,,,,,,,,,,,,,,,,,,,,,,95,95,95,95,,,,,,,,,,507.177657353928,10,6
22377,26,85,1-26-2021-085-03,3,1,2C4RDGEG5KR6,17,476,14832,2,0,7,442,2019,20,4,20,0,1,F,1,2050,5,9999,9,4,32,2,999,1,0,0,995,0,0,0,95843,1,2,2,3,3,2,2,1,1,1,3,3,0,0,3,1,1,2,1,0,1,2,17,3,1,1,5,L,86,0,0,0,0,0,0,0,0,0,0,350,80,0,0,0,1,12,999,999,999,9999999,999,999,999,6,0,1,1,0,0,0,995,9.8,998,998,998,99.8,99.8,99.8,507.177657353928,10,6
22377,26,85,1-26-2021-085-03,3,2,1HGCV2F58JA0,17,474,1861,13,0,37,32,2018,4,1,4,0,1,R,9,1462,5,9999,9,0,998,5,999,1,0,0,995,0,0,0,95624,9,9,2,3,3,2,2,1,1,1,3,3,0,0,3,1,1,2,1,0,1,4,66,1,1,1,5,L,87,0,0,0,0,0,0,0,0,0,0,80,350,0,0,0,1,0,999,999,999,9999999,999,999,999,9,0,95,95,95,95,0,995,9.8,998,998,998,99.8,99.8,99.8,507.177657353928,10,6
22378,26,86,1-26-2021-086-03,3,1,ZACCJABB8JPG,17,483,6160,7,0,2,408,2018,14,3,14,0,1,F,1,1372,5,0,1,1,20,2,56,1,0,0,995,0,0,0,95824,2,9,3,5,4,2,2,1,1,1,4,4,0,0,1,1,0,0,1,0,1,4,72,2,1,1,4,K,83,0,0,0,0,0,0,0,0,0,0,335,210,0,0,0,1,1,10,-9,-3,9765,998,-87,11,0,1,1,3,0,6,0,995,9.8,998,998,998,99.8,99.8,99.8,507.177657353928,10,6
22378,26,86,1-26-2021-086-03,3,2,1FAHP33N28W1,17,460,1779,3,0,12,37,2008,2,1,2,0,1,L,1,1173,5,0,1,1,21,2,56,1,0,0,995,0,0,0,95831,9,1,3,4,2,1,2,1,1,1,0,0,0,0,1,1,0,0,1,0,11,2,15,1,1,1,4,K,82,0,0,0,0,0,0,0,0,0,0,210,335,0,0,0,1,1,12,-9,7,4891,998,26,10,0,1,99,99,0,99,0,995,9.8,998,998,998,99.8,99.8,99.8,507.177657353928,10,6
22379,26,87,1-26-2021-087-01,1,1,KNADC1257362,17,499,2299,13,0,63,32,2003,4,1,1,0,1,F,3,1090,5,0,1,1,51,2,72,1,1,1,231,3,9,2,95670,2,9,0,1,4,1,2,1,1,1,1,3,0,0,1,1,0,0,9,1,1,2,13,99,1,4,1,A,1,0,0,0,0,0,0,0,0,0,0,998,998,0,1,1,1,1,61,-61,0,181582,998,36,61,0,1,1,1,0,1,0,998,1.4,30,30,999,0.0,0.0,0.0,53.3431851658322,10,6
22380,21,89,1-21-2021-089-04,4,1,4T1B11HK1JU5,17,448,2469,13,0,49,40,2018,4,1,4,0,1,9,9,1470,5,9999,9,0,998,2,89,1,0,0,995,0,0,0,91789,3,9,0,2,3,3,2,1,1,1,3,2,0,0,2,1,0,0,9,1,1,3,50,4,1,2,6,M,98,0,0,0,0,0,0,0,0,0,0,250,30,0,0,0,1,0,999,999,999,9999999,999,999,999,9,0,0,0,0,0,0,995,9.8,998,998,998,99.8,99.8,99.8,1305.52962733293,11,6
22380,21,89,1-21-2021-089-04,4,2,2HGFA1F56AH3,17,474,1863,13,0,37,31,2010,4,1,3,0,1,9,9,1199,5,9999,9,0,998,2,89,0,7,7,887,6,8,8,99998,8,8,0,2,3,3,2,1,1,1,3,2,0,0,2,1,0,0,0,8,0,3,54,0,0,0,6,M,98,0,0,0,0,0,0,0,0,0,0,30,250,0,0,0,1,0,999,999,999,9999999,999,999,999,9,0,0,0,0,0,0,995,9.8,998,998,998,99.8,99.8,99.8,1305.52962733293,11,6
22381,21,90,1-21-2021-090-05,5,1,2A4RR5DG6BR6,17,477,1936,2,0,6,441,2011,20,4,20,0,1,F,1,2046,5,9999,9,0,998,2,56,1,9,0,995,0,9,0,99999,9,9,2,5,3,1,2,1,1,1,0,2,0,0,3,1,3,2,9,1,1,2,12,1,1,4,1,B,6,0,0,0,0,0,0,0,0,0,0,325,245,0,0,0,2,3,10,-10,-2,7619,998,-40,9,0,4,99,99,0,99,0,995,2.0,25,15,20,0.0,0.0,0.0,89.9087267080456,11,6
22381,21,90,1-21-2021-090-05,5,2,NM0LS7AN6DT1,17,460,1811,9,0,12,444,2013,20,4,20,0,1,L,1,1538,5,0,1,5,26,2,56,1,0,1,0,2,0,0,92410,3,2,2,5,3,1,2,1,1,1,0,2,0,0,3,1,3,2,1,0,10,4,60,1,1,1,6,M,98,0,0,0,0,0,0,0,0,0,0,245,325,0,0,0,2,3,13,0,13,17593,998,100,14,0,4,3,10,1,3,0,995,2.0,20,15,20,0.0,0.0,0.0,89.9087267080456,11,6
22381,21,90,1-21-2021-090-05,5,3,1FADP3FEXHL2,17,460,1779,13,0,12,37,2017,4,1,3,0,2,B,1,1340,5,9999,9,4,51,,,,,,,,,,,,,,,,,,,,,,,,,,,,,,,,,,,,,,,,,,,,,,,,,,,,,,,,,,,,,,,,,,95,95,95,95,,,,,,,,,,89.9087267080456,11,6
22382,21,91,1-21-2021-091-01,1,1,JT3HN86R1T00,17,448,2216,7,0,49,401,1996,14,3,14,0,1,9,9,1740,5,9999,9,4,106,2,56,1,1,1,160,2,1,2,92391,9,9,0,1,2,1,2,1,1,1,0,0,0,0,1,1,0,0,9,1,1,2,12,99,4,4,1,B,7,1,2,1,5,1,1,61,1,2,33,998,998,0,1,2,3,7,999,999,999,9999999,999,999,999,9,0,3,22,1,1,3,998,0.0,999,999,999,5.4,1.5,5.6,89.9649459644351,11,6
22383,21,92,1-21-2021-092-01,1,1,1C3BCBEB8CN2,17,477,2053,1,0,6,18,2012,1,1,3,0,1,F,2,1768,5,9999,9,5,55,2,72,1,9,9,998,8,9,9,92405,1,9,2,4,5,2,2,1,1,1,1,1,0,0,1,1,1,2,9,0,1,2,17,99,1,1,4,J,69,0,0,0,0,0,0,0,0,0,0,90,240,0,0,0,1,12,999,999,999,9999999,999,999,999,7,0,2,5,0,1,0,995,9.8,998,998,998,99.8,99.8,99.8,31.9826498180813,11,6
22383,21,92,1-21-2021-092-01,1,2,1FTFW1R6XEFC,17,460,1801,60,0,12,481,2014,34,5,31,0,1,F,9,2812,5,9999,9,0,998,5,72,1,0,9,998,8,0,1,92806,9,9,2,4,5,3,2,1,1,1,1,2,0,0,1,1,1,2,1,0,11,4,63,99,1,1,4,J,68,0,0,0,0,0,0,0,0,0,0,240,90,0,0,0,1,0,999,999,999,9999999,999,999,999,9,0,95,95,95,95,0,995,9.8,998,998,998,99.8,99.8,99.8,31.9826498180813,11,6
22384,54,34,1-54-2021-034-07,7,1,2C4RDGBG2DR7,17,476,14832,2,0,7,442,2013,20,4,20,0,1,F,1,2050,5,9999,9,0,998,5,72,1,0,0,995,0,0,0,35653,9,9,2,1,4,2,2,1,1,1,1,3,0,0,1,8,1,2,3,0,1,2,17,99,1,1,4,J,69,0,0,0,0,0,0,0,0,0,0,225,330,0,0,0,1,3,5,-4,3,1743,998,152,3,0,4,95,95,95,95,0,995,9.8,998,998,998,99.8,99.8,99.8,238.93099659157,9,6
22384,54,34,1-54-2021-034-07,7,2,4T1BF1FK1DU2,17,448,2469,13,0,49,40,2013,4,1,3,0,1,R,1,1441,5,0,1,1,4,2,56,1,0,0,995,0,0,0,35653,9,1,2,1,4,4,2,1,3,1,1,2,0,0,1,8,1,2,1,0,11,4,63,3,1,1,4,J,68,0,0,0,0,0,0,0,0,0,0,330,225,0,0,0,1,3,6,-5,-3,4202,998,12,8,0,4,1,1,0,6,0,995,9.8,998,998,998,99.8,99.8,99.8,238.93099659157,9,6
22385,66,48,1-66-2021-048-09,9,1,KL4CJASB5JB5,17,468,1842,7,0,18,404,2018,14,3,14,99,1,B,9,1468,5,9999,9,0,998,5,56,1,0,0,995,0,7,0,65605,9,9,2,4,2,1,2,1,1,1,1,4,0,0,1,1,0,0,1,0,1,2,18,1,1,1,2,D,29,0,0,0,0,0,0,0,0,0,0,270,270,0,0,0,1,0,999,999,999,9999999,999,999,999,9,0,95,95,95,95,0,995,9.8,998,998,998,99.8,99.8,99.8,183.140030561241,6,6
22385,66,48,1-66-2021-048-09,9,2,3FAHP08117R1,17,460,1780,13,0,12,23,2007,4,1,3,0,1,F,9,1490,5,9999,9,0,998,2,56,1,0,0,995,0,7,0,65605,1,2,2,4,2,1,2,1,1,1,1,4,0,0,1,1,0,0,3,0,1,3,52,1,1,1,2,D,28,0,0,0,0,0,0,0,0,0,0,270,270,0,0,0,1,0,999,999,999,9999999,999,999,999,9,0,9,0,0,4,0,995,9.8,998,998,998,99.8,99.8,99.8,183.140030561241,6,6
22386,20,75,1-20-2021-075-03,3,1,3N1AB7AP6JY2,17,478,1907,13,0,35,43,2018,4,1,3,0,1,F,1,1300,5,0,1,1,25,2,89,1,0,0,995,0,0,0,93905,1,1,0,4,2,1,2,1,1,1,1,4,0,0,1,1,0,0,9,1,1,2,13,1,1,4,1,A,1,0,0,0,0,0,0,0,0,0,0,998,998,0,0,0,1,11,999,999,999,9999999,999,999,999,6,0,9,97,0,0,0,998,0.3,120,999,999,99.9,99.9,99.9,157.62432574039,11,6
22389,73,54,1-73-2021-054-06,6,1,2G1WF5E38C13,17,467,1833,13,0,20,2,2012,4,1,4,0,1,F,1,1658,5,0,1,1,40,2,72,1,8,0,995,0,7,0,04911,9,9,0,4,2,1,2,1,3,4,0,2,0,0,1,1,0,0,9,1,14,2,12,99,4,4,1,B,7,0,0,0,0,0,0,0,0,0,0,998,998,0,1,2,1,10,999,999,999,9999999,999,-215,13,2,0,1,1,0,99,0,998,0.0,30,30,999,3.9,3.3,5.1,78.8488103508152,3,6
22390,30,57,1-30-2021-057-08,8,1,1D7RB1CT8AS1,17,476,1938,60,0,7,482,2010,34,5,31,0,1,F,3,2295,5,9999,9,4,41,2,40,1,0,0,995,0,1,3,85363,9,9,0,4,2,1,2,1,1,1,0,0,0,0,5,1,0,0,9,1,1,2,11,99,1,4,1,C,11,0,0,0,0,0,0,0,0,0,0,280,270,0,0,0,1,5,999,999,999,9999999,999,999,999,8,0,9,97,0,8,0,995,9.8,998,998,998,99.8,99.8,99.8,48.0353666813836,10,6
22390,30,57,1-30-2021-057-08,8,2,3AKJGLD53FSG,17,450,2501,66,0,82,881,2015,66,8,68,0,2,B,9,,,,,,,,,,,,,,,,,,,,,,,,,,,,,,,,,,,,,,,,,,,,,,,,,,,,,,,,,,,,,,,,,,,,,,,,95,95,95,95,,,,,,,,,,48.0353666813836,10,6
22391,27,56,1-27-2021-056-03,3,1,19XFC2F53HE2,17,474,1863,13,0,37,31,2017,4,1,3,0,1,R,1,1244,5,0,1,1,18,2,56,1,0,0,995,0,0,0,01247,9,1,0,4,2,1,2,1,3,1,1,2,0,0,1,1,0,0,3,1,14,2,13,7,1,4,1,A,1,0,0,0,0,0,0,0,0,0,0,998,998,0,0,0,1,1,14,-13,-5,15297,998,96,14,0,1,1,1,0,5,0,998,2.5,120,999,99,8.3,1.8,8.7,19.0706214116776,3,6
22393,77,54,1-77-2021-054-04,4,1,2C3CDXBG9KH7,17,476,1895,13,0,7,24,2019,4,1,5,0,1,F,2,1785,5,0,1,1,12,2,89,1,0,0,995,0,0,0,22960,9,9,0,4,2,1,2,2,3,2,1,2,1,0,4,2,0,0,1,1,14,2,13,3,1,4,1,A,1,0,0,0,0,0,0,0,0,0,0,998,998,0,1,1,1,1,33,-32,-6,77865,998,18,33,0,4,0,0,0,0,0,998,0.4,80,80,120,35.0,4.0,35.2,1605.86694803464,9,6
22394,77,55,1-77-2021-055-06,6,1,2HKRM4H77DH6,17,474,1865,7,0,37,402,2013,14,3,14,0,1,F,2,1500,5,0,1,1,3,2,72,1,1,0,995,0,9,0,22901,7,2,1,1,3,1,2,1,2,1,1,1,0,0,3,1,3,2,3,1,14,2,12,4,3,4,1,B,7,1,2,2,1,4,4,48,4,2,13,998,998,0,0,0,1,12,999,999,999,9999999,999,999,999,7,0,1,1,0,0,3,998,2.5,120,42,75,26.0,3.0,27.5,1105.48799625406,9,6
22395,11,36,1-11-2021-036-06,6,1,1HGCM56137A0,17,474,1861,13,0,37,32,2007,4,1,3,0,1,L,2,1440,5,9999,9,0,998,2,72,1,1,0,995,0,0,0,23114,1,2,2,4,5,3,2,1,2,1,1,2,0,0,2,1,1,2,1,0,14,2,17,99,1,1,5,L,89,0,0,0,0,0,0,0,0,0,0,200,290,0,0,0,1,3,28,-14,24,61792,998,13,32,0,4,1,1,0,0,0,995,9.8,998,998,998,99.8,99.8,99.8,5754.9186461019,8,6
22395,11,36,1-11-2021-036-06,6,2,1FM5K7BHXGGA,17,460,1800,7,0,12,401,2016,14,3,14,0,1,F,1,2067,5,0,1,1,18,2,72,1,0,0,995,0,0,0,23236,9,9,2,1,5,4,2,1,1,9,1,1,0,0,2,1,1,2,1,0,1,2,17,7,1,1,5,L,88,0,0,0,0,0,0,0,0,0,0,290,200,0,0,0,1,3,20,-17,-10,23361,998,-65,15,0,4,99,99,0,99,0,995,9.8,998,998,998,99.8,99.8,99.8,5754.9186461019,8,6
22396,11,37,1-11-2021-037-01,1,1,4S2CK58W8Y43,17,542,2818,7,0,38,402,2000,14,3,14,0,1,F,1,1728,5,0,1,1,11,2,72,1,0,1,174,3,0,1,23832,1,1,0,1,3,1,2,1,1,2,1,3,0,0,2,1,0,0,3,1,1,1,9,99,9,4,1,B,7,0,0,0,0,0,0,0,0,0,0,998,998,0,0,8,2,10,999,999,999,9999999,999,-65,16,2,0,1,2,0,1,0,998,0.5,34,36,46,9.5,3.2,10.2,320.036009519669,8,6
22397,48,48,1-48-2021-048-03,3,1,1N4AL2AP6BN5,17,478,1904,13,0,35,47,2011,4,1,4,0,1,F,2,1437,5,0,1,1,12,2,97,1,0,0,995,0,0,0,84340,9,9,0,4,2,1,2,1,1,1,1,2,0,0,1,1,0,0,3,1,1,2,10,99,1,2,3,G,50,0,0,0,0,0,0,0,0,0,0,130,330,0,0,0,1,12,999,999,999,9999999,999,999,999,7,0,99,99,0,0,0,995,9.8,998,998,998,99.8,99.8,99.8,111.153811697491,12,6
22397,48,48,1-48-2021-048-03,3,2,3FADP4EJ7JM1,17,460,3267,5,0,12,32,2018,5,1,1,0,1,F,2,1244,5,0,1,1,12,2,97,1,0,0,995,0,0,0,84302,1,2,0,4,2,1,2,1,1,1,1,2,0,0,1,1,0,0,1,1,1,4,62,98,1,4,3,G,51,0,0,0,0,0,0,0,0,0,0,330,130,0,0,0,1,12,999,999,999,9999999,999,999,999,7,0,0,0,0,0,0,995,9.8,998,998,998,99.8,99.8,99.8,111.153811697491,12,6
22398,48,49,1-48-2021-049-06,6,1,3FA6P0G78ER2,17,460,1780,13,0,12,23,2014,4,1,4,0,1,F,2,1554,5,0,1,1,14,2,129,1,0,1,0,2,0,0,64040,1,2,0,2,1,1,2,1,1,2,3,2,1,1,1,1,0,0,3,0,1,3,52,2,1,1,2,D,28,0,0,0,0,0,0,0,0,0,0,290,300,0,0,0,1,1,29,-29,5,52363,998,-6,29,0,4,1,1,0,4,0,995,9.8,998,998,998,99.8,99.8,99.8,226.056764741734,12,6
22398,48,49,1-48-2021-049-06,6,2,JTDKN3DU8E03,17,448,2209,5,0,49,46,2014,5,1,3,0,1,B,2,1380,5,0,1,1,8,2,129,1,0,0,995,0,0,0,86021,1,1,0,2,1,1,2,1,1,2,3,2,1,1,1,1,0,0,1,0,2,3,53,10,1,1,2,D,29,0,0,0,0,0,0,0,0,0,0,300,290,0,0,0,1,1,32,30,-11,68092,998,44,33,0,3,1,2,0,0,0,995,9.8,998,998,998,99.8,99.8,99.8,226.056764741734,12,6
22399,24,95,1-24-2021-095-04,4,1,JTHFN45Y4890,17,515,2183,1,0,59,36,2008,1,1,2,0,1,F,1,1742,5,0,1,1,32,2,56,1,0,0,995,0,0,0,08402,9,9,1,4,7,2,2,1,1,1,0,3,0,0,3,1,0,0,9,1,1,3,51,99,1,2,2,D,24,0,0,0,0,0,0,0,0,0,0,245,240,0,0,0,1,12,999,999,999,9999999,999,999,999,6,0,0,0,0,0,0,995,9.8,998,998,998,99.8,99.8,99.8,1470.05859763604,1,6
22399,24,95,1-24-2021-095-04,4,2,KL7CJLSB3LB0,17,467,10988,7,0,20,406,2020,14,3,14,0,1,B,1,1382,5,0,1,1,17,2,56,1,0,0,995,0,0,0,08205,1,2,1,4,7,2,2,1,1,1,3,3,0,0,3,1,0,0,3,0,1,3,53,1,1,1,2,D,25,0,0,0,0,0,0,0,0,0,0,240,245,0,0,0,1,12,999,999,999,9999999,999,999,999,6,0,0,0,0,0,0,995,9.8,998,998,998,99.8,99.8,99.8,1470.05859763604,1,6
22400,24,96,1-24-2021-096-06,6,1,ZACCJAAT8GPD,17,483,6160,7,0,2,408,2016,14,3,14,0,1,F,1,1372,5,9999,9,1,35,2,40,1,1,1,229,2,1,2,08401,2,2,0,4,2,1,2,1,1,1,0,0,0,0,3,1,2,2,1,1,3,2,13,2,1,4,1,A,1,0,0,0,0,0,0,0,0,0,0,998,998,0,1,1,1,1,23,-23,0,30788,998,4,23,0,3,0,0,0,4,0,998,0.0,30,30,76,0.0,1.2,1.2,824.193262920013,1,6
22401,54,35,1-54-2021-035-05,5,1,5NPEB4AC9EH8,17,498,2459,13,0,55,33,2014,4,1,4,0,1,F,1,1475,5,0,1,1,9,2,89,1,0,0,995,0,0,0,35594,1,2,0,4,2,1,2,2,1,1,1,2,0,0,2,1,0,0,3,1,1,6,87,4,2,4,1,B,8,0,0,0,0,0,0,0,0,0,0,998,998,0,1,0,1,12,999,999,999,9999999,999,999,999,6,0,1,1,0,4,0,998,0.3,94,118,-70,7.6,4.0,8.5,145.454151439287,9,6
22402,54,36,1-54-2021-036-09,9,1,1XP9DB9X6ED1,17,495,2801,66,0,87,881,2014,66,8,68,0,1,R,9,,,,,,,5,89,1,0,0,995,0,0,0,38876,9,9,2,1,4,3,2,1,1,1,3,3,0,0,5,1,1,2,9,0,1,2,17,99,1,1,5,L,87,,,,,,,,,,,,,,,,,,,,,,,,,,,95,95,95,95,,,9.8,998,998,998,99.8,99.8,99.8,463.208456911915,9,6
22402,54,36,1-54-2021-036-09,9,2,3GNFC16037G3,17,467,1851,7,0,20,422,2007,15,3,15,0,1,F,1,2543,5,0,1,1,11,2,56,1,0,0,995,0,0,0,38876,1,9,2,4,2,1,2,1,3,1,1,1,0,0,5,1,1,2,9,0,14,4,66,2,1,1,5,L,86,0,0,0,0,0,0,0,0,0,0,10,90,0,1,0,1,5,999,999,999,9999999,999,999,17,2,0,1,1,0,4,0,995,9.8,998,998,998,99.8,99.8,99.8,463.208456911915,9,6
22403,52,106,1-52-2021-106-06,6,1,2G1WF52E3492,17,467,1833,13,0,20,2,2004,4,1,4,0,1,F,1,1572,5,79,1,1,7,2,40,1,0,0,995,0,1,9,59044,9,9,2,4,2,1,2,1,1,1,0,0,0,0,1,1,2,2,9,0,1,2,17,5,1,1,5,L,86,0,0,0,0,0,0,0,0,0,0,90,180,0,0,0,1,1,10,-7,6,10545,998,90,11,0,1,0,0,0,0,0,995,9.8,998,998,998,99.8,99.8,99.8,81.8629626675087,12,6
22403,52,106,1-52-2021-106-06,6,2,2GNFLFEK5F62,17,467,1847,7,0,20,404,2015,14,3,14,0,1,R,1,1782,5,0,1,1,6,2,40,1,0,0,995,0,0,0,59101,9,9,2,4,2,1,2,1,1,1,0,0,0,0,1,1,0,0,9,0,1,4,66,5,1,1,5,L,87,0,0,0,0,0,0,0,0,0,0,180,90,0,1,0,1,1,9,-6,-7,5488,998,77,8,0,1,9,0,0,6,0,995,9.8,998,998,998,99.8,99.8,99.8,81.8629626675087,12,6
22404,52,107,1-52-2021-107-03,3,1,5VPEW36N3D30,17,567,3517,81,0,77,706,2013,80,9,80,0,1,F,9,,,,,,,2,56,1,9,9,998,8,9,9,59079,9,9,2,2,4,1,2,1,2,1,0,1,0,0,1,1,1,2,9,0,14,2,17,99,9,1,4,K,83,,,,,,,,,,,,,,,,,,,,,,,,,,,95,95,95,95,,,9.8,998,998,998,99.8,99.8,99.8,40.2526345439779,12,6
22404,52,107,1-52-2021-107-03,3,2,1C4PJMDX6LD6,17,483,1945,7,0,2,404,2020,14,3,14,0,1,R,3,1839,5,0,1,1,8,2,56,1,9,9,998,8,9,9,24091,1,2,2,2,4,4,2,1,3,1,1,2,0,0,1,1,1,2,1,0,11,4,63,9,1,1,4,K,82,0,0,0,0,0,0,0,0,0,0,205,90,0,0,0,1,5,999,999,999,9999999,999,999,999,8,0,1,1,0,4,0,995,9.8,998,998,998,99.8,99.8,99.8,40.2526345439779,12,6
22405,52,108,1-52-2021-108-09,9,1,2C3HH56JXYH2,17,477,5876,13,0,6,398,2000,4,1,4,0,1,L,1,1553,5,0,1,1,12,2,40,1,0,0,995,0,0,0,59101,9,9,0,4,2,1,2,1,1,1,0,2,0,0,1,1,0,0,9,1,1,2,13,9,9,4,1,A,1,0,0,0,0,0,0,0,0,0,0,998,998,0,0,2,2,11,999,999,999,9999999,999,999,999,6,0,9,0,0,99,0,998,0.0,120,11,120,5.8,2.0,6.2,240.315859595557,12,6
22406,52,109,1-52-2021-109-06,6,1,1GYS4BKJ9FR1,17,469,1843,7,0,19,421,2015,15,3,15,0,1,L,1,2649,5,9999,9,0,998,5,56,1,0,0,995,0,0,0,59106,9,9,3,4,2,1,2,1,1,2,0,0,0,0,1,1,2,2,3,0,4,2,19,99,1,1,4,K,85,0,0,0,0,0,0,0,0,0,0,0,70,0,0,0,1,3,17,0,17,42598,998,-5,20,0,4,95,95,95,95,0,995,9.8,998,998,998,99.8,99.8,99.8,81.8629626675087,12,6
22406,52,109,1-52-2021-109-06,6,2,4T3BK3BB3EU1,17,448,3005,7,0,49,53,2014,5,1,4,0,1,F,1,1835,5,0,1,1,13,2,56,1,0,0,995,0,0,0,59106,1,2,3,4,3,1,2,1,1,1,0,2,0,0,1,1,0,0,9,0,1,4,68,3,1,1,4,K,85,0,0,0,0,0,0,0,0,0,0,70,0,0,0,0,1,3,23,-22,-8,26349,998,-23,19,0,4,3,10,1,3,0,995,9.8,998,998,998,99.8,99.8,99.8,81.8629626675087,12,6
22407,76,43,1-76-2021-043-04,4,1,5XYP3DHC6LG0,17,499,25756,7,0,63,422,2020,15,3,15,0,1,F,1,1970,5,0,1,1,14,2,89,1,8,0,995,0,7,0,12087,1,2,3,4,2,1,2,1,2,1,1,2,1,0,1,1,0,0,1,0,14,3,52,2,1,1,2,D,28,0,0,0,0,0,0,0,0,0,0,210,210,0,0,0,1,1,10,-10,0,13789,998,5,13,0,1,1,1,0,0,0,995,9.8,998,998,998,99.8,99.8,99.8,18.0235286259961,3,6
22407,76,43,1-76-2021-043-04,4,2,2G1125S32E91,17,467,1833,13,0,20,2,2014,4,1,4,0,1,B,1,1754,5,0,1,1,40,2,89,1,8,0,995,0,7,0,12143,9,9,3,4,2,1,2,1,2,1,1,2,1,0,1,1,0,0,9,0,2,3,53,1,1,1,2,D,30,0,0,0,0,0,0,0,0,0,0,210,210,0,0,0,1,1,12,12,0,5772,998,-2,9,0,1,99,99,0,5,0,995,9.8,998,998,998,99.8,99.8,99.8,18.0235286259961,3,6
22408,76,44,1-76-2021-044-04,4,1,JF2SJAGC8JH5,17,523,2234,7,0,48,401,2018,14,3,14,0,1,F,1,1498,5,0,1,1,8,2,72,1,8,9,998,8,7,9,02338,9,9,0,4,3,1,2,2,1,1,1,2,0,0,3,2,0,0,9,0,1,6,87,4,1,1,1,C,13,0,0,0,0,0,0,0,0,0,0,998,998,0,0,0,1,10,999,999,999,9999999,999,-36,12,2,0,0,0,0,0,0,998,9.8,998,998,998,99.8,99.8,99.8,18.0235286259961,3,6
22409,28,49,1-28-2021-049-06,6,1,1GNKVGKD4EJ3,17,467,1853,7,0,20,423,2014,15,3,15,0,1,R,1,2197,5,0,1,1,5,2,89,1,0,0,995,0,0,0,16923,9,9,3,4,2,1,2,2,1,2,0,0,0,0,1,2,0,0,2,0,11,2,15,98,1,1,4,K,76,0,0,0,0,0,0,0,0,0,0,130,90,0,0,0,1,5,999,999,999,9999999,999,999,8,1,0,9,97,0,99,0,995,9.8,998,998,998,99.8,99.8,99.8,47.2659314025208,3,6
22409,28,49,1-28-2021-049-06,6,2,3C7WD9AL6CG2,17,476,1958,74,60,7,881,2012,61,8,60,0,1,F,9,,,,,,,2,89,1,0,0,995,0,0,0,16825,9,9,3,4,2,1,2,2,1,4,1,4,0,0,1,2,0,0,1,1,1,4,70,4,2,4,4,K,77,,,,,,,,,,,,,,,,,,,,,,,,,,,95,95,95,95,,,1.5,8,8,58,33.3,2.5,33.3,47.2659314025208,3,6
22410,28,50,1-28-2021-050-09,9,1,1J4FA24177L1,17,483,1943,7,0,2,403,2007,14,3,14,0,1,F,1,1706,5,0,1,4,23,2,64,1,0,1,12,2,1,2,17724,1,2,0,4,2,1,2,1,1,1,1,2,0,0,1,1,0,0,9,1,1,2,12,1,1,4,1,B,6,0,0,0,0,0,0,0,0,0,0,998,998,0,0,1,2,12,999,999,999,9999999,999,999,999,6,0,1,1,0,3,0,998,2.1,95,95,88,33.0,18.2,37.6,102.252465995408,3,6