CASEID,PSU,CASENO,CASENUMBER,CATEGORY,VEHNO,VIN,VINLENGTH,VPICMAKE,VPICMODEL,VPICBODYCLASS,ICFINALBODY,MAKE,MODEL,MODELYR,BODYTYPE,BODYCAT,VEHCLASS,SPECUSE,TRANSTAT,DAMPLANE,DAMSEV,CURBWT,CURBSRC,CARGOWT,CARGOSRC,INSPTYPE,INSPLAG,TOWED,SPEEDLIMIT,DRPRESENT,PARALCOHOL,ALCTEST,ALCTESTRESULT,ALCTESTSRC,PARDRUG,DRUGTEST,ZIP,RACE,ETHNICITY,RELTOJUNCT,TRAFFLOW,RDLANES,INITLANE,SURFTYPE,SURFCOND,ALIGNMENT,PROFILE,LINERIGHT,LINELEFT,RUMBINIT,RUMBROAD,LIGHTCOND,WEATHER,TRAFDEV,TRAFFUNCT,DISTRACT,PREFHE,PREMOVE,CRITCAT,CRITEVENT,MANEUVER,PRESTAB,PRELOC,CRASHCAT,CRASHCONF,CRASHTYPE,ROLLTYPE,ROLLTURN,ROLLINTRPT,ROLLPREMAN,ROLLINITYP,ROLLINLOC,ROLLOBJ,ROLLTRIP,ROLLDIR,ROLLDIST,DVANGTHIS,DVANGOTH,TOWHITCH,TRAJDOC,TREEPOLE,DVEVENT,DVBASIS,DVTOTAL,DVLONG,DVLAT,DVENERGY,DVSPEED,DVMOMENT,DVBES,DVEST,DVCONF,VAIS,VISS,VINJURED,VTREAT,INITOBJCLASS,HEADANGLECAT,SHLDRWIDTH,STRKLENGTH,STRKWIDTH,STRKHEIGHT,EDGEDISTX,EDGEDISTY,EDGEDISTZ,CASEWGT,PSUSTRAT,VERSION
22413,32,78,1-32-2021-078-02,2,1,1FTMF1C83HFA,17,460,1801,60,0,12,481,2017,34,5,31,0,1,L,2,1837,5,9999,9,1,22,2,113,1,0,0,995,0,0,0,75135,2,9,1,2,3,2,1,1,3,9,3,3,0,0,1,1,0,0,9,1,15,2,10,1,1,2,2,D,33,1,1,2,5,1,1,61,1,2,999,997,997,0,0,0,2,6,999,999,999,9999999,999,999,999,7,0,1,1,0,4,3,997,9.8,998,998,998,99.8,99.8,99.8,69.4115690621795,7,6
22413,32,78,1-32-2021-078-02,2,2,1C6RR6GG4HS7,17,496,13620,60,0,7,482,2017,34,5,31,0,1,F,1,2225,5,9999,9,0,998,2,113,1,0,0,995,0,0,0,75243,9,1,1,2,3,3,1,1,3,9,3,1,0,0,1,1,0,0,9,0,14,4,63,1,1,1,2,D,33,0,0,0,0,0,0,0,0,0,0,310,310,0,0,0,1,3,17,-17,0,28839,998,0,18,0,4,0,0,0,0,0,995,9.8,998,998,998,99.8,99.8,99.8,69.4115690621795,7,6
22415,73,55,1-73-2021-055-05,5,1,4T1BK1EB1DU0,17,448,2465,13,0,49,43,2013,4,1,4,0,1,T,3,1620,5,9999,9,4,95,2,80,1,1,1,44,2,7,2,04930,9,9,0,4,2,1,2,1,3,1,1,1,0,0,1,1,0,0,3,1,14,2,13,99,1,4,1,A,1,1,8,1,6,6,4,53,3,1,999,996,996,0,0,0,3,7,999,999,999,9999999,999,999,999,8,0,2,5,0,4,3,996,0.1,999,999,999,27.9,4.9,28.4,36.6836542679149,3,6
22416,73,56,1-73-2021-056-08,8,1,2G1WT55K3791,17,467,1833,13,0,20,2,2007,4,1,4,0,1,F,3,1630,5,0,1,1,8,2,80,1,8,0,995,0,7,2,04967,9,9,0,4,2,1,2,1,1,4,1,2,0,0,1,1,0,0,9,1,1,2,13,99,1,4,1,A,1,0,0,0,0,0,0,0,0,0,0,998,998,0,0,1,1,1,50,-50,0,176996,998,-27,50,0,1,3,22,2,3,0,998,1.5,22,22,120,12.6,4.1,12.8,217.59241043378,3,6
22417,23,64,1-23-2021-064-10,10,1,1FTRW08L33KA,17,460,1801,60,0,12,481,2003,34,5,30,0,1,F,1,2265,5,0,1,1,17,2,40,1,0,0,995,0,0,0,43062,9,9,2,4,4,1,1,2,3,1,1,2,0,0,1,2,1,2,1,1,14,2,13,99,9,4,1,A,1,0,0,0,0,0,0,0,0,0,0,998,998,0,0,0,1,1,18,-16,-9,35376,998,-62,18,0,1,0,0,0,0,0,998,2.0,120,23,78,0.0,0.0,0.0,4218.70432385232,5,6
22418,23,65,1-23-2021-065-04,4,1,5XXG14J22MG0,17,499,27527,13,0,63,398,2021,4,1,4,0,1,F,1,1506,5,0,1,1,24,2,113,1,0,0,995,0,0,0,43054,2,2,0,2,3,3,2,1,1,1,3,2,1,3,2,1,0,0,3,1,1,2,12,1,9,4,1,B,6,0,0,0,0,0,0,0,0,0,0,998,998,0,0,0,1,10,999,999,999,9999999,999,999,999,6,0,1,1,0,5,0,998,4.2,999,999,999,34.1,5.9,34.4,648.348839247477,5,6
22420,14,46,1-14-2021-046-03,3,1,5N1DR2MN7KC6,17,478,1911,7,0,35,401,2019,14,3,14,0,1,F,2,1939,5,0,1,1,18,2,48,1,0,0,995,0,0,0,78130,9,1,2,4,2,1,2,1,1,1,0,0,0,0,1,1,0,0,3,1,1,2,11,1,1,4,1,C,11,0,0,0,0,0,0,0,0,0,0,70,70,0,0,0,1,98,999,999,999,9999999,999,999,999,7,0,1,1,0,4,0,995,9.8,998,998,998,99.8,99.8,99.8,2736.66473429213,8,6
22420,14,46,1-14-2021-046-03,3,2,KNADM4A33G65,17,499,2299,13,0,63,32,2016,4,1,2,0,2,B,9,1131,5,9999,9,0,998,,,,,,,,,,,,,,,,,,,,,,,,,,,,,,,,,,,,,,,,,,,,,,,,,,,,,,,,,,,,,,,,,,95,95,95,95,,,,,,,,,,2736.66473429213,8,6
22421,59,34,1-59-2021-034-07,7,1,1HGCR2F7XDA1,17,474,1861,13,0,37,32,2013,4,1,4,0,1,F,1,1521,5,0,1,1,8,2,64,1,8,0,995,0,7,0,99999,9,9,2,1,4,1,2,1,1,1,0,3,0,0,1,1,1,2,1,0,1,3,50,2,1,1,2,D,20,0,0,0,0,0,0,0,0,0,0,15,15,0,0,0,1,3,24,-24,0,24147,998,-4,20,0,4,0,0,0,0,0,995,9.8,998,998,998,99.8,99.8,99.8,1188.82840821687,6,6
22421,59,34,1-59-2021-034-07,7,2,3GYFNBE36ES5,17,469,1844,7,0,19,20,2014,6,1,4,0,1,B,1,1940,5,9999,9,0,998,5,64,1,0,0,995,0,0,0,47802,9,9,2,1,4,1,2,1,1,1,0,3,0,0,1,1,1,2,1,0,5,3,53,1,1,1,2,D,21,0,0,0,0,0,0,0,0,0,0,15,15,0,0,0,1,3,19,19,0,37613,998,0,22,0,4,95,95,95,95,0,995,9.8,998,998,998,99.8,99.8,99.8,1188.82840821687,6,6
22422,59,35,1-59-2021-035-06,6,1,1FAHP3FN9AW1,17,460,1779,13,0,12,37,2010,4,1,2,0,1,L,1,1225,5,0,1,1,8,2,48,1,8,0,995,0,7,0,47804,1,2,2,4,2,1,2,1,1,1,0,0,0,0,1,1,2,2,2,0,1,2,17,8,1,1,5,L,89,0,0,0,0,0,0,0,0,0,0,190,260,0,0,0,1,1,17,-3,17,6495,998,-12,11,0,1,0,0,0,6,0,995,9.8,998,998,998,99.8,99.8,99.8,332.389712598592,6,6
22422,59,35,1-59-2021-035-06,6,2,4T1BF1FK9DU7,17,448,2469,13,0,49,40,2013,4,1,3,0,1,F,1,1441,5,0,1,1,6,2,48,1,8,0,995,0,7,0,47802,1,2,2,4,2,1,2,1,1,1,0,0,0,0,1,1,0,0,1,0,1,4,66,3,1,1,5,L,88,0,0,0,0,0,0,0,0,0,0,260,190,0,0,0,1,1,15,-13,-8,24260,998,-50,19,0,1,1,1,0,4,0,995,9.8,998,998,998,99.8,99.8,99.8,332.389712598592,6,6
22423,16,54,1-16-2021-054-06,6,1,3GNBACFUXBS6,17,467,4586,7,0,20,23,2011,6,1,2,0,1,F,1,1431,5,0,1,1,12,2,56,1,0,0,995,0,0,0,45230,1,9,2,4,5,2,2,1,1,1,3,1,0,0,1,1,1,2,9,0,1,2,17,2,1,1,4,K,83,0,0,0,0,0,0,0,0,0,0,270,155,0,0,0,1,1,23,-23,4,40121,998,34,25,0,1,9,0,0,8,0,995,9.8,998,998,998,99.8,99.8,99.8,1565.27969483511,5,6
22423,16,54,1-16-2021-054-06,6,2,KNMAT2MV0GP6,17,478,1913,8,0,35,51,2016,6,1,3,0,1,L,1,1610,5,0,1,1,19,2,40,1,0,0,995,0,0,0,45231,2,9,2,4,2,1,2,1,1,4,0,2,0,0,1,1,1,2,1,0,11,4,66,98,1,1,4,K,82,0,0,0,0,0,0,0,0,0,0,155,270,0,0,0,1,1,20,-4,20,22063,998,-22,18,0,1,9,0,0,8,0,995,9.8,998,998,998,99.8,99.8,99.8,1565.27969483511,5,6
22424,16,55,1-16-2021-055-02,2,1,1G1ZB5ST8LF1,17,467,1834,13,0,20,37,2020,4,1,4,0,1,F,2,1418,5,0,1,1,23,2,56,1,1,8,997,8,0,0,45231,9,9,0,4,4,2,2,1,1,2,3,2,1,0,3,1,6,2,1,1,1,2,11,1,1,2,2,F,44,0,0,0,0,0,0,0,0,0,0,998,998,0,0,1,5,1,34,-34,0,66246,998,-22,34,0,3,1,2,0,8,0,998,0.0,38,44,59,3.3,4.8,6.1,43.7032445824449,5,6
22424,16,55,1-16-2021-055-02,2,2,3GNCJPSB3JL2,17,467,10988,7,0,20,406,2018,14,3,14,0,1,L,9,1476,5,9999,9,0,998,5,56,1,0,0,995,0,0,0,45224,9,9,0,4,4,1,2,1,1,2,0,3,0,0,3,1,6,2,1,0,1,4,60,99,1,1,2,F,45,0,0,0,0,0,0,0,0,0,0,0,10,0,0,0,1,0,999,999,999,9999999,999,999,999,9,0,95,95,95,95,0,995,9.8,998,998,998,99.8,99.8,99.8,43.7032445824449,5,6
22425,25,62,1-25-2021-062-02,2,1,KMHCT4AE5EU7,17,498,2773,13,0,55,36,2014,4,1,2,0,1,F,2,1180,5,0,1,1,22,2,40,1,8,1,0,2,7,1,04102,1,9,0,4,2,1,2,1,1,1,0,2,0,0,1,1,0,0,1,0,1,3,51,99,1,1,2,D,24,0,0,0,0,0,0,0,0,0,0,15,15,0,0,0,1,1,39,-39,0,75342,998,0,39,0,4,3,10,1,3,0,995,9.8,998,998,998,99.8,99.8,99.8,41.8895438406154,2,6
22425,25,62,1-25-2021-062-02,2,2,5TDGBRCH4MS0,17,448,2213,7,0,49,403,2021,14,3,14,0,1,B,1,2015,5,0,1,1,8,2,40,1,8,1,0,2,7,1,04005,1,2,0,4,2,1,2,1,1,1,0,2,0,0,1,1,0,0,1,0,3,3,53,1,1,1,2,D,25,0,0,0,0,0,0,0,0,0,0,15,15,0,0,0,1,1,24,24,0,42096,998,0,23,0,4,1,1,0,4,0,995,9.8,998,998,998,99.8,99.8,99.8,41.8895438406154,2,6
22425,25,62,1-25-2021-062-02,2,3,JF2SH6CC5AH9,17,523,2234,7,0,48,401,2010,14,3,14,0,2,L,1,1483,5,9999,9,4,7,,,,,,,,,,,,,,,,,,,,,,,,,,,,,,,,,,,,,,,,,,,,,,,,,,,,,,,,,,,,,,,,,,95,95,95,95,,,,,,,,,,41.8895438406154,2,6
22425,25,62,1-25-2021-062-02,2,4,2GC2KREGXK11,17,467,24906,60,0,20,481,2019,34,5,30,0,2,L,9,2991,5,9999,9,0,998,,,,,,,,,,,,,,,,,,,,,,,,,,,,,,,,,,,,,,,,,,,,,,,,,,,,,,,,,,,,,,,,,,95,95,95,95,,,,,,,,,,41.8895438406154,2,6
22425,25,62,1-25-2021-062-02,2,5,2HKRW2H88KH6,17,474,1865,7,0,37,402,2019,14,3,14,0,2,L,9,1580,5,9999,9,0,998,,,,,,,,,,,,,,,,,,,,,,,,,,,,,,,,,,,,,,,,,,,,,,,,,,,,,,,,,,,,,,,,,,95,95,95,95,,,,,,,,,,41.8895438406154,2,6
22425,25,62,1-25-2021-062-02,2,6,4T1BE46K58U2,17,448,2469,13,0,49,40,2008,4,1,4,0,2,L,2,1500,5,9999,9,4,7,,,,,,,,,,,,,,,,,,,,,,,,,,,,,,,,,,,,,,,,,,,,,,,,,,,,,,,,,,,,,,,,,,95,95,95,95,,,,,,,,,,41.8895438406154,2,6
22425,25,62,1-25-2021-062-02,2,7,JF2GTHSC2MH2,17,523,13580,7,0,48,403,2021,14,3,14,0,2,L,9,1481,5,9999,9,0,998,,,,,,,,,,,,,,,,,,,,,,,,,,,,,,,,,,,,,,,,,,,,,,,,,,,,,,,,,,,,,,,,,,95,95,95,95,,,,,,,,,,41.8895438406154,2,6
22425,25,62,1-25-2021-062-02,2,8,4S4BSADC1F32,17,523,2233,7,0,48,45,2015,6,1,3,0,2,L,9,1614,5,9999,9,0,998,,,,,,,,,,,,,,,,,,,,,,,,,,,,,,,,,,,,,,,,,,,,,,,,,,,,,,,,,,,,,,,,,,95,95,95,95,,,,,,,,,,41.8895438406154,2,6
22426,25,63,1-25-2021-063-04,4,1,4T1BK46K58U0,17,448,2469,13,0,49,40,2008,4,1,4,1,1,F,1,1500,5,0,1,1,19,2,48,1,8,0,995,0,7,0,04103,9,9,2,4,3,1,2,2,1,1,1,2,0,0,1,2,0,0,1,0,1,3,51,5,1,1,2,D,24,0,0,0,0,0,0,0,0,0,0,260,280,0,0,0,1,1,17,-16,-6,35039,998,-28,23,0,1,99,99,0,99,0,995,9.8,998,998,998,99.8,99.8,99.8,1819.84241417588,2,6
22426,25,63,1-25-2021-063-04,4,2,KL8CB6SAXLC4,17,467,1836,5,0,20,29,2020,5,1,1,0,1,B,1,1019,5,0,1,1,8,2,48,1,8,0,995,0,7,0,04106,9,9,2,4,3,1,2,2,1,1,1,2,0,0,1,2,0,0,1,0,1,3,53,1,1,1,2,D,25,0,0,0,0,0,0,0,0,0,0,280,260,0,0,0,1,1,21,21,0,6045,998,37,11,0,1,0,0,0,0,0,995,9.8,998,998,998,99.8,99.8,99.8,1819.84241417588,2,6
22426,25,63,1-25-2021-063-04,4,3,4T1G11AKXLU5,17,448,2469,13,0,49,40,2020,4,1,4,0,1,B,9,1520,5,9999,9,0,998,5,48,1,8,0,995,0,7,0,04074,9,9,2,4,3,1,2,2,1,1,1,2,0,0,1,2,0,0,1,0,2,3,53,99,1,1,6,M,98,0,0,0,0,0,0,0,0,0,0,275,285,0,0,0,2,0,999,999,999,9999999,999,999,999,9,0,95,95,95,95,0,995,9.8,998,998,998,99.8,99.8,99.8,1819.84241417588,2,6
22427,31,46,1-31-2021-046-07,7,1,1B7GG23Y9TS5,17,476,1941,60,0,7,472,1996,34,5,30,0,1,F,9,1768,5,9999,9,0,998,5,40,1,0,0,995,0,0,0,62821,9,9,2,4,2,1,2,1,1,1,0,0,0,0,1,1,2,2,2,0,1,2,17,1,1,1,5,L,86,0,0,0,0,0,0,0,0,0,0,100,190,0,0,0,1,0,999,999,999,9999999,999,999,999,9,0,95,95,95,95,0,995,9.8,998,998,998,99.8,99.8,99.8,2130.44992945364,6,6
22427,31,46,1-31-2021-046-07,7,2,1FMCU0F76GUA,17,460,1798,7,0,12,402,2016,14,3,14,0,1,R,1,1635,5,0,1,5,13,2,40,1,0,0,995,0,0,0,62821,9,9,2,4,2,1,2,1,1,1,0,0,0,0,1,1,2,2,9,0,1,4,66,1,1,1,5,L,87,0,0,0,0,0,0,0,0,0,0,190,100,0,0,0,1,12,999,999,999,9999999,999,999,999,6,0,0,0,0,0,0,995,9.8,998,998,998,99.8,99.8,99.8,2130.44992945364,6,6
22428,31,47,1-31-2021-047-03,3,1,1FADP3F2XDL1,17,460,1779,13,0,12,37,2013,4,1,3,0,1,F,3,1340,5,9999,9,1,5,2,56,1,0,0,995,0,0,0,62821,9,9,2,4,2,1,2,1,3,1,0,4,0,0,1,1,0,0,2,0,11,2,15,8,1,1,4,J,68,0,0,0,0,0,0,0,0,0,0,60,280,0,0,0,1,3,55,-54,-10,137641,998,-52,47,0,4,9,97,0,99,0,995,9.8,998,998,998,99.8,99.8,99.8,356.94566930783,6,6
22428,31,47,1-31-2021-047-03,3,2,3GTU2NEJXHG1,17,472,1857,60,0,23,481,2017,34,5,31,0,1,F,2,2394,5,0,2,1,5,2,56,1,0,0,995,0,0,0,62806,1,2,2,4,2,1,2,1,2,1,0,4,0,0,1,1,0,0,1,0,14,4,62,4,1,1,4,J,69,0,0,0,0,0,0,0,0,0,0,280,60,0,1,0,1,3,31,-27,16,193639,998,127,36,0,4,1,1,0,5,0,995,0.0,25,22,14,13.3,1.2,13.4,356.94566930783,6,6
22429,27,57,1-27-2021-057-03,3,1,1FADP3K23JL2,17,460,1779,5,0,12,37,2018,5,1,3,0,1,F,1,1327,5,0,1,1,12,2,40,1,0,0,995,0,0,0,34667,9,9,0,4,2,1,2,1,1,4,0,0,0,0,3,1,0,0,3,1,1,2,11,1,1,4,1,C,11,0,0,0,0,0,0,0,0,0,0,105,110,0,0,0,1,98,999,999,999,9999999,999,999,999,6,0,9,97,0,99,0,995,9.8,998,998,998,99.8,99.8,99.8,58.2797946762505,3,6
22429,27,57,1-27-2021-057-03,3,2,3D4PH5FV4AT1,17,476,1939,7,0,7,27,2010,6,1,4,0,2,B,9,1911,8,9999,9,0,998,,,,,,,,,,,,,,,,,,,,,,,,,,,,,,,,,,,,,,,,,,,,,,,,,,,,,,,,,,,,,,,,,,95,95,95,95,,,,,,,,,,58.2797946762505,3,6
22430,27,58,1-27-2021-058-04,4,1,1C6RR7LG3MS5,17,496,13620,60,0,7,482,2021,34,5,31,0,1,F,1,2336,5,0,1,1,5,2,56,1,8,0,995,0,7,9,01226,9,9,2,4,3,1,2,2,1,2,1,2,0,0,3,1,1,2,9,0,1,2,17,4,1,1,5,L,88,0,0,0,0,0,0,0,0,0,0,115,45,0,0,0,1,1,19,-16,-9,56009,998,-112,20,0,4,0,0,0,0,0,995,9.8,998,998,998,99.8,99.8,99.8,189.909670659248,3,6
22430,27,58,1-27-2021-058-04,4,2,2HGFA1F88AH5,17,474,1863,13,0,37,31,2010,4,1,3,0,1,L,2,1199,5,0,1,1,13,2,56,1,8,9,998,8,7,9,01201,9,9,2,4,2,1,2,2,1,2,1,2,0,0,3,1,1,2,1,0,1,4,66,99,1,1,5,L,89,0,0,0,0,0,0,0,0,0,0,45,115,0,0,0,1,1,36,-6,35,54027,998,-6,33,0,4,99,99,0,0,0,995,0.8,999,999,999,1.1,0.3,1.2,189.909670659248,3,6
22431,19,98,1-19-2021-098-01,1,1,1J4GK48K32W1,17,483,1944,7,0,2,405,2002,14,3,14,0,1,F,3,1867,5,0,1,1,6,2,89,1,9,8,997,8,9,3,35954,2,9,0,4,2,1,2,1,2,1,1,2,2,3,2,1,0,0,9,1,14,2,10,99,1,2,3,I,64,1,8,2,5,1,1,61,1,1,52,255,85,0,1,0,1,5,999,999,999,9999999,999,999,999,8,0,9,0,0,1,3,995,9.8,998,998,998,99.8,99.8,99.8,68.679452951406,9,6
22431,19,98,1-19-2021-098-01,1,2,3AKJGEFG9KDK,17,450,2501,66,0,82,881,2019,66,8,68,0,1,L,9,,,,,,,2,89,1,0,0,995,0,0,0,35756,9,9,0,4,2,1,2,1,3,1,1,2,2,3,2,1,0,0,9,0,14,4,62,99,1,1,3,I,65,,,,,,,,,,,,,,,,,,,,,,,,,,,95,95,95,95,,,9.8,998,998,998,99.8,99.8,99.8,68.679452951406,9,6
22432,19,99,1-19-2021-099-07,7,1,1D4GP24R55B3,17,476,1942,9,0,7,442,2005,20,4,20,0,1,B,1,1810,5,9999,9,0,998,5,105,1,0,0,995,0,0,0,35906,9,9,0,2,2,1,2,1,1,1,1,3,2,3,1,1,0,0,9,1,15,2,18,99,1,2,2,D,29,0,0,0,0,0,0,0,0,0,0,90,100,0,0,0,1,3,21,21,4,29388,998,-49,19,0,4,95,95,95,95,0,995,9.8,998,998,998,99.8,99.8,99.8,4085.05841969644,9,6
22432,19,99,1-19-2021-099-07,7,2,5FNRL5H66CB0,17,474,1869,2,0,37,441,2012,20,4,20,0,1,F,1,2047,5,0,1,1,8,2,105,1,0,0,995,0,0,0,30161,1,1,0,2,2,2,2,1,1,9,3,2,1,3,1,1,0,0,1,0,1,3,52,4,1,1,2,D,28,0,0,0,0,0,0,0,0,0,0,100,90,0,0,0,1,3,17,-17,0,30512,998,-41,18,0,4,0,0,0,0,0,995,9.8,998,998,998,99.8,99.8,99.8,4085.05841969644,9,6
22433,29,55,1-29-2021-055-01,1,1,4S4BRBCCXB34,17,523,2233,7,0,48,45,2011,6,1,3,0,1,T,3,1542,5,0,1,1,13,2,89,1,9,0,995,0,9,0,02724,9,9,0,2,2,2,2,1,2,9,3,2,0,2,1,1,0,0,1,1,14,2,12,99,2,4,1,B,6,1,3,2,2,1,4,61,1,1,999,997,997,0,1,0,1,6,999,999,999,9999999,999,999,999,8,0,9,0,0,1,3,997,0.5,999,999,999,99.9,99.9,99.9,46.7136508945859,2,6
22434,29,56,1-29-2021-056-07,7,1,YV4902RK9G28,17,485,1962,7,0,51,50,2016,6,1,3,0,1,F,1,1935,5,0,1,1,9,2,48,1,0,0,995,0,0,0,02747,9,9,2,3,1,1,2,1,1,2,0,0,0,0,1,1,2,2,9,0,1,2,17,2,1,1,5,L,88,0,0,0,0,0,0,0,0,0,0,275,180,0,0,0,1,3,14,-14,-2,13999,998,-1,13,0,4,0,0,0,0,0,995,9.8,998,998,998,99.8,99.8,99.8,201.290736061875,2,6
22434,29,56,1-29-2021-056-07,7,2,1J4GW48S0YC2,17,483,1949,7,0,2,404,2000,14,3,14,0,1,L,1,1794,5,9999,9,5,9,2,48,1,0,0,995,0,0,0,02747,9,9,2,3,1,1,2,1,1,1,0,0,0,0,1,1,0,0,1,0,1,4,66,99,1,1,5,L,89,0,0,0,0,0,0,0,0,0,0,180,275,0,0,0,1,3,16,-6,15,22632,998,-41,17,0,4,1,1,0,5,0,995,9.8,998,998,998,99.8,99.8,99.8,201.290736061875,2,6
22434,29,56,1-29-2021-056-07,7,3,2HKYF18434H5,17,474,1864,7,0,37,421,2004,15,3,15,0,2,B,9,2007,5,9999,9,0,998,,,,,,,,,,,,,,,,,,,,,,,,,,,,,,,,,,,,,,,,,,,,,,,,,,,,,,,,,,,,,,,,,,95,95,95,95,,,,,,,,,,201.290736061875,2,6
22435,22,77,1-22-2021-077-08,8,1,5Y2SN62L93Z4,17,536,2807,5,0,22,32,2003,6,1,2,0,1,T,3,1273,5,0,1,1,25,2,89,1,0,1,0,2,1,2,99163,1,2,0,4,2,1,2,1,3,1,1,4,1,0,2,8,0,0,9,1,14,2,13,7,1,4,1,A,1,1,12,2,4,1,2,61,1,1,93,997,997,0,1,0,2,6,999,999,999,9999999,999,999,999,8,0,3,17,1,3,3,997,0.8,10,1,120,3.5,0.3,3.5,242.816033568702,12,6
22436,22,78,1-22-2021-078-02,2,1,3N1AB7AP3KY2,17,478,1907,13,0,35,43,2019,4,1,3,0,1,R,2,1315,5,0,1,1,9,2,40,1,0,0,995,0,0,0,83501,1,2,2,4,3,2,2,1,1,1,1,2,0,0,1,1,1,2,1,0,11,2,15,1,1,1,4,J,68,0,0,0,0,0,0,0,0,0,0,130,345,0,0,0,1,5,999,999,999,9999999,999,999,27,3,0,2,4,0,4,0,995,9.8,998,998,998,99.8,99.8,99.8,31.7099210428159,12,6
22436,22,78,1-22-2021-078-02,2,2,1FTNW21F5XEE,17,460,1805,60,0,12,481,1999,34,5,31,0,1,F,1,2694,5,9999,9,1,9,2,40,1,0,0,995,0,0,0,99347,9,9,2,4,5,2,2,1,1,1,1,1,0,0,1,1,0,0,9,0,1,4,62,99,1,1,4,J,69,0,0,0,0,0,0,0,0,0,0,345,130,0,0,0,1,5,999,999,999,9999999,999,999,14,2,0,0,0,0,0,0,995,9.8,998,998,998,99.8,99.8,99.8,31.7099210428159,12,6
22437,66,49,1-66-2021-049-03,3,1,KMHDU46D47U0,17,498,2735,13,0,55,35,2007,4,1,3,0,1,F,2,1247,5,0,1,1,20,2,113,1,0,0,995,0,7,0,65689,9,9,0,2,2,2,2,1,1,1,3,2,1,3,1,1,0,0,9,0,2,3,52,3,2,1,2,D,28,0,0,0,0,0,0,0,0,0,0,225,235,0,0,0,1,1,28,-27,-5,55126,998,2,33,0,4,0,0,0,0,0,995,9.8,998,998,998,99.8,99.8,99.8,155.02073287647,6,6
22437,66,49,1-66-2021-049-03,3,2,1C4PJLDB0LD5,17,483,1945,7,0,2,404,2020,14,3,14,0,1,B,1,1661,5,0,1,1,19,2,113,1,0,0,995,0,7,0,32901,1,2,0,2,2,2,2,1,1,1,3,2,1,3,1,1,0,0,1,0,2,3,53,1,1,1,2,D,29,0,0,0,0,0,0,0,0,0,0,235,225,0,0,0,1,1,19,19,0,14394,998,43,13,0,1,2,6,0,4,0,995,9.8,998,998,998,99.8,99.8,99.8,155.02073287647,6,6
22437,66,49,1-66-2021-049-03,3,3,1GTHK23658F1,17,472,1857,60,0,23,481,2008,34,5,31,99,1,B,9,2714,5,9999,9,0,998,5,113,1,0,0,995,0,7,0,65052,9,9,0,2,2,2,2,1,1,1,3,2,1,3,1,1,0,0,9,0,2,3,53,99,1,1,6,M,98,0,0,0,0,0,0,0,0,0,0,235,235,0,0,0,2,0,999,999,999,9999999,999,999,999,9,0,95,95,95,95,0,995,9.8,998,998,998,99.8,99.8,99.8,155.02073287647,6,6
22438,66,50,1-66-2021-050-06,6,1,1FAHP2EW4CG1,17,460,1782,13,0,12,17,2012,4,1,4,0,1,F,1,1822,5,0,1,1,14,2,89,1,0,0,995,0,7,0,65605,9,9,0,4,2,1,2,1,1,1,1,4,2,3,1,8,0,0,9,0,1,6,87,1,1,1,1,C,13,0,0,0,0,0,0,0,0,0,0,998,998,0,0,0,1,10,999,999,999,9999999,999,-89,11,2,0,99,99,0,99,0,998,9.8,998,998,998,99.8,99.8,99.8,315.27020807275,6,6
22439,18,49,1-18-2021-049-04,4,1,1FTEX1E87HKE,17,460,1801,60,0,12,481,2017,34,5,31,0,1,F,1,2081,5,0,1,1,8,2,89,1,0,0,995,0,0,0,53553,1,2,0,4,2,1,2,1,1,1,1,4,0,0,1,1,0,0,9,0,1,6,87,99,1,1,1,C,13,0,0,0,0,0,0,0,0,0,0,998,998,0,0,0,1,10,999,999,999,9999999,999,12,17,2,0,0,0,0,0,0,998,9.8,998,998,998,99.8,99.8,99.8,169.562705404112,6,6
22440,18,50,1-18-2021-050-07,7,1,2G4GL5EX5E92,17,468,1822,13,0,18,19,2014,4,1,3,0,1,L,1,1633,5,0,1,1,18,2,113,1,0,0,995,0,0,0,54703,1,9,1,2,3,1,2,2,1,1,1,0,0,1,1,2,0,0,2,1,16,2,10,99,1,2,2,F,47,0,0,0,0,0,0,0,0,0,0,110,120,0,0,0,1,5,999,999,999,9999999,999,999,9,1,0,0,0,0,0,0,995,9.8,998,998,998,99.8,99.8,99.8,279.064276474648,6,6
22440,18,50,1-18-2021-050-07,7,2,3AKJGLD50FSG,17,450,2501,66,0,82,881,2015,66,8,68,0,1,R,9,,,,,,,5,113,1,0,0,995,0,0,0,48306,9,9,1,2,3,2,2,2,1,1,0,3,0,3,1,2,0,0,1,0,1,4,61,99,1,1,2,F,45,,,,,,,,,,,,,,,,,,,,,,,,,,,95,95,95,95,,,9.8,998,998,998,99.8,99.8,99.8,279.064276474648,6,6
22441,26,88,1-26-2021-088-03,3,1,JTDL9RFU2K30,17,448,2209,13,0,49,46,2019,5,1,3,0,1,F,1,1390,5,0,1,1,18,2,72,1,0,0,995,0,0,0,95843,1,2,2,1,4,3,2,1,1,1,3,1,0,0,1,1,1,2,3,0,1,2,17,4,1,1,4,J,69,0,0,0,0,0,0,0,0,0,0,80,210,0,0,0,1,1,14,-13,2,17817,998,-19,17,0,4,1,1,0,7,0,995,9.8,998,998,998,99.8,99.8,99.8,247.317040258118,10,6
22441,26,88,1-26-2021-088-03,3,2,5NPE24AF5FH1,17,498,2459,13,0,55,33,2015,4,1,4,0,1,R,1,1475,5,0,1,1,18,2,72,1,0,0,995,0,0,0,95843,9,9,2,1,4,4,2,1,1,1,1,0,0,0,1,1,1,2,1,0,11,4,63,99,9,1,4,J,68,0,0,0,0,0,0,0,0,0,0,210,80,0,0,0,1,1,14,-10,-9,6495,998,-45,10,0,4,0,0,0,0,0,995,0.0,8,8,97,0.0,0.0,0.0,247.317040258118,10,6