CASEID,PSU,CASENO,CASENUMBER,CATEGORY,VEHNO,VIN,VINLENGTH,VPICMAKE,VPICMODEL,VPICBODYCLASS,ICFINALBODY,MAKE,MODEL,MODELYR,BODYTYPE,BODYCAT,VEHCLASS,SPECUSE,TRANSTAT,DAMPLANE,DAMSEV,CURBWT,CURBSRC,CARGOWT,CARGOSRC,INSPTYPE,INSPLAG,TOWED,SPEEDLIMIT,DRPRESENT,PARALCOHOL,ALCTEST,ALCTESTRESULT,ALCTESTSRC,PARDRUG,DRUGTEST,ZIP,RACE,ETHNICITY,RELTOJUNCT,TRAFFLOW,RDLANES,INITLANE,SURFTYPE,SURFCOND,ALIGNMENT,PROFILE,LINERIGHT,LINELEFT,RUMBINIT,RUMBROAD,LIGHTCOND,WEATHER,TRAFDEV,TRAFFUNCT,DISTRACT,PREFHE,PREMOVE,CRITCAT,CRITEVENT,MANEUVER,PRESTAB,PRELOC,CRASHCAT,CRASHCONF,CRASHTYPE,ROLLTYPE,ROLLTURN,ROLLINTRPT,ROLLPREMAN,ROLLINITYP,ROLLINLOC,ROLLOBJ,ROLLTRIP,ROLLDIR,ROLLDIST,DVANGTHIS,DVANGOTH,TOWHITCH,TRAJDOC,TREEPOLE,DVEVENT,DVBASIS,DVTOTAL,DVLONG,DVLAT,DVENERGY,DVSPEED,DVMOMENT,DVBES,DVEST,DVCONF,VAIS,VISS,VINJURED,VTREAT,INITOBJCLASS,HEADANGLECAT,SHLDRWIDTH,STRKLENGTH,STRKWIDTH,STRKHEIGHT,EDGEDISTX,EDGEDISTY,EDGEDISTZ,CASEWGT,PSUSTRAT,VERSION
22441,26,88,1-26-2021-088-03,3,3,1G1RH6E4XDU1,17,467,1838,5,0,20,26,2013,5,1,3,0,1,L,9,1715,5,9999,9,0,998,5,72,1,0,0,995,0,0,0,95843,9,9,2,1,4,4,2,1,1,1,1,0,0,0,1,1,1,2,1,0,11,4,62,99,1,1,6,M,98,0,0,0,0,0,0,0,0,0,0,260,50,0,0,0,3,0,999,999,999,9999999,999,999,999,9,0,95,95,95,95,0,995,9.8,998,998,998,99.8,99.8,99.8,247.317040258118,10,6
22442,26,89,1-26-2021-089-07,7,1,5NPEB4AC7DH5,17,498,2459,13,0,55,33,2013,4,1,4,0,1,F,9,1475,5,9999,9,0,998,2,56,1,0,0,995,0,0,0,95825,2,2,3,5,5,1,2,1,1,1,0,3,0,0,1,1,0,0,1,0,15,3,50,2,1,1,2,D,20,0,0,0,0,0,0,0,0,0,0,10,10,0,0,0,1,0,999,999,999,9999999,999,999,999,9,0,0,0,0,6,0,995,9.8,998,998,998,99.8,99.8,99.8,1285.13095402011,10,6
22442,26,89,1-26-2021-089-07,7,2,4JGDA5HB6JB0,17,449,5886,7,0,42,404,2018,14,3,14,0,1,B,9,2270,5,9999,9,0,998,5,56,1,0,0,995,0,0,0,95823,9,9,3,5,5,1,2,1,1,1,0,3,0,0,1,1,0,0,1,0,5,3,53,1,1,1,2,D,23,0,0,0,0,0,0,0,0,0,0,10,10,0,0,0,1,0,999,999,999,9999999,999,999,999,9,0,95,95,95,95,0,995,9.8,998,998,998,99.8,99.8,99.8,1285.13095402011,10,6
22444,26,91,1-26-2021-091-09,9,1,W04GU5GC6B10,17,468,1822,13,0,18,19,2011,4,1,3,0,1,F,2,1633,5,0,1,1,15,2,105,1,0,0,995,0,0,0,93230,2,9,0,2,5,4,2,1,1,1,3,3,0,0,3,1,0,0,9,1,15,2,10,1,1,2,2,F,47,0,0,0,0,0,0,0,0,0,0,998,998,0,0,9,4,1,36,-36,0,88118,998,-7,36,0,3,0,0,0,0,0,998,6.3,999,999,999,99.9,99.9,99.9,1462.34702615514,10,6
22444,26,91,1-26-2021-091-09,9,2,WDDHF8HB1BA4,17,449,2081,13,0,42,48,2011,4,1,4,0,1,F,2,1830,5,0,1,1,17,2,105,1,0,0,995,0,0,0,95210,3,9,0,2,5,5,2,1,1,1,3,2,0,0,3,1,0,0,1,0,1,4,61,1,1,1,2,F,45,0,0,0,0,0,0,0,0,0,0,998,998,0,0,0,3,1,26,-24,9,68382,998,73,26,0,1,99,99,0,0,0,998,3.3,999,999,999,99.9,99.9,99.9,1462.34702615514,10,6
22445,15,85,1-15-2021-085-06,6,1,1C4PJLDB4EW1,17,483,1945,7,0,2,404,2014,14,3,14,0,1,R,9,1712,5,9999,9,4,12,2,48,1,8,1,0,2,7,1,11801,9,1,2,4,2,1,2,1,1,1,1,2,0,0,1,1,0,0,9,0,11,2,15,99,9,1,4,J,68,0,0,0,0,0,0,0,0,0,0,70,300,0,0,0,1,12,999,999,999,9999999,999,999,999,9,0,2,5,0,3,0,995,9.8,998,998,998,99.8,99.8,99.8,51.2178712851276,1,6
22445,15,85,1-15-2021-085-06,6,2,1GCVKREC6EZ3,17,467,1850,60,0,20,481,2014,34,5,31,0,1,F,9,2360,5,9999,9,0,998,5,48,1,8,9,998,8,7,9,11801,9,9,2,4,2,1,2,1,2,1,1,2,0,0,1,1,0,0,9,0,14,4,62,99,9,1,4,J,69,0,0,0,0,0,0,0,0,0,0,300,70,0,0,0,1,0,999,999,999,9999999,999,999,999,9,0,95,95,95,95,0,995,9.8,998,998,998,99.8,99.8,99.8,51.2178712851276,1,6
22446,15,86,1-15-2021-086-06,6,1,1HGCR2F54GA1,17,474,1861,13,0,37,32,2016,4,1,4,0,1,L,9,1496,5,9999,9,0,998,2,999,1,8,9,998,8,7,9,11236,9,9,2,4,2,1,2,1,1,1,0,0,0,0,1,1,2,2,9,0,1,2,17,99,9,1,5,L,89,0,0,0,0,0,0,0,0,0,0,90,180,0,0,0,1,0,999,999,999,9999999,999,999,999,9,0,99,99,0,0,0,995,9.8,998,998,998,99.8,99.8,99.8,51.2178712851276,1,6
22446,15,86,1-15-2021-086-06,6,2,JTNKHMBX9K10,17,448,17213,8,0,49,405,2019,14,3,14,0,1,F,9,1497,5,9999,9,0,998,5,999,1,8,9,998,8,7,9,11590,9,9,2,4,2,1,2,1,1,1,0,2,0,0,1,1,0,0,9,0,1,4,66,99,9,1,5,L,88,0,0,0,0,0,0,0,0,0,0,180,90,0,0,0,1,0,999,999,999,9999999,999,999,999,9,0,95,95,95,95,0,995,9.8,998,998,998,99.8,99.8,99.8,51.2178712851276,1,6
22447,21,93,1-21-2021-093-01,1,1,1HGCG66501A1,17,474,1861,13,0,37,32,2001,4,1,3,0,1,F,3,1375,5,9999,9,4,66,2,113,1,9,0,995,0,9,2,92392,1,9,0,1,2,2,2,1,1,1,3,2,1,3,1,1,0,0,9,1,1,2,12,99,1,4,1,B,6,1,3,2,6,6,4,54,3,1,9,998,998,0,0,0,2,12,999,999,999,9999999,999,999,999,8,0,3,17,1,1,3,998,1.6,999,999,999,80.6,5.0,81.1,39.1947422563611,11,6
22448,21,94,1-21-2021-094-04,4,1,1HGEM21991L0,17,474,1863,3,0,37,31,2001,2,1,2,0,1,L,1,1095,5,9999,9,0,998,2,40,1,1,8,997,8,9,9,92401,2,9,3,4,2,1,2,1,1,4,0,0,0,0,1,1,0,0,9,0,11,2,15,1,1,1,4,K,82,0,0,0,0,0,0,0,0,0,0,235,345,0,0,0,1,3,24,-18,15,36721,998,-82,24,0,4,0,0,0,0,0,995,9.8,998,998,998,99.8,99.8,99.8,1599.92675825029,11,6
22448,21,94,1-21-2021-094-04,4,2,3GCPCREC0HG4,17,467,1850,60,0,20,481,2017,34,5,31,0,1,F,1,2301,5,0,1,1,70,2,64,1,0,0,995,0,0,0,92410,9,9,3,5,4,2,2,1,1,1,3,2,0,0,1,1,0,0,1,0,1,4,72,1,1,1,4,K,83,0,0,0,0,0,0,0,0,0,0,345,235,0,0,0,1,3,12,-10,-6,15527,998,-85,12,0,4,0,0,0,0,0,995,9.8,998,998,998,99.8,99.8,99.8,1599.92675825029,11,6
22449,12,21,1-12-2021-021-07,7,1,2G1FC1E39D92,17,467,1829,3,0,20,9,2013,2,1,4,0,1,F,1,1700,5,0,1,1,51,2,72,1,0,0,995,0,0,0,73443,9,9,0,4,2,1,2,1,3,1,0,0,0,0,2,1,0,0,9,1,11,2,13,2,9,4,1,A,1,0,0,0,0,0,0,0,0,0,0,998,998,0,0,0,1,1,18,-18,-3,21852,998,-4,18,0,4,0,0,0,0,0,998,0.0,60,15,80,0.0,0.0,0.0,2041.30947533412,9,6
22450,12,22,1-12-2021-022-04,4,1,1GNEC13T55R2,17,467,1852,7,0,20,421,2005,15,3,15,0,1,F,1,2190,5,0,1,2,3,5,56,1,8,0,995,0,7,8,73401,9,9,2,4,4,1,1,1,1,1,0,1,0,0,3,1,1,2,9,0,1,3,50,99,1,1,2,D,20,0,0,0,0,0,0,0,0,0,0,80,90,0,0,0,1,1,12,-12,-2,18546,998,-1,15,0,4,95,95,95,95,0,995,9.8,998,998,998,99.8,99.8,99.8,1082.95056016964,9,6
22450,12,22,1-12-2021-022-04,4,2,4T1B11HK3KU8,17,448,2469,13,0,49,40,2019,4,1,4,0,1,B,1,1520,5,0,1,1,3,2,56,1,0,0,995,0,0,0,73446,2,2,2,4,4,1,1,1,1,1,0,1,0,0,3,1,1,2,1,0,5,3,53,1,1,1,2,D,21,0,0,0,0,0,0,0,0,0,0,90,80,0,0,0,1,1,17,17,0,13282,998,37,14,0,4,0,0,0,0,0,995,9.8,998,998,998,99.8,99.8,99.8,1082.95056016964,9,6
22451,20,76,1-20-2021-076-02,2,1,2C3CDXGJ8JH3,17,476,1895,13,0,7,24,2018,4,1,5,0,1,9,9,1996,5,9999,9,0,998,2,72,1,1,1,249,2,7,2,95012,1,1,2,1,2,1,2,1,2,4,1,2,0,0,3,98,0,0,1,1,14,1,6,2,2,4,1,B,7,1,4,2,2,1,4,61,1,1,15,997,997,0,0,0,7,0,999,999,999,9999999,999,999,999,9,0,2,12,0,3,3,997,0.0,120,15,15,0.0,0.0,0.0,55.9656336770062,11,6
22452,20,77,1-20-2021-077-06,6,1,WBA3C1C57DF4,17,452,1709,13,0,34,34,2013,4,1,4,0,1,F,2,1545,5,0,1,1,14,2,105,1,0,0,995,0,0,0,95138,1,1,0,2,2,2,2,1,1,9,3,2,1,1,1,1,0,0,1,0,1,3,52,3,1,1,2,D,28,0,0,0,0,0,0,0,0,0,0,120,130,0,0,0,1,3,36,-35,-6,33813,998,-20,22,0,4,0,0,0,0,0,995,9.8,998,998,998,99.8,99.8,99.8,249.858551085493,11,6
22452,20,77,1-20-2021-077-06,6,2,2GTEC19V9213,17,472,1857,60,0,23,481,2002,34,5,31,0,1,F,1,1787,5,0,1,1,41,2,105,1,0,0,995,0,0,0,93960,9,1,0,2,2,2,2,1,1,9,3,2,1,1,1,1,0,0,1,0,2,3,53,1,1,1,2,D,29,0,0,0,0,0,0,0,0,0,0,130,130,0,0,0,2,1,19,-19,0,34229,998,3,22,0,1,0,0,0,0,0,995,9.8,998,998,998,99.8,99.8,99.8,249.858551085493,11,6
22452,20,77,1-20-2021-077-06,6,3,1N4AL2EP4CC2,17,478,1904,3,0,35,47,2012,2,1,3,0,1,B,1,1404,5,0,1,1,42,2,105,1,0,0,995,0,0,0,93927,9,1,0,2,2,2,2,1,1,9,2,3,1,1,1,1,0,0,1,0,2,3,53,1,1,1,6,M,98,0,0,0,0,0,0,0,0,0,0,130,130,0,0,0,2,1,23,23,0,23838,998,0,20,0,1,0,0,0,0,0,995,9.8,998,998,998,99.8,99.8,99.8,249.858551085493,11,6
22452,20,77,1-20-2021-077-06,6,4,3TMJU62N48M0,17,448,2223,60,0,49,472,2008,34,5,30,0,1,B,9,1767,5,9999,9,0,998,5,105,1,0,0,995,0,0,0,93033,9,9,0,2,2,2,2,1,1,9,3,2,1,1,1,1,0,0,1,0,5,3,53,1,1,1,6,M,98,0,0,0,0,0,0,0,0,0,0,130,130,0,0,0,3,0,999,999,999,9999999,999,999,999,9,0,95,95,95,95,0,995,9.8,998,998,998,99.8,99.8,99.8,249.858551085493,11,6
22454,20,79,1-20-2021-079-06,6,1,1HGCP2F3XAA0,17,474,1861,13,0,37,32,2010,4,1,4,0,1,R,1,1468,5,0,1,1,16,2,40,1,8,0,995,0,7,0,99999,9,9,2,4,2,1,2,1,1,1,0,0,0,0,1,1,2,2,9,0,1,2,17,99,1,1,5,L,87,0,0,0,0,0,0,0,0,0,0,300,200,0,1,0,1,1,23,-15,-18,13851,998,-28,15,0,4,99,99,0,99,0,995,0.0,120,15,13,0.0,0.0,0.0,249.858551085493,11,6
22454,20,79,1-20-2021-079-06,6,2,1N4AL3AP3GC1,17,478,1904,13,0,35,47,2016,4,1,4,0,1,F,1,1453,5,0,1,1,21,2,40,1,0,1,0,2,0,0,93906,1,2,2,4,2,1,2,1,3,1,0,2,0,0,1,1,6,2,1,0,14,4,66,1,1,1,5,L,86,0,0,0,0,0,0,0,0,0,0,200,300,0,0,0,1,1,23,-20,11,63829,998,105,27,0,4,1,1,0,6,0,995,9.8,998,998,998,99.8,99.8,99.8,249.858551085493,11,6
22463,14,47,1-14-2021-047-05,5,1,1FMNU43S2YEA,17,460,2370,7,0,12,423,2000,16,3,16,0,1,F,1,3261,5,9999,9,0,998,2,72,1,0,0,995,0,0,0,78155,1,9,2,5,5,2,2,1,1,1,3,2,0,0,1,8,1,2,9,0,1,2,17,99,1,1,4,K,83,0,0,0,0,0,0,0,0,0,0,120,355,0,0,0,1,3,9,-8,-3,38436,998,-89,15,0,4,0,0,0,0,0,995,9.8,998,998,998,99.8,99.8,99.8,341.287977064972,8,6
22463,14,47,1-14-2021-047-05,5,2,1FMCU0F76DUD,17,460,1798,7,0,12,402,2013,14,3,14,0,1,F,1,1588,5,0,1,1,7,2,72,1,0,0,995,0,0,0,78130,1,2,2,2,2,1,2,1,1,1,0,0,0,0,1,8,1,2,9,0,11,4,66,1,1,1,4,K,82,0,0,0,0,0,0,0,0,0,0,355,120,0,0,0,1,3,19,-15,12,21156,998,128,13,0,4,3,10,1,8,0,995,9.8,998,998,998,99.8,99.8,99.8,341.287977064972,8,6
22464,26,92,1-26-2021-092-09,9,1,JT6GF10UXX00,17,515,2214,7,0,59,401,1999,14,3,14,0,1,F,2,1770,5,0,1,1,11,2,72,1,1,1,170,1,0,0,95628,1,9,2,1,5,5,2,1,1,1,1,0,0,0,3,1,1,2,9,1,1,2,12,99,9,4,3,G,50,0,0,0,0,0,0,0,0,0,0,320,160,0,0,0,1,3,38,-38,-7,91207,998,-51,33,0,4,1,1,0,6,0,995,9.8,998,998,998,99.8,99.8,99.8,1462.34702576328,10,6
22464,26,92,1-26-2021-092-09,9,2,2HNYD188X5H5,17,475,2147,7,0,54,421,2005,15,3,15,0,1,F,2,1992,5,9999,9,4,45,2,72,1,0,0,995,0,0,0,95742,3,2,2,1,3,3,2,1,1,1,3,0,0,0,3,1,1,2,9,0,1,4,62,99,1,1,3,G,51,0,0,0,0,0,0,0,0,0,0,160,320,0,0,0,1,3,31,-31,5,114818,998,0,36,0,4,1,1,0,99,0,995,9.8,998,998,998,99.8,99.8,99.8,1462.34702576328,10,6
22467,32,80,1-32-2021-080-03,3,1,1GCRCREC5JZ3,17,467,1850,60,0,20,481,2018,34,5,31,0,1,9,9,2301,5,9999,9,0,998,2,56,1,0,0,995,0,0,0,75080,1,9,2,1,3,1,1,1,1,1,0,3,0,0,1,1,0,0,9,1,15,2,10,1,1,2,2,F,47,0,0,0,0,0,0,0,0,0,0,80,90,0,0,0,1,0,999,999,999,9999999,999,999,999,9,0,9,97,0,0,0,995,9.8,998,998,998,99.8,99.8,99.8,1525.25509167828,7,6
22467,32,80,1-32-2021-080-03,3,2,JHMGE8H57CC0,17,474,2127,5,0,37,39,2012,5,1,1,0,1,R,9,1121,5,9999,9,0,998,5,56,1,0,0,995,0,0,0,75243,9,9,2,1,3,2,1,1,1,1,3,3,0,0,1,1,0,0,9,0,1,4,61,99,1,1,2,F,45,0,0,0,0,0,0,0,0,0,0,90,80,0,0,0,1,0,999,999,999,9999999,999,999,999,9,0,95,95,95,95,0,995,9.8,998,998,998,99.8,99.8,99.8,1525.25509167828,7,6
22467,32,80,1-32-2021-080-03,3,3,2C3CDXBG0LH1,17,476,1895,13,0,7,24,2020,4,1,5,0,1,R,9,1996,5,9999,9,0,998,5,56,1,0,0,995,0,0,0,74134,9,9,2,1,3,2,1,1,1,1,3,3,0,0,1,1,0,0,9,0,1,4,61,99,1,1,6,M,98,0,0,0,0,0,0,0,0,0,0,90,80,0,0,0,2,0,999,999,999,9999999,999,999,999,9,0,95,95,95,95,0,995,9.8,998,998,998,99.8,99.8,99.8,1525.25509167828,7,6
22468,30,60,1-30-2021-060-06,6,1,JM1BL1TG9D17,17,473,2074,13,0,41,51,2013,4,1,2,0,1,F,2,1378,5,9999,9,4,17,2,105,1,0,0,995,0,0,0,85374,9,9,1,3,2,1,2,1,1,2,1,3,0,0,5,1,1,2,3,1,1,2,13,98,1,4,1,A,1,0,0,0,0,0,0,0,0,0,0,998,998,0,0,6,1,12,999,999,999,9999999,999,999,999,7,0,9,97,0,5,0,998,1.0,999,999,999,99.9,99.9,99.9,656.037567204499,10,6
22469,30,61,1-30-2021-061-03,3,1,JTNKARJE7HJ5,17,448,15800,5,0,49,32,2017,5,1,2,0,1,F,2,1335,5,0,1,1,19,2,105,1,0,0,995,0,0,0,85257,9,9,0,2,5,4,2,1,3,1,3,1,0,0,1,1,0,0,1,1,14,1,1,99,9,4,1,A,2,0,0,0,0,0,0,0,0,0,0,998,998,0,0,0,1,1,29,-29,0,46186,998,0,29,0,4,1,1,0,5,0,998,9.7,999,999,999,6.0,3.5,7.0,371.71673225344,10,6
22469,30,61,1-30-2021-061-03,3,2,1FUBCXD27KHK,17,450,2499,66,0,82,898,2019,66,8,68,0,1,F,9,,,,,,,5,105,1,0,0,995,0,0,0,85202,9,9,0,2,5,2,2,1,3,1,3,3,0,0,1,1,0,0,1,0,14,4,61,99,1,1,6,M,98,,,,,,,,,,,,,,,,,,,,,,,,,,,95,95,95,95,,,9.8,998,998,998,99.8,99.8,99.8,371.71673225344,10,6
22470,20,80,1-20-2021-080-09,9,1,JHMFA165X7S0,17,474,1863,13,0,37,31,2007,4,1,3,0,1,T,9,1224,5,9999,9,0,998,2,105,1,0,0,995,0,0,0,93905,9,1,0,1,2,2,1,1,1,1,3,2,1,3,2,1,0,0,9,1,1,1,9,99,3,4,1,A,2,1,4,2,2,1,4,61,1,2,999,997,997,0,0,0,1,0,999,999,999,9999999,999,999,999,9,0,1,1,0,99,3,997,9.8,998,998,998,99.8,99.8,99.8,1060.17684792422,11,6
22472,77,56,1-77-2021-056-08,8,1,2LNBL8EV0BX7,17,464,1791,13,0,13,1,2011,4,1,5,0,1,F,3,2026,5,0,1,1,14,2,105,1,0,1,0,2,0,0,23234,9,9,0,2,2,1,2,1,1,9,1,3,2,3,1,1,0,0,3,1,6,3,51,1,1,2,2,D,24,0,0,0,0,0,0,0,0,0,0,245,245,0,0,0,1,5,999,999,999,9999999,999,999,41,4,0,1,1,0,4,0,995,9.8,998,998,998,99.8,99.8,99.8,1003.55370958963,9,6
22472,77,56,1-77-2021-056-08,8,2,1M1AW07Y5GM0,17,490,2029,66,0,86,881,2016,66,8,68,0,1,B,9,,,,,,,5,105,1,0,0,995,0,0,0,28364,9,9,0,2,2,1,2,1,1,9,1,3,2,3,1,1,0,0,1,0,1,3,53,1,1,1,2,D,25,,,,,,,,,,,,,,,,,,,,,,,,,,,95,95,95,95,,,9.8,998,998,998,99.8,99.8,99.8,1003.55370958963,9,6
22473,77,57,1-77-2021-057-02,2,1,3CZRU6H59MM7,17,474,9212,7,0,37,404,2021,14,3,14,0,1,F,1,1393,5,0,1,1,14,2,105,1,0,0,995,0,0,0,21286,9,9,0,2,2,2,2,1,1,2,3,2,1,3,1,1,0,0,3,0,1,3,50,3,1,1,2,D,20,0,0,0,0,0,0,0,0,0,0,260,250,0,0,0,1,1,16,-16,3,19870,998,-21,18,0,4,0,0,0,0,0,995,9.8,998,998,998,99.8,99.8,99.8,86.1478225129126,9,6
22473,77,57,1-77-2021-057-02,2,2,SALVP2RX3KH3,17,444,2244,7,0,62,404,2019,14,3,14,0,1,B,1,1770,5,0,1,1,14,2,105,1,0,0,995,0,0,0,24482,9,9,0,2,2,2,2,1,1,2,3,2,1,3,1,1,0,0,1,0,5,3,53,1,1,4,2,D,21,0,0,0,0,0,0,0,0,0,0,250,260,0,0,0,1,1,13,13,0,7723,998,-45,10,0,4,9,97,0,8,0,995,0.9,999,999,999,99.9,99.9,99.9,86.1478225129126,9,6
22473,77,57,1-77-2021-057-02,2,3,999999999999,99,99999,99999,999,0,99,999,9999,99,10,99,99,1,L,9,,,,,,,5,105,1,8,0,995,0,7,0,99999,9,9,0,2,2,1,2,1,1,2,1,3,2,3,1,1,0,0,9,0,1,4,60,99,1,1,6,M,98,,,,,,,,,,,,,,,,,,,,,,,,,,,95,95,95,95,,,9.8,998,998,998,99.8,99.8,99.8,86.1478225129126,9,6
22476,54,38,1-54-2021-038-04,4,1,1D3HV13T19J5,17,476,1938,60,0,7,482,2009,34,5,31,0,1,F,1,2404,5,0,1,1,7,2,48,1,0,0,995,0,0,0,35582,1,2,2,4,2,1,2,2,3,1,0,0,0,0,1,8,2,2,2,0,14,2,17,9,1,1,5,L,88,0,0,0,0,0,0,0,0,0,0,250,180,0,0,0,1,3,10,-9,-5,10332,998,-133,8,0,4,1,1,0,0,0,995,9.8,998,998,998,99.8,99.8,99.8,484.191346741427,9,6
22476,54,38,1-54-2021-038-04,4,2,1GCUYDED4LZ2,17,467,1850,60,0,20,481,2020,34,5,31,0,1,L,1,2184,5,0,1,1,6,2,56,1,0,0,995,0,0,0,35582,1,2,2,4,2,1,2,2,1,1,1,2,0,0,1,8,0,0,1,0,1,4,66,2,1,1,5,L,89,0,0,0,0,0,0,0,0,0,0,180,250,0,0,0,1,3,11,-2,11,27604,998,-159,13,0,4,0,0,0,0,0,995,0.3,999,999,999,0.7,2.4,2.3,484.191346741427,9,6
22477,10,64,1-10-2021-064-07,7,1,1FMCU0D71CKB,17,460,1798,7,0,12,402,2012,14,3,14,0,1,F,2,1495,5,0,1,1,7,2,89,1,0,0,995,0,0,0,45347,9,9,3,4,2,1,2,1,1,2,1,2,0,0,1,1,0,0,1,0,11,2,15,1,1,1,4,J,68,0,0,0,0,0,0,0,0,0,0,50,270,0,0,0,1,3,31,-30,-5,51305,998,-85,24,0,4,0,0,0,0,0,995,9.8,998,998,998,99.8,99.8,99.8,1560.05871795724,4,6
22477,10,64,1-10-2021-064-07,7,2,1FMCU0E76AKC,17,460,1798,7,0,12,402,2010,14,3,14,0,1,L,2,1609,5,9999,9,0,998,2,89,1,0,0,995,0,0,0,45309,9,9,3,4,2,1,2,1,1,1,1,4,0,0,1,1,0,0,1,0,1,4,62,2,2,1,4,J,69,0,0,0,0,0,0,0,0,0,0,270,50,0,0,0,1,3,29,-25,14,105386,998,-84,34,0,4,0,0,0,0,0,995,9.8,998,998,998,99.8,99.8,99.8,1560.05871795724,4,6
22478,10,65,1-10-2021-065-09,9,1,3FAHP07ZX7R2,17,460,1780,13,0,12,23,2007,4,1,3,0,1,T,2,1407,5,0,1,1,10,2,64,1,0,0,995,0,0,0,45417,9,9,0,4,5,1,2,1,1,1,0,3,0,0,3,8,0,0,3,1,1,2,13,1,9,4,1,A,1,1,8,1,5,1,1,61,1,2,62,997,997,0,0,0,3,6,999,999,999,9999999,999,999,999,7,0,9,97,0,8,3,997,0.0,999,999,13,0.0,0.0,0.0,1993.12611533268,4,6
22479,59,36,1-59-2021-036-01,1,1,3FAHP0HA5CR2,17,460,1780,13,0,12,23,2012,4,1,3,0,1,L,3,1490,5,0,1,1,8,2,89,1,0,0,995,0,0,0,47974,1,2,2,4,2,1,2,1,1,1,0,0,0,0,1,1,2,2,9,0,1,2,17,99,1,1,5,L,89,0,0,0,0,0,0,0,0,0,0,0,90,0,0,0,1,5,999,999,999,9999999,999,999,999,8,0,9,0,0,1,0,995,9.8,998,998,998,99.8,99.8,99.8,90.9104225090041,6,6
22479,59,36,1-59-2021-036-01,1,2,3AKJHHDR5MSM,17,450,2501,66,0,82,881,2021,66,8,67,0,1,F,9,,,,,,,2,89,1,9,8,997,8,9,3,61883,9,9,2,4,2,1,2,1,1,1,1,3,3,3,1,1,0,0,1,0,1,4,66,3,1,1,5,L,88,,,,,,,,,,,,,,,,,,,,,,,,,,,95,95,95,95,,,9.8,998,998,998,99.8,99.8,99.8,90.9104225090041,6,6
22480,59,37,1-59-2021-037-02,2,1,3C4FY78G73T6,17,477,3595,7,0,6,52,2003,6,1,2,0,1,F,1,1411,5,9999,9,0,998,5,48,1,0,0,995,0,0,0,47804,9,9,2,4,2,1,2,2,1,1,0,0,0,0,1,8,2,2,2,0,1,2,17,99,1,1,5,L,88,0,0,0,0,0,0,0,0,0,0,0,280,0,0,0,1,3,10,-8,-5,4466,998,-95,7,0,4,95,95,95,95,0,995,9.8,998,998,998,99.8,99.8,99.8,64.7976556419355,6,6
22480,59,37,1-59-2021-037-02,2,2,2HKRW2H81LH6,17,474,1865,7,0,37,402,2020,14,3,14,0,1,L,1,1580,5,0,1,1,3,2,48,1,8,0,995,0,7,0,47803,1,9,2,4,2,1,2,2,1,1,0,2,0,0,1,8,0,0,9,0,1,4,66,8,1,1,5,L,89,0,0,0,0,0,0,0,0,0,0,280,0,0,0,0,1,3,8,-3,8,8073,998,-47,11,0,4,1,1,0,4,0,995,9.8,998,998,998,99.8,99.8,99.8,64.7976556419355,6,6
22481,17,53,1-17-2021-053-07,7,1,WAUFGBFB8AN0,17,582,3148,13,0,32,42,2010,4,1,4,0,1,F,1,1870,5,9999,9,0,998,5,48,1,9,0,995,0,9,0,61231,9,9,2,4,3,1,2,1,1,1,0,1,0,0,1,1,1,2,9,0,1,2,17,99,1,1,5,L,86,0,0,0,0,0,0,0,0,0,0,100,190,0,0,0,1,3,5,-4,2,2300,998,115,4,0,4,95,95,95,95,0,995,9.8,998,998,998,99.8,99.8,99.8,582.711200312169,4,6
22481,17,53,1-17-2021-053-07,7,2,3FADP4EJ9DM1,17,460,3267,5,0,12,32,2013,5,1,1,0,1,R,1,1170,5,0,1,1,8,2,48,1,9,0,995,0,9,0,61201,9,9,2,4,4,1,2,1,1,1,0,3,0,0,1,1,1,2,9,0,1,4,66,99,1,1,5,L,87,0,0,0,0,0,0,0,0,0,0,190,100,0,0,0,1,3,7,-3,-6,6057,998,151,7,0,4,0,0,0,0,0,995,9.8,998,998,998,99.8,99.8,99.8,582.711200312169,4,6
22482,17,54,1-17-2021-054-07,7,1,2GNFLFEK7G63,17,467,1847,7,0,20,404,2016,14,3,14,0,1,F,2,1782,5,0,1,1,6,2,48,1,9,0,995,0,9,0,61465,9,9,2,4,2,1,2,1,1,1,0,4,0,0,1,1,0,0,9,0,1,3,52,2,1,1,2,D,28,0,0,0,0,0,0,0,0,0,0,185,175,0,0,0,1,3,25,-25,0,60101,998,-29,28,0,1,0,0,0,0,0,995,9.8,998,998,998,99.8,99.8,99.8,582.711200312169,4,6
22482,17,54,1-17-2021-054-07,7,2,KM8SM4HF2JU2,17,498,2057,7,0,55,401,2018,14,3,14,0,1,B,2,1790,5,9999,9,0,998,5,48,1,9,0,995,0,9,0,61201,9,9,2,4,2,1,2,1,1,1,0,4,0,0,1,1,0,0,9,0,11,3,53,99,1,1,2,D,30,0,0,0,0,0,0,0,0,0,0,175,185,0,0,0,1,3,26,26,4,37468,998,-45,22,0,4,95,95,95,95,0,995,9.8,998,998,998,99.8,99.8,99.8,582.711200312169,4,6