CASEID,PSU,CASENO,CASENUMBER,CATEGORY,VEHNO,VIN,VINLENGTH,VPICMAKE,VPICMODEL,VPICBODYCLASS,ICFINALBODY,MAKE,MODEL,MODELYR,BODYTYPE,BODYCAT,VEHCLASS,SPECUSE,TRANSTAT,DAMPLANE,DAMSEV,CURBWT,CURBSRC,CARGOWT,CARGOSRC,INSPTYPE,INSPLAG,TOWED,SPEEDLIMIT,DRPRESENT,PARALCOHOL,ALCTEST,ALCTESTRESULT,ALCTESTSRC,PARDRUG,DRUGTEST,ZIP,RACE,ETHNICITY,RELTOJUNCT,TRAFFLOW,RDLANES,INITLANE,SURFTYPE,SURFCOND,ALIGNMENT,PROFILE,LINERIGHT,LINELEFT,RUMBINIT,RUMBROAD,LIGHTCOND,WEATHER,TRAFDEV,TRAFFUNCT,DISTRACT,PREFHE,PREMOVE,CRITCAT,CRITEVENT,MANEUVER,PRESTAB,PRELOC,CRASHCAT,CRASHCONF,CRASHTYPE,ROLLTYPE,ROLLTURN,ROLLINTRPT,ROLLPREMAN,ROLLINITYP,ROLLINLOC,ROLLOBJ,ROLLTRIP,ROLLDIR,ROLLDIST,DVANGTHIS,DVANGOTH,TOWHITCH,TRAJDOC,TREEPOLE,DVEVENT,DVBASIS,DVTOTAL,DVLONG,DVLAT,DVENERGY,DVSPEED,DVMOMENT,DVBES,DVEST,DVCONF,VAIS,VISS,VINJURED,VTREAT,INITOBJCLASS,HEADANGLECAT,SHLDRWIDTH,STRKLENGTH,STRKWIDTH,STRKHEIGHT,EDGEDISTX,EDGEDISTY,EDGEDISTZ,CASEWGT,PSUSTRAT,VERSION
22483,19,100,1-19-2021-100-05,5,1,19UUA86599A0,17,475,1873,13,0,54,35,2009,4,1,4,0,1,L,2,1686,5,0,1,1,8,2,56,1,0,0,995,0,0,0,35961,1,9,2,4,2,1,2,1,1,1,1,2,0,0,1,1,2,2,9,0,1,2,17,99,1,1,5,L,89,0,0,0,0,0,0,0,0,0,0,120,240,0,1,0,1,1,36,-31,18,85779,998,-17,35,0,4,1,1,0,4,0,995,9.8,998,998,998,99.8,99.8,99.8,47.5090336657469,9,6
22483,19,100,1-19-2021-100-05,5,2,1C4NJCBBXFD4,17,483,1946,7,0,2,1,2015,6,1,2,0,1,F,2,1405,5,0,1,1,8,2,72,1,0,0,995,0,0,0,35960,1,9,2,4,2,1,2,1,2,1,1,2,0,0,1,1,0,0,9,0,14,4,66,99,1,1,5,L,88,1,2,1,5,1,1,61,1,1,6,240,120,0,1,0,1,1,38,-33,-19,139314,998,-95,38,0,4,3,11,3,3,3,995,0.8,30,30,999,2.8,3.1,2.3,47.5090336657469,9,6
22484,19,101,1-19-2021-101-04,4,1,5NPEB4AC0EH8,17,498,2459,13,0,55,33,2014,4,1,4,0,1,F,1,1475,5,0,1,1,8,2,40,1,0,0,995,0,0,0,35901,2,2,2,4,2,1,2,1,1,1,0,2,0,0,3,1,2,2,2,0,11,2,15,1,1,1,4,K,82,0,0,0,0,0,0,0,0,0,0,10,145,0,0,0,1,1,22,-21,8,70124,998,98,28,0,1,0,0,0,0,0,995,9.8,998,998,998,99.8,99.8,99.8,677.664153124772,9,6
22484,19,101,1-19-2021-101-04,4,2,1G1ZD5ST5JF1,17,467,1834,13,0,20,37,2018,4,1,4,0,1,R,1,1400,5,0,1,1,8,2,40,1,0,0,995,0,0,0,35903,2,2,2,4,2,1,2,1,1,1,0,2,0,0,3,1,0,0,1,0,1,4,67,1,1,1,4,K,83,0,0,0,0,0,0,0,0,0,0,145,10,0,0,0,1,1,20,-18,-10,2707,998,60,6,0,1,0,0,0,0,0,995,9.8,998,998,998,99.8,99.8,99.8,677.664153124772,9,6
22485,19,102,1-19-2021-102-05,5,1,2FTRF18L5XCA,17,460,1801,60,0,12,481,1999,34,5,31,0,1,F,1,1927,5,9999,9,0,998,2,72,1,0,0,995,0,0,0,35907,1,9,2,1,3,1,2,1,1,1,1,3,0,0,1,1,1,2,3,0,1,2,17,3,2,1,4,K,83,0,0,0,0,0,0,0,0,0,0,75,340,0,1,0,1,3,14,-13,-7,22457,998,-121,13,0,4,0,0,0,0,0,995,9.8,998,998,998,99.8,99.8,99.8,47.5090336657469,9,6
22485,19,102,1-19-2021-102-05,5,2,2T1BURHE9FC3,17,448,2208,13,0,49,32,2015,4,1,3,0,1,L,1,1265,5,0,1,1,8,2,56,1,0,0,995,0,0,0,35904,2,9,2,4,3,2,2,1,1,1,1,2,0,0,1,1,1,2,9,0,11,2,15,11,1,1,4,K,82,0,0,0,0,0,0,0,0,0,0,340,75,0,0,0,1,3,21,-11,18,33891,998,-59,23,0,4,4,21,1,3,0,995,9.8,998,998,998,99.8,99.8,99.8,47.5090336657469,9,6
22486,19,103,1-19-2021-103-05,5,1,1GNEK13T45R1,17,467,1852,7,0,20,421,2005,15,3,15,0,1,F,3,2190,5,0,1,1,5,2,72,1,9,1,0,2,9,0,35907,1,9,2,4,2,1,2,1,1,1,1,2,2,3,1,1,0,0,9,1,1,2,10,2,2,2,3,G,50,0,0,0,0,0,0,0,0,0,0,35,235,0,1,0,1,1,43,-42,-7,201130,998,-38,46,0,1,3,10,1,3,0,995,9.8,998,998,998,99.8,99.8,99.8,47.5090336657469,9,6
22486,19,103,1-19-2021-103-05,5,2,1N4AA5AP0EC4,17,478,2302,13,0,35,39,2014,4,1,4,0,1,F,3,1621,5,0,4,1,6,2,72,1,9,0,995,0,9,0,35901,2,9,2,4,2,1,2,1,2,4,1,2,2,3,1,1,0,0,9,0,14,4,62,99,1,1,3,G,51,0,0,0,0,0,0,0,0,0,0,235,35,0,1,0,1,1,57,-56,10,190608,998,16,53,0,1,4,29,1,3,0,995,0.6,120,120,-120,5.3,1.7,5.5,47.5090336657469,9,6
22487,12,23,1-12-2021-023-01,1,1,1G2ZF57B2841,17,536,4263,13,0,22,22,2008,4,1,4,0,1,F,3,1507,5,68,4,1,9,2,105,1,0,1,0,3,0,2,73644,1,9,0,4,2,1,2,1,1,1,1,3,3,3,2,1,0,0,9,1,1,2,13,99,1,4,1,A,1,0,0,0,0,0,0,0,0,0,0,998,998,0,0,0,1,1,44,-44,0,125122,998,0,44,0,1,3,11,1,1,0,998,0.0,120,120,120,63.0,5.3,63.1,271.546777212895,9,6
22488,12,24,1-12-2021-024-07,7,1,1XKDDP9XXDJ3,17,532,2719,66,0,85,881,2013,66,8,67,0,1,R,9,,,,,,,5,72,1,0,0,995,0,0,0,73401,9,9,3,5,5,1,2,1,1,1,0,3,0,0,1,1,0,0,1,1,10,2,16,99,1,1,4,J,70,,,,,,,,,,,,,,,,,,,,,,,,,,,95,95,95,95,,,9.8,998,998,998,99.8,99.8,99.8,5852.64165875557,9,6
22488,12,24,1-12-2021-024-07,7,2,1N4AA5AP9CC8,17,478,2302,13,0,35,39,2012,4,1,4,0,1,F,1,1630,5,0,1,1,3,2,72,1,0,0,995,0,0,0,73446,9,9,3,5,5,1,2,1,1,1,0,3,0,0,1,1,0,0,1,0,1,4,60,99,1,1,4,J,71,0,0,0,0,0,0,0,0,0,0,0,30,0,0,0,1,5,999,999,999,9999999,999,999,999,6,0,0,0,0,0,0,995,9.8,998,998,998,99.8,99.8,99.8,5852.64165875557,9,6
22489,11,38,1-11-2021-038-04,4,1,KL7CJKSB9LB3,17,467,10988,7,0,20,406,2020,14,3,14,0,1,F,2,1382,5,9999,9,5,20,2,72,1,0,0,995,0,0,0,23234,9,9,4,1,2,2,2,1,1,1,3,2,0,0,1,1,0,0,1,0,1,3,52,2,1,1,2,D,28,0,0,0,0,0,0,0,0,0,0,195,195,0,0,0,1,12,999,999,999,9999999,999,999,999,7,0,0,0,0,0,0,995,9.8,998,998,998,99.8,99.8,99.8,6027.8759619132,8,6
22489,11,38,1-11-2021-038-04,4,2,1GNFK13068R1,17,467,1852,7,0,20,421,2008,15,3,15,0,1,B,9,2506,5,9999,9,0,998,5,72,1,0,0,995,0,0,0,23228,9,9,4,1,2,2,2,1,1,1,3,2,0,0,1,1,0,0,1,0,2,3,53,99,1,1,2,D,29,0,0,0,0,0,0,0,0,0,0,195,195,0,0,0,1,0,999,999,999,9999999,999,999,999,9,0,95,95,95,95,0,995,9.8,998,998,998,99.8,99.8,99.8,6027.8759619132,8,6
22490,11,39,1-11-2021-039-01,1,1,1ZVFT82H3551,17,460,1781,3,0,12,3,2005,2,1,3,0,1,L,9,1497,5,0,1,5,13,2,89,1,0,1,0,3,9,1,23112,1,9,0,1,5,4,2,1,1,2,3,1,0,0,1,1,0,0,1,1,1,6,90,8,4,4,1,B,9,0,0,0,0,0,0,0,0,0,0,998,998,0,0,2,2,12,999,999,999,9999999,999,999,999,9,0,3,19,1,1,0,998,2.8,120,46,60,0.0,0.0,0.0,200.010354580087,8,6
22492,24,98,1-24-2021-098-05,5,1,2GNALAEKXF11,17,467,1847,7,0,20,404,2015,14,3,14,0,1,F,3,1706,5,0,1,1,5,2,64,1,1,1,202,2,0,9,08221,1,2,2,1,3,1,2,1,1,1,1,2,0,0,3,1,0,0,9,1,1,2,13,99,9,4,1,C,11,0,0,0,0,0,0,0,0,0,0,70,60,0,0,0,1,3,45,-44,-8,153364,998,-36,45,0,4,2,4,0,3,0,995,9.8,998,998,998,99.8,99.8,99.8,199.415692777018,1,6
22492,24,98,1-24-2021-098-05,5,2,5NPEB4AC8DH7,17,498,2459,13,0,55,33,2013,4,1,4,0,2,B,3,1475,5,9999,9,0,998,,,,,,,,,,,,,,,,,,,,,,,,,,,,,,,,,,,,,,,,,,,,,,,,,,,,,,,,,,,,,,,,,,95,95,95,95,,,,,,,,,,199.415692777018,1,6
22493,23,66,1-23-2021-066-03,3,1,JF2SKADC3LH5,17,523,2234,7,0,48,401,2020,14,3,14,0,1,F,1,1569,5,0,1,5,18,2,89,1,0,0,995,0,0,0,43011,1,9,2,4,2,1,2,1,1,1,1,2,0,0,1,8,0,0,1,0,1,4,66,99,1,1,5,L,86,0,0,0,0,0,0,0,0,0,0,90,175,0,0,0,1,1,21,-13,16,97015,998,151,26,0,1,1,1,0,5,0,995,9.8,998,998,998,99.8,99.8,99.8,396.971821786091,5,6
22493,23,66,1-23-2021-066-03,3,2,1FADP5BU7DL5,17,460,3462,5,0,12,27,2013,5,1,3,0,1,R,1,1636,5,0,1,1,17,2,89,1,0,0,995,0,0,0,45385,1,9,2,4,2,1,2,1,1,1,1,2,0,0,1,8,2,2,1,0,1,2,17,99,1,1,5,L,87,0,0,0,0,0,0,0,0,0,0,175,90,0,0,0,1,1,18,-12,-14,7737,998,128,7,0,1,2,5,0,3,0,995,9.8,998,998,998,99.8,99.8,99.8,396.971821786091,5,6
22493,23,66,1-23-2021-066-03,3,3,2C4RC1BG7GR2,17,477,1936,2,0,6,441,2016,20,4,20,0,1,F,9,2115,5,9999,9,0,998,5,89,1,0,0,995,0,0,0,43334,9,9,2,4,2,1,2,1,1,1,1,2,0,0,1,8,2,2,1,0,5,4,66,99,1,1,6,M,98,0,0,0,0,0,0,0,0,0,0,0,270,0,0,0,2,0,999,999,999,9999999,999,999,999,9,0,95,95,95,95,0,995,9.8,998,998,998,99.8,99.8,99.8,396.971821786091,5,6
22494,23,67,1-23-2021-067-03,3,1,5TDZK23C07S0,17,448,2468,2,0,49,442,2007,20,4,20,0,1,F,9,1880,5,9999,9,0,998,2,89,1,0,1,0,2,0,1,43074,1,2,2,4,2,1,2,1,1,1,0,2,0,0,1,1,0,0,1,0,1,4,66,99,1,1,5,L,88,0,0,0,0,0,0,0,0,0,0,10,310,0,0,0,1,0,999,999,999,9999999,999,999,999,9,0,2,5,0,3,0,995,9.8,998,998,998,99.8,99.8,99.8,396.971821786091,5,6
22494,23,67,1-23-2021-067-03,3,2,5J6RW6H39JL0,17,474,1865,7,0,37,402,2018,14,3,14,0,1,L,2,1580,5,0,1,1,11,2,89,1,0,0,995,0,0,0,43082,1,2,2,4,2,1,2,1,1,1,0,2,0,0,1,1,2,2,9,0,1,2,17,99,1,1,5,L,89,0,0,0,0,0,0,0,0,0,0,310,10,0,0,0,1,98,999,999,999,9999999,999,999,999,7,0,3,10,1,3,0,995,0.3,15,15,65,4.4,4.1,4.6,396.971821786091,5,6
22495,52,110,1-52-2021-110-03,3,1,3MYDLBYV9HY1,17,448,24949,13,0,49,51,2017,4,1,2,0,1,F,3,1095,5,0,1,1,8,2,56,1,0,0,995,0,0,0,59101,1,9,2,4,3,1,2,1,1,1,0,1,0,0,1,8,1,2,9,0,1,2,17,99,1,1,5,L,88,0,0,0,0,0,0,0,0,0,0,270,180,0,0,0,1,3,49,-32,-38,101373,998,-108,35,0,4,1,2,0,4,0,995,9.8,998,998,998,99.8,99.8,99.8,23.9026976809091,12,6
22495,52,110,1-52-2021-110-03,3,2,1FADP3K29DL3,17,460,1779,5,0,12,37,2013,5,1,3,0,1,L,3,1327,5,9999,9,0,998,2,56,1,0,0,995,0,0,0,82718,9,9,2,4,6,3,2,1,1,1,1,1,0,0,1,8,1,2,9,0,1,4,66,99,1,1,5,L,89,0,0,0,0,0,0,0,0,0,0,180,270,0,0,0,1,3,43,-33,27,240837,998,-87,55,0,4,1,1,0,4,0,995,9.8,998,998,998,99.8,99.8,99.8,23.9026976809091,12,6
22496,52,111,1-52-2021-111-06,6,1,3MZBM1U76FM2,17,473,2074,13,0,41,51,2015,4,1,3,0,1,F,2,1284,5,0,1,1,8,2,32,1,1,9,998,8,0,0,59102,2,2,2,1,2,2,2,1,2,1,1,2,0,0,3,1,3,2,9,1,14,2,12,2,2,4,1,B,6,0,0,0,0,0,0,0,0,0,0,998,998,0,0,0,10,1,35,-34,6,66685,998,33,35,0,4,1,1,0,4,0,998,0.7,120,17,17,0.0,0.0,0.0,46.5829055030161,12,6
22497,52,112,1-52-2021-112-04,4,1,1N4BL4EVXKC2,17,478,1904,13,0,35,47,2019,4,1,4,0,1,R,1,1545,5,0,1,1,7,2,56,1,0,0,995,0,0,0,59101,9,9,2,1,2,2,2,1,1,1,1,2,0,0,1,1,1,2,9,1,12,2,21,99,1,2,6,M,98,0,0,0,0,0,0,0,0,0,0,300,265,0,0,0,1,1,15,5,-14,4245,998,-171,5,0,1,0,0,0,0,0,995,9.8,998,998,998,99.8,99.8,99.8,69.2451713033293,12,6
22497,52,112,1-52-2021-112-04,4,2,1D7RV1CT2AS1,17,476,1938,60,0,7,482,2010,34,5,31,0,1,F,1,2404,5,0,1,1,7,2,56,1,0,0,995,0,0,0,59101,9,9,2,4,4,2,2,1,2,1,1,1,0,0,1,1,1,2,9,0,14,4,62,4,1,1,6,M,98,0,0,0,0,0,0,0,0,0,0,265,300,0,0,0,1,1,10,-8,5,39781,998,71,19,0,1,0,0,0,0,0,995,9.8,998,998,998,99.8,99.8,99.8,69.2451713033293,12,6
22497,52,112,1-52-2021-112-04,4,3,1GC2KVC86DZ2,17,467,1850,60,0,20,481,2013,34,5,31,0,1,9,9,2863,5,9999,9,0,998,5,56,1,0,0,995,0,0,0,59102,9,9,2,1,2,2,2,1,1,1,1,2,0,0,1,1,1,2,9,0,99,4,62,99,1,1,6,M,98,0,0,0,0,0,0,0,0,0,0,90,240,0,0,0,2,0,999,999,999,9999999,999,999,999,9,0,95,95,95,95,0,995,9.8,998,998,998,99.8,99.8,99.8,69.2451713033293,12,6
22498,52,113,1-52-2021-113-09,9,1,3C8FY68B32T3,17,477,3595,7,0,6,52,2002,6,1,2,0,1,F,2,1411,5,0,1,1,5,2,40,1,9,0,995,0,9,8,99999,9,9,2,3,2,1,2,1,1,1,1,3,0,0,3,1,5,2,9,1,11,1,6,99,2,4,1,A,2,0,0,0,0,0,0,0,0,0,0,998,998,0,1,0,1,10,999,999,999,9999999,999,-34,32,3,0,99,99,0,99,0,998,9.8,998,998,998,99.8,99.8,99.8,136.748177852828,12,6
22499,66,51,1-66-2021-051-04,4,1,1N4BL4CV7MN3,17,478,1904,13,0,35,47,2021,4,1,4,0,1,L,1,1545,5,0,1,1,21,2,56,1,0,0,995,0,7,0,30252,1,2,2,4,2,1,2,1,1,1,1,2,0,0,1,1,2,2,2,0,11,2,15,4,1,1,4,K,82,0,0,0,0,0,0,0,0,0,0,80,190,0,0,0,1,1,12,-8,9,17783,998,-82,14,0,4,0,0,0,0,0,995,9.8,998,998,998,99.8,99.8,99.8,162.911822855264,6,6
22499,66,51,1-66-2021-051-04,4,2,1G1PF5SC7C71,17,467,1832,13,0,20,25,2012,4,1,3,0,1,F,1,1407,5,0,1,1,22,2,56,1,0,0,995,0,7,0,65705,9,9,2,4,2,1,2,1,3,1,1,2,0,0,1,1,0,0,9,0,14,4,67,2,1,1,4,K,83,0,0,0,0,0,0,0,0,0,0,190,80,0,0,0,1,1,14,-13,-5,10685,998,-103,11,0,4,99,99,0,99,0,995,9.8,998,998,998,99.8,99.8,99.8,162.911822855264,6,6
22500,66,52,1-66-2021-052-10,10,1,2C3KA53V79H5,17,477,1878,13,0,6,51,2009,4,1,5,0,1,F,1,1706,5,50,1,1,33,2,56,1,1,9,998,8,7,9,65809,9,9,0,4,2,1,2,1,2,1,1,2,0,0,3,1,0,0,9,1,14,2,12,4,1,4,1,B,6,0,0,0,0,0,0,0,0,0,0,998,998,0,0,0,1,10,999,999,999,9999999,999,999,999,6,0,99,99,0,99,0,998,0.9,120,55,-20,13.3,5.4,14.1,983.818245262762,6,6
22501,24,97,1-24-2021-097-06,6,1,NM0LS7BN6DT1,17,460,1811,9,0,12,444,2013,20,4,20,0,1,F,1,1538,5,0,1,1,7,2,40,1,0,0,995,0,0,0,08527,9,9,2,4,4,1,2,1,1,1,0,1,0,0,1,1,1,2,9,1,1,2,13,1,1,4,1,A,1,0,0,0,0,0,0,0,0,0,0,998,998,0,0,1,1,1,17,-17,0,18485,998,-37,17,0,4,9,97,0,8,0,998,0.0,30,30,120,2.8,1.8,3.9,3843.57595854923,1,6
22502,31,48,1-31-2021-048-08,8,1,1ZVFT80N7752,17,460,1781,3,0,12,3,2007,2,1,3,0,1,T,3,1516,5,9999,9,1,17,2,89,1,8,8,997,8,0,0,62821,9,9,0,4,2,1,2,1,3,1,1,2,0,0,2,1,6,2,1,1,14,1,6,99,1,4,1,A,1,1,8,2,6,1,4,61,1,2,41,997,997,0,0,0,3,6,999,999,999,9999999,999,999,999,8,0,9,97,0,8,3,997,0.2,5,5,999,9.5,1.2,9.5,292.873246027286,6,6
22503,31,49,1-31-2021-049-04,4,1,1FM5K8GT1GGA,17,460,1800,7,0,12,401,2016,14,3,14,0,1,F,2,2067,5,0,2,1,4,2,89,1,0,1,0,2,0,2,62844,1,2,0,4,2,1,2,2,1,1,1,2,0,0,1,2,0,0,9,0,1,3,51,1,1,1,2,D,24,0,0,0,0,0,0,0,0,0,0,235,235,0,0,0,1,1,37,-37,0,127818,998,0,38,0,4,1,2,0,4,0,995,9.8,998,998,998,99.8,99.8,99.8,397.330765800885,6,6
22503,31,49,1-31-2021-049-04,4,2,1C6SRFHT5LN1,17,496,13620,60,0,7,482,2020,34,5,31,0,1,B,2,2327,5,68,2,1,4,2,89,1,0,0,995,0,0,0,62821,1,2,0,4,2,1,2,2,1,1,1,2,0,0,1,2,0,0,1,0,1,3,53,9,1,1,2,D,25,0,0,0,0,0,0,0,0,0,0,235,235,0,0,0,1,1,33,33,0,97564,998,0,31,0,4,0,0,0,0,0,995,9.8,998,998,998,99.8,99.8,99.8,397.330765800885,6,6
22504,14,48,1-14-2021-048-07,7,1,3FAHP0JA9CR2,17,460,1780,13,0,12,23,2012,4,1,3,0,1,F,1,1490,5,0,1,1,26,2,48,1,1,9,998,8,0,9,78130,9,1,0,4,2,1,2,1,1,1,0,0,0,0,3,1,0,0,9,1,1,2,11,5,1,4,1,C,11,0,0,0,0,0,0,0,0,0,0,40,50,0,0,0,1,3,14,-14,-2,12968,998,3,15,0,4,0,0,0,0,0,995,9.8,998,998,998,99.8,99.8,99.8,11978.3955817808,8,6
22504,14,48,1-14-2021-048-07,7,2,5FNYF4H5XFB0,17,474,1864,7,0,37,421,2015,15,3,15,0,2,B,1,2047,5,9999,9,0,998,,,,,,,,,,,,,,,,,,,,,,,,,,,,,,,,,,,,,,,,,,,,,,,,,,,,,,,,,,,,,,,,,,95,95,95,95,,,,,,,,,,11978.3955817808,8,6
22505,14,49,1-14-2021-049-02,2,1,3KPFL4A70JE2,17,499,2462,13,0,63,38,2018,4,1,3,0,1,F,1,1272,5,0,1,1,15,2,72,1,0,1,0,2,0,0,78209,1,1,2,1,4,4,2,1,1,2,1,2,0,0,1,8,1,2,9,0,11,2,15,99,1,1,4,J,68,0,0,0,0,0,0,0,0,0,0,260,150,0,0,0,1,3,21,-19,-11,29384,998,-57,22,0,4,2,6,0,3,0,995,9.8,998,998,998,99.8,99.8,99.8,206.051907504817,8,6
22505,14,49,1-14-2021-049-02,2,2,JF2SJAHC3GH4,17,523,2234,7,0,48,401,2016,14,3,14,0,1,F,1,1498,5,0,2,4,32,2,72,1,0,0,995,0,0,0,78109,1,2,2,4,6,2,2,1,1,4,1,3,0,0,1,8,1,2,1,0,1,4,62,1,1,1,4,J,69,0,0,0,0,0,0,0,0,0,0,150,260,0,0,0,1,3,18,-14,12,37905,998,135,18,0,4,1,1,0,6,0,995,9.8,998,998,998,99.8,99.8,99.8,206.051907504817,8,6
22506,28,51,1-28-2021-051-07,7,1,1G1PA5SG8E71,17,467,1832,13,0,20,25,2014,4,1,3,0,1,F,1,1407,5,0,1,1,19,2,72,1,9,0,995,0,9,0,16946,9,9,0,4,2,1,2,1,1,1,0,2,0,0,1,1,0,0,9,1,1,2,13,2,2,4,1,A,1,0,0,0,0,0,0,0,0,0,0,998,998,0,0,0,1,12,999,999,999,9999999,999,999,999,6,0,0,0,0,0,0,998,0.0,120,120,-78,11.6,2.6,11.8,47.1618488505364,3,6
22508,32,81,1-32-2021-081-05,5,1,2C3CDXCT5FH8,17,476,1895,13,0,7,24,2015,4,1,5,0,1,F,3,1934,5,0,1,1,13,2,80,1,1,1,291,2,0,0,75211,4,1,2,1,4,3,1,1,1,1,3,1,0,0,1,1,0,0,9,0,1,2,17,1,1,1,4,K,77,1,2,2,5,1,1,61,1,2,999,115,135,0,0,0,1,5,999,999,999,9999999,999,999,999,8,0,1,1,0,4,3,995,9.8,998,998,998,99.8,99.8,99.8,178.377274639988,7,6
22508,32,81,1-32-2021-081-05,5,2,2NKHHM6X1KM2,17,532,2722,11,0,85,881,2019,62,8,60,0,1,B,9,,,,,,,5,80,1,0,0,995,0,0,0,75007,9,9,2,4,2,1,1,1,1,2,0,2,0,0,1,1,2,2,9,0,11,4,66,1,1,1,4,K,76,,,,,,,,,,,,,,,,,,,,,,,,,,,95,95,95,95,,,9.8,998,998,998,99.8,99.8,99.8,178.377274639988,7,6
22511,25,65,1-25-2021-065-06,6,1,2GNFLEEKXE63,17,467,1847,7,0,20,404,2014,14,3,14,0,1,F,1,1782,5,0,1,1,3,2,72,1,8,0,995,0,7,0,03063,9,9,2,4,2,1,2,1,1,1,1,2,0,0,1,1,0,0,9,0,1,3,52,2,1,1,2,D,28,0,0,0,0,0,0,0,0,0,0,230,230,0,0,0,1,3,24,-24,0,53193,998,0,27,0,4,0,0,0,0,0,995,9.8,998,998,998,99.8,99.8,99.8,326.543670112199,2,6
22511,25,65,1-25-2021-065-06,6,2,2GNALAEK8E63,17,467,1847,7,0,20,404,2014,14,3,14,0,1,B,2,1706,5,0,1,5,3,2,72,1,8,0,995,0,7,0,04039,9,9,2,4,2,1,2,1,1,1,1,2,0,0,1,1,0,0,1,0,11,2,18,2,1,1,2,D,30,0,0,0,0,0,0,0,0,0,0,230,230,0,0,0,1,3,25,25,0,33162,998,0,22,0,4,9,97,0,99,0,995,9.8,998,998,998,99.8,99.8,99.8,326.543670112199,2,6
22514,76,45,1-76-2021-045-04,4,1,4S3BL6768742,17,523,2232,13,0,48,34,2007,4,1,3,0,1,F,2,1555,5,0,1,1,35,2,72,1,8,0,995,0,7,0,12143,9,9,2,4,2,1,2,2,1,2,1,2,0,0,2,2,2,2,3,0,1,2,17,99,1,1,5,L,86,0,0,0,0,0,0,0,0,0,0,200,305,0,0,0,1,1,37,-32,18,185198,998,96,45,0,4,0,0,0,0,0,995,9.8,998,998,998,99.8,99.8,99.8,24.6548114184599,3,6
22514,76,45,1-76-2021-045-04,4,2,WA1BNAFY3K21,17,582,3862,7,0,32,402,2019,14,3,14,0,1,R,2,1835,5,0,2,1,12,2,89,1,8,0,995,0,7,0,12496,3,2,2,4,3,1,2,2,1,1,1,3,1,0,2,2,0,0,1,0,1,4,66,2,1,1,5,L,87,0,0,0,0,0,0,0,0,0,0,305,200,0,0,0,1,1,31,-20,-24,18535,998,43,15,0,4,1,1,0,3,0,995,9.8,998,998,998,99.8,99.8,99.8,24.6548114184599,3,6
22515,76,46,1-76-2021-046-04,4,1,5FPYK3F78JB0,17,474,1866,60,0,37,471,2018,34,5,31,0,1,F,1,2015,5,9999,9,4,39,2,89,1,8,9,998,8,7,9,10925,9,9,0,4,2,1,2,1,1,4,1,4,0,0,1,1,0,0,3,1,1,2,13,99,1,4,1,A,1,0,0,0,0,0,0,0,0,0,0,998,998,0,1,0,1,98,999,999,999,9999999,999,999,999,6,0,0,0,0,0,0,998,1.4,120,8,84,1.7,0.1,1.7,24.6548114243796,3,6
22516,18,51,1-18-2021-051-04,4,1,1GTEC14X64Z2,17,472,1857,60,0,23,481,2004,34,5,31,0,1,F,3,1876,5,9999,9,0,998,2,89,1,0,0,995,0,0,0,54755,1,9,2,4,3,2,2,1,3,1,1,2,0,0,1,1,0,0,9,0,14,3,52,99,1,1,2,D,28,0,0,0,0,0,0,0,0,0,0,185,180,0,0,0,1,3,47,-47,0,168983,998,0,47,0,4,9,97,0,8,0,995,9.8,998,998,998,99.8,99.8,99.8,1071.07823146935,6,6
22516,18,51,1-18-2021-051-04,4,2,1C6RR7FTXKS7,17,496,13620,60,0,7,482,2019,34,5,31,0,1,B,2,2308,5,0,1,1,170,2,89,1,0,0,995,0,0,0,54755,1,9,2,4,3,2,2,1,3,1,1,2,0,0,1,1,0,0,1,0,11,3,53,1,1,1,2,D,30,0,0,0,0,0,0,0,0,0,0,180,185,0,0,0,1,3,37,37,0,130223,998,0,37,0,4,0,0,0,0,0,995,9.8,998,998,998,99.8,99.8,99.8,1071.07823146935,6,6
22517,18,52,1-18-2021-052-02,2,1,1N4BL4BV6LC2,17,478,1904,13,0,35,47,2020,4,1,4,0,1,F,2,1545,5,0,1,1,47,2,113,1,0,0,995,0,0,0,60651,2,9,0,1,2,2,2,1,2,9,3,2,1,3,2,8,0,0,3,1,14,2,12,1,9,4,1,B,6,0,0,0,0,0,0,0,0,0,0,996,996,0,0,0,1,7,999,999,999,9999999,999,999,999,7,0,9,97,0,8,0,996,9.8,998,998,998,99.8,99.8,99.8,48.5556827782631,6,6
22518,28,53,1-28-2021-053-10,10,1,1G1AL55F9676,17,467,4234,13,0,20,22,2006,4,1,2,0,1,R,1,1265,5,0,1,1,16,2,89,1,0,0,995,0,0,0,16901,9,9,0,4,2,1,5,1,1,1,0,0,0,0,1,1,0,0,9,1,1,2,13,99,2,4,1,A,1,0,0,0,0,0,0,0,0,0,0,998,998,0,0,4,2,10,999,999,999,9999999,999,-79,10,2,0,0,0,0,0,0,998,0.0,999,999,999,48.2,8.0,48.8,135.145685637384,3,6
22519,20,81,1-20-2021-081-03,3,1,JM1BPAJM6K11,17,473,2074,5,0,41,51,2019,5,1,3,0,1,L,1,1390,5,0,1,1,24,2,89,1,0,0,995,0,0,0,94555,7,2,0,4,2,1,2,1,3,1,1,2,0,0,1,1,0,0,2,0,12,2,21,9,1,7,6,M,98,0,0,0,0,0,0,0,0,0,0,190,240,0,0,0,1,1,11,2,11,14469,998,-113,12,0,4,0,0,0,0,0,995,9.8,998,998,998,99.8,99.8,99.8,166.228830304906,11,6