CASEID,PSU,CASENO,CASENUMBER,CATEGORY,VEHNO,VIN,VINLENGTH,VPICMAKE,VPICMODEL,VPICBODYCLASS,ICFINALBODY,MAKE,MODEL,MODELYR,BODYTYPE,BODYCAT,VEHCLASS,SPECUSE,TRANSTAT,DAMPLANE,DAMSEV,CURBWT,CURBSRC,CARGOWT,CARGOSRC,INSPTYPE,INSPLAG,TOWED,SPEEDLIMIT,DRPRESENT,PARALCOHOL,ALCTEST,ALCTESTRESULT,ALCTESTSRC,PARDRUG,DRUGTEST,ZIP,RACE,ETHNICITY,RELTOJUNCT,TRAFFLOW,RDLANES,INITLANE,SURFTYPE,SURFCOND,ALIGNMENT,PROFILE,LINERIGHT,LINELEFT,RUMBINIT,RUMBROAD,LIGHTCOND,WEATHER,TRAFDEV,TRAFFUNCT,DISTRACT,PREFHE,PREMOVE,CRITCAT,CRITEVENT,MANEUVER,PRESTAB,PRELOC,CRASHCAT,CRASHCONF,CRASHTYPE,ROLLTYPE,ROLLTURN,ROLLINTRPT,ROLLPREMAN,ROLLINITYP,ROLLINLOC,ROLLOBJ,ROLLTRIP,ROLLDIR,ROLLDIST,DVANGTHIS,DVANGOTH,TOWHITCH,TRAJDOC,TREEPOLE,DVEVENT,DVBASIS,DVTOTAL,DVLONG,DVLAT,DVENERGY,DVSPEED,DVMOMENT,DVBES,DVEST,DVCONF,VAIS,VISS,VINJURED,VTREAT,INITOBJCLASS,HEADANGLECAT,SHLDRWIDTH,STRKLENGTH,STRKWIDTH,STRKHEIGHT,EDGEDISTX,EDGEDISTY,EDGEDISTZ,CASEWGT,PSUSTRAT,VERSION
22744,17,59,1-17-2021-059-02,2,2,3TMCZ5ANXLM3,17,448,2223,60,0,49,472,2020,34,5,30,0,1,B,2,2007,5,0,1,1,7,2,89,1,9,0,995,0,9,1,61241,1,2,2,1,6,2,1,1,1,1,1,3,0,0,1,1,1,2,1,0,5,3,53,6,1,1,2,D,21,0,0,0,0,0,0,0,0,0,0,110,110,0,0,0,1,1,32,32,0,127771,998,0,39,0,4,1,2,0,4,0,995,9.8,998,998,998,99.8,99.8,99.8,63.7137743550154,4,6
22745,17,60,1-17-2021-060-09,9,1,2C8GF68435R6,17,477,3628,7,0,6,54,2005,6,1,5,0,1,R,1,2121,5,0,1,5,8,2,48,1,9,0,995,0,9,0,61241,9,9,2,4,2,1,1,1,1,1,0,2,0,0,1,1,2,2,9,0,1,2,17,99,1,1,5,L,87,0,0,0,0,0,0,0,0,0,0,180,90,0,0,0,1,1,11,-2,-11,7736,998,-68,9,0,1,0,0,0,0,0,995,9.8,998,998,998,99.8,99.8,99.8,1049.22327609559,4,6
22745,17,60,1-17-2021-060-09,9,2,3FAHP07149R1,17,460,1780,13,0,12,23,2009,4,1,3,0,1,F,1,1429,5,0,1,1,7,2,48,1,9,0,995,0,9,0,61265,9,9,2,4,3,2,1,1,1,1,1,2,0,0,1,1,2,2,9,0,1,4,66,99,1,1,5,L,86,0,0,0,0,0,0,0,0,0,0,90,180,0,0,0,1,1,16,-15,3,20563,998,5,18,0,1,99,99,0,8,0,995,9.8,998,998,998,99.8,99.8,99.8,1049.22327609559,4,6
22747,12,29,1-12-2021-029-03,3,1,MAJ3S2GE0KC3,17,460,17774,7,0,12,403,2019,14,3,14,0,1,F,2,1370,5,0,1,1,8,2,56,1,0,0,995,0,0,0,73401,9,9,3,4,4,2,2,1,1,1,3,2,0,0,1,1,0,0,1,0,11,2,15,99,1,1,4,J,68,0,0,0,0,0,0,0,0,0,0,35,265,0,0,0,1,3,25,-23,-9,39140,998,-48,25,0,4,9,97,0,0,0,995,9.8,998,998,998,99.8,99.8,99.8,456.248537167316,9,6
22747,12,29,1-12-2021-029-03,3,2,3KPC24A60LE0,17,498,2773,13,0,55,36,2020,4,1,2,0,1,F,2,1218,5,0,1,1,8,2,56,1,0,0,995,0,0,0,73401,9,9,3,4,4,1,2,1,1,1,0,3,0,0,1,1,0,0,1,0,1,4,62,99,1,1,4,J,69,0,0,0,0,0,0,0,0,0,0,265,35,0,0,0,1,3,28,-24,14,43434,998,40,28,0,4,9,97,0,0,0,995,9.8,998,998,998,99.8,99.8,99.8,456.248537167316,9,6
22748,12,30,1-12-2021-030-03,3,1,1C3CDFBB3GD5,17,476,2054,13,0,7,29,2016,4,1,3,0,1,F,1,1445,5,9999,9,0,998,5,40,1,0,0,995,0,0,0,73401,9,9,0,4,2,1,1,1,1,1,0,0,0,0,1,1,0,0,3,0,1,3,50,99,1,1,2,D,20,0,0,0,0,0,0,0,0,0,0,85,85,0,0,0,1,3,11,-11,0,6874,998,0,11,0,4,95,95,95,95,0,995,9.8,998,998,998,99.8,99.8,99.8,456.248537167316,9,6
22748,12,30,1-12-2021-030-03,3,2,5N1AT3BA5MC7,17,478,1913,7,0,35,404,2021,14,3,14,0,1,B,1,1536,5,0,1,1,9,2,40,1,0,0,995,0,0,0,73443,1,2,0,4,2,1,1,1,1,1,0,0,0,0,1,1,0,0,3,0,5,3,53,1,1,1,2,D,21,0,0,0,0,0,0,0,0,0,0,85,85,0,0,0,1,3,10,10,0,6596,998,0,10,0,4,0,0,0,0,0,995,9.8,998,998,998,99.8,99.8,99.8,456.248537167316,9,6
22750,19,113,1-19-2021-113-08,8,1,4TAVL52N2XZ4,17,448,2223,60,0,49,472,1999,34,5,30,0,1,F,3,1252,5,0,1,1,5,2,56,1,0,1,0,2,0,1,35972,1,9,2,4,2,1,2,1,3,1,1,2,0,0,2,1,0,0,9,0,14,4,62,99,1,1,4,K,83,0,0,0,0,0,0,0,0,0,0,270,95,0,1,0,1,5,999,999,999,9999999,999,999,52,4,0,3,10,1,3,0,995,0.1,999,999,999,2.9,5.2,6.0,82.3773758929442,9,6
22750,19,113,1-19-2021-113-08,8,2,1M1PN3GY7NM0,17,490,20844,66,0,86,881,2022,66,8,68,0,1,L,9,,,,,,,5,56,1,0,0,995,0,0,0,35121,9,9,2,4,2,1,4,1,3,2,0,0,0,0,2,1,2,2,9,1,11,2,10,99,1,7,4,K,82,,,,,,,,,,,,,,,,,,,,,,,,,,,95,95,95,95,,,9.8,998,998,998,99.8,99.8,99.8,82.3773758929442,9,6
22751,19,114,1-19-2021-114-08,8,1,5N1AR1NN0BC6,17,478,1911,7,0,35,401,2011,14,3,14,0,1,F,1,2198,5,0,1,1,18,2,89,1,0,0,995,0,0,0,35904,1,2,0,4,2,1,2,2,3,1,1,2,0,0,2,1,0,0,1,1,14,6,87,8,1,4,1,A,3,0,0,0,0,0,0,0,0,0,0,998,998,0,1,0,3,1,17,-17,0,26271,998,-15,17,0,4,1,2,0,4,0,998,0.2,120,60,-6,22.5,1.0,22.6,82.3773758929442,9,6
22752,19,115,1-19-2021-115-06,6,1,2MEFM75W1YX6,17,465,1792,13,0,14,6,2000,4,1,5,0,1,L,9,1777,5,9999,9,0,998,5,72,1,0,0,995,0,0,0,35904,9,9,0,1,3,1,2,1,1,1,1,3,0,0,3,1,0,0,9,1,15,3,51,99,1,2,2,D,24,0,0,0,0,0,0,0,0,0,0,120,130,0,0,0,2,0,999,999,999,9999999,999,999,999,9,0,95,95,95,95,0,995,9.8,998,998,998,99.8,99.8,99.8,159.428256733532,9,6
22752,19,115,1-19-2021-115-06,6,2,1C4NJPFA6GD7,17,483,1947,7,0,2,407,2016,14,3,14,0,1,R,1,1423,5,0,1,1,23,3,72,1,0,0,995,0,0,0,35904,1,2,0,1,3,2,2,1,1,1,3,3,0,0,3,1,0,0,1,0,1,4,61,1,1,1,2,D,25,0,0,0,0,0,0,0,0,0,0,130,120,0,0,0,2,8,999,999,999,9999999,999,999,999,6,0,0,0,0,4,0,995,9.8,998,998,998,99.8,99.8,99.8,159.428256733532,9,6
22753,11,44,1-11-2021-044-09,9,1,1C4RDJDG0EC5,17,476,3508,7,0,7,422,2014,15,3,15,0,1,F,1,2262,5,9999,9,0,998,5,72,1,0,0,995,0,0,0,23225,9,9,0,5,6,2,2,1,3,1,3,3,0,0,1,1,0,0,1,0,14,3,50,99,1,1,2,D,20,0,0,0,0,0,0,0,0,0,0,70,70,0,0,0,1,3,7,-7,0,2997,998,0,6,0,4,95,95,95,95,0,995,9.8,998,998,998,99.8,99.8,99.8,6487.89656627847,8,6
22753,11,44,1-11-2021-044-09,9,2,WVWGD7AJ0AW3,17,482,3140,5,0,30,42,2010,5,1,2,0,1,B,1,1376,5,0,1,1,17,2,72,1,0,0,995,0,1,0,23235,9,9,0,5,6,2,2,1,3,1,3,3,0,0,1,1,0,0,1,0,5,3,53,99,1,1,2,D,21,0,0,0,0,0,0,0,0,0,0,70,70,0,0,0,1,3,10,10,0,6526,998,-5,10,0,4,99,99,0,99,0,995,9.8,998,998,998,99.8,99.8,99.8,6487.89656627847,8,6
22754,11,45,1-11-2021-045-05,5,1,1C4NJPBB3FD3,17,483,1947,7,0,2,407,2015,14,3,14,0,1,R,9,1423,5,9999,9,0,998,2,56,1,0,0,995,0,0,0,23883,9,9,3,4,2,1,2,2,1,4,0,0,0,0,5,2,2,2,1,0,11,2,15,99,1,1,4,K,76,0,0,0,0,0,0,0,0,0,0,90,40,0,0,0,1,0,999,999,999,9999999,999,999,999,9,0,0,0,0,0,0,995,9.8,998,998,998,99.8,99.8,99.8,128.842958071202,8,6
22754,11,45,1-11-2021-045-05,5,2,KMHDH4AE6DU9,17,498,2735,13,0,55,35,2013,4,1,3,0,1,F,9,1265,5,9999,9,0,998,5,56,1,0,0,995,0,0,0,23824,9,9,3,3,3,1,2,2,1,1,1,3,0,0,5,2,0,0,1,0,1,4,70,99,1,1,4,K,77,0,0,0,0,0,0,0,0,0,0,40,90,0,0,0,1,0,999,999,999,9999999,999,999,999,9,0,95,95,95,95,0,995,9.8,998,998,998,99.8,99.8,99.8,128.842958071202,8,6
22755,24,107,1-24-2021-107-03,3,1,1C4RJFBG2JC2,17,483,1949,7,0,2,422,2018,15,3,15,0,1,R,1,2211,5,0,1,1,16,2,40,1,0,0,995,0,0,0,08401,9,9,2,4,2,1,2,1,1,1,0,0,0,0,1,1,2,2,2,0,1,2,17,10,1,1,5,L,87,0,0,0,0,0,0,0,0,0,0,240,150,0,0,0,1,3,9,-3,-8,14973,998,126,10,0,4,9,97,0,0,0,995,9.8,998,998,998,99.8,99.8,99.8,199.216117051533,1,6
22755,24,107,1-24-2021-107-03,3,2,1G6KD57Y69U1,17,469,4308,13,0,19,22,2009,4,1,5,0,1,F,1,1818,5,9999,9,0,998,5,40,1,0,0,995,0,0,0,08401,9,9,2,3,1,1,2,1,1,1,0,0,0,0,1,1,5,2,9,0,1,4,66,99,1,1,5,L,86,0,0,0,0,0,0,0,0,0,0,150,240,0,0,0,1,3,11,-11,4,9223,998,83,10,0,4,95,95,95,95,0,995,9.8,998,998,998,99.8,99.8,99.8,199.216117051533,1,6
22757,52,120,1-52-2021-120-06,6,1,1GKKVRED6BJ3,17,472,1855,7,0,23,8,2011,6,1,5,0,1,F,1,2234,5,0,1,1,14,2,56,1,0,0,995,0,0,0,59324,9,9,2,4,3,2,2,1,1,1,1,2,0,0,1,1,1,2,9,0,11,2,15,99,1,1,4,J,68,0,0,0,0,0,0,0,0,0,0,340,180,0,0,0,1,1,16,-15,-6,49579,998,-104,19,0,4,3,9,1,3,0,995,9.8,998,998,998,99.8,99.8,99.8,64.6748563357021,12,6
22757,52,120,1-52-2021-120-06,6,2,1C4RDJDG1CC1,17,476,3508,7,0,7,422,2012,15,3,15,0,1,F,1,2262,5,0,1,1,14,2,56,1,0,0,995,0,0,0,59106,9,9,2,4,4,2,2,1,1,1,1,1,0,0,1,1,1,2,9,0,1,4,62,99,1,1,4,J,69,0,0,0,0,0,0,0,0,0,0,180,340,0,0,0,1,1,17,-17,0,14339,998,-55,12,0,4,1,3,0,4,0,995,0.0,999,999,999,0.0,0.0,0.0,64.6748563357021,12,6
22758,52,121,1-52-2021-121-07,7,1,1FADP3F29FL3,17,460,1779,13,0,12,37,2015,4,1,3,0,1,R,1,1340,5,0,1,1,13,2,40,1,0,0,995,0,0,0,59102,9,9,2,4,2,1,2,1,1,1,0,2,0,0,1,1,1,2,9,0,11,2,15,10,1,1,4,J,68,0,0,0,0,0,0,0,0,0,0,30,270,0,0,0,1,1,16,-11,-13,21974,998,69,18,0,1,99,99,0,99,0,995,9.8,998,998,998,99.8,99.8,99.8,175.326573405269,12,6
22758,52,121,1-52-2021-121-07,7,2,4S3BMBC62C30,17,523,2232,13,0,48,34,2012,4,1,3,0,1,F,1,1534,5,0,1,1,12,2,40,1,0,0,995,0,0,0,59102,9,9,2,4,3,2,2,1,1,1,1,2,0,0,1,1,1,2,9,0,1,4,62,99,1,1,4,J,69,0,0,0,0,0,0,0,0,0,0,270,30,0,0,0,1,1,14,-14,2,13842,998,87,13,0,1,0,0,0,0,0,995,9.8,998,998,998,99.8,99.8,99.8,175.326573405269,12,6
22759,52,122,1-52-2021-122-03,3,1,3LNHM28T27R6,17,464,1790,13,0,13,13,2007,4,1,3,0,1,F,1,1603,5,0,1,1,12,2,56,1,0,0,995,0,0,0,59105,9,9,2,4,2,1,2,1,1,1,0,2,0,0,1,1,2,2,9,0,1,2,17,1,1,1,5,L,86,0,0,0,0,0,0,0,0,0,0,90,180,0,0,0,1,1,20,-18,7,50144,998,101,23,0,4,1,2,0,4,0,995,9.8,998,998,998,99.8,99.8,99.8,31.8011133659905,12,6
22759,52,122,1-52-2021-122-03,3,2,3GNAXVEV8JS5,17,467,1847,7,0,20,404,2018,14,3,14,0,1,R,1,1580,5,0,1,1,11,2,56,1,0,0,995,0,0,0,59105,9,9,2,4,3,1,2,1,1,1,0,1,0,0,1,1,5,2,9,0,1,4,66,2,1,1,5,L,87,0,0,0,0,0,0,0,0,0,0,180,90,0,1,0,1,1,19,-6,-18,13636,998,-48,13,0,4,99,99,0,5,0,995,0.0,15,15,17,0.0,0.0,0.0,31.8011133659905,12,6
22760,52,123,1-52-2021-123-06,6,1,2GCEK19W4T12,17,467,10978,60,0,20,481,1996,34,5,31,0,1,F,2,2122,5,9999,9,4,13,2,56,1,0,0,995,0,0,0,59105,9,9,2,3,4,4,2,1,1,1,1,1,0,0,1,1,1,2,9,0,1,3,50,99,1,1,2,D,20,0,0,0,0,0,0,0,0,0,0,100,100,0,0,0,1,3,37,-37,0,158187,998,0,43,0,4,0,0,0,0,0,995,9.8,998,998,998,99.8,99.8,99.8,64.6748563357021,12,6
22760,52,123,1-52-2021-123-06,6,2,1FM5K8D84EGB,17,460,1800,7,0,12,401,2014,14,3,14,0,1,B,2,2146,5,0,1,1,10,2,56,1,0,0,995,0,0,0,59101,9,9,2,3,4,4,2,1,1,1,1,1,0,0,1,1,1,2,9,0,5,3,53,1,1,1,2,D,21,0,0,0,0,0,0,0,0,0,0,100,100,0,0,0,1,3,36,36,0,73457,998,-3,29,0,4,9,97,0,99,0,995,9.8,998,998,998,99.8,99.8,99.8,64.6748563357021,12,6
22760,52,123,1-52-2021-123-06,6,3,2GCEK2332911,17,467,1850,60,0,20,481,2009,34,5,31,99,1,B,9,2397,5,9999,9,0,998,5,56,1,0,0,995,0,0,0,59105,9,9,2,3,4,4,2,1,1,1,1,1,0,0,1,1,1,2,9,0,5,3,53,99,1,1,6,M,98,0,0,0,0,0,0,0,0,0,0,100,100,0,0,0,2,0,999,999,999,9999999,999,999,999,9,0,95,95,95,95,0,995,9.8,998,998,998,99.8,99.8,99.8,64.6748563357021,12,6
22761,66,58,1-66-2021-058-03,3,1,3N1AB7AP8JY2,17,478,1907,13,0,35,43,2018,4,1,3,0,1,F,1,1300,5,50,1,1,7,2,89,1,0,0,995,0,7,0,64759,9,9,0,4,2,1,2,1,1,1,0,2,0,0,2,1,0,0,9,0,1,6,87,99,1,1,1,C,13,0,0,0,0,0,0,0,0,0,0,998,998,0,0,0,1,10,999,999,999,9999999,999,24,13,2,0,99,99,0,8,0,998,9.8,998,998,998,99.8,99.8,99.8,246.899642531217,6,6
22762,66,59,1-66-2021-059-05,5,1,4A31K5DF6CE0,17,481,2166,5,0,52,37,2012,3,1,2,0,1,F,3,1485,5,9999,9,1,15,2,97,1,0,0,995,0,7,0,65707,1,2,2,4,2,1,2,1,1,1,1,2,0,0,1,1,0,0,9,1,1,2,10,3,1,2,4,K,83,0,0,0,0,0,0,0,0,0,0,275,125,0,0,0,1,1,40,-39,-7,198187,998,-32,53,0,1,2,12,0,3,0,995,9.8,998,998,998,99.8,99.8,99.8,113.709358166044,6,6
22762,66,59,1-66-2021-059-05,5,2,4T1BK1EB7FU1,17,448,2465,13,0,49,43,2015,4,1,4,0,1,F,2,1610,5,0,1,1,15,2,999,1,0,0,995,0,7,0,47639,9,9,2,3,1,1,2,1,1,1,1,1,0,0,1,1,2,2,2,0,11,4,60,99,1,1,4,K,82,0,0,0,0,0,0,0,0,0,0,125,275,0,0,0,1,1,38,-36,13,18198,998,41,16,0,3,2,5,0,3,0,995,1.7,120,55,72,0.0,0.0,0.0,113.709358166044,6,6
22763,16,64,1-16-2021-064-02,2,1,2B3KA43G78H2,17,476,1895,13,0,7,24,2008,4,1,5,0,1,F,3,1733,5,9999,9,0,998,2,56,1,1,8,997,8,0,0,45244,9,1,2,4,3,1,2,1,1,1,1,2,0,0,1,1,1,2,1,0,1,2,17,99,1,1,4,K,83,0,0,0,0,0,0,0,0,0,0,230,90,0,0,0,1,3,41,-38,-14,160460,998,-79,41,0,4,1,1,0,8,0,995,9.8,998,998,998,99.8,99.8,99.8,18.934323890091,5,6
22763,16,64,1-16-2021-064-02,2,2,1HGCV1F31KA0,17,474,1861,13,0,37,32,2019,4,1,4,1,1,F,3,1462,5,0,1,1,19,2,56,1,0,0,995,0,0,0,45014,2,9,2,3,2,1,2,1,2,4,1,0,0,0,1,1,1,2,1,0,11,4,66,1,1,1,4,K,82,0,0,0,0,0,0,0,0,0,0,90,230,0,0,0,1,3,45,-42,15,163672,998,77,44,0,4,9,0,0,8,0,995,9.8,998,998,998,99.8,99.8,99.8,18.934323890091,5,6
22765,28,58,1-28-2021-058-06,6,1,WDDGF8AB1DR2,17,449,2085,13,0,42,42,2013,4,1,3,0,1,F,1,1670,5,0,1,5,39,2,89,1,9,0,995,0,9,0,99999,9,9,0,4,2,1,2,1,2,2,1,2,1,0,2,1,6,2,9,1,14,2,12,99,1,4,1,B,6,0,0,0,0,0,0,0,0,0,0,998,998,0,0,0,1,12,999,999,999,9999999,999,999,999,6,0,99,99,0,99,0,998,0.9,120,39,83,2.6,0.6,2.7,47.2659314025208,3,6
22766,28,59,1-28-2021-059-09,9,1,1LNHM82W03Y6,17,464,1791,13,0,13,1,2003,4,1,5,0,1,F,1,1836,5,0,1,1,21,2,89,1,9,1,22,2,9,2,16936,9,9,0,4,2,1,2,1,1,4,1,2,1,0,1,1,0,0,9,1,1,2,10,99,1,2,3,G,50,0,0,0,0,0,0,0,0,0,0,345,170,0,0,0,1,5,999,999,999,9999999,999,999,14,2,0,4,29,1,3,0,995,0.7,120,120,-49,19.0,4.1,19.5,102.363128837394,3,6
22766,28,59,1-28-2021-059-09,9,2,1GB3GSCG9L11,17,467,1848,62,11,20,870,2020,61,8,60,0,1,F,9,,,,,,,2,89,1,0,0,995,0,0,0,14830,9,9,0,4,2,1,2,1,1,2,1,2,1,0,1,1,0,0,1,0,1,4,62,99,1,1,3,G,51,,,,,,,,,,,,,,,,,,,,,,,,,,,95,95,95,95,,,0.8,112,120,-15,21.1,3.7,21.2,102.363128837394,3,6
22767,32,89,1-32-2021-089-06,6,1,1FTRX17L7XKB,17,460,1801,60,0,12,481,1999,34,5,31,0,1,F,3,1857,5,0,1,1,14,2,48,1,0,0,995,0,0,0,75060,1,9,0,4,4,2,2,1,1,1,0,2,0,0,3,1,0,0,9,1,1,6,87,7,1,2,3,G,50,0,0,0,0,0,0,0,0,0,0,80,250,0,0,0,1,1,49,-49,0,201963,998,-2,52,0,1,9,97,0,5,0,995,9.8,998,998,998,99.8,99.8,99.8,3572.74872354465,7,6
22767,32,89,1-32-2021-089-06,6,2,5TDKK3DC1ES4,17,448,2468,2,0,49,442,2014,20,4,20,0,1,F,3,1985,5,0,1,1,17,2,48,1,0,1,0,2,0,0,75060,1,1,0,4,4,2,2,1,1,1,0,2,0,0,3,1,0,0,9,0,1,4,62,1,1,1,3,G,51,0,0,0,0,0,0,0,0,0,0,250,80,0,0,0,1,1,43,-43,-8,141667,998,-44,40,0,1,2,5,0,3,0,995,9.8,998,998,998,99.8,99.8,99.8,3572.74872354465,7,6
22768,32,90,1-32-2021-090-07,7,1,5NPEB4AC0DH6,17,498,2459,13,0,55,33,2013,4,1,4,0,1,F,1,1475,5,0,1,1,12,2,72,1,0,0,995,0,0,0,75061,2,2,2,3,5,3,2,1,1,2,3,3,0,0,1,1,1,9,1,0,4,3,50,2,1,1,2,D,20,0,0,0,0,0,0,0,0,0,0,80,80,0,0,0,1,3,17,-17,0,12789,998,0,14,0,4,0,0,0,0,0,995,9.8,998,998,998,99.8,99.8,99.8,10067.1528855198,7,6
22768,32,90,1-32-2021-090-07,7,2,KNAFX4A69E51,17,499,2462,13,0,63,38,2014,4,1,3,0,1,B,1,1288,5,9999,9,0,998,5,72,1,0,0,995,0,0,0,75061,9,9,2,3,5,3,2,1,1,2,3,3,0,0,1,1,1,9,9,0,5,3,53,1,1,1,2,D,21,0,0,0,0,0,0,0,0,0,0,80,80,0,0,0,1,3,21,21,0,26095,998,0,23,0,4,95,95,95,95,0,995,9.8,998,998,998,99.8,99.8,99.8,10067.1528855198,7,6
22769,18,59,1-18-2021-059-05,5,1,2C4RDGCG2CR3,17,476,14832,2,0,7,442,2012,20,4,20,0,1,F,2,1960,5,0,1,1,8,2,40,1,1,1,90,1,0,0,54729,1,9,0,4,2,1,2,1,1,2,0,2,0,0,3,8,0,0,3,1,1,2,13,1,1,4,1,C,11,0,0,0,0,0,0,0,0,0,0,55,55,0,0,0,1,12,999,999,999,9999999,999,999,999,7,0,9,97,0,8,0,995,9.8,998,998,998,99.8,99.8,99.8,59.2757632022085,6,6
22769,18,59,1-18-2021-059-05,5,2,2GCEK14H3G12,17,467,11489,60,0,20,481,1986,34,5,31,0,2,B,9,1855,5,9999,9,0,998,,,,,,,,,,,,,,,,,,,,,,,,,,,,,,,,,,,,,,,,,,,,,,,,,,,,,,,,,,,,,,,,,,95,95,95,95,,,,,,,,,,59.2757632022085,6,6
22770,18,60,1-18-2021-060-07,7,1,2G1WF5E38D12,17,467,1833,13,0,20,2,2013,4,1,4,0,1,F,1,1613,5,0,1,1,7,3,72,1,0,0,995,0,0,0,54703,1,9,0,1,2,1,1,2,1,4,1,3,0,0,3,2,0,0,1,1,1,1,6,2,2,4,1,A,2,0,0,0,0,0,0,0,0,0,0,998,998,0,1,4,1,12,999,999,999,9999999,999,999,999,6,0,0,0,0,0,0,998,1.4,3,3,60,10.6,9.2,14.0,1695.84948704877,6,6
22771,73,62,1-73-2021-062-03,3,1,3B7HF12Y2XG1,17,476,1938,60,0,7,482,1999,34,5,31,0,1,F,9,2348,5,9999,9,0,998,5,72,1,0,0,995,0,0,0,04434,9,9,0,4,2,1,2,1,1,1,1,4,0,0,1,1,0,0,3,0,1,3,51,99,1,1,2,D,24,0,0,0,0,0,0,0,0,0,0,135,135,0,0,0,1,0,999,999,999,9999999,999,999,999,9,0,95,95,95,95,0,995,9.8,998,998,998,99.8,99.8,99.8,109.731931448097,3,6
22771,73,62,1-73-2021-062-03,3,2,1GCPTDE17H11,17,467,4086,60,0,20,473,2017,34,5,31,0,1,F,1,2032,5,9999,9,1,47,2,72,1,0,1,0,2,0,1,04426,9,9,0,4,2,1,2,1,1,1,1,4,0,0,1,1,0,0,9,0,1,3,53,99,1,1,2,D,25,0,0,0,0,0,0,0,0,0,0,998,998,1,0,1,3,5,999,999,999,9999999,999,999,999,2,0,2,4,0,4,0,998,1.5,42,42,120,25.4,12.5,28.4,109.731931448097,3,6
22775,14,54,1-14-2021-054-08,8,1,1B7HC16Z8VJ5,17,476,1938,60,0,7,482,1997,34,5,31,0,1,F,3,1912,5,91,1,1,29,2,89,1,0,1,0,2,0,2,78747,1,9,2,4,2,1,2,1,1,1,1,4,0,0,1,1,0,0,9,1,1,2,10,99,1,2,3,I,64,0,0,0,0,0,0,0,0,0,0,30,235,0,0,0,1,5,999,999,999,9999999,999,999,47,4,0,3,14,1,3,0,995,9.8,998,998,998,99.8,99.8,99.8,960.479040926356,8,6
22775,14,54,1-14-2021-054-08,8,2,4V4NC9EG4GN9,17,487,1967,66,0,51,881,2016,66,8,68,0,1,L,9,,,,,,,5,89,1,0,0,995,0,0,0,78130,9,9,0,4,2,1,2,1,1,1,1,4,0,0,1,1,0,0,1,0,1,4,62,8,1,1,3,I,65,,,,,,,,,,,,,,,,,,,,,,,,,,,95,95,95,95,,,9.8,998,998,998,99.8,99.8,99.8,960.479040926356,8,6
22776,14,55,1-14-2021-055-06,6,1,4T1BF1FK2EU3,17,448,2469,13,0,49,40,2014,4,1,3,0,1,T,2,1441,5,9999,9,5,22,2,48,1,0,0,995,0,0,0,78130,1,1,0,4,2,1,2,1,3,3,0,2,0,0,2,1,0,0,3,1,14,2,13,1,1,4,1,A,1,1,6,1,2,2,4,60,4,2,24,997,997,0,1,0,3,6,999,999,999,9999999,999,999,999,7,0,1,1,0,4,3,997,0.0,999,999,999,10.9,3.4,11.4,2480.11642137808,8,6
22778,27,66,1-27-2021-066-07,7,1,3N1CE2CP6GL3,17,478,1898,5,0,35,50,2016,5,1,2,0,1,R,1,1114,5,0,1,1,10,2,40,1,0,9,998,8,0,9,01230,9,9,2,1,2,2,2,1,1,1,1,2,0,0,1,1,2,2,9,0,11,2,15,99,1,1,4,K,76,0,0,0,0,0,0,0,0,0,0,265,210,0,0,0,1,3,5,1,-5,2549,998,-150,5,0,4,0,0,0,0,0,995,9.8,998,998,998,99.8,99.8,99.8,80.3435137192876,3,6
22778,27,66,1-27-2021-066-07,7,2,4T1BF28B8YU0,17,448,2465,13,0,49,43,2000,4,1,3,0,1,L,1,1560,5,9999,9,0,998,5,64,1,0,9,998,8,0,9,11778,9,9,2,4,3,1,2,1,1,1,1,2,0,0,1,1,0,0,1,0,1,4,65,99,1,1,4,K,77,0,0,0,0,0,0,0,0,0,0,210,265,0,0,0,1,3,4,-3,1,1214,998,-96,4,0,4,95,95,95,95,0,995,9.8,998,998,998,99.8,99.8,99.8,80.3435137192876,3,6
22779,13,58,1-13-2021-058-03,3,1,3G1BE5SM3GS5,17,467,1832,13,0,20,25,2016,4,1,3,0,1,L,1,1399,5,0,1,1,33,2,80,1,8,0,995,0,7,0,76039,1,9,1,1,3,1,2,1,1,1,0,1,0,0,1,1,1,2,3,0,1,2,17,2,1,1,5,L,89,0,0,0,0,0,0,0,0,0,0,140,220,0,0,0,1,3,6,-4,4,5222,998,76,8,0,4,0,0,0,0,0,995,9.8,998,998,998,99.8,99.8,99.8,1556.82438080198,7,6
22779,13,58,1-13-2021-058-03,3,2,19XFC2F62KE0,17,474,1863,13,0,37,31,2019,4,1,3,0,1,F,1,1312,5,0,1,1,33,2,80,1,8,0,995,0,7,0,76137,5,9,1,2,5,2,2,1,1,4,1,3,0,0,1,1,1,2,9,0,1,4,66,3,1,1,5,L,88,0,0,0,0,0,0,0,0,0,0,220,140,0,0,0,1,3,6,-4,-5,2251,998,-159,4,0,4,99,99,0,5,0,995,9.8,998,998,998,99.8,99.8,99.8,1556.82438080198,7,6
22780,13,59,1-13-2021-059-05,5,1,KM8JU3ACXCU4,17,498,2058,7,0,55,402,2012,14,3,14,0,1,R,9,1505,5,9999,9,0,998,2,97,1,8,0,995,0,7,0,75686,2,9,1,2,5,2,1,1,1,9,1,3,0,0,1,1,0,0,9,1,15,2,11,99,1,2,2,F,46,0,0,0,0,0,0,0,0,0,0,30,0,0,0,0,1,0,999,999,999,9999999,999,999,999,9,0,9,97,0,99,0,995,9.8,998,998,998,99.8,99.8,99.8,194.150725496042,7,6