CASEID,PSU,CASENO,CASENUMBER,CATEGORY,VEHNO,VIN,VINLENGTH,VPICMAKE,VPICMODEL,VPICBODYCLASS,ICFINALBODY,MAKE,MODEL,MODELYR,BODYTYPE,BODYCAT,VEHCLASS,SPECUSE,TRANSTAT,DAMPLANE,DAMSEV,CURBWT,CURBSRC,CARGOWT,CARGOSRC,INSPTYPE,INSPLAG,TOWED,SPEEDLIMIT,DRPRESENT,PARALCOHOL,ALCTEST,ALCTESTRESULT,ALCTESTSRC,PARDRUG,DRUGTEST,ZIP,RACE,ETHNICITY,RELTOJUNCT,TRAFFLOW,RDLANES,INITLANE,SURFTYPE,SURFCOND,ALIGNMENT,PROFILE,LINERIGHT,LINELEFT,RUMBINIT,RUMBROAD,LIGHTCOND,WEATHER,TRAFDEV,TRAFFUNCT,DISTRACT,PREFHE,PREMOVE,CRITCAT,CRITEVENT,MANEUVER,PRESTAB,PRELOC,CRASHCAT,CRASHCONF,CRASHTYPE,ROLLTYPE,ROLLTURN,ROLLINTRPT,ROLLPREMAN,ROLLINITYP,ROLLINLOC,ROLLOBJ,ROLLTRIP,ROLLDIR,ROLLDIST,DVANGTHIS,DVANGOTH,TOWHITCH,TRAJDOC,TREEPOLE,DVEVENT,DVBASIS,DVTOTAL,DVLONG,DVLAT,DVENERGY,DVSPEED,DVMOMENT,DVBES,DVEST,DVCONF,VAIS,VISS,VINJURED,VTREAT,INITOBJCLASS,HEADANGLECAT,SHLDRWIDTH,STRKLENGTH,STRKWIDTH,STRKHEIGHT,EDGEDISTX,EDGEDISTY,EDGEDISTZ,CASEWGT,PSUSTRAT,VERSION
22780,13,59,1-13-2021-059-05,5,2,5J8TB3H37DL0,17,475,1871,7,0,54,402,2013,14,3,14,0,1,F,2,1756,5,0,1,1,30,2,97,1,8,0,995,0,7,0,76119,9,1,1,2,5,1,1,1,1,9,1,1,0,0,1,1,0,0,9,0,1,4,60,4,1,1,2,F,45,0,0,0,0,0,0,0,0,0,0,0,30,0,0,0,1,12,999,999,999,9999999,999,999,999,7,0,1,1,0,4,0,995,9.8,998,998,998,99.8,99.8,99.8,194.150725496042,7,6
22781,31,56,1-31-2021-056-10,10,1,1FAHP35N28W1,17,460,1779,13,0,12,37,2008,4,1,2,0,1,9,9,1189,5,9999,9,0,998,2,89,1,0,0,995,0,0,0,62930,9,9,0,4,2,1,4,1,1,1,0,0,0,0,2,1,0,0,9,1,1,1,6,99,4,4,1,B,7,1,2,1,6,1,4,61,1,1,10,997,997,0,0,0,1,0,999,999,999,9999999,999,999,999,9,0,0,0,0,0,3,997,0.0,30,30,120,15.1,3.1,15.4,1543.77595203993,6,6
22782,23,82,1-23-2021-082-04,4,1,5NPDH4AE6DH1,17,498,2735,13,0,55,35,2013,4,1,3,0,1,L,1,1265,5,9999,9,0,998,2,72,1,0,0,995,0,0,0,43035,9,9,2,4,6,3,2,1,1,1,3,1,0,0,1,1,1,2,1,1,15,2,10,99,1,2,2,F,47,0,0,0,0,0,0,0,0,0,0,140,175,0,0,0,1,3,11,-8,7,5973,998,132,8,0,4,0,0,0,0,0,995,9.8,998,998,998,99.8,99.8,99.8,335.931732190614,5,6
22782,23,82,1-23-2021-082-04,4,2,5FNRL6H5XLB0,17,474,1869,2,0,37,441,2020,20,4,20,0,1,R,1,2004,5,0,1,1,9,2,72,1,0,0,995,0,0,0,43035,9,9,2,4,6,4,2,1,1,1,1,2,0,0,1,1,1,2,1,0,1,4,61,99,1,1,2,F,45,0,0,0,0,0,0,0,0,0,0,175,140,0,0,0,1,3,7,1,-7,13272,998,-156,9,0,4,0,0,0,0,0,995,9.8,998,998,998,99.8,99.8,99.8,335.931732190614,5,6
22783,20,95,1-20-2021-095-06,6,1,19XFC2F58GE2,17,474,1863,13,0,37,31,2016,4,1,3,0,1,L,2,1244,5,0,1,1,26,2,89,1,1,1,239,2,0,0,93905,1,1,0,4,2,1,2,1,3,1,1,2,0,0,1,1,5,2,3,1,14,1,6,8,2,4,1,A,2,1,6,2,2,5,4,31,1,2,21,997,997,0,0,0,2,6,999,999,999,9999999,999,999,999,7,0,2,5,0,4,2,997,1.0,50,50,120,4.8,2.5,5.5,274.537180982257,11,6
22784,20,96,1-20-2021-096-03,3,1,WAUY8LFF1J10,17,582,3676,1,0,32,48,2018,1,1,2,0,1,L,1,1625,5,0,1,1,17,3,89,1,0,0,995,0,7,0,95003,1,2,0,4,2,1,2,1,3,1,1,2,0,0,1,1,0,0,1,0,14,6,90,2,1,1,1,C,15,0,0,0,0,0,0,0,0,0,0,998,998,0,0,0,2,7,999,999,999,9999999,999,999,999,6,0,9,97,0,0,0,998,9.8,998,998,998,99.8,99.8,99.8,136.197178365205,11,6
22785,20,97,1-20-2021-097-06,6,1,1G1PG5SB9D71,17,467,1832,13,0,20,25,2013,4,1,3,0,1,L,2,1407,5,0,1,1,45,2,48,1,0,0,995,0,0,0,93905,9,1,3,4,2,1,2,1,1,1,0,0,0,0,1,1,0,0,2,0,10,2,16,1,1,1,4,K,78,0,0,0,0,0,0,0,0,0,0,330,60,0,0,0,1,3,34,-17,30,156047,998,77,43,0,4,0,0,0,0,0,995,9.8,998,998,998,99.8,99.8,99.8,274.537180982257,11,6
22785,20,97,1-20-2021-097-06,6,2,3N1AB7AP2EY2,17,478,1907,13,0,35,43,2014,4,1,3,0,1,F,3,1293,5,0,1,1,51,2,48,1,0,0,995,0,0,0,93905,1,1,3,4,4,2,2,1,1,1,0,3,0,0,1,1,0,0,1,0,1,4,70,3,1,1,4,K,79,0,0,0,0,0,0,0,0,0,0,60,330,0,0,0,1,3,42,-36,-21,67263,998,-85,30,0,4,1,2,0,6,0,995,9.8,998,998,998,99.8,99.8,99.8,274.537180982257,11,6
22786,20,98,1-20-2021-098-05,5,1,1GC1KWE81GF1,17,467,1850,60,0,20,481,2016,34,5,31,0,1,F,1,3349,4,9999,9,0,998,5,16,1,0,0,995,0,0,0,85365,9,9,2,4,2,1,2,1,1,1,0,2,0,0,1,1,2,2,2,0,11,2,15,1,1,1,4,K,82,0,0,0,0,0,0,0,0,0,0,350,110,0,0,0,1,3,16,-14,8,76726,998,71,22,0,4,95,95,95,95,0,995,9.8,998,998,998,99.8,99.8,99.8,41.7682909515469,11,6
22786,20,98,1-20-2021-098-05,5,2,KNDJN2A26G73,17,499,2460,7,0,63,37,2016,6,1,2,0,1,F,2,1287,5,0,1,1,41,2,56,1,0,0,995,0,0,0,85365,1,2,2,1,2,2,2,1,1,1,3,0,0,0,1,1,0,0,1,0,1,4,67,1,1,1,4,K,83,0,0,0,0,0,0,0,0,0,0,110,350,0,0,0,1,3,36,-31,-18,71682,998,-85,29,0,4,9,97,0,8,0,995,9.8,998,998,998,99.8,99.8,99.8,41.7682909515469,11,6
22787,15,97,1-15-2021-097-06,6,1,WDDGF8ABXDR2,17,449,2085,13,0,42,42,2013,4,1,3,0,1,F,2,1670,5,9999,9,4,85,2,999,1,8,9,998,8,7,9,11570,9,9,0,4,2,1,2,1,1,9,1,2,0,0,1,1,0,0,1,0,1,5,84,99,1,1,1,C,13,0,0,0,0,0,0,0,0,0,0,998,998,0,0,0,1,12,999,999,999,9999999,999,999,999,7,0,9,97,0,99,0,998,9.8,998,998,998,99.8,99.8,99.8,103.986932137622,1,6
22788,15,98,1-15-2021-098-05,5,1,999999999999,99,483,99999,999,0,2,999,2012,49,6,49,0,1,F,9,9999,9,9999,9,0,998,5,48,1,8,9,998,8,7,9,06105,9,9,2,4,2,1,2,1,1,1,0,0,0,0,1,1,2,2,9,1,10,2,10,99,1,2,4,K,84,0,0,0,0,0,0,0,0,0,0,170,10,0,0,0,1,0,999,999,999,9999999,999,999,999,9,0,95,95,95,95,0,995,9.8,998,998,998,99.8,99.8,99.8,27.2483400874147,1,6
22788,15,98,1-15-2021-098-05,5,2,3N1AB7AP6GY2,17,478,1907,13,0,35,43,2016,4,1,3,0,1,F,9,1306,5,9999,9,0,998,2,48,1,8,0,995,0,7,0,11003,2,9,2,4,2,1,2,1,2,4,0,0,0,0,1,1,0,0,9,0,11,4,67,99,1,1,4,K,84,0,0,0,0,0,0,0,0,0,0,10,170,0,0,0,1,0,999,999,999,9999999,999,999,999,9,0,1,1,0,4,0,995,9.8,998,998,998,99.8,99.8,99.8,27.2483400874147,1,6
22789,31,57,1-31-2021-057-07,7,1,KMHHU6KH4CU0,17,498,2458,3,0,55,41,2012,2,1,4,0,1,F,1,1547,5,0,1,1,11,2,89,1,0,0,995,0,0,0,62946,9,9,0,4,2,1,2,1,1,1,1,4,0,0,2,1,0,0,9,0,1,6,87,99,1,1,1,C,13,0,0,0,0,0,0,0,0,0,0,998,998,0,0,0,1,10,999,999,999,9999999,999,11,11,2,0,0,0,0,0,0,998,9.8,998,998,998,99.8,99.8,99.8,396.756776357633,6,6
22790,22,86,1-22-2021-086-04,4,1,ZFBERFATXG6C,17,496,2050,9,0,7,444,2016,20,4,20,0,1,B,9,1678,5,9999,9,0,998,5,40,1,0,0,995,0,0,0,99403,9,9,0,4,2,1,2,1,1,1,0,4,0,0,1,1,0,0,9,0,5,3,53,1,1,1,2,D,21,0,0,0,0,0,0,0,0,0,0,20,30,0,0,0,1,0,999,999,999,9999999,999,999,999,9,0,95,95,95,95,0,995,9.8,998,998,998,99.8,99.8,99.8,163.229104904989,12,6
22790,22,86,1-22-2021-086-04,4,2,1FTER4FH8MLD,17,460,1803,60,0,12,471,2021,34,5,30,0,1,F,1,2014,5,0,1,1,14,2,40,1,0,0,995,0,0,0,99005,9,9,0,4,2,1,2,1,1,1,0,4,0,0,1,1,0,0,9,0,1,3,50,4,1,1,2,D,20,0,0,0,0,0,0,0,0,0,0,30,20,0,0,0,1,12,999,999,999,9999999,999,999,999,6,0,0,0,0,0,0,995,9.8,998,998,998,99.8,99.8,99.8,163.229104904989,12,6
22791,22,87,1-22-2021-087-09,9,1,JH4CU26619C0,17,475,1874,13,0,54,39,2009,4,1,3,0,1,F,2,1545,5,0,1,1,19,2,97,1,0,1,0,2,0,1,83815,9,9,0,4,3,1,2,1,1,4,1,4,0,0,1,1,0,0,9,1,1,2,12,99,1,4,1,B,6,0,0,0,0,0,0,0,0,0,0,998,998,0,0,0,1,1,36,-36,0,82969,998,-16,36,0,4,3,9,1,4,0,998,1.2,120,50,70,10.7,2.9,11.0,257.991437415847,12,6
22792,22,88,1-22-2021-088-06,6,1,5TFDM5F10FX0,17,448,2467,60,0,49,482,2015,34,5,31,0,1,F,3,2555,5,0,1,1,18,2,72,1,0,1,0,2,0,0,83501,1,9,0,4,2,1,2,1,1,1,1,4,0,0,1,1,0,0,9,1,1,2,10,99,1,2,3,I,64,0,0,0,0,0,0,0,0,0,0,255,80,0,0,0,1,5,999,999,999,9999999,999,999,999,8,0,1,1,0,4,0,995,9.9,3,3,120,99.9,99.9,99.9,90.4174940873887,12,6
22792,22,88,1-22-2021-088-06,6,2,1FUYDDYB1WP9,17,450,9806,66,0,82,881,1998,66,8,68,0,1,L,9,,,,,,,5,72,1,0,0,995,0,0,0,83535,9,9,0,4,2,1,2,1,1,1,1,4,0,0,1,1,0,0,9,0,1,4,62,99,1,1,3,I,65,,,,,,,,,,,,,,,,,,,,,,,,,,,95,95,95,95,,,9.8,998,998,998,99.8,99.8,99.8,90.4174940873887,12,6
22793,29,64,1-29-2021-064-09,9,1,3GTP2WE38BG1,17,472,1857,60,0,23,481,2011,34,5,31,0,1,F,1,2155,5,9999,9,0,998,5,56,1,8,9,998,8,7,9,02743,9,9,3,4,4,2,2,1,2,2,3,2,0,0,1,8,0,0,3,0,14,3,50,99,1,1,2,D,20,0,0,0,0,0,0,0,0,0,0,90,85,0,0,0,1,3,7,-7,-1,3979,998,-42,7,0,4,95,95,95,95,0,995,9.8,998,998,998,99.8,99.8,99.8,192.290258068524,2,6
22793,29,64,1-29-2021-064-09,9,2,4T1BF28K71U1,17,448,2469,13,0,49,40,2001,4,1,3,0,1,B,1,1465,5,0,1,1,5,2,56,1,8,9,998,8,7,9,02748,9,9,3,4,4,2,2,1,2,2,3,2,0,0,1,8,0,0,1,0,5,3,53,1,1,1,2,D,22,0,0,0,0,0,0,0,0,0,0,85,90,0,0,0,1,3,10,10,2,8958,998,-79,10,0,4,9,97,0,8,0,995,9.8,998,998,998,99.8,99.8,99.8,192.290258068524,2,6
22795,26,105,1-26-2021-105-03,3,1,3C4PDCBG8JT2,17,476,1939,7,0,7,27,2018,6,1,4,0,1,F,1,1834,5,0,1,1,14,2,72,1,0,0,995,0,0,0,95841,2,2,2,1,4,3,2,1,1,1,3,1,0,0,3,1,1,2,1,0,1,2,17,2,1,1,4,J,69,0,0,0,0,0,0,0,0,0,0,260,40,0,0,0,1,12,999,999,999,9999999,999,999,999,6,0,1,1,0,4,0,995,9.8,998,998,998,99.8,99.8,99.8,404.328967411504,10,6
22795,26,105,1-26-2021-105-03,3,2,5TDZA23C86S4,17,448,2468,2,0,49,442,2006,20,4,20,0,1,F,1,1880,5,9999,9,4,40,5,72,1,0,0,995,0,0,0,95842,9,9,2,1,4,4,2,1,1,1,1,0,0,0,3,1,1,2,1,0,11,4,63,99,1,1,4,J,68,0,0,0,0,0,0,0,0,0,0,40,260,0,0,0,1,12,999,999,999,9999999,999,999,999,6,0,95,95,95,95,0,995,9.8,998,998,998,99.8,99.8,99.8,404.328967411504,10,6
22797,26,107,1-26-2021-107-02,2,1,KMHGN4JE6FU0,17,498,2774,13,0,55,41,2015,4,1,5,0,1,F,3,1877,5,0,1,1,24,2,72,1,9,9,998,8,9,9,95628,2,9,2,1,5,2,2,1,1,2,3,3,0,0,1,1,1,2,9,0,1,3,50,99,9,1,2,D,20,0,0,0,0,0,0,0,0,0,0,70,80,0,0,0,1,1,58,-58,0,40331,998,-23,23,0,4,1,1,0,99,0,995,9.8,998,998,998,99.8,99.8,99.8,17.3776093333343,10,6
22797,26,107,1-26-2021-107-02,2,2,3N1AB7AP8JY2,17,478,1907,13,0,35,43,2018,4,1,3,0,1,B,3,1300,5,0,1,1,36,2,72,1,0,1,0,2,0,1,95842,2,9,2,1,5,2,2,1,1,2,3,3,0,0,1,1,1,2,1,0,5,3,53,1,1,1,2,D,21,0,0,0,0,0,0,0,0,0,0,80,70,0,0,0,1,1,82,81,-14,605369,998,34,103,0,4,3,17,1,3,0,995,9.8,998,998,998,99.8,99.8,99.8,17.3776093333343,10,6
22797,26,107,1-26-2021-107-02,2,3,2NKHHM6X7MM4,17,532,2722,11,0,85,881,2021,62,8,60,0,1,B,9,,,,,,,5,72,1,0,0,995,0,0,0,93277,9,9,2,1,5,2,2,1,1,2,3,3,0,0,1,1,1,2,1,0,5,3,53,1,1,1,6,M,98,,,,,,,,,,,,,,,,,,,,,,,,,,,95,95,95,95,,,9.8,998,998,998,99.8,99.8,99.8,17.3776093333343,10,6
22797,26,107,1-26-2021-107-02,2,4,3HAMKAANXCL6,17,526,2648,11,0,84,881,2012,63,8,60,0,1,B,9,,,,,,,5,72,1,0,0,995,0,0,0,95843,9,9,2,1,5,4,2,1,1,2,1,1,0,0,1,1,1,2,1,0,5,4,61,1,1,1,6,M,98,,,,,,,,,,,,,,,,,,,,,,,,,,,95,95,95,95,,,9.8,998,998,998,99.8,99.8,99.8,17.3776093333343,10,6
22798,29,65,1-29-2021-065-09,9,1,1FAFP53U05A2,17,460,1782,13,0,12,17,2005,4,1,3,0,1,F,1,1500,5,0,1,1,8,2,48,1,8,9,998,8,7,9,02746,9,9,0,4,2,1,2,1,1,1,0,2,0,0,1,1,0,0,3,1,1,2,13,99,1,4,1,C,11,0,0,0,0,0,0,0,0,0,0,220,220,0,1,0,1,8,999,999,999,9999999,999,999,999,6,0,9,97,0,99,0,995,9.8,998,998,998,99.8,99.8,99.8,192.290258126239,2,6
22798,29,65,1-29-2021-065-09,9,2,1GKKVRED2BJ3,17,472,1855,7,0,23,8,2011,6,1,5,0,2,B,1,2234,5,9999,9,4,42,,,,,,,,,,,,,,,,,,,,,,,,,,,,,,,,,,,,,,,,,,,,,,,,,,,,,,,,,,,,,,,,,,95,95,95,95,,,,,,,,,,192.290258126239,2,6
22798,29,65,1-29-2021-065-09,9,3,2HKRM4H71CH6,17,474,1865,7,0,37,402,2012,14,3,14,0,2,L,9,1583,5,9999,9,0,998,,,,,,,,,,,,,,,,,,,,,,,,,,,,,,,,,,,,,,,,,,,,,,,,,,,,,,,,,,,,,,,,,,95,95,95,95,,,,,,,,,,192.290258126239,2,6
22799,21,107,1-21-2021-107-09,9,1,5TDZA3EH4AS0,17,448,2213,7,0,49,403,2010,14,3,14,0,1,F,2,1748,5,68,2,5,18,2,113,1,1,8,997,8,0,0,91304,9,1,0,2,3,2,1,1,3,1,3,3,0,3,1,1,0,0,3,1,14,2,11,1,1,2,2,F,44,0,0,0,0,0,0,0,0,0,0,998,998,0,0,0,2,12,999,999,999,9999999,999,999,999,7,0,1,1,0,0,0,998,4.4,120,999,999,0.0,0.0,0.0,673.562627031035,11,6
22799,21,107,1-21-2021-107-09,9,2,999999999999,99,99999,99999,999,0,99,999,9999,99,10,99,99,1,L,9,,,,,,,5,113,1,8,0,995,0,7,0,99999,9,9,0,2,3,1,1,1,3,1,1,3,2,3,1,1,0,0,9,0,14,4,60,99,1,1,2,F,45,,,,,,,,,,,,,,,,,,,,,,,,,,,95,95,95,95,,,9.8,998,998,998,99.8,99.8,99.8,673.562627031035,11,6
22800,21,108,1-21-2021-108-03,3,1,19XFC1F90LE2,17,474,1863,13,0,37,31,2020,4,1,3,0,1,T,2,1312,5,9999,9,4,15,2,113,1,0,0,995,0,0,0,92392,1,9,0,1,5,4,1,1,2,9,3,3,0,3,2,8,0,0,3,1,14,2,12,99,1,4,1,B,6,1,6,9,2,5,4,31,6,2,36,997,997,0,0,0,1,6,999,999,999,9999999,999,999,999,7,0,99,99,0,99,2,997,9.8,998,998,998,99.8,99.8,99.8,107.539751998063,11,6
22803,19,116,1-19-2021-116-09,9,1,1GYS4BKJ4JR1,17,469,1843,7,0,19,421,2018,15,3,15,0,1,F,1,2649,5,9999,9,0,998,5,72,1,0,0,995,0,0,0,35901,9,9,2,1,3,2,2,98,1,1,3,0,0,0,1,1,1,2,3,0,2,3,50,1,1,1,2,D,20,0,0,0,0,0,0,0,0,0,0,25,25,0,0,0,1,3,6,-6,0,4342,998,0,6,0,4,95,95,95,95,0,995,9.8,998,998,998,99.8,99.8,99.8,488.760774514388,9,6
22803,19,116,1-19-2021-116-09,9,2,4T1BF3EK2BU7,17,448,2469,13,0,49,40,2011,4,1,4,0,1,B,1,1500,5,0,1,1,3,3,72,1,0,0,995,0,0,0,35903,2,9,2,1,3,2,2,98,1,1,3,0,0,0,1,1,1,2,1,0,5,3,53,1,1,1,2,D,21,0,0,0,0,0,0,0,0,0,0,25,25,0,0,0,1,3,10,10,0,5580,998,0,10,0,4,1,1,0,4,0,995,9.8,998,998,998,99.8,99.8,99.8,488.760774514388,9,6
22806,21,111,1-21-2021-111-03,3,1,1C3CCCAB3FN7,17,477,2053,13,0,6,18,2015,4,1,3,0,1,F,2,1575,5,9999,9,4,15,2,113,1,1,8,997,8,0,9,93274,9,9,0,2,2,1,2,1,1,9,1,3,2,3,2,1,0,0,9,1,1,2,13,7,1,5,1,A,1,0,0,0,0,0,0,0,0,0,0,45,55,0,1,0,2,5,999,999,999,9999999,999,999,999,7,0,2,5,0,3,0,995,2.5,999,999,999,0.0,0.0,0.0,107.539752004771,11,6
22806,21,111,1-21-2021-111-03,3,2,3C6UR5FL9HG7,17,496,13621,60,0,7,482,2017,34,5,31,0,1,T,3,3009,8,9999,9,4,15,2,89,1,0,0,995,0,0,0,92019,1,9,0,2,2,1,1,1,1,9,1,3,0,0,2,1,0,0,1,0,1,3,53,1,1,1,6,M,98,1,5,2,3,1,1,61,1,1,23,997,997,0,1,0,7,6,999,999,999,9999999,999,999,999,8,0,1,1,0,99,3,997,0.9,999,999,999,0.0,0.0,0.0,107.539752004771,11,6
22807,21,112,1-21-2021-112-03,3,1,JM1NDAL79K03,17,473,2072,1,0,41,45,2019,1,1,1,0,1,T,1,1118,5,0,1,1,18,2,113,1,0,0,995,0,0,0,92507,2,2,0,1,2,2,2,2,1,9,3,2,1,3,2,2,0,0,9,1,1,1,6,1,4,4,1,B,7,1,6,2,2,1,4,61,1,1,999,997,997,0,0,0,1,6,999,999,999,9999999,999,999,999,6,0,1,1,0,4,3,997,9.8,998,998,998,99.8,99.8,99.8,107.539752004771,11,6
22809,76,48,1-76-2021-048-05,5,1,1C4RDJAG2EC3,17,476,3508,7,0,7,422,2014,15,3,15,0,1,F,1,2262,5,0,1,1,28,2,89,1,8,9,998,8,7,9,12083,9,9,0,4,2,1,2,1,1,1,1,2,0,0,1,1,0,0,9,1,1,6,87,98,8,4,1,A,3,0,0,0,0,0,0,0,0,0,0,998,998,0,1,0,1,10,999,999,999,9999999,999,46,13,2,0,9,97,0,8,0,998,0.2,999,999,999,3.8,3.1,4.9,17.0209578982601,3,6
22810,76,49,1-76-2021-049-10,10,1,5TFCM5F18AX0,17,448,2467,60,0,49,482,2010,34,5,31,0,1,F,2,2581,5,0,1,1,27,2,89,1,1,9,998,8,9,9,12789,9,9,0,4,2,1,2,1,3,1,1,2,1,0,2,1,0,0,9,1,14,2,13,99,1,4,1,A,1,0,0,0,0,0,0,0,0,0,0,998,998,0,1,2,2,10,999,999,999,9999999,999,10,26,3,0,0,0,0,0,0,998,1.2,999,999,999,0.5,0.7,0.9,117.340879786809,3,6
22811,73,64,1-73-2021-064-07,7,1,1GCVKREC6GZ2,17,467,1850,60,0,20,481,2016,34,5,31,0,1,R,1,2366,5,0,1,1,39,2,72,1,0,0,995,0,0,0,04942,9,9,0,4,2,1,2,1,1,1,0,0,0,0,1,1,0,0,9,0,1,6,90,1,1,1,1,C,12,0,0,0,0,0,0,0,0,0,0,998,998,0,0,1,2,8,999,999,999,9999999,999,999,999,6,0,0,0,0,0,0,998,0.0,30,30,120,6.4,2.6,6.9,342.347673133828,3,6
22812,26,106,1-26-2021-106-05,5,1,2GCEK13TX513,17,467,1850,60,0,20,481,2005,34,5,30,0,1,F,2,2397,5,0,1,1,12,2,72,1,0,1,0,2,0,0,95757,1,9,2,1,5,3,2,1,1,1,3,1,0,0,1,1,1,2,3,1,1,2,17,1,1,4,3,G,50,0,0,0,0,0,0,0,0,0,0,145,345,0,0,0,1,1,37,-36,-6,54369,998,-52,23,0,1,2,5,0,4,0,995,9.8,998,998,998,99.8,99.8,99.8,42.285530126137,10,6
22812,26,106,1-26-2021-106-05,5,2,1N4AL3AP6FC4,17,478,1904,13,0,35,47,2015,4,1,4,0,1,F,3,1416,5,0,1,1,12,2,72,1,0,1,0,2,0,0,95660,1,9,2,1,5,3,2,1,1,1,3,1,0,0,1,1,1,2,1,0,5,4,62,1,1,1,3,G,51,0,0,0,0,0,0,0,0,0,0,345,145,0,0,0,1,1,61,-60,11,302989,998,10,72,0,1,2,9,0,3,0,995,9.8,998,998,998,99.8,99.8,99.8,42.285530126137,10,6
22812,26,106,1-26-2021-106-05,5,3,1FTNW20L14EA,17,460,1805,60,0,12,481,2004,34,5,30,0,1,F,9,2527,5,9999,9,0,998,5,72,1,0,0,995,0,0,0,95819,9,9,2,1,5,2,2,1,1,1,1,3,0,0,1,1,1,2,1,0,5,4,62,1,1,1,6,M,98,0,0,0,0,0,0,0,0,0,0,345,145,0,0,0,3,0,999,999,999,9999999,999,999,999,9,0,95,95,95,95,0,995,9.8,998,998,998,99.8,99.8,99.8,42.285530126137,10,6
22812,26,106,1-26-2021-106-05,5,4,JALE5W164H73,17,542,14582,63,11,38,882,2017,61,8,60,0,1,F,9,,,,,,,5,72,1,0,0,995,0,0,0,95827,9,9,2,1,5,3,2,1,1,1,3,1,0,0,1,1,1,2,1,0,5,8,98,1,1,1,6,M,98,,,,,,,,,,,,,,,,,,,,,,,,,,,95,95,95,95,,,9.8,998,998,998,99.8,99.8,99.8,42.285530126137,10,6
22812,26,106,1-26-2021-106-05,5,5,3D6WR26DX5G8,17,476,1938,65,60,7,482,2005,34,5,30,0,1,F,9,2414,5,9999,9,0,998,5,72,1,0,0,995,0,0,0,95765,9,9,2,1,5,3,2,1,1,1,3,1,0,0,1,1,1,2,1,0,2,8,98,1,1,1,6,M,98,0,0,0,0,0,0,0,0,0,0,345,345,0,0,0,4,0,999,999,999,9999999,999,999,999,9,0,95,95,95,95,0,995,9.8,998,998,998,99.8,99.8,99.8,42.285530126137,10,6
22815,27,67,1-27-2021-067-09,9,1,5TELU42N07Z3,17,448,2223,60,0,49,472,2007,34,5,30,0,1,F,1,1873,5,9999,9,4,35,2,16,1,8,0,995,0,7,0,01220,9,9,3,4,2,1,2,1,1,1,0,0,0,0,1,1,0,0,9,1,11,2,12,99,1,4,1,B,6,0,0,0,0,0,0,0,0,0,0,998,998,0,0,3,1,12,999,999,999,9999999,999,999,999,6,0,9,97,0,99,0,998,0.0,18,18,999,1.3,1.3,1.3,87.0028588870354,3,6
22816,16,66,1-16-2021-066-03,3,1,1FMJK1JT5LEA,17,460,1820,7,0,12,422,2020,15,3,15,0,1,F,1,2628,5,9999,9,0,998,2,40,1,0,0,995,0,0,0,45237,9,9,2,4,2,1,2,1,1,1,0,2,0,0,1,1,1,2,1,1,10,1,6,99,9,2,4,K,80,0,0,0,0,0,0,0,0,0,0,70,315,0,0,0,1,3,4,-4,-2,1607,998,-132,3,0,4,99,99,0,8,0,995,9.8,998,998,998,99.8,99.8,99.8,288.858247776156,5,6
22816,16,66,1-16-2021-066-03,3,2,1G11C5SL1FF1,17,467,1834,13,0,20,37,2015,4,1,3,0,1,L,1,1625,5,0,1,1,20,2,40,1,0,0,995,0,0,0,45237,9,9,2,4,4,2,2,1,1,1,3,2,0,0,1,1,1,2,1,0,5,4,67,1,1,1,4,K,81,0,0,0,0,0,0,0,0,0,0,315,70,0,0,0,1,3,6,-5,4,4251,998,22,8,0,4,9,97,0,99,0,995,9.8,998,998,998,99.8,99.8,99.8,288.858247776156,5,6
22817,24,109,1-24-2021-109-06,6,1,1B7HC16X31S3,17,476,1938,60,0,7,482,2001,34,5,31,0,1,F,1,2008,5,0,1,1,36,2,40,1,0,0,995,0,0,0,08406,1,2,0,3,3,99,2,1,1,1,0,3,0,0,1,1,0,0,9,0,1,2,11,99,8,2,2,F,44,0,0,0,0,0,0,0,0,0,0,40,60,0,0,0,2,3,13,-13,0,23226,998,-2,17,0,4,1,2,0,4,0,995,9.8,998,998,998,99.8,99.8,99.8,401.566551006358,1,6
22817,24,109,1-24-2021-109-06,6,2,KNADM5A34E64,17,499,2299,5,0,63,32,2014,5,1,2,0,1,L,9,1163,5,9999,9,0,998,5,40,1,0,0,995,0,0,0,08234,9,9,0,3,3,1,2,1,1,1,0,3,0,0,1,1,0,0,9,0,5,4,60,1,1,1,2,F,45,0,0,0,0,0,0,0,0,0,0,60,60,0,0,0,1,0,999,999,999,9999999,999,999,999,9,0,95,95,95,95,0,995,9.8,998,998,998,99.8,99.8,99.8,401.566551006358,1,6
22817,24,109,1-24-2021-109-06,6,3,3N1AB7AP1FL6,17,478,1907,13,0,35,43,2015,4,1,3,0,1,B,1,1293,5,0,1,5,34,2,40,1,0,0,995,0,0,0,08401,2,2,0,3,3,2,2,1,1,1,1,1,0,0,1,1,0,0,9,0,5,3,53,1,1,1,6,M,98,0,0,0,0,0,0,0,0,0,0,60,40,0,0,0,2,3,20,19,-7,18742,998,87,16,0,4,1,1,0,4,0,995,9.8,998,998,998,99.8,99.8,99.8,401.566551006358,1,6