CASEID,PSU,CASENO,CASENUMBER,CATEGORY,VEHNO,VIN,VINLENGTH,VPICMAKE,VPICMODEL,VPICBODYCLASS,ICFINALBODY,MAKE,MODEL,MODELYR,BODYTYPE,BODYCAT,VEHCLASS,SPECUSE,TRANSTAT,DAMPLANE,DAMSEV,CURBWT,CURBSRC,CARGOWT,CARGOSRC,INSPTYPE,INSPLAG,TOWED,SPEEDLIMIT,DRPRESENT,PARALCOHOL,ALCTEST,ALCTESTRESULT,ALCTESTSRC,PARDRUG,DRUGTEST,ZIP,RACE,ETHNICITY,RELTOJUNCT,TRAFFLOW,RDLANES,INITLANE,SURFTYPE,SURFCOND,ALIGNMENT,PROFILE,LINERIGHT,LINELEFT,RUMBINIT,RUMBROAD,LIGHTCOND,WEATHER,TRAFDEV,TRAFFUNCT,DISTRACT,PREFHE,PREMOVE,CRITCAT,CRITEVENT,MANEUVER,PRESTAB,PRELOC,CRASHCAT,CRASHCONF,CRASHTYPE,ROLLTYPE,ROLLTURN,ROLLINTRPT,ROLLPREMAN,ROLLINITYP,ROLLINLOC,ROLLOBJ,ROLLTRIP,ROLLDIR,ROLLDIST,DVANGTHIS,DVANGOTH,TOWHITCH,TRAJDOC,TREEPOLE,DVEVENT,DVBASIS,DVTOTAL,DVLONG,DVLAT,DVENERGY,DVSPEED,DVMOMENT,DVBES,DVEST,DVCONF,VAIS,VISS,VINJURED,VTREAT,INITOBJCLASS,HEADANGLECAT,SHLDRWIDTH,STRKLENGTH,STRKWIDTH,STRKHEIGHT,EDGEDISTX,EDGEDISTY,EDGEDISTZ,CASEWGT,PSUSTRAT,VERSION
22817,24,109,1-24-2021-109-06,6,4,3C4NJDBB6JT4,17,483,1946,7,0,2,1,2018,6,1,2,0,1,R,9,1509,5,9999,9,0,998,5,40,1,0,0,995,0,0,0,08401,9,9,0,3,3,3,2,1,1,1,1,0,0,0,1,1,0,0,9,0,5,4,61,1,1,1,6,M,98,0,0,0,0,0,0,0,0,0,0,60,80,0,0,0,3,0,999,999,999,9999999,999,999,999,9,0,95,95,95,95,0,995,9.8,998,998,998,99.8,99.8,99.8,401.566551006358,1,6
22817,24,109,1-24-2021-109-06,6,5,2CNDL23F9860,17,467,1847,7,0,20,404,2008,14,3,14,0,1,B,1,1713,5,0,1,1,23,2,40,1,0,0,995,0,0,0,08401,2,2,0,3,3,2,2,1,1,1,1,1,0,0,1,1,0,0,9,0,5,3,53,1,1,1,6,M,98,0,0,0,0,0,0,0,0,0,0,60,60,0,0,0,4,12,999,999,999,9999999,999,999,9,1,0,1,2,0,4,0,995,9.8,998,998,998,99.8,99.8,99.8,401.566551006358,1,6
22817,24,109,1-24-2021-109-06,6,6,3TMLU4EN3CM0,17,448,2223,60,0,49,472,2012,34,5,30,0,1,B,9,1900,5,9999,9,0,998,5,40,1,0,0,995,0,0,0,08234,9,9,0,3,3,2,2,1,1,1,1,1,0,0,1,1,0,0,9,0,5,3,53,1,1,1,6,M,98,0,0,0,0,0,0,0,0,0,0,60,60,0,0,0,5,0,999,999,999,9999999,999,999,999,9,0,95,95,95,95,0,995,9.8,998,998,998,99.8,99.8,99.8,401.566551006358,1,6
22818,30,72,1-30-2021-072-03,3,1,5PVNJ8JN6D4S,17,514,2169,11,999,98,806,2013,62,8,60,0,1,F,9,,,,,,,2,105,1,0,0,995,0,0,0,85326,9,9,0,2,7,6,2,1,1,1,3,1,0,0,1,1,0,0,9,0,1,3,51,99,1,1,2,D,24,,,,,,,,,,,,,,,,,,,,,,,,,,,95,95,95,95,,,9.8,998,998,998,99.8,99.8,99.8,1467.98750417354,10,6
22818,30,72,1-30-2021-072-03,3,2,1GC4WNE76LF1,17,467,1850,60,0,20,880,2020,67,8,60,0,1,F,9,,,,,,,2,105,1,0,0,995,0,0,0,85262,9,9,0,2,7,6,2,1,1,1,3,1,0,0,1,1,0,0,1,0,1,3,53,99,1,1,2,D,25,,,,,,,,,,,,,,,,,,,,,,,,,,,95,95,95,95,,,9.8,998,998,998,99.8,99.8,99.8,1467.98750417354,10,6
22818,30,72,1-30-2021-072-03,3,3,WAUANCF51KA0,17,582,3787,5,0,32,49,2019,5,1,4,0,1,B,1,1680,5,0,1,1,43,2,105,1,0,0,995,0,0,0,99508,9,9,0,2,7,6,2,1,1,1,2,3,0,0,1,1,0,0,1,0,1,3,53,1,1,2,6,M,98,0,0,0,0,0,0,0,0,0,0,90,90,0,0,0,2,5,999,999,999,9999999,999,999,21,2,0,1,3,0,4,0,995,9.8,998,998,998,99.8,99.8,99.8,1467.98750417354,10,6
22818,30,72,1-30-2021-072-03,3,4,3AKJHTDV2MSM,17,450,2501,66,0,82,881,2021,66,8,68,0,1,L,9,,,,,,,5,105,1,0,0,995,0,0,0,85212,9,9,0,2,7,5,2,1,1,1,3,3,0,0,1,1,0,0,1,0,1,4,60,99,1,1,6,M,98,,,,,,,,,,,,,,,,,,,,,,,,,,,95,95,95,95,,,9.8,998,998,998,99.8,99.8,99.8,1467.98750417354,10,6
22818,30,72,1-30-2021-072-03,3,5,1GTGC29J4TE5,17,472,1857,60,0,23,481,1996,34,5,31,0,1,L,1,2341,5,9999,9,4,21,2,105,1,0,0,995,0,0,0,85304,9,9,0,2,7,5,2,1,1,1,3,3,0,0,1,1,0,0,1,0,1,4,60,99,1,1,6,M,98,0,0,0,0,0,0,0,0,0,0,90,110,0,0,0,4,98,999,999,999,9999999,999,999,999,6,0,2,4,0,4,0,995,9.8,998,998,998,99.8,99.8,99.8,1467.98750417354,10,6
22818,30,72,1-30-2021-072-03,3,6,1GTHC23244F2,17,472,1857,60,0,23,481,2004,34,5,31,0,1,B,9,2541,5,9999,9,0,998,5,105,1,0,0,995,0,0,0,85379,9,9,0,2,7,6,2,1,1,1,3,1,0,0,1,1,0,0,1,0,5,3,51,99,1,1,6,M,98,0,0,0,0,0,0,0,0,0,0,90,90,0,0,0,5,0,999,999,999,9999999,999,999,999,9,0,95,95,95,95,0,995,9.8,998,998,998,99.8,99.8,99.8,1467.98750417354,10,6
22819,23,83,1-23-2021-083-02,2,1,3C4FY48B63T5,17,477,3595,7,0,6,52,2003,6,1,2,0,1,F,2,1411,5,0,1,4,24,2,89,1,0,1,0,2,0,0,43830,9,9,0,1,2,2,2,1,1,1,3,2,0,0,1,1,0,0,1,1,1,2,12,99,9,4,1,B,6,0,0,0,0,0,0,0,0,0,0,160,0,0,0,0,2,3,27,-27,-5,48656,998,-72,25,0,4,3,17,1,3,0,995,0.3,999,999,-120,3.4,2.5,4.3,66.3082507877633,5,6
22819,23,83,1-23-2021-083-02,2,2,1C4BJWEG6HL7,17,483,1943,7,0,2,403,2017,14,3,14,0,1,F,1,1948,5,0,1,1,11,2,89,1,0,0,995,0,0,0,44870,1,9,0,1,5,3,2,1,1,1,3,2,0,0,1,1,0,0,1,0,1,4,62,99,1,1,6,M,98,0,0,0,0,0,0,0,0,0,0,0,160,0,0,0,2,3,20,-20,3,42600,998,-8,23,0,4,1,1,0,8,0,995,9.8,998,998,998,99.8,99.8,99.8,66.3082507877633,5,6
22820,23,84,1-23-2021-084-02,2,1,2GCEC19R6W12,17,467,10978,60,0,20,481,1998,34,5,30,0,1,F,1,2095,5,9999,9,4,105,2,89,1,0,0,995,0,0,0,43302,1,9,2,1,2,2,2,2,1,1,3,1,0,0,1,2,1,2,1,1,1,4,62,7,9,2,4,J,69,0,0,0,0,0,0,0,0,0,0,140,30,0,0,0,1,12,999,999,999,9999999,999,999,999,2,0,1,1,0,8,0,995,9.8,998,998,998,99.8,99.8,99.8,66.3082507877633,5,6
22820,23,84,1-23-2021-084-02,2,2,7FARW2H86KE0,17,474,1865,7,0,37,402,2019,14,3,14,0,1,L,1,1580,5,0,1,1,20,2,89,1,0,0,995,0,0,0,43015,1,2,2,1,3,3,2,2,1,1,1,2,0,0,1,2,1,2,1,1,11,2,15,11,9,2,4,J,68,0,0,0,0,0,0,0,0,0,0,30,140,0,0,0,1,12,999,999,999,9999999,999,999,999,2,0,2,5,0,4,0,995,9.8,998,998,998,99.8,99.8,99.8,66.3082507877633,5,6
22821,23,85,1-23-2021-085-03,3,1,2GCVKREC2J11,17,467,1850,60,0,20,481,2018,34,5,31,0,1,R,2,2366,5,9999,9,0,998,5,89,1,0,0,995,0,0,0,43015,9,9,2,4,2,1,2,1,1,2,1,2,0,0,1,1,2,2,1,0,1,2,17,1,1,1,5,L,87,0,0,0,0,0,0,0,0,0,0,130,10,0,0,0,1,3,33,-21,-25,227853,998,90,44,0,4,95,95,95,95,0,995,9.8,998,998,998,99.8,99.8,99.8,857.01012553845,5,6
22821,23,85,1-23-2021-085-03,3,2,3GNAXUEV3ML3,17,467,1847,7,0,20,404,2021,14,3,14,0,1,F,3,1572,5,0,1,1,27,2,89,1,0,0,995,0,0,0,43054,9,9,2,4,2,1,2,1,1,1,1,2,0,0,1,1,0,0,1,0,1,4,66,99,1,1,5,L,86,0,0,0,0,0,0,0,0,0,0,10,130,0,0,0,1,3,45,-45,8,76255,998,74,30,0,4,1,1,0,3,0,995,9.8,998,998,998,99.8,99.8,99.8,857.01012553845,5,6
22822,23,86,1-23-2021-086-01,1,1,3ALXGF009HDG,17,450,2501,64,66,82,881,2017,66,8,67,0,1,F,9,,,,,,,2,97,1,0,8,997,8,0,3,24477,9,9,2,1,3,1,2,1,1,1,1,3,0,0,1,1,1,2,1,0,1,3,50,99,1,1,2,D,20,,,,,,,,,,,,,,,,,,,,,,,,,,,95,95,95,95,,,9.8,998,998,998,99.8,99.8,99.8,84.1128231687455,5,6
22822,23,86,1-23-2021-086-01,1,2,1HGCG56401A1,17,474,1861,13,0,37,32,2001,4,1,3,0,1,B,3,1375,5,9999,9,1,14,2,97,1,0,1,0,2,0,0,44844,9,9,2,1,3,1,2,1,1,1,1,3,0,0,1,1,1,2,1,0,5,3,53,99,1,1,2,D,21,0,0,0,0,0,0,0,0,0,0,300,310,0,0,0,1,5,999,999,999,9999999,999,999,40,4,0,6,75,1,1,0,995,9.8,998,998,998,99.8,99.8,99.8,84.1128231687455,5,6
22822,23,86,1-23-2021-086-01,1,3,1FDLE40F7VHC,17,460,1819,62,95,12,870,1997,61,8,60,0,1,B,9,,,,,,,5,97,1,0,0,995,0,0,0,99999,9,9,2,4,3,1,2,1,1,1,1,3,0,0,1,1,1,2,1,0,5,3,53,99,1,1,6,M,98,,,,,,,,,,,,,,,,,,,,,,,,,,,95,95,95,95,,,9.8,998,998,998,99.8,99.8,99.8,84.1128231687455,5,6
22822,23,86,1-23-2021-086-01,1,4,1FTFW1EG5HFB,17,460,1801,60,0,12,481,2017,34,5,30,0,1,R,9,2130,5,9999,9,0,998,5,97,1,0,0,995,0,0,0,43015,9,9,2,4,3,2,2,1,1,1,3,1,0,0,1,1,1,2,1,0,1,6,92,99,9,1,6,M,98,0,0,0,0,0,0,0,0,0,0,998,998,0,0,0,2,0,999,999,999,9999999,999,999,999,9,0,95,95,95,95,0,998,9.8,998,998,998,99.8,99.8,99.8,84.1128231687455,5,6
22823,77,64,1-77-2021-064-01,1,1,KNAGD1284251,17,499,2739,13,0,63,34,2002,4,1,3,0,1,F,1,1462,5,0,1,1,10,2,72,1,0,1,0,2,0,1,22923,1,2,2,1,6,3,2,1,1,2,3,3,0,0,1,1,1,2,1,0,1,3,50,99,1,1,2,D,20,0,0,0,0,0,0,0,0,0,0,205,210,0,0,0,1,5,999,999,999,9999999,999,999,14,2,0,3,19,1,1,0,995,9.8,998,998,998,99.8,99.8,99.8,241.923584734823,9,6
22823,77,64,1-77-2021-064-01,1,2,4V4WC9EG3KN1,17,487,15808,66,0,51,881,2019,66,8,68,0,1,B,9,,,,,,,5,72,1,0,0,995,0,0,0,22939,9,9,2,1,6,3,2,1,1,2,3,3,0,0,1,1,1,2,1,0,5,3,53,1,1,1,2,D,21,,,,,,,,,,,,,,,,,,,,,,,,,,,95,95,95,95,,,9.8,998,998,998,99.8,99.8,99.8,241.923584734823,9,6
22823,77,64,1-77-2021-064-01,1,3,1C4RJFAT2CC1,17,483,1949,7,0,2,404,2012,14,3,14,0,1,F,9,2114,5,9999,9,0,998,5,72,1,0,0,995,0,0,0,19311,9,9,2,1,6,3,2,1,1,2,3,3,0,0,1,1,1,2,1,0,5,3,56,99,1,1,6,M,98,0,0,0,0,0,0,0,0,0,0,210,205,0,0,0,2,0,999,999,999,9999999,999,999,999,9,0,95,95,95,95,0,995,9.8,998,998,998,99.8,99.8,99.8,241.923584734823,9,6
22824,77,65,1-77-2021-065-02,2,1,1G1BE5SM8K71,17,467,1832,13,0,20,25,2019,4,1,3,0,1,L,1,1250,5,0,1,1,13,2,72,1,0,1,0,2,0,0,22973,1,2,2,1,2,1,2,1,1,2,0,0,0,0,1,1,0,0,1,0,1,2,17,2,1,1,5,L,89,0,0,0,0,0,0,0,0,0,0,120,210,0,0,0,1,1,18,-3,18,10839,998,105,12,0,4,3,22,1,3,0,995,9.8,998,998,998,99.8,99.8,99.8,103.793000201228,9,6
22824,77,65,1-77-2021-065-02,2,2,1FMCU04142KB,17,460,1798,7,0,12,402,2002,14,3,14,0,1,F,1,1421,5,0,1,1,13,2,72,1,0,0,995,0,0,0,22727,9,9,2,1,4,3,2,1,1,4,3,1,0,0,1,1,0,0,1,0,1,4,66,99,1,1,5,L,88,0,0,0,0,0,0,0,0,0,0,210,120,0,0,0,1,1,16,-16,-3,29902,998,13,23,0,4,0,0,0,0,0,995,9.8,998,998,998,99.8,99.8,99.8,103.793000201228,9,6
22825,54,46,1-54-2021-046-04,4,1,JA32U2FU4HU0,17,481,2164,13,0,52,46,2017,4,1,2,0,1,F,2,1310,5,0,1,1,5,2,64,1,0,0,995,0,0,0,35660,1,9,0,4,2,1,2,1,1,1,1,2,0,0,1,1,0,0,9,0,1,3,52,2,1,1,2,D,28,0,0,0,0,0,0,0,0,0,0,5,5,0,0,0,1,3,36,-36,0,50791,998,2,31,0,4,0,0,0,0,0,995,9.8,998,998,998,99.8,99.8,99.8,163.736029483711,9,6
22825,54,46,1-54-2021-046-04,4,2,3GNEC120X8G1,17,467,3876,119,0,20,482,2008,34,5,31,0,1,B,1,2466,5,9999,9,0,998,5,64,1,0,0,995,0,0,0,35582,9,9,0,4,2,1,2,1,1,1,1,2,0,0,1,1,0,0,9,0,2,3,53,99,1,1,2,D,29,0,0,0,0,0,0,0,0,0,0,5,5,0,0,0,1,3,20,20,0,56711,998,0,24,0,4,95,95,95,95,0,995,9.8,998,998,998,99.8,99.8,99.8,163.736029483711,9,6
22826,54,47,1-54-2021-047-07,7,1,KNDPM3AC9H72,17,499,2770,7,0,63,401,2017,14,3,14,0,1,F,1,1631,5,9999,9,0,998,5,40,1,0,0,995,0,0,0,35582,9,9,2,4,2,1,2,1,1,1,1,2,0,0,1,8,2,2,9,0,1,2,17,99,1,1,4,K,79,0,0,0,0,0,0,0,0,0,0,15,335,0,0,0,1,3,9,-9,-2,2839,998,-35,6,0,4,95,95,95,95,0,995,9.8,998,998,998,99.8,99.8,99.8,238.93099659157,9,6
22826,54,47,1-54-2021-047-07,7,2,1LNHL9DK5DG6,17,464,1794,13,0,13,15,2013,4,1,4,0,1,L,1,1883,8,0,1,1,9,2,48,1,0,0,995,0,0,0,35582,1,9,2,4,2,1,2,1,1,1,1,2,0,0,1,8,0,0,9,0,10,4,66,1,1,2,4,K,78,0,0,0,0,0,0,0,0,0,0,335,15,0,0,0,1,3,7,5,6,8004,998,95,9,0,4,0,0,0,0,0,995,9.8,998,998,998,99.8,99.8,99.8,238.93099659157,9,6
22827,12,31,1-12-2021-031-02,2,1,3C4PDCAB3KT8,17,476,1939,7,0,7,404,2019,14,3,14,0,1,L,1,1834,5,0,1,1,13,2,72,1,0,0,995,0,0,0,73401,9,9,2,4,2,1,2,1,1,1,0,0,0,0,2,1,2,2,1,0,1,4,66,1,1,1,5,L,89,0,0,0,0,0,0,0,0,0,0,0,90,0,0,0,1,1,12,-2,12,23752,998,-219,10,0,1,0,0,0,0,0,995,9.8,998,998,998,99.8,99.8,99.8,244.366531775254,9,6
22827,12,31,1-12-2021-031-02,2,2,55SWF8EB9LU3,17,449,2085,13,0,42,42,2020,4,1,4,0,1,F,1,1625,5,0,1,1,73,2,72,1,0,1,19,2,0,2,73401,1,2,2,4,2,1,2,1,1,1,0,0,0,0,2,1,2,2,9,0,1,2,17,4,1,1,5,L,88,0,0,0,0,0,0,0,0,0,0,90,0,0,0,0,1,1,15,-15,-3,33584,998,-80,20,0,1,2,5,0,4,0,995,9.8,998,998,998,99.8,99.8,99.8,244.366531775254,9,6
22828,12,32,1-12-2021-032-03,3,1,5TFDY5F13KX7,17,448,2467,60,0,49,482,2019,34,5,31,0,1,T,2,2450,5,0,1,1,8,2,64,1,0,0,995,0,0,0,75601,9,1,1,3,1,1,1,1,1,1,0,0,0,0,2,1,2,2,1,0,1,2,17,9,1,1,5,L,87,1,2,2,2,1,4,61,1,2,15,997,997,0,0,0,2,6,999,999,999,9999999,999,999,999,7,0,1,2,0,4,3,997,9.8,998,998,998,99.8,99.8,99.8,1344.85058739766,9,6
22828,12,32,1-12-2021-032-03,3,2,1GCVKREC3GZ3,17,467,1850,60,0,20,481,2016,34,5,31,0,1,F,1,2366,5,9999,9,0,998,5,56,1,0,0,995,0,0,0,73443,9,9,1,1,2,1,1,1,1,1,1,3,0,0,2,1,0,0,1,0,1,4,66,99,1,1,5,L,86,0,0,0,0,0,0,0,0,0,0,90,180,0,0,0,1,3,4,-4,1,1574,998,43,4,0,4,95,95,95,95,0,995,9.8,998,998,998,99.8,99.8,99.8,1344.85058739766,9,6
22829,59,43,1-59-2021-043-05,5,1,1FMCU0JX3GUC,17,460,1798,7,0,12,402,2016,14,3,14,0,1,R,1,1635,5,0,1,1,7,2,80,1,0,1,0,2,0,1,47802,9,9,0,4,3,1,2,1,1,1,1,2,0,0,4,1,0,0,1,1,1,1,8,1,1,4,1,B,6,1,4,1,6,1,4,61,1,2,999,998,998,0,0,2,2,10,999,999,999,9999999,999,37,18,2,0,1,3,0,3,3,998,2.0,3,3,120,18.3,2.1,17.8,188.582573156792,6,6
22830,59,44,1-59-2021-044-02,2,1,KM8J3CAL2MU3,17,498,2058,7,0,55,402,2021,14,3,14,0,1,L,1,1634,5,0,1,1,5,2,48,1,8,1,0,2,7,1,47885,1,2,2,3,4,3,2,1,1,1,1,1,0,0,1,1,1,2,1,0,1,4,66,1,1,1,5,L,89,0,0,0,0,0,0,0,0,0,0,90,180,0,0,0,1,3,9,-3,9,8859,998,79,10,0,4,1,1,0,4,0,995,9.8,998,998,998,99.8,99.8,99.8,104.839885000495,6,6
22830,59,44,1-59-2021-044-02,2,2,1FTRX12586FA,17,460,1801,60,0,12,481,2006,34,5,31,0,1,F,1,2320,5,9999,9,0,998,2,48,1,8,0,995,0,7,0,47885,9,9,2,1,4,3,2,1,1,1,3,1,0,0,1,1,1,2,3,0,1,2,17,1,1,1,5,L,88,0,0,0,0,0,0,0,0,0,0,180,90,0,0,0,1,3,7,-7,-2,5376,998,-87,7,0,4,0,0,0,0,0,995,9.8,998,998,998,99.8,99.8,99.8,104.839885000495,6,6
22831,19,117,1-19-2021-117-04,4,1,1FMCU0H64LUA,17,460,1798,7,0,12,402,2020,14,3,14,0,1,F,1,1496,5,0,2,1,4,2,72,1,0,0,995,0,0,0,35096,1,2,2,1,5,3,2,1,1,1,1,2,0,0,1,1,1,2,1,0,11,2,15,1,1,1,4,J,68,0,0,0,0,0,0,0,0,0,0,170,40,0,0,0,1,3,23,-22,4,20878,998,3,18,0,4,1,1,0,6,0,995,9.8,998,998,998,99.8,99.8,99.8,393.16025093909,9,6
22831,19,117,1-19-2021-117-04,4,2,4T1BG22K71U8,17,448,2469,13,0,49,40,2001,4,1,3,0,1,L,2,1345,5,9999,9,0,998,2,72,1,0,0,995,0,0,0,35903,1,9,2,4,5,2,2,1,1,1,3,1,0,0,1,1,1,2,1,0,1,4,62,99,1,1,4,J,69,0,0,0,0,0,0,0,0,0,0,40,170,0,0,0,1,3,25,-13,22,55224,998,-72,28,0,4,0,0,0,0,0,995,9.8,998,998,998,99.8,99.8,99.8,393.16025093909,9,6
22831,19,117,1-19-2021-117-04,4,3,JNKBV61F88M2,17,480,2305,13,0,58,37,2008,4,1,4,0,1,F,9,1680,5,9999,9,0,998,5,56,1,0,0,995,0,0,0,35904,9,9,2,4,3,2,2,1,1,1,1,2,0,0,1,1,1,2,1,0,5,4,66,1,1,1,6,M,98,0,0,0,0,0,0,0,0,0,0,320,35,0,0,0,2,0,999,999,999,9999999,999,999,999,9,0,95,95,95,95,0,995,9.8,998,998,998,99.8,99.8,99.8,393.16025093909,9,6
22832,19,118,1-19-2021-118-04,4,1,1G1PC5SB1D72,17,467,1832,13,0,20,25,2013,4,1,3,0,1,B,9,1407,5,9999,9,0,998,5,72,1,0,0,995,0,0,0,35904,9,9,2,4,2,1,2,1,1,1,1,2,0,0,5,1,0,0,9,0,1,2,18,2,1,1,2,D,29,0,0,0,0,0,0,0,0,0,0,999,999,0,0,0,99,0,999,999,999,9999999,999,999,999,9,0,95,95,95,95,0,999,9.8,998,998,998,99.8,99.8,99.8,393.160251042618,9,6
22832,19,118,1-19-2021-118-04,4,2,1FTFW1EF8DFA,17,460,1801,60,0,12,481,2013,34,5,31,0,1,F,9,2522,5,9999,9,0,998,5,72,1,0,0,995,0,0,0,35903,9,9,2,4,2,1,2,1,1,1,1,2,0,0,5,1,0,0,9,0,1,3,52,3,1,1,2,D,28,0,0,0,0,0,0,0,0,0,0,999,999,0,0,0,99,0,999,999,999,9999999,999,999,999,9,0,95,95,95,95,0,999,9.8,998,998,998,99.8,99.8,99.8,393.160251042618,9,6
22832,19,118,1-19-2021-118-04,4,3,1FT7W2B60HEC,17,460,1805,60,0,12,481,2017,34,5,31,0,1,F,1,2938,5,91,1,1,7,2,72,1,0,0,995,0,0,0,35953,1,9,2,4,2,1,2,1,1,1,1,2,0,0,5,1,0,0,9,0,1,3,52,4,1,1,6,M,98,0,0,0,0,0,0,0,0,0,0,280,260,1,0,0,2,5,999,999,999,9999999,999,999,999,2,0,0,0,0,0,0,995,9.8,998,998,998,99.8,99.8,99.8,393.160251042618,9,6
22833,11,46,1-11-2021-046-02,2,1,2T2ZZMCA5GC0,17,515,2214,7,0,59,403,2016,14,3,14,0,1,F,9,2020,5,9999,9,0,998,2,56,1,0,0,995,0,0,0,23836,1,2,2,4,4,2,2,1,1,1,0,0,0,0,1,1,2,2,2,0,1,2,17,1,1,1,5,L,88,0,0,0,0,0,0,0,0,0,0,155,60,0,0,0,1,0,999,999,999,9999999,999,999,999,9,0,1,1,0,0,0,995,9.8,998,998,998,99.8,99.8,99.8,283.101033687221,8,6
22833,11,46,1-11-2021-046-02,2,2,3TMCZ5AN6KM2,17,448,2223,60,0,49,472,2019,34,5,30,0,1,T,2,1984,5,136,1,4,11,2,56,1,0,0,995,0,0,0,23831,9,9,2,1,4,3,2,1,1,1,3,1,0,0,1,1,0,0,1,0,1,4,66,99,1,1,5,L,89,1,6,2,5,1,4,63,1,2,26,997,997,0,0,0,2,6,999,999,999,9999999,999,999,999,7,0,1,2,0,3,3,997,0.0,999,999,999,0.0,0.0,0.0,283.101033687221,8,6
22834,11,47,1-11-2021-047-02,2,1,4T1G11AK8LU8,17,448,2469,13,0,49,40,2020,4,1,4,0,1,T,2,1520,5,0,1,1,13,2,72,1,0,0,995,0,0,0,23831,2,9,2,5,5,2,2,1,1,1,3,2,0,0,1,1,0,0,1,0,1,2,17,7,1,1,4,K,83,1,8,2,6,1,4,61,1,2,30,997,997,0,0,0,3,6,999,999,999,9999999,999,999,999,7,0,2,6,0,3,3,997,0.0,999,999,999,1.9,0.1,1.8,283.101033687221,8,6
22834,11,47,1-11-2021-047-02,2,2,1FMCU0GX1EUC,17,460,1798,7,0,12,402,2014,14,3,14,0,1,F,9,1635,5,9999,9,0,998,2,40,1,0,0,995,0,0,0,23234,9,9,2,4,2,1,2,1,1,1,0,0,0,0,1,1,2,2,1,0,11,4,66,99,1,1,4,K,82,0,0,0,0,0,0,0,0,0,0,220,320,0,0,0,1,0,999,999,999,9999999,999,999,999,9,0,99,99,0,4,0,995,9.8,998,998,998,99.8,99.8,99.8,283.101033687221,8,6
22834,11,47,1-11-2021-047-02,2,3,1G6DA8EG8A01,17,469,1825,15,0,19,18,2010,6,1,4,0,1,U,9,1865,5,9999,9,0,998,5,72,1,0,0,995,0,0,0,23601,9,9,2,5,5,1,2,1,1,1,0,3,0,0,1,1,0,0,1,0,1,6,90,99,1,1,6,M,98,0,0,0,0,0,0,0,0,0,0,998,998,0,0,9,4,0,999,999,999,9999999,999,999,999,9,0,95,95,95,95,0,998,9.8,998,998,998,99.8,99.8,99.8,283.101033687221,8,6
22835,24,110,1-24-2021-110-09,9,1,1LNHM82W91Y7,17,464,1791,13,0,13,1,2001,4,1,5,0,1,F,2,1821,5,0,1,1,20,2,40,1,0,0,995,0,0,9,19464,9,9,2,4,2,1,2,1,1,1,1,2,0,0,1,1,1,2,9,0,1,2,17,99,1,1,5,L,86,0,0,0,0,0,0,0,0,0,0,0,70,0,0,0,1,5,999,999,999,9999999,999,999,38,3,0,1,2,0,4,0,995,9.8,998,998,998,99.8,99.8,99.8,1636.30147642942,1,6
22835,24,110,1-24-2021-110-09,9,2,1FDFE4FS1BDA,17,460,1819,62,999,12,870,2011,61,8,60,0,1,R,9,,,,,,,5,40,1,0,0,995,0,0,0,08234,9,9,2,4,4,1,2,1,1,1,0,2,0,0,1,1,1,2,9,0,1,4,66,99,1,1,5,L,87,,,,,,,,,,,,,,,,,,,,,,,,,,,95,95,95,95,,,9.8,998,998,998,99.8,99.8,99.8,1636.30147642942,1,6
22836,24,111,1-24-2021-111-06,6,1,1FAHP2F89FG1,17,460,1782,13,0,12,17,2015,4,1,4,0,1,F,2,1822,5,0,1,1,10,2,80,1,0,0,995,0,0,9,08401,9,9,1,2,3,1,2,1,1,1,3,3,0,0,1,1,0,0,9,1,1,2,13,99,9,4,1,A,1,0,0,0,0,0,0,0,0,0,0,998,998,0,1,6,1,10,999,999,999,9999999,999,999,999,7,0,99,99,0,99,0,998,0.1,19,19,120,6.4,1.7,6.7,472.294566625987,1,6
22837,24,112,1-24-2021-112-09,9,1,1G1JF12T3172,17,467,8834,3,0,20,16,2001,2,1,2,0,1,F,2,1188,5,0,1,1,16,2,72,1,0,0,995,0,0,9,08037,2,2,0,4,3,1,2,1,3,1,1,2,0,0,1,1,0,0,1,1,14,1,6,99,3,4,1,A,2,0,0,0,0,0,0,0,0,0,0,998,998,0,0,1,2,11,999,999,999,9999999,999,999,999,7,0,1,2,0,4,0,998,2.4,8,4,999,6.5,2.9,7.3,1636.30147641078,1,6
22838,76,50,1-76-2021-050-10,10,1,5J6RE48779L0,17,474,1865,7,0,37,402,2009,14,3,14,0,1,F,1,1604,5,0,2,1,27,2,72,1,8,9,998,8,7,9,12496,1,2,0,4,2,1,2,1,1,2,1,2,0,0,1,1,0,0,1,0,1,6,87,2,1,1,1,C,13,0,0,0,0,0,0,0,0,0,0,998,998,0,1,0,1,10,999,999,999,9999999,999,-7,12,2,0,0,0,0,0,0,998,9.8,998,998,998,99.8,99.8,99.8,20.6150526644035,3,6