CASEID,PSU,CASENO,CASENUMBER,CATEGORY,VEHNO,VIN,VINLENGTH,VPICMAKE,VPICMODEL,VPICBODYCLASS,ICFINALBODY,MAKE,MODEL,MODELYR,BODYTYPE,BODYCAT,VEHCLASS,SPECUSE,TRANSTAT,DAMPLANE,DAMSEV,CURBWT,CURBSRC,CARGOWT,CARGOSRC,INSPTYPE,INSPLAG,TOWED,SPEEDLIMIT,DRPRESENT,PARALCOHOL,ALCTEST,ALCTESTRESULT,ALCTESTSRC,PARDRUG,DRUGTEST,ZIP,RACE,ETHNICITY,RELTOJUNCT,TRAFFLOW,RDLANES,INITLANE,SURFTYPE,SURFCOND,ALIGNMENT,PROFILE,LINERIGHT,LINELEFT,RUMBINIT,RUMBROAD,LIGHTCOND,WEATHER,TRAFDEV,TRAFFUNCT,DISTRACT,PREFHE,PREMOVE,CRITCAT,CRITEVENT,MANEUVER,PRESTAB,PRELOC,CRASHCAT,CRASHCONF,CRASHTYPE,ROLLTYPE,ROLLTURN,ROLLINTRPT,ROLLPREMAN,ROLLINITYP,ROLLINLOC,ROLLOBJ,ROLLTRIP,ROLLDIR,ROLLDIST,DVANGTHIS,DVANGOTH,TOWHITCH,TRAJDOC,TREEPOLE,DVEVENT,DVBASIS,DVTOTAL,DVLONG,DVLAT,DVENERGY,DVSPEED,DVMOMENT,DVBES,DVEST,DVCONF,VAIS,VISS,VINJURED,VTREAT,INITOBJCLASS,HEADANGLECAT,SHLDRWIDTH,STRKLENGTH,STRKWIDTH,STRKHEIGHT,EDGEDISTX,EDGEDISTY,EDGEDISTZ,CASEWGT,PSUSTRAT,VERSION
22981,24,117,1-24-2021-117-05,5,1,3N1CE2CP4GL3,17,478,1898,5,0,35,50,2016,5,1,2,0,1,F,1,1114,5,0,1,1,15,2,40,1,0,0,995,0,0,0,08401,1,2,0,1,2,1,2,1,1,1,0,3,0,0,1,1,0,0,1,1,1,2,11,3,1,4,1,C,11,0,0,0,0,0,0,0,0,0,0,55,55,0,0,0,1,3,16,-15,-3,6978,998,12,12,0,4,1,2,0,4,0,995,9.8,998,998,998,99.8,99.8,99.8,113.48027684511,1,6
22981,24,117,1-24-2021-117-05,5,2,KNDJN2A20K70,17,499,2460,7,0,63,37,2019,6,1,2,0,2,B,1,1508,5,9999,9,0,998,,,,,,,,,,,,,,,,,,,,,,,,,,,,,,,,,,,,,,,,,,,,,,,,,,,,,,,,,,,,,,,,,,95,95,95,95,,,,,,,,,,113.48027684511,1,6
22982,24,118,1-24-2021-118-03,3,1,1J8HR58258C2,17,483,1949,7,0,2,404,2008,14,3,14,0,1,F,1,2116,5,0,1,1,8,2,40,1,0,0,995,0,0,0,29593,2,9,2,4,5,1,2,1,1,1,0,0,0,0,1,1,1,2,1,0,1,2,17,99,1,1,4,J,69,0,0,0,0,0,0,0,0,0,0,330,120,0,0,0,1,3,7,-7,-1,5515,998,-38,8,0,4,0,0,0,0,0,995,9.8,998,998,998,99.8,99.8,99.8,168.73402419161,1,6
22982,24,118,1-24-2021-118-03,3,2,JTJBZMCA9H20,17,515,2214,7,0,59,403,2017,14,3,14,0,1,R,1,2020,5,0,1,1,9,2,40,1,0,0,995,0,0,0,19468,1,2,2,1,3,3,2,1,1,1,3,0,0,0,1,1,1,2,1,0,11,4,63,4,1,1,4,J,68,0,0,0,0,0,0,0,0,0,0,120,330,0,0,0,1,3,7,-5,-5,10165,998,175,7,0,4,0,0,0,0,0,995,9.8,998,998,998,99.8,99.8,99.8,168.73402419161,1,6
22983,24,119,1-24-2021-119-03,3,1,3KPF24AD6KE1,17,499,2462,13,0,63,38,2019,4,1,3,0,1,F,2,1253,5,0,1,1,15,2,40,1,0,0,995,0,0,0,08234,7,2,2,4,2,1,2,1,1,1,0,0,0,0,1,1,2,2,3,0,1,2,17,99,1,1,4,K,77,0,0,0,0,0,0,0,0,0,0,310,340,0,0,0,1,12,999,999,999,9999999,999,999,999,7,0,1,1,0,4,0,995,9.8,998,998,998,99.8,99.8,99.8,168.734024204064,1,6
22983,24,119,1-24-2021-119-03,3,2,3FA6P0HDXFR1,17,460,1780,13,0,12,23,2015,4,1,4,0,1,R,9,1554,5,0,1,3,15,2,999,1,0,0,995,0,0,0,08234,9,9,2,4,2,1,2,1,1,1,1,2,0,0,1,1,0,0,1,0,11,4,66,1,1,1,4,K,76,0,0,0,0,0,0,0,0,0,0,340,310,0,0,0,1,12,999,999,999,9999999,999,999,999,9,0,0,0,0,0,0,995,9.8,998,998,998,99.8,99.8,99.8,168.734024204064,1,6
22984,24,120,1-24-2021-120-09,9,1,5Y2SL63855Z4,17,536,2807,5,0,22,32,2005,6,1,2,0,1,F,1,1227,5,0,1,1,6,2,64,1,0,0,995,0,0,0,08205,3,2,0,4,5,2,2,1,1,1,3,2,0,0,1,8,0,0,9,0,1,3,50,99,1,1,2,D,20,0,0,0,0,0,0,0,0,0,0,145,145,0,0,0,1,9,999,999,999,9999999,999,999,999,6,0,1,2,0,4,0,995,9.8,998,998,998,99.8,99.8,99.8,1178.38199117647,1,6
22984,24,120,1-24-2021-120-09,9,2,3C4PDCAB2JT4,17,476,1939,7,0,7,27,2018,6,1,4,0,1,B,9,1735,5,9999,9,0,998,5,64,1,0,0,995,0,0,0,08079,9,9,0,4,5,2,2,1,1,1,3,1,0,0,1,8,0,0,9,0,5,3,53,1,1,1,2,D,21,0,0,0,0,0,0,0,0,0,0,145,145,0,0,0,1,0,999,999,999,9999999,999,999,999,9,0,95,95,95,95,0,995,9.8,998,998,998,99.8,99.8,99.8,1178.38199117647,1,6
22985,52,133,1-52-2021-133-09,9,1,1G1JC5245273,17,467,8834,13,0,20,16,2002,4,1,2,0,1,F,1,1214,5,0,1,1,18,2,56,1,1,8,997,8,0,0,59102,1,2,0,5,5,1,2,1,1,1,0,3,0,0,3,1,0,0,9,1,1,2,13,1,1,4,1,A,1,0,0,0,0,0,0,0,0,0,0,998,998,0,1,1,7,1,14,-13,2,10099,998,-31,14,0,4,1,1,0,4,0,998,0.0,21,21,44,10.0,1.4,10.3,101.203757287656,12,6
22986,52,134,1-52-2021-134-09,9,1,1G2HX54K3Y41,17,536,8838,13,0,22,2,2000,4,1,4,0,1,F,1,1651,5,0,1,1,16,2,40,1,0,1,182,2,0,0,59022,9,9,0,4,2,1,2,1,1,1,0,0,0,0,1,1,0,0,9,1,1,2,13,99,1,4,1,C,11,0,0,0,0,0,0,0,0,0,0,95,90,0,0,0,1,1,21,-21,0,19982,998,62,16,0,4,1,2,0,4,0,995,9.8,998,998,998,99.8,99.8,99.8,101.203757287656,12,6
22986,52,134,1-52-2021-134-09,9,2,5TFBW54109X0,17,448,2467,60,0,49,482,2009,34,5,31,0,2,B,1,2513,5,0,1,5,16,,,,,,,,,,,,,,,,,,,,,,,,,,,,,,,,,,,,,,,,,,,,,,,,,,,,,,,,,,,,,,,,,,95,95,95,95,,,,,,,,,,101.203757287656,12,6
22988,52,136,1-52-2021-136-07,7,1,JF2SJAEC1EH4,17,523,2234,7,0,48,401,2014,14,3,14,0,1,F,1,1550,5,0,1,1,10,2,80,1,0,0,995,0,0,0,59102,9,9,2,4,2,1,2,1,1,4,1,2,1,0,1,1,0,0,3,0,1,3,52,8,1,1,2,D,28,0,0,0,0,0,0,0,0,0,0,100,90,0,0,0,1,1,21,-21,4,17773,998,-3,17,0,4,0,0,0,0,0,995,9.8,998,998,998,99.8,99.8,99.8,93.4574514440011,12,6
22988,52,136,1-52-2021-136-07,7,2,1B3HB68F68D6,17,476,1896,5,0,7,25,2008,5,1,2,0,1,B,1,1447,5,0,1,1,10,2,80,1,0,0,995,0,0,0,59301,1,9,2,4,2,1,2,1,1,4,1,2,1,0,1,1,0,0,9,0,2,3,53,99,1,1,2,D,29,0,0,0,0,0,0,0,0,0,0,90,100,0,0,0,1,1,22,22,0,41351,998,-25,25,0,4,1,3,0,4,0,995,9.8,998,998,998,99.8,99.8,99.8,93.4574514440011,12,6
22988,52,136,1-52-2021-136-07,7,3,1FTCR10U8NUD,17,460,1803,60,0,12,471,1992,34,5,30,0,1,B,9,1422,5,9999,9,0,998,5,80,1,0,0,995,0,0,0,59106,9,9,2,4,2,1,2,1,1,4,1,2,1,0,1,1,0,0,9,0,2,3,53,99,1,1,6,M,98,0,0,0,0,0,0,0,0,0,0,90,80,0,0,0,2,0,999,999,999,9999999,999,999,999,9,0,95,95,95,95,0,995,9.8,998,998,998,99.8,99.8,99.8,93.4574514440011,12,6
22990,25,74,1-25-2021-074-04,4,1,1FT7W2B67MED,17,460,1805,60,0,12,481,2021,34,5,30,0,1,F,1,2938,5,9999,9,1,9,2,56,1,8,0,995,0,7,0,03057,9,9,0,4,2,1,2,1,1,1,5,5,0,0,1,1,0,0,1,1,1,2,10,99,1,2,3,I,64,0,0,0,0,0,0,0,0,0,0,998,998,1,1,0,2,5,999,999,999,9999999,999,999,999,2,0,0,0,0,0,0,998,0.0,999,999,999,5.8,12.5,13.6,1183.053065359,2,6
22990,25,74,1-25-2021-074-04,4,2,5TDXBRCH5LS0,17,448,2213,7,0,49,403,2020,14,3,14,0,1,L,1,2065,5,0,1,1,16,2,56,1,8,0,995,0,7,0,04038,9,9,0,4,2,1,2,1,1,1,5,5,0,0,1,1,0,0,1,0,1,4,62,4,1,1,3,I,65,0,0,0,0,0,0,0,0,0,0,40,200,0,0,0,1,5,999,999,999,9999999,999,999,6,1,0,0,0,0,0,0,995,9.8,998,998,998,99.8,99.8,99.8,1183.053065359,2,6
22991,25,75,1-25-2021-075-05,5,1,1FTEX1EPXGFA,17,460,1801,60,0,12,481,2016,34,5,31,0,1,F,2,2081,5,9999,9,4,4,2,56,1,8,0,995,0,7,0,04009,9,9,0,4,2,1,2,2,2,4,1,2,0,0,2,2,0,0,3,1,14,2,12,99,9,4,1,B,6,0,0,0,0,0,0,0,0,0,0,998,998,0,0,3,1,12,999,999,999,9999999,999,999,999,7,0,2,6,0,4,0,998,0.4,30,30,97,9.4,5.5,11.0,51.7146935993595,2,6
22992,16,72,1-16-2021-072-02,2,1,4T1BF1FK4HU6,17,448,2469,13,0,49,40,2017,4,1,4,0,1,R,2,1467,5,0,1,1,7,2,56,1,0,0,995,0,0,0,45239,9,9,2,4,4,3,2,1,1,1,1,2,0,0,5,1,1,2,1,0,11,4,65,3,1,1,4,K,76,0,0,0,0,0,0,0,0,0,0,215,180,0,0,0,1,5,999,999,999,9999999,999,999,26,3,0,2,4,0,8,0,995,9.8,998,998,998,99.8,99.8,99.8,18.934323890091,5,6
22992,16,72,1-16-2021-072-02,2,2,1FDUF5GN0LEC,17,460,1808,63,11,12,881,2020,61,8,60,0,1,F,9,,,,,,,5,56,1,0,0,995,0,0,0,45244,9,9,2,1,3,2,2,1,1,4,3,1,0,0,5,1,1,2,1,0,1,2,17,99,1,1,4,K,77,,,,,,,,,,,,,,,,,,,,,,,,,,,95,95,95,95,,,9.8,998,998,998,99.8,99.8,99.8,18.934323890091,5,6
22994,13,64,1-13-2021-064-07,7,1,999999999999,99,99999,99999,999,0,99,499,9999,19,3,19,99,1,F,9,9999,9,9999,9,0,998,5,64,1,8,0,995,0,7,0,99999,9,9,1,2,3,3,1,1,1,1,1,0,0,0,3,1,1,2,9,0,1,2,17,99,1,1,5,L,86,0,0,0,0,0,0,0,0,0,0,20,100,0,0,0,1,0,999,999,999,9999999,999,999,999,9,0,95,95,95,95,0,995,9.8,998,998,998,99.8,99.8,99.8,5401.26155321845,7,6
22994,13,64,1-13-2021-064-07,7,2,JN8AZ2KR8DT3,17,478,2341,7,0,35,52,2013,6,1,1,0,1,R,1,1286,5,0,1,1,35,2,64,1,8,0,995,0,7,0,76112,1,9,1,1,4,1,2,1,3,2,1,3,0,0,3,1,1,2,9,0,14,4,66,3,1,1,5,L,87,0,0,0,0,0,0,0,0,0,0,100,20,0,0,0,1,12,999,999,999,9999999,999,999,11,2,0,0,0,0,0,0,995,9.8,998,998,998,99.8,99.8,99.8,5401.26155321845,7,6
22995,13,65,1-13-2021-065-03,3,1,5YFBURHE3JP7,17,448,2208,13,0,49,32,2018,4,1,3,0,1,L,2,1265,5,0,1,1,12,2,56,1,0,0,995,0,0,0,76244,2,9,1,2,6,2,1,1,1,1,1,1,0,0,1,1,1,2,9,0,1,2,17,8,1,1,5,L,89,0,0,0,0,0,0,0,0,0,0,185,275,0,0,0,1,1,31,-5,31,61744,998,-59,32,0,1,99,99,0,8,0,995,0.0,30,30,40,1.5,1.5,1.5,1127.54157784946,7,6
22995,13,65,1-13-2021-065-03,3,2,3FA6P0H74HR2,17,460,1780,13,0,12,23,2017,4,1,4,0,1,F,2,1558,5,0,1,1,13,2,56,1,0,0,995,0,0,0,76131,9,1,1,1,4,1,1,1,1,1,1,3,0,0,1,1,1,2,9,0,1,4,66,99,1,1,5,L,88,0,0,0,0,0,0,0,0,0,0,275,185,0,0,0,1,1,25,-24,-4,39750,998,-38,24,0,4,0,0,0,0,0,995,9.8,998,998,998,99.8,99.8,99.8,1127.54157784946,7,6
22995,13,65,1-13-2021-065-03,3,3,4T1BF1FK6HU3,17,448,2469,13,0,49,40,2017,4,1,4,0,1,F,2,1467,5,0,1,1,24,2,56,1,0,0,995,0,0,0,76131,9,9,1,2,4,1,1,1,1,1,1,3,0,0,1,1,1,2,9,1,1,4,66,4,1,2,6,M,98,0,0,0,0,0,0,0,0,0,0,260,230,0,0,0,2,3,26,-20,-17,33692,998,-87,20,0,4,0,0,0,0,0,995,9.8,998,998,998,99.8,99.8,99.8,1127.54157784946,7,6
22996,13,66,1-13-2021-066-03,3,1,JTJSARBZ7M21,17,515,3653,7,0,59,405,2021,14,3,14,0,1,R,1,1755,5,0,1,1,33,2,48,1,8,0,995,0,7,0,76487,1,9,2,4,4,2,1,1,2,1,3,2,0,0,1,1,2,2,9,0,14,2,17,1,1,1,5,L,87,0,0,0,0,0,0,0,0,0,0,205,110,0,0,0,1,3,10,-8,-6,12164,998,65,12,0,1,0,0,0,4,0,995,9.8,998,998,998,99.8,99.8,99.8,1127.54157784946,7,6
22996,13,66,1-13-2021-066-03,3,2,1FTEW1E48LKE,17,460,1801,60,0,12,481,2020,34,5,31,0,1,F,1,2236,5,9999,9,0,998,5,48,1,8,0,995,0,7,0,75154,9,9,2,3,4,2,1,1,1,1,1,3,0,0,1,1,2,2,9,0,1,4,66,99,1,1,5,L,86,0,0,0,0,0,0,0,0,0,0,110,205,0,0,0,1,3,8,-6,5,6602,998,169,6,0,4,95,95,95,95,0,995,9.8,998,998,998,99.8,99.8,99.8,1127.54157784946,7,6
22997,13,67,1-13-2021-067-04,4,1,1FDUF4GY5JEB,17,460,1807,63,11,12,881,2018,61,8,60,0,1,F,9,,,,,,,2,64,1,8,0,995,0,7,0,75232,9,9,1,4,5,3,1,1,1,1,1,2,0,0,1,1,1,2,9,0,11,2,15,99,1,1,4,J,68,,,,,,,,,,,,,,,,,,,,,,,,,,,95,95,95,95,,,0.6,85,12,80,0.0,1.5,1.5,3655.61570646323,7,6
22997,13,67,1-13-2021-067-04,4,2,2C3CDXCT0HH5,17,476,1895,13,0,7,24,2017,4,1,5,0,1,F,9,1996,5,9999,9,0,998,2,64,1,8,0,995,0,7,0,76006,2,9,1,1,2,2,2,1,1,1,1,0,0,0,1,1,1,2,9,0,1,4,62,99,1,1,4,J,69,0,0,0,0,0,0,0,0,0,0,95,240,0,0,0,1,0,999,999,999,9999999,999,999,999,9,0,0,0,0,0,0,995,1.0,25,20,70,0.8,1.5,3.0,3655.61570646323,7,6
22998,66,65,1-66-2021-065-01,1,1,2T2BZMCA7GC0,17,515,2214,7,0,59,403,2016,14,3,14,0,1,T,2,2020,5,0,1,1,14,2,113,1,9,0,995,0,7,0,65707,9,9,1,2,3,1,1,1,2,1,1,1,0,1,2,1,0,0,9,1,14,2,12,7,2,4,1,B,7,1,4,2,2,1,4,61,1,2,53,997,997,0,0,0,4,6,999,999,999,9999999,999,999,999,7,0,9,0,0,1,3,997,1.6,7,7,120,4.0,0.4,4.1,139.37839616765,6,6
22999,66,66,1-66-2021-066-05,5,1,1G11D5SL3FF3,17,467,1834,13,0,20,37,2015,4,1,3,0,1,F,2,1625,5,0,1,1,20,2,56,1,0,0,995,0,7,0,65712,1,2,2,1,2,1,1,1,1,1,1,1,0,0,1,1,1,2,9,0,1,4,62,2,1,1,4,J,69,0,0,0,0,0,0,0,0,0,0,310,55,0,0,0,1,1,28,-28,5,76808,998,34,33,0,4,2,5,0,4,0,995,9.8,998,998,998,99.8,99.8,99.8,137.849830329565,6,6
22999,66,66,1-66-2021-066-05,5,2,2HNYD18846H5,17,475,2147,7,0,54,421,2006,15,3,15,0,1,R,1,1992,5,0,1,1,21,2,56,1,0,0,995,0,7,0,65807,9,9,2,1,2,2,1,1,1,1,1,2,0,0,1,1,1,2,9,0,11,2,15,99,1,1,4,J,68,1,2,2,5,7,1,1,2,2,12,55,310,0,0,0,1,1,23,-8,-22,23901,998,-29,17,0,4,99,99,0,5,1,995,9.8,998,998,998,99.8,99.8,99.8,137.849830329565,6,6
23000,14,60,1-14-2021-060-05,5,1,5NPDH4AE6GH7,17,498,2735,13,0,55,35,2016,4,1,3,0,1,F,2,1305,5,0,1,1,30,2,72,1,0,0,995,0,0,0,78748,1,2,0,4,2,1,2,1,3,1,0,2,0,0,1,1,0,0,9,0,14,6,87,8,1,1,1,C,13,0,0,0,0,0,0,0,0,0,0,998,998,0,1,1,3,1,39,-39,0,90194,998,49,39,0,1,9,0,0,8,0,998,5.5,999,7,100,16.4,5.5,17.6,381.781699890438,8,6
23003,32,98,1-32-2021-098-02,2,1,JTDKN3DU7A10,17,448,2209,5,0,49,46,2010,5,1,3,0,1,B,2,1380,5,9999,9,0,998,2,113,1,0,0,995,0,0,0,76092,9,1,0,2,4,2,1,1,1,4,3,3,0,0,1,1,0,0,9,1,15,2,10,1,1,2,2,D,25,0,0,0,0,0,0,0,0,0,0,270,270,0,0,0,1,3,30,30,0,53590,998,0,31,0,4,9,97,0,5,0,995,9.8,998,998,998,99.8,99.8,99.8,90.5824578848212,7,6
23003,32,98,1-32-2021-098-02,2,2,5TDZZRFH8KS2,17,448,2213,7,0,49,403,2019,14,3,14,0,1,F,1,1965,5,0,1,1,14,2,113,1,0,0,995,0,0,0,76248,1,9,0,2,4,3,1,1,1,4,3,3,0,0,1,1,0,0,9,1,15,3,51,2,1,1,2,D,24,0,0,0,0,0,0,0,0,0,0,270,270,0,0,0,1,3,21,-21,0,33764,998,45,20,0,4,1,2,0,6,0,995,9.8,998,998,998,99.8,99.8,99.8,90.5824578848212,7,6
23004,31,62,1-31-2021-062-10,10,1,1FTNF20L4XEC,17,460,1805,60,0,12,481,1999,34,5,31,0,1,F,1,2141,5,0,1,1,3,2,89,1,0,0,995,0,0,0,99999,9,9,2,4,2,1,2,1,1,1,1,4,2,3,1,1,0,0,9,1,10,2,12,99,1,4,1,B,6,0,0,0,0,0,0,0,0,0,0,998,998,0,0,0,1,8,999,999,999,9999999,999,999,999,6,0,99,99,0,99,0,998,1.4,999,4,999,4.0,0.9,4.1,255.507439927165,6,6
23006,27,70,1-27-2021-070-04,4,1,3N1AB7AP3HY2,17,478,1907,13,0,35,43,2017,4,1,3,0,1,F,1,1300,5,0,1,1,5,2,32,1,8,0,995,0,7,0,01201,1,2,3,4,2,1,4,1,2,4,0,0,0,0,1,1,0,0,3,1,11,2,13,98,2,4,1,A,2,0,0,0,0,0,0,0,0,0,0,998,998,0,0,0,1,1,22,-21,-8,28628,998,-32,22,0,1,2,5,0,6,0,998,1.1,120,44,81,3.2,1.1,3.5,553.028795357828,3,6
23007,27,71,1-27-2021-071-03,3,1,2T3WFREV3JW4,17,448,2217,7,0,49,402,2018,14,3,14,0,1,F,1,1581,5,0,1,1,5,2,56,1,0,0,995,0,0,1,01201,1,2,2,4,3,1,2,1,1,4,1,2,0,0,1,1,1,2,9,1,1,2,14,1,1,4,1,C,14,0,0,0,0,0,0,0,0,0,0,998,998,0,1,1,3,1,23,-23,-4,36954,998,-21,23,0,1,1,2,0,4,0,998,0.9,120,18,11,0.0,0.0,0.0,169.714393847238,3,6
23008,52,137,1-52-2021-137-09,9,1,2D8HN54P68R6,17,476,1942,2,0,7,442,2008,20,4,20,0,1,L,1,2038,5,0,1,1,14,2,40,1,1,9,998,8,0,0,59101,9,9,0,3,3,3,2,1,1,1,3,0,0,0,1,1,0,0,3,1,1,2,10,99,1,4,1,C,11,0,0,0,0,0,0,0,0,0,0,85,90,0,0,0,1,3,5,-5,1,3513,998,-68,6,0,4,9,97,0,99,0,995,9.8,998,998,998,99.8,99.8,99.8,101.203757287656,12,6
23008,52,137,1-52-2021-137-09,9,2,2G1WC5E30D11,17,467,1833,13,0,20,2,2013,4,1,4,0,2,R,1,1613,5,9999,9,0,998,,,,,,,,,,,,,,,,,,,,,,,,,,,,,,,,,,,,,,,,,,,,,,,,,,,,,,,,,,,,,,,,,,95,95,95,95,,,,,,,,,,101.203757287656,12,6
23010,18,67,1-18-2021-067-01,1,1,1HGCP26718A1,17,474,1861,13,0,37,32,2008,4,1,4,0,1,F,3,1523,5,0,1,5,9,2,72,1,0,0,995,0,0,0,54701,1,9,0,4,2,1,2,1,3,2,1,2,0,0,2,1,6,2,9,1,14,2,13,99,1,4,1,A,1,1,2,1,2,1,4,61,1,2,5,998,998,0,1,2,2,11,999,999,999,9999999,999,999,999,8,0,9,97,0,1,3,998,1.2,999,999,999,4.2,0.3,4.2,62.2666828171456,6,6
23011,29,68,1-29-2021-068-08,8,1,KMHDN46D06U3,17,498,2735,13,0,55,35,2006,4,1,2,0,1,F,1,1195,5,0,1,1,8,2,48,1,0,0,995,0,0,0,02745,9,9,0,4,2,1,2,1,1,1,0,2,0,0,1,1,0,0,1,1,1,2,11,99,1,4,1,C,11,0,0,0,0,0,0,0,0,0,0,155,160,0,1,0,1,8,999,999,999,9999999,999,999,999,6,0,9,97,0,8,0,995,9.8,998,998,998,99.8,99.8,99.8,42.3611098161837,2,6
23011,29,68,1-29-2021-068-08,8,2,KNDPNCAC2M78,17,499,2770,7,0,63,401,2021,14,3,14,0,2,B,9,1499,8,9999,9,0,998,,,,,,,,,,,,,,,,,,,,,,,,,,,,,,,,,,,,,,,,,,,,,,,,,,,,,,,,,,,,,,,,,,95,95,95,95,,,,,,,,,,42.3611098161837,2,6
23012,29,69,1-29-2021-069-06,6,1,2T3BFREV3FW3,17,448,2217,7,0,49,402,2015,14,3,14,0,1,F,3,1600,5,0,1,1,7,2,48,1,0,0,995,0,0,0,02746,9,9,0,4,2,1,2,1,1,1,1,2,0,0,1,1,0,0,9,1,1,2,11,1,1,4,1,C,11,0,0,0,0,0,0,0,0,0,0,225,225,0,0,0,1,3,46,-46,0,92673,998,6,38,0,4,99,99,0,8,0,995,9.8,998,998,998,99.8,99.8,99.8,109.383421789153,2,6
23012,29,69,1-29-2021-069-06,6,2,2GCEK13Y7812,17,467,1850,60,0,20,481,2008,34,5,31,0,2,B,2,2440,5,9999,9,4,33,,,,,,,,,,,,,,,,,,,,,,,,,,,,,,,,,,,,,,,,,,,,,,,,,,,,,,,,,,,,,,,,,,95,95,95,95,,,,,,,,,,109.383421789153,2,6
23012,29,69,1-29-2021-069-06,6,3,1J8HG48K56C2,17,483,1948,7,0,2,406,2006,14,3,14,0,2,R,9,2170,5,9999,9,0,998,,,,,,,,,,,,,,,,,,,,,,,,,,,,,,,,,,,,,,,,,,,,,,,,,,,,,,,,,,,,,,,,,,95,95,95,95,,,,,,,,,,109.383421789153,2,6
23013,20,108,1-20-2021-108-06,6,1,5XXGM4A7XFG4,17,499,2739,13,0,63,34,2015,4,1,4,0,1,F,3,1468,5,9999,9,0,998,2,89,1,0,0,995,0,0,0,93905,1,1,2,4,2,1,2,1,2,1,2,0,0,0,1,1,8,2,1,0,11,2,15,1,1,1,4,J,68,0,0,0,0,0,0,0,0,0,0,125,355,0,0,0,1,3,47,-47,-8,154654,998,-38,49,0,4,1,1,0,4,0,995,9.8,998,998,998,99.8,99.8,99.8,201.944426590463,11,6
23013,20,108,1-20-2021-108-06,6,2,1FM5K8F80EGC,17,460,1800,7,0,12,401,2014,14,3,14,0,1,F,2,2146,5,0,1,1,43,2,89,1,0,0,995,0,0,0,93907,1,1,2,4,2,1,2,1,3,1,2,0,0,0,1,1,8,2,1,0,14,4,62,8,2,1,4,J,69,1,2,2,6,1,4,61,1,2,7,355,125,0,0,0,1,3,30,-23,20,118764,998,109,29,0,4,1,1,0,4,3,995,0.0,110,20,18,0.0,0.0,0.0,201.944426590463,11,6
23015,20,110,1-20-2021-110-03,3,1,19XFC1F37HE2,17,474,1863,13,0,37,31,2017,4,1,3,0,1,F,9,1244,5,9999,9,0,998,2,105,1,0,0,995,0,0,0,93930,9,1,0,2,2,2,2,1,1,1,3,2,1,3,1,1,0,0,1,0,1,3,52,8,1,1,2,D,28,0,0,0,0,0,0,0,0,0,0,290,280,0,0,0,1,0,999,999,999,9999999,999,999,999,9,0,9,97,0,99,0,995,9.8,998,998,998,99.8,99.8,99.8,100.184102531372,11,6
23015,20,110,1-20-2021-110-03,3,2,1HGCM66564A0,17,474,1861,13,0,37,32,2004,4,1,3,0,1,B,9,1504,5,9999,9,0,998,2,105,1,0,0,995,0,0,0,93930,9,1,0,2,2,2,2,1,1,1,3,1,1,3,1,1,0,0,1,0,1,3,53,8,1,1,2,D,29,0,0,0,0,0,0,0,0,0,0,280,290,0,0,0,1,0,999,999,999,9999999,999,999,999,9,0,9,97,0,99,0,995,9.8,998,998,998,99.8,99.8,99.8,100.184102531372,11,6
23016,20,111,1-20-2021-111-05,5,1,1D7HU18Z22J2,17,476,1938,60,0,7,482,2002,34,5,31,0,1,F,3,2328,4,9999,9,0,998,2,89,1,0,0,995,0,0,0,93927,9,1,0,4,2,1,2,1,3,1,1,2,0,0,1,1,0,0,3,1,14,2,10,8,1,2,3,G,50,0,0,0,0,0,0,0,0,0,0,270,90,0,0,0,1,3,48,-47,8,249175,998,44,50,0,4,99,99,0,99,0,995,9.8,998,998,998,99.8,99.8,99.8,41.7682909515469,11,6
23016,20,111,1-20-2021-111-05,5,2,1GKKRNED4DJ2,17,472,1855,7,0,23,423,2013,15,3,15,0,1,F,3,2112,5,0,1,5,10,2,89,1,0,1,0,2,0,2,93434,1,1,0,4,2,1,2,1,2,4,1,2,0,0,1,1,0,0,3,0,14,4,60,1,1,1,3,G,51,0,0,0,0,0,0,0,0,0,0,90,270,0,0,0,1,3,50,-49,9,210567,998,30,48,0,4,1,2,0,4,0,995,9.8,998,998,998,99.8,99.8,99.8,41.7682909515469,11,6
23018,15,102,1-15-2021-102-10,10,1,JTDBT9236711,17,448,2464,13,0,49,51,2007,4,1,2,0,1,F,9,1050,5,9999,9,0,998,2,48,1,8,9,998,8,7,9,11021,9,9,2,1,1,1,2,1,1,1,1,2,0,0,1,1,1,2,9,0,1,3,52,99,1,1,2,D,28,0,0,0,0,0,0,0,0,0,0,330,330,0,0,0,1,0,999,999,999,9999999,999,999,999,9,0,0,0,0,0,0,995,9.8,998,998,998,99.8,99.8,99.8,654.482214252371,1,6
23018,15,102,1-15-2021-102-10,10,2,1FMSK8DH7MGA,17,460,1800,7,0,12,425,2021,15,3,15,0,1,B,9,2022,5,9999,9,0,998,5,48,1,8,9,998,8,7,9,11577,9,9,2,1,1,1,2,1,1,1,1,2,0,0,1,1,1,2,9,0,2,3,53,1,1,1,2,D,29,0,0,0,0,0,0,0,0,0,0,330,330,0,0,0,1,0,999,999,999,9999999,999,999,999,9,0,95,95,95,95,0,995,9.8,998,998,998,99.8,99.8,99.8,654.482214252371,1,6