CASEID,PSU,CASENO,CASENUMBER,CATEGORY,VEHNO,VIN,VINLENGTH,VPICMAKE,VPICMODEL,VPICBODYCLASS,ICFINALBODY,MAKE,MODEL,MODELYR,BODYTYPE,BODYCAT,VEHCLASS,SPECUSE,TRANSTAT,DAMPLANE,DAMSEV,CURBWT,CURBSRC,CARGOWT,CARGOSRC,INSPTYPE,INSPLAG,TOWED,SPEEDLIMIT,DRPRESENT,PARALCOHOL,ALCTEST,ALCTESTRESULT,ALCTESTSRC,PARDRUG,DRUGTEST,ZIP,RACE,ETHNICITY,RELTOJUNCT,TRAFFLOW,RDLANES,INITLANE,SURFTYPE,SURFCOND,ALIGNMENT,PROFILE,LINERIGHT,LINELEFT,RUMBINIT,RUMBROAD,LIGHTCOND,WEATHER,TRAFDEV,TRAFFUNCT,DISTRACT,PREFHE,PREMOVE,CRITCAT,CRITEVENT,MANEUVER,PRESTAB,PRELOC,CRASHCAT,CRASHCONF,CRASHTYPE,ROLLTYPE,ROLLTURN,ROLLINTRPT,ROLLPREMAN,ROLLINITYP,ROLLINLOC,ROLLOBJ,ROLLTRIP,ROLLDIR,ROLLDIST,DVANGTHIS,DVANGOTH,TOWHITCH,TRAJDOC,TREEPOLE,DVEVENT,DVBASIS,DVTOTAL,DVLONG,DVLAT,DVENERGY,DVSPEED,DVMOMENT,DVBES,DVEST,DVCONF,VAIS,VISS,VINJURED,VTREAT,INITOBJCLASS,HEADANGLECAT,SHLDRWIDTH,STRKLENGTH,STRKWIDTH,STRKHEIGHT,EDGEDISTX,EDGEDISTY,EDGEDISTZ,CASEWGT,PSUSTRAT,VERSION
23019,21,115,1-21-2021-115-01,1,1,1HGCR2F55HA1,17,474,1861,13,0,37,32,2017,4,1,4,0,1,F,9,1496,5,9999,9,4,49,2,113,1,9,1,170,3,9,1,92374,2,1,0,2,2,1,2,1,1,9,1,3,2,3,1,1,0,0,9,1,1,2,13,99,1,4,1,A,1,1,4,2,6,6,4,60,3,2,13,998,998,0,1,0,2,98,999,999,999,9999999,999,999,999,9,0,6,75,1,1,3,998,3.3,999,999,999,87.0,6.4,87.2,36.3829532876423,11,6
23020,21,116,1-21-2021-116-01,1,1,1G4HD57227U1,17,468,4267,13,0,18,23,2007,4,1,5,0,1,L,2,1810,5,0,1,1,56,2,113,1,0,1,0,3,0,1,92545,1,9,0,2,4,1,2,1,3,1,1,3,2,3,1,1,0,0,9,1,14,2,13,99,1,4,1,A,1,1,2,1,6,4,4,54,4,2,999,996,996,0,0,0,4,7,999,999,999,9999999,999,999,999,7,0,2,12,0,1,3,996,3.7,999,999,999,0.0,0.0,0.0,36.3829532876423,11,6
23020,21,116,1-21-2021-116-01,1,2,JTEZU14R7400,17,448,2216,7,0,49,401,2004,14,3,14,0,1,T,3,1844,8,0,1,5,56,2,113,1,0,1,0,3,0,1,89030,1,1,1,2,4,4,2,1,2,1,3,2,1,3,1,1,0,0,9,0,14,4,62,1,1,1,6,M,98,0,0,0,0,0,0,0,0,0,0,996,996,0,0,0,4,7,999,999,999,9999999,999,999,999,8,0,6,75,2,1,0,996,3.6,999,999,999,0.0,0.0,0.0,36.3829532876423,11,6
23022,21,118,1-21-2021-118-02,2,1,999999999999,99,1056,4336,13,0,24,9,2007,4,1,4,0,1,F,9,9999,9,9999,9,0,998,2,105,1,0,0,995,0,0,0,92324,2,9,1,2,5,2,1,1,2,1,3,3,0,0,1,1,0,0,9,1,15,2,10,99,1,2,2,F,47,0,0,0,0,0,0,0,0,0,0,999,999,0,0,0,4,0,999,999,999,9999999,999,999,999,9,0,0,0,0,0,0,995,9.8,998,998,998,99.8,99.8,99.8,11.6475231613423,11,6
23022,21,118,1-21-2021-118-02,2,2,5FNYF5H53HB0,17,474,1864,7,0,37,421,2017,15,3,15,0,1,F,9,1861,5,9999,9,0,998,2,105,1,0,1,0,2,0,2,92405,9,9,1,2,5,3,1,1,2,1,3,3,0,0,1,1,0,0,1,0,14,4,61,99,1,1,2,F,45,0,0,0,0,0,0,0,0,0,0,999,999,0,0,0,4,0,999,999,999,9999999,999,999,999,9,0,2,6,0,3,0,995,9.8,998,998,998,99.8,99.8,99.8,11.6475231613423,11,6
23022,21,118,1-21-2021-118-02,2,3,3N1AB7AP7KY3,17,478,1907,13,0,35,43,2019,4,1,3,0,1,F,9,1315,5,0,2,0,998,2,105,1,0,0,995,0,0,0,92376,9,2,1,2,5,4,1,1,2,1,3,3,0,0,1,1,0,0,1,0,14,4,61,1,1,1,6,M,98,0,0,0,0,0,0,0,0,0,0,999,999,0,0,0,3,0,999,999,999,9999999,999,999,999,9,0,1,1,0,0,0,999,4.5,999,999,999,0.0,0.0,0.0,11.6475231613423,11,6
23023,15,103,1-15-2021-103-04,4,1,1C4SDJDT9DC5,17,476,3508,7,0,7,422,2013,15,3,15,0,1,F,2,2418,5,9999,9,4,17,2,48,1,8,9,998,8,7,9,11360,9,9,2,4,2,1,2,1,3,1,1,2,0,0,1,1,2,2,9,0,14,2,17,99,1,1,5,L,86,0,0,0,0,0,0,0,0,0,0,260,350,0,0,0,1,12,999,999,999,9999999,999,999,999,7,0,0,0,0,0,0,995,0.0,120,120,120,0.0,3.0,3.0,100.583674828355,1,6
23023,15,103,1-15-2021-103-04,4,2,2C3CDXJG1GH2,17,476,1895,13,0,7,24,2016,4,1,5,0,1,R,2,1886,5,9999,9,4,17,2,40,1,8,9,998,8,7,9,11020,1,2,2,4,2,1,2,1,3,1,0,0,0,0,1,1,2,2,9,0,14,4,66,1,1,1,5,L,87,0,0,0,0,0,0,0,0,0,0,350,260,0,0,0,1,12,999,999,999,9999999,999,999,999,7,0,0,0,0,0,0,995,9.8,998,998,998,99.8,99.8,99.8,100.583674828355,1,6
23025,26,120,1-26-2021-120-05,5,1,1FTPW14595KC,17,460,1801,60,0,12,481,2005,34,5,31,0,1,F,1,2495,5,0,1,5,18,2,72,1,1,1,243,2,0,3,95842,9,1,2,1,3,3,2,1,1,1,1,0,0,0,3,1,0,0,2,0,11,2,15,1,1,1,4,J,68,0,0,0,0,0,0,0,0,0,0,30,250,0,0,0,1,1,21,-18,-11,55764,998,-62,22,0,4,2,4,0,3,0,995,9.8,998,998,998,99.8,99.8,99.8,32.6027033099749,10,6
23025,26,120,1-26-2021-120-05,5,2,1C3CDFAAXGD6,17,476,2054,13,0,7,29,2016,4,1,3,0,1,F,2,1445,5,0,1,1,18,2,72,1,0,1,0,2,0,0,95673,9,1,2,1,3,2,2,1,1,1,3,1,0,0,3,1,0,0,1,0,1,4,62,2,1,1,4,J,69,0,0,0,0,0,0,0,0,0,0,250,30,0,0,0,1,1,36,-35,6,74575,998,33,35,0,4,2,4,0,4,0,995,9.8,998,998,998,99.8,99.8,99.8,32.6027033099749,10,6
23026,26,121,1-26-2021-121-02,2,1,1GNEK13Z72J2,17,467,1852,7,0,20,421,2002,15,3,15,0,1,F,2,2290,5,0,1,1,18,2,72,1,0,1,0,2,0,0,94544,9,9,0,1,1,1,2,1,3,1,1,0,0,0,1,1,8,2,1,1,14,2,12,2,9,4,1,B,6,0,0,0,0,0,0,0,0,0,0,230,75,0,1,0,2,1,36,-34,-12,253956,998,-73,47,0,4,1,2,0,4,0,995,0.0,20,120,20,0.0,0.0,0.0,14.4738277659613,10,6
23026,26,121,1-26-2021-121-02,2,2,3C4PDCAB0JT5,17,476,1939,7,0,7,27,2018,6,1,4,0,1,F,3,1732,5,0,1,1,18,2,72,1,0,1,0,2,0,1,95815,1,9,0,1,1,1,2,1,2,1,1,0,0,0,1,1,8,2,1,0,14,4,62,99,1,1,6,M,98,0,0,0,0,0,0,0,0,0,0,75,230,0,0,0,2,1,44,-44,8,51827,998,-10,26,0,4,3,11,1,3,0,995,9.8,998,998,998,99.8,99.8,99.8,14.4738277659613,10,6
23027,26,122,1-26-2021-122-06,6,1,4T1BF1FK6CU1,17,448,2469,13,0,49,40,2012,4,1,3,0,1,F,1,1441,5,0,1,1,13,2,72,1,0,0,995,0,0,0,95825,1,9,0,1,3,1,2,1,1,1,0,3,0,0,1,1,0,0,3,0,1,3,50,1,1,1,2,D,20,0,0,0,0,0,0,0,0,0,0,60,60,0,0,0,1,3,24,-24,0,36801,998,2,25,0,4,9,97,0,99,0,995,9.8,998,998,998,99.8,99.8,99.8,628.39069936976,10,6
23027,26,122,1-26-2021-122-06,6,2,KMHCM36CX8U1,17,498,2773,5,0,55,36,2008,3,1,1,0,1,B,2,1166,5,9999,9,4,34,5,72,1,0,0,995,0,0,0,95821,9,9,0,1,3,1,2,1,1,1,0,3,0,0,1,1,0,0,1,0,5,3,53,1,1,1,2,D,21,0,0,0,0,0,0,0,0,0,0,60,60,0,0,0,1,3,31,31,0,41636,998,0,30,0,4,95,95,95,95,0,995,9.8,998,998,998,99.8,99.8,99.8,628.39069936976,10,6
23028,21,119,1-21-2021-119-03,3,1,3N1AB8BV6MY2,17,478,1907,13,0,35,43,2021,4,1,3,0,1,T,2,1377,8,0,2,1,13,2,113,1,0,0,995,0,0,0,93257,1,1,0,1,2,2,2,1,2,9,3,2,1,3,1,1,0,0,9,1,14,2,13,98,3,4,1,A,2,1,6,2,1,1,4,61,1,2,48,997,997,0,0,0,1,6,999,999,999,9999999,999,999,999,7,0,0,0,0,0,3,997,9.8,998,998,998,99.8,99.8,99.8,145.75691188569,11,6
23031,32,99,1-32-2021-099-05,5,1,1C3CDFBB2FD2,17,476,2054,13,0,7,29,2015,4,1,3,0,1,F,2,1445,5,0,1,1,19,2,113,1,0,1,0,2,0,2,75241,2,9,1,2,4,1,2,1,2,3,1,3,2,3,1,1,0,0,9,1,6,1,6,7,9,4,1,A,2,0,0,0,0,0,0,0,0,0,0,998,998,0,0,0,2,1,37,-32,19,93666,998,57,37,0,4,3,22,1,3,0,998,2.9,999,999,999,0.0,0.0,0.0,248.229913357819,7,6
23032,28,65,1-28-2021-065-10,10,1,JS2YC4178962,17,509,3152,13,0,53,40,2009,9,1,1,0,1,R,1,1210,5,0,1,1,5,2,40,1,0,0,995,0,0,0,16917,9,9,3,3,3,1,2,1,1,1,0,2,0,0,1,1,0,0,2,0,1,2,17,99,1,1,5,L,87,0,0,0,0,0,0,0,0,0,0,170,70,0,0,0,1,3,7,-1,-7,3683,998,-24,8,0,4,0,0,0,0,0,995,9.8,998,998,998,99.8,99.8,99.8,61.757546715239,3,6
23032,28,65,1-28-2021-065-10,10,2,4S3BL6266562,17,523,2232,13,0,48,34,2005,4,1,3,0,1,F,1,1450,5,9999,9,0,998,5,40,1,0,0,995,0,0,0,16901,9,9,3,4,3,1,2,1,1,1,0,2,0,0,1,1,0,0,1,0,1,4,71,2,1,1,5,L,86,0,0,0,0,0,0,0,0,0,0,70,170,0,0,0,1,3,7,-7,0,1404,998,0,5,0,4,95,95,95,95,0,995,9.8,998,998,998,99.8,99.8,99.8,61.757546715239,3,6
23033,28,66,1-28-2021-066-10,10,1,1GCEC14K8PE1,17,467,10978,60,0,20,481,1993,34,5,31,0,1,F,1,1758,5,454,2,3,22,2,89,1,0,0,995,0,0,0,14895,1,2,0,4,2,1,2,1,1,3,1,2,0,0,1,1,0,0,1,1,6,2,11,2,1,2,2,D,32,0,0,0,0,0,0,0,0,0,0,325,325,0,0,0,1,12,999,999,999,9999999,999,999,999,6,0,0,0,0,0,0,995,9.8,998,998,998,99.8,99.8,99.8,45.0485618791279,3,6
23033,28,66,1-28-2021-066-10,10,2,5J6TF2H5XEL0,17,474,9173,7,0,37,405,2014,14,3,14,0,1,B,9,1864,5,9999,9,0,998,5,89,1,0,0,995,0,0,0,16948,9,9,0,4,2,1,2,1,1,3,1,2,0,0,1,1,0,0,1,0,1,3,53,99,1,1,2,D,32,0,0,0,0,0,0,0,0,0,0,325,325,0,0,0,1,0,999,999,999,9999999,999,999,999,9,0,95,95,95,95,0,995,9.8,998,998,998,99.8,99.8,99.8,45.0485618791279,3,6
23034,76,54,1-76-2021-054-07,7,1,JKAEXKG10MDA,17,510,20805,80,0,73,704,2021,80,9,80,0,1,L,9,,,,,,,2,72,1,8,9,998,8,7,9,12414,9,9,0,4,2,1,2,1,3,4,1,2,0,0,1,1,0,0,9,1,14,2,10,99,1,2,3,I,64,,,,,,,,,,,,,,,,,,,,,,,,,,,95,95,95,95,,,9.8,998,998,998,99.8,99.8,99.8,188.455926155542,3,6
23034,76,54,1-76-2021-054-07,7,2,1C4PJMDX2KD4,17,483,1945,7,0,2,404,2019,14,3,14,0,1,L,9,1839,5,9999,9,0,998,2,72,1,8,9,998,8,7,9,12477,9,9,0,4,2,1,2,1,2,4,1,2,0,0,1,1,0,0,9,0,14,4,62,99,1,1,3,I,65,0,0,0,0,0,0,0,0,0,0,140,325,0,0,0,1,0,999,999,999,9999999,999,999,999,9,0,0,0,0,0,0,995,9.8,998,998,998,99.8,99.8,99.8,188.455926155542,3,6
23036,30,80,1-30-2021-080-06,6,1,1N4AL3AP1FC4,17,478,1904,13,0,35,47,2015,4,1,4,0,1,F,1,1416,5,0,1,1,20,2,56,1,0,0,995,0,0,0,85009,9,9,3,4,6,4,2,1,1,1,1,2,0,0,1,8,0,0,1,0,11,2,15,99,1,1,4,J,68,0,0,0,0,0,0,0,0,0,0,40,270,0,0,0,1,3,10,-8,-6,9512,998,-98,11,0,4,9,97,0,99,0,995,9.8,998,998,998,99.8,99.8,99.8,61.5683693654932,10,6
23036,30,80,1-30-2021-080-06,6,2,WMWRH33587TJ,17,456,1761,1,0,69,54,2007,1,1,1,0,1,F,1,1290,5,9999,9,0,998,2,56,1,0,0,995,0,0,0,85016,9,9,3,4,6,1,2,1,1,1,0,3,0,0,1,8,0,0,1,0,1,4,62,99,1,1,4,J,69,0,0,0,0,0,0,0,0,0,0,270,40,0,0,0,1,3,11,-9,5,8676,998,86,10,0,4,99,99,0,99,0,995,9.8,998,998,998,99.8,99.8,99.8,61.5683693654932,10,6
23037,30,81,1-30-2021-081-09,9,1,JHMCG56691C0,17,474,1861,13,0,37,32,2001,4,1,3,0,1,F,9,1375,5,9999,9,0,998,2,64,1,0,0,995,0,0,0,85009,9,9,2,4,6,4,2,1,1,1,1,2,0,0,1,1,1,2,1,0,11,2,15,99,1,1,4,J,68,0,0,0,0,0,0,0,0,0,0,230,90,0,0,0,1,0,999,999,999,9999999,999,999,999,9,0,9,97,0,99,0,995,9.8,998,998,998,99.8,99.8,99.8,298.011412298852,10,6
23037,30,81,1-30-2021-081-09,9,2,3GNFK16T61G2,17,467,1851,7,0,20,431,2001,16,3,16,0,1,F,2,2687,5,9999,9,4,25,2,64,1,0,0,995,0,0,0,85396,9,9,2,4,6,2,2,1,1,1,3,1,0,0,1,1,1,2,1,0,1,4,62,99,1,1,4,J,69,0,0,0,0,0,0,0,0,0,0,90,230,0,0,0,1,98,999,999,999,9999999,999,999,999,7,0,0,0,0,0,0,995,9.8,998,998,998,99.8,99.8,99.8,298.011412298852,10,6
23038,76,55,1-76-2021-055-08,8,1,JM1BL1S6XA11,17,473,2074,13,0,41,51,2010,4,1,2,0,1,T,2,1372,8,0,2,1,35,2,89,1,8,0,995,0,7,0,12474,1,2,0,4,2,1,2,2,3,1,1,2,0,0,1,1,0,0,1,1,14,1,6,98,4,4,1,B,7,1,2,2,2,1,4,61,1,1,3,997,997,0,1,0,2,6,999,999,999,9999999,999,999,999,7,0,1,1,0,4,3,997,0.0,70,60,-81,8.5,2.9,9.0,32.0468841538541,3,6
23039,17,67,1-17-2021-067-06,6,1,3FA6P0H72ER1,17,460,1780,13,0,12,23,2014,4,1,4,0,1,T,2,1554,5,0,1,1,7,2,89,1,9,1,0,2,9,1,52255,1,2,2,4,2,1,4,1,2,1,0,0,0,0,1,1,0,0,1,1,14,2,12,2,3,4,1,B,7,1,6,2,2,1,3,61,1,2,25,997,997,0,1,0,1,6,999,999,999,9999999,999,999,999,7,0,1,1,0,4,3,997,9.8,998,998,998,99.8,99.8,99.8,256.003979258856,4,6
23040,31,64,1-31-2021-064-10,10,1,2FMDK38CX8BB,17,460,1797,7,0,12,24,2008,6,1,4,0,1,L,2,1853,5,9999,9,1,23,2,56,1,1,1,167,1,0,0,42064,9,9,0,4,2,1,2,1,2,2,1,4,0,0,2,1,0,0,9,1,14,2,12,99,2,4,1,B,6,1,8,2,6,1,4,61,1,2,29,997,997,0,0,0,2,6,999,999,999,9999999,999,999,999,7,0,0,0,0,0,3,997,1.0,999,999,999,6.7,4.1,8.0,255.507439927165,6,6
23041,16,74,1-16-2021-074-07,7,1,3VWDP7AJ0CM3,17,482,3137,13,0,30,40,2012,4,1,3,0,1,B,1,1381,5,0,1,5,10,2,40,1,0,0,995,0,0,0,45203,9,9,0,4,2,1,2,1,1,4,0,0,0,0,1,8,0,0,3,0,13,3,50,1,1,1,6,M,93,0,0,0,0,0,0,0,0,0,0,265,265,0,0,0,1,12,999,999,999,9999999,999,999,999,1,0,0,0,0,0,0,995,9.8,998,998,998,99.8,99.8,99.8,1305.93687947492,5,6
23041,16,74,1-16-2021-074-07,7,2,5NPEG4JA0MH0,17,498,2459,13,0,55,33,2021,4,1,4,0,2,F,9,1527,5,9999,9,0,998,,,,,,,,,,,,,,,,,,,,,,,,,,,,,,,,,,,,,,,,,,,,,,,,,,,,,,,,,,,,,,,,,,95,95,95,95,,,,,,,,,,1305.93687947492,5,6
23041,16,74,1-16-2021-074-07,7,3,1FM5K8AR9GGC,17,460,1800,7,0,12,401,2016,14,3,14,5,1,F,9,2173,5,9999,9,0,998,5,40,1,0,0,995,0,0,0,45202,9,9,0,4,2,1,2,1,1,2,2,0,0,0,1,8,0,0,1,0,1,4,64,99,1,1,6,M,98,0,0,0,0,0,0,0,0,0,0,75,245,0,0,0,2,0,999,999,999,9999999,999,999,999,9,0,95,95,95,95,0,995,9.8,998,998,998,99.8,99.8,99.8,1305.93687947492,5,6
23042,18,68,1-18-2021-068-03,3,1,5GAKVCKD0HJ1,17,468,1841,7,0,18,421,2017,15,3,15,0,1,L,1,2233,5,0,1,1,31,2,72,1,0,0,995,0,0,0,54729,1,9,0,4,2,1,2,1,2,1,1,2,0,0,1,1,0,0,1,0,14,4,62,4,1,1,3,I,65,0,0,0,0,0,0,0,0,0,0,160,300,0,0,0,1,3,13,-13,5,30549,998,-94,16,0,4,9,97,0,8,0,995,0.3,2,2,999,7.3,0.6,7.4,180.882660602311,6,6
23042,18,68,1-18-2021-068-03,3,2,KM8NU73C58U0,17,498,2772,7,0,55,421,2008,15,3,15,0,1,F,1,2009,5,9999,9,0,998,2,72,1,0,0,995,0,0,0,54703,1,9,0,4,2,1,2,1,3,2,1,2,0,0,1,1,0,0,1,1,14,2,10,99,1,2,3,I,64,0,0,0,0,0,0,0,0,0,0,300,160,0,1,0,1,3,15,-14,-5,16574,998,-75,13,0,4,9,97,0,8,0,995,9.8,998,998,998,99.8,99.8,99.8,180.882660602311,6,6
23043,20,112,1-20-2021-112-03,3,1,1HGCT1B38DA0,17,474,1861,3,0,37,32,2013,2,1,3,0,1,F,9,1480,5,9999,9,0,998,2,48,1,1,8,997,8,7,9,93905,9,1,0,4,4,2,2,1,1,1,3,2,0,0,9,99,0,0,9,1,1,2,10,99,1,2,3,G,50,0,0,0,0,0,0,0,0,0,0,235,55,0,0,0,1,0,999,999,999,9999999,999,999,999,9,0,0,0,0,0,0,995,9.8,998,998,998,99.8,99.8,99.8,100.184102531372,11,6
23043,20,112,1-20-2021-112-03,3,2,2GKALMEK3H62,17,472,1858,7,0,23,402,2017,14,3,14,0,1,F,2,1748,5,9999,9,4,40,2,48,1,0,0,995,0,0,0,93905,1,1,0,4,4,2,2,1,1,1,3,2,0,0,9,99,8,2,1,0,1,4,62,99,1,1,3,G,51,0,0,0,0,0,0,0,0,0,0,55,235,0,0,0,1,12,999,999,999,9999999,999,999,999,7,0,2,4,0,4,0,995,9.8,998,998,998,99.8,99.8,99.8,100.184102531372,11,6
23043,20,112,1-20-2021-112-03,3,3,1ZVFT84N1552,17,460,1781,1,0,12,3,2005,1,1,3,0,2,B,9,1497,5,9999,9,0,998,,,,,,,,,,,,,,,,,,,,,,,,,,,,,,,,,,,,,,,,,,,,,,,,,,,,,,,,,,,,,,,,,,95,95,95,95,,,,,,,,,,100.184102531372,11,6
23044,26,123,1-26-2021-123-03,3,1,SALAD24406A3,17,444,2301,7,0,62,423,2006,15,3,15,0,1,F,9,2461,5,9999,9,0,998,2,89,1,0,0,995,0,0,0,95824,9,1,0,2,5,1,2,1,1,9,1,3,0,0,1,1,0,0,1,1,1,2,10,99,9,2,2,D,32,0,0,0,0,0,0,0,0,0,0,999,999,0,0,0,99,0,999,999,999,9999999,999,999,999,9,0,0,0,0,0,0,999,0.0,999,999,999,0.0,0.0,0.0,311.742984534508,10,6
23044,26,123,1-26-2021-123-03,3,2,KL4MMESL2MB1,17,468,26604,7,0,18,404,2021,14,3,14,0,1,B,2,1477,5,9999,9,4,51,2,89,1,0,0,995,0,0,0,95822,2,2,0,2,5,2,2,1,1,9,3,3,0,0,1,1,0,0,1,0,2,4,61,1,1,1,2,D,32,0,0,0,0,0,0,0,0,0,0,290,280,0,0,0,1,12,999,999,999,9999999,999,999,999,7,0,99,99,0,4,0,995,9.8,998,998,998,99.8,99.8,99.8,311.742984534508,10,6
23044,26,123,1-26-2021-123-03,3,3,1J4GR48K96C2,17,483,1949,7,0,2,404,2006,14,3,14,0,1,B,1,2014,5,0,1,1,39,2,89,1,0,0,995,0,0,0,95670,3,9,0,2,5,2,2,1,1,9,3,3,0,0,1,1,0,0,1,0,5,4,61,1,1,1,6,M,98,0,0,0,0,0,0,0,0,0,0,290,280,0,0,0,5,12,999,999,999,9999999,999,999,999,6,0,99,99,0,8,0,995,9.8,998,998,998,99.8,99.8,99.8,311.742984534508,10,6
23044,26,123,1-26-2021-123-03,3,4,1GNKRGKD9GJ2,17,467,1853,7,0,20,423,2016,15,3,15,0,1,R,9,2107,5,9999,9,0,998,5,89,1,0,0,995,0,0,0,95330,9,9,0,2,5,2,2,1,1,9,3,3,0,0,1,1,0,0,1,0,5,4,61,1,1,1,6,M,98,0,0,0,0,0,0,0,0,0,0,295,275,0,0,0,3,0,999,999,999,9999999,999,999,999,9,0,95,95,95,95,0,995,9.8,998,998,998,99.8,99.8,99.8,311.742984534508,10,6
23045,14,62,1-14-2021-062-05,5,1,3FAHP0JG7CR1,17,460,1780,13,0,12,23,2012,4,1,3,0,1,F,2,1563,5,0,1,1,50,2,89,1,1,8,997,8,9,3,78261,1,2,0,4,2,1,2,1,1,1,1,2,0,0,1,1,0,0,9,1,15,2,10,99,1,2,2,F,48,0,0,0,0,0,0,0,0,0,0,998,998,0,0,0,3,12,999,999,999,9999999,999,999,999,7,0,1,1,0,8,0,998,1.7,999,12,999,4.6,2.5,5.2,381.781699890438,8,6
23045,14,62,1-14-2021-062-05,5,2,1M1AN07Y39N0,17,490,2028,66,0,86,881,2009,66,8,68,0,1,L,9,,,,,,,5,89,1,0,0,995,0,0,0,78624,9,9,0,4,2,1,2,1,1,1,1,2,0,0,1,1,0,0,9,0,1,3,53,99,1,1,2,F,48,,,,,,,,,,,,,,,,,,,,,,,,,,,95,95,95,95,,,9.8,998,998,998,99.8,99.8,99.8,381.781699890438,8,6
23048,23,93,1-23-2021-093-03,3,1,1J4GL48K67W5,17,483,1944,7,0,2,405,2007,14,3,14,0,1,F,9,1819,5,9999,9,0,998,2,72,1,0,0,995,0,0,0,43016,1,2,2,5,6,2,2,1,1,1,1,3,0,0,1,8,1,2,9,0,1,4,62,99,1,1,4,J,69,0,0,0,0,0,0,0,0,0,0,210,350,0,0,0,1,0,999,999,999,9999999,999,999,999,9,0,2,5,0,4,0,995,9.8,998,998,998,99.8,99.8,99.8,266.587727701865,5,6
23048,23,93,1-23-2021-093-03,3,2,4T1BK1EB9HU2,17,448,2465,13,0,49,43,2017,4,1,4,0,1,F,9,1610,5,9999,9,0,998,2,72,1,0,0,995,0,0,0,43235,1,9,2,5,6,4,2,1,1,1,1,2,0,0,1,8,1,2,1,0,11,2,15,99,1,1,4,J,68,0,0,0,0,0,0,0,0,0,0,350,210,0,0,0,1,0,999,999,999,9999999,999,999,999,9,0,1,1,0,4,0,995,9.8,998,998,998,99.8,99.8,99.8,266.587727701865,5,6
23049,23,94,1-23-2021-094-03,3,1,1GTHG35U4712,17,472,1856,95,0,23,461,2007,21,4,21,0,1,F,9,2367,5,9999,9,0,998,2,64,1,0,0,995,0,0,0,43066,9,9,3,4,2,1,2,1,1,1,1,2,0,0,1,1,0,0,3,0,1,3,52,99,1,1,2,D,28,0,0,0,0,0,0,0,0,0,0,0,0,0,0,0,1,0,999,999,999,9999999,999,999,999,9,0,0,0,0,0,0,995,9.8,998,998,998,99.8,99.8,99.8,266.587727701865,5,6
23049,23,94,1-23-2021-094-03,3,2,JF2GTAAC3JH3,17,523,13580,7,0,48,403,2018,14,3,14,0,1,B,2,1447,5,0,1,4,86,2,64,1,0,0,995,0,0,0,43015,9,9,3,4,2,1,2,1,1,1,1,2,0,0,1,1,0,0,1,0,2,3,53,99,1,1,2,D,30,0,0,0,0,0,0,0,0,0,0,0,0,0,0,0,1,12,999,999,999,9999999,999,999,999,7,0,0,0,0,0,0,995,9.8,998,998,998,99.8,99.8,99.8,266.587727701865,5,6
23050,23,95,1-23-2021-095-01,1,1,LRBFXCSA2LD1,17,468,11438,7,0,18,405,2020,14,3,14,0,1,L,3,1782,5,9999,9,4,80,2,89,1,0,0,995,0,0,0,48042,9,9,2,4,2,1,2,1,1,1,1,2,0,0,1,8,2,2,1,0,11,2,15,99,1,1,4,K,82,0,0,0,0,0,0,0,0,0,0,170,280,0,0,0,1,98,999,999,999,9999999,999,999,999,8,0,1,1,0,1,0,995,9.8,998,998,998,99.8,99.8,99.8,71.1556240633317,5,6
23050,23,95,1-23-2021-095-01,1,2,5TFRM5F19EX0,17,448,2467,60,0,49,482,2014,34,5,30,0,1,F,2,2540,5,9999,9,4,80,2,89,1,0,0,995,0,0,0,43074,1,2,2,4,2,1,2,1,1,1,1,2,0,0,1,8,0,0,1,0,1,4,67,99,1,1,4,K,83,0,0,0,0,0,0,0,0,0,0,280,170,0,0,0,1,12,999,999,999,9999999,999,999,999,7,0,1,1,0,8,0,995,9.8,998,998,998,99.8,99.8,99.8,71.1556240633317,5,6
23051,23,96,1-23-2021-096-04,4,1,1HGCP2F4XCA2,17,474,1861,13,0,37,32,2012,4,1,4,0,1,R,9,1523,5,9999,9,0,998,2,89,1,0,0,995,0,0,0,44240,1,9,2,4,2,1,2,1,1,1,1,4,0,0,1,1,0,0,1,0,11,2,15,99,1,1,4,J,68,0,0,0,0,0,0,0,0,0,0,130,0,0,0,0,1,0,999,999,999,9999999,999,999,999,9,0,1,1,0,4,0,995,9.8,998,998,998,99.8,99.8,99.8,759.153714780231,5,6
23051,23,96,1-23-2021-096-04,4,2,3FA6P0HD5ER1,17,460,1780,13,0,12,23,2014,4,1,4,0,1,F,9,1775,5,9999,9,0,998,2,89,1,0,0,995,0,0,0,43050,1,9,2,4,2,1,2,1,1,1,1,4,0,0,1,1,0,0,1,0,1,4,62,99,1,1,4,J,69,0,0,0,0,0,0,0,0,0,0,0,130,0,0,0,1,0,999,999,999,9999999,999,999,999,9,0,1,1,0,8,0,995,9.8,998,998,998,99.8,99.8,99.8,759.153714780231,5,6