CASEID,PSU,CASENO,CASENUMBER,CATEGORY,VEHNO,VIN,VINLENGTH,VPICMAKE,VPICMODEL,VPICBODYCLASS,ICFINALBODY,MAKE,MODEL,MODELYR,BODYTYPE,BODYCAT,VEHCLASS,SPECUSE,TRANSTAT,DAMPLANE,DAMSEV,CURBWT,CURBSRC,CARGOWT,CARGOSRC,INSPTYPE,INSPLAG,TOWED,SPEEDLIMIT,DRPRESENT,PARALCOHOL,ALCTEST,ALCTESTRESULT,ALCTESTSRC,PARDRUG,DRUGTEST,ZIP,RACE,ETHNICITY,RELTOJUNCT,TRAFFLOW,RDLANES,INITLANE,SURFTYPE,SURFCOND,ALIGNMENT,PROFILE,LINERIGHT,LINELEFT,RUMBINIT,RUMBROAD,LIGHTCOND,WEATHER,TRAFDEV,TRAFFUNCT,DISTRACT,PREFHE,PREMOVE,CRITCAT,CRITEVENT,MANEUVER,PRESTAB,PRELOC,CRASHCAT,CRASHCONF,CRASHTYPE,ROLLTYPE,ROLLTURN,ROLLINTRPT,ROLLPREMAN,ROLLINITYP,ROLLINLOC,ROLLOBJ,ROLLTRIP,ROLLDIR,ROLLDIST,DVANGTHIS,DVANGOTH,TOWHITCH,TRAJDOC,TREEPOLE,DVEVENT,DVBASIS,DVTOTAL,DVLONG,DVLAT,DVENERGY,DVSPEED,DVMOMENT,DVBES,DVEST,DVCONF,VAIS,VISS,VINJURED,VTREAT,INITOBJCLASS,HEADANGLECAT,SHLDRWIDTH,STRKLENGTH,STRKWIDTH,STRKHEIGHT,EDGEDISTX,EDGEDISTY,EDGEDISTZ,CASEWGT,PSUSTRAT,VERSION
23234,16,81,1-16-2021-081-08,8,1,1HGCG56482A0,17,474,1861,13,0,37,32,2002,4,1,3,0,1,L,3,1375,5,0,1,1,31,2,56,1,0,0,995,0,0,0,45231,2,9,2,4,3,2,2,2,1,2,1,2,0,0,3,2,1,2,9,0,11,2,15,99,1,1,4,K,82,0,0,0,0,0,0,0,0,0,0,20,180,0,0,0,1,5,999,999,999,9999999,999,999,46,4,0,1,1,0,8,0,995,9.8,998,998,998,99.8,99.8,99.8,745.267720079681,5,6
23234,16,81,1-16-2021-081-08,8,2,1FDUF5HT3HEB,17,460,1808,63,11,12,880,2017,67,8,60,6,1,F,9,,,,,,,2,56,1,0,0,995,0,0,0,45229,9,9,2,1,2,2,2,2,1,2,1,2,0,0,3,2,1,2,1,0,1,4,67,99,1,1,4,K,83,,,,,,,,,,,,,,,,,,,,,,,,,,,95,95,95,95,,,0.0,25,25,120,5.1,0.4,5.1,745.267720079681,5,6
23235,16,82,1-16-2021-082-03,3,1,3GNAXKEV9LL1,17,467,1847,7,0,20,404,2020,14,3,14,0,1,L,2,1485,5,0,1,1,42,2,89,1,0,0,995,0,0,0,45255,1,2,1,3,1,1,2,1,1,1,1,2,2,2,1,1,0,0,1,1,1,1,8,1,9,4,1,A,2,1,2,2,2,2,4,60,4,2,16,997,997,0,0,0,3,6,999,999,999,9999999,999,999,999,7,0,1,1,0,8,3,997,2.5,10,1,103,4.5,1.3,4.6,1090.38504835713,5,6
23237,25,82,1-25-2021-082-02,2,1,2HGFA1F86AH5,17,474,1863,13,0,37,31,2010,4,1,3,0,1,F,1,1199,5,0,1,1,14,2,40,1,8,0,995,0,7,0,04074,9,9,2,1,5,2,2,1,1,1,1,1,0,0,3,1,1,2,9,0,1,4,62,99,1,1,4,J,69,0,0,0,0,0,0,0,0,0,0,195,305,0,0,0,1,1,23,-23,4,46286,998,33,30,0,4,2,4,0,4,0,995,9.8,998,998,998,99.8,99.8,99.8,41.8895438406154,2,6
23237,25,82,1-25-2021-082-02,2,2,2T1BURHE6HC9,17,448,2208,13,0,49,32,2017,4,1,3,0,1,R,1,1265,5,0,1,1,11,2,40,1,8,0,995,0,7,0,04103,9,9,2,1,5,3,2,1,1,1,1,2,0,0,3,1,1,2,9,0,11,2,15,8,1,1,4,J,68,0,0,0,0,0,0,0,0,0,0,305,195,0,0,0,1,1,22,-11,-19,7201,998,-17,12,0,4,1,1,0,4,0,995,9.8,998,998,998,99.8,99.8,99.8,41.8895438406154,2,6
23237,25,82,1-25-2021-082-02,2,3,1VWBP7A3XDC0,17,482,3134,13,0,30,46,2013,4,1,4,0,1,F,9,1436,5,9999,9,0,998,5,40,1,8,0,995,0,7,0,04240,9,9,2,4,5,3,2,1,3,1,1,1,0,0,3,1,1,2,1,0,5,4,62,1,1,1,6,M,98,0,0,0,0,0,0,0,0,0,0,110,240,0,0,0,3,0,999,999,999,9999999,999,999,999,9,0,95,95,95,95,0,995,9.8,998,998,998,99.8,99.8,99.8,41.8895438406154,2,6
23238,73,72,1-73-2021-072-04,4,1,JF2SKADC3LH4,17,523,2234,7,0,48,401,2020,14,3,14,0,1,F,1,1569,5,0,1,4,43,2,89,1,8,0,995,0,7,0,04920,9,9,0,4,2,1,2,1,1,2,1,2,0,0,1,1,0,0,9,1,1,2,12,99,1,4,1,B,6,0,0,0,0,0,0,0,0,0,0,998,998,0,0,0,1,12,999,999,999,9999999,999,999,999,6,0,0,0,0,0,0,998,4.7,120,120,999,6.9,3.9,7.7,910.397248188622,3,6
23241,66,72,1-66-2021-072-07,7,1,5XXGN4A7XDG1,17,499,2739,13,0,63,34,2013,4,1,4,0,1,L,1,1454,5,0,1,1,15,2,97,1,0,0,995,0,7,0,65705,9,9,2,4,2,1,2,1,1,1,1,2,3,3,2,1,0,0,9,0,11,4,60,1,1,1,4,J,72,0,0,0,0,0,0,0,0,0,0,25,40,0,0,0,1,3,5,4,2,1986,998,28,6,0,4,99,99,0,99,0,995,9.8,998,998,998,99.8,99.8,99.8,291.178049171337,6,6
23241,66,72,1-66-2021-072-07,7,2,1J4FJ88S9ML6,17,483,1945,7,0,2,404,1991,14,3,14,99,1,F,1,1378,5,9999,9,0,998,5,97,1,0,0,995,0,7,0,65802,9,9,2,4,2,1,2,1,1,1,1,2,3,3,2,1,0,0,9,1,6,2,11,99,9,1,4,J,73,0,0,0,0,0,0,0,0,0,0,40,25,0,0,0,1,3,5,-5,-1,940,998,-35,4,0,4,95,95,95,95,0,995,9.8,998,998,998,99.8,99.8,99.8,291.178049171337,6,6
23242,32,106,1-32-2021-106-03,3,1,3HSDJAPR1GN7,17,526,2564,66,0,84,881,2016,66,8,68,0,1,R,9,,,,,,,5,64,1,0,0,995,0,0,0,75081,9,9,1,2,4,2,1,1,1,1,3,3,0,0,3,1,0,0,9,1,10,2,16,1,1,2,4,J,70,,,,,,,,,,,,,,,,,,,,,,,,,,,95,95,95,95,,,9.8,998,998,998,99.8,99.8,99.8,2285.51560642615,7,6
23242,32,106,1-32-2021-106-03,3,2,1C4PJLAB9HW6,17,483,1945,7,0,2,404,2017,14,3,14,0,1,F,2,1669,5,9999,9,4,40,2,64,1,0,0,995,0,0,0,97212,1,9,1,2,4,1,1,1,1,1,1,3,0,0,3,1,0,0,9,0,1,4,60,99,1,1,4,J,71,0,0,0,0,0,0,0,0,0,0,35,50,0,0,0,1,5,999,999,999,9999999,999,999,999,7,0,9,97,0,99,0,995,9.8,998,998,998,99.8,99.8,99.8,2285.51560642615,7,6
23243,32,107,1-32-2021-107-03,3,1,2FMPK3K83JBB,17,460,1797,7,0,12,24,2018,6,1,4,0,1,F,1,1774,5,0,1,1,12,2,72,1,0,0,995,0,0,0,75043,1,9,2,4,5,2,1,1,2,4,1,1,0,0,1,8,1,2,9,0,14,4,66,99,1,1,5,L,88,0,0,0,0,0,0,0,0,0,0,320,250,0,0,0,1,3,17,-16,-6,14549,998,-27,14,0,4,9,97,0,0,0,995,9.8,998,998,998,99.8,99.8,99.8,2285.51560591777,7,6
23243,32,107,1-32-2021-107-03,3,2,JT2BG22K1Y04,17,448,2469,13,0,49,40,2000,4,1,3,0,1,L,1,1360,5,9999,9,0,998,2,72,1,0,0,995,0,0,0,75149,9,1,2,3,2,2,1,1,3,1,1,1,0,0,1,8,1,2,9,0,14,2,17,8,1,1,5,L,89,0,0,0,0,0,0,0,0,0,0,250,320,0,0,0,1,3,20,0,20,33894,998,-32,23,0,4,0,0,0,0,0,995,9.8,998,998,998,99.8,99.8,99.8,2285.51560591777,7,6
23245,14,69,1-14-2021-069-01,1,1,4T1SK12E5SU6,17,448,2469,13,0,49,40,1995,4,1,2,0,1,F,2,1330,5,0,1,1,21,2,113,1,0,9,998,8,0,9,33060,9,1,0,2,3,3,2,1,1,9,3,2,1,3,1,1,0,0,9,1,15,3,50,99,1,2,2,D,20,0,0,0,0,0,0,0,0,0,0,50,45,0,0,0,1,5,999,999,999,9999999,999,999,39,3,0,9,97,0,1,0,995,9.8,998,998,998,99.8,99.8,99.8,250.817628345682,8,6
23245,14,69,1-14-2021-069-01,1,2,3AKJGNDV6MDM,17,450,13816,66,0,82,881,2021,66,8,68,0,1,B,9,,,,,,,5,113,1,0,0,995,0,0,0,19603,9,9,0,2,3,2,2,1,1,9,3,3,0,3,1,1,0,0,9,0,5,3,53,99,1,1,2,D,21,,,,,,,,,,,,,,,,,,,,,,,,,,,95,95,95,95,,,9.8,998,998,998,99.8,99.8,99.8,250.817628345682,8,6
23245,14,69,1-14-2021-069-01,1,3,1XKTDB9X0XJ8,17,532,9715,66,0,85,881,1999,66,8,68,0,1,F,9,,,,,,,5,113,1,0,0,995,0,0,0,77437,9,9,0,2,3,1,2,1,1,9,1,3,2,3,1,1,0,0,9,0,5,4,60,99,1,1,6,M,98,,,,,,,,,,,,,,,,,,,,,,,,,,,95,95,95,95,,,9.8,998,998,998,99.8,99.8,99.8,250.817628345682,8,6
23246,31,69,1-31-2021-069-03,3,1,3N1CN7AP3JL8,17,478,1894,13,0,35,50,2018,4,1,2,0,1,F,2,1114,5,9999,9,1,25,2,72,1,0,0,995,0,0,0,62869,9,9,2,4,4,3,2,2,1,1,1,2,0,0,1,2,1,2,9,0,11,2,15,2,1,1,4,J,68,0,0,0,0,0,0,0,0,0,0,280,120,0,0,0,1,1,28,-24,-14,85014,998,-93,36,0,4,9,97,0,0,0,995,9.8,998,998,998,99.8,99.8,99.8,227.863878959868,6,6
23246,31,69,1-31-2021-069-03,3,2,KMHDH4AE6CU4,17,498,2735,13,0,55,35,2012,4,1,3,0,1,F,2,1265,5,9999,9,1,11,2,72,1,0,0,995,0,0,0,62869,9,9,2,4,3,1,2,2,1,1,1,1,0,0,1,2,1,2,9,0,1,4,62,99,1,1,4,J,69,0,0,0,0,0,0,0,0,0,0,120,280,0,0,0,1,1,25,-24,-4,12538,998,-88,13,0,4,0,0,0,0,0,995,9.8,998,998,998,99.8,99.8,99.8,227.863878959868,6,6
23247,31,70,1-31-2021-070-06,6,1,1G4GF5E36DF3,17,468,1821,13,0,18,22,2013,4,1,4,0,1,F,2,1785,5,9999,9,4,35,2,89,1,0,0,995,0,1,0,62821,9,9,0,4,2,1,2,1,2,1,1,4,0,0,2,1,0,0,9,1,14,2,12,99,1,4,1,B,6,1,4,2,6,2,4,60,4,1,26,998,998,0,0,0,1,12,999,999,999,9999999,999,999,999,7,0,9,97,0,8,3,998,1.1,120,18,999,12.5,2.2,12.7,252.661130281061,6,6
23248,27,77,1-27-2021-077-03,3,1,3N63M0YN8JK6,17,467,1921,95,0,20,445,2018,20,4,20,0,1,F,2,1475,5,0,1,1,8,2,56,1,8,0,995,0,7,0,01201,9,9,0,4,2,1,2,1,2,1,1,2,0,0,1,1,0,0,3,1,14,2,10,4,1,2,3,I,64,0,0,0,0,0,0,0,0,0,0,998,998,0,0,0,4,12,999,999,999,9999999,999,999,999,7,0,9,97,0,99,0,998,1.3,5,5,-120,2.2,0.3,2.2,60.9211857981574,3,6
23248,27,77,1-27-2021-077-03,3,2,2HNYD28337H5,17,475,2147,7,0,54,421,2007,15,3,15,0,1,L,9,2064,5,9999,9,0,998,5,56,1,8,0,995,0,7,0,01201,9,9,0,4,2,1,2,1,1,1,1,2,0,0,1,1,0,0,1,0,1,4,62,99,1,1,3,I,65,0,0,0,0,0,0,0,0,0,0,200,10,0,0,0,1,0,999,999,999,9999999,999,999,999,9,0,95,95,95,95,0,995,9.8,998,998,998,99.8,99.8,99.8,60.9211857981574,3,6
23249,27,78,1-27-2021-078-06,6,1,3VWD07AJ6EM2,17,482,3137,13,0,30,40,2014,4,1,3,0,1,F,3,1393,5,0,1,1,19,2,64,1,9,1,190,2,0,2,01201,2,2,0,4,2,1,2,1,2,2,1,2,0,0,3,1,0,0,9,1,14,2,12,99,1,4,1,B,6,0,0,0,0,0,0,0,0,0,0,998,998,0,0,2,1,12,999,999,999,9999999,999,999,999,8,0,1,1,0,4,0,998,1.0,9,9,120,17.7,1.3,17.8,123.897201118674,3,6
23251,26,129,1-26-2021-129-01,1,1,1N4BL11D34C1,17,478,1904,13,0,35,47,2004,4,1,4,0,1,L,3,1456,5,0,1,1,46,2,105,1,9,1,0,4,9,1,95842,2,9,1,2,5,1,2,1,1,1,1,3,0,0,3,1,0,0,9,1,1,1,9,99,3,4,1,A,2,1,2,1,2,1,2,63,1,2,17,998,998,0,0,5,4,7,999,999,999,9999999,999,999,999,8,0,3,10,1,1,3,998,3.9,999,999,999,0.0,0.0,0.0,16.1978920011732,10,6
23253,26,131,1-26-2021-131-03,3,1,KNDJT2A61D76,17,499,2460,7,0,63,37,2013,6,1,2,0,1,F,2,1260,5,9999,9,4,50,5,64,1,0,0,995,0,0,0,95608,9,9,2,1,3,1,2,1,1,1,3,3,0,0,1,1,1,2,9,0,1,2,17,99,9,1,4,J,69,0,0,0,0,0,0,0,0,0,0,250,15,0,0,0,1,12,999,999,999,9999999,999,999,999,7,0,95,95,95,95,0,995,9.8,998,998,998,99.8,99.8,99.8,175.949670975935,10,6
23253,26,131,1-26-2021-131-03,3,2,19UDE2F74KA0,17,475,2150,13,0,54,41,2019,4,1,3,0,1,R,2,1415,5,9999,9,5,50,2,64,1,0,0,995,0,0,0,95670,1,9,2,1,3,3,2,1,1,1,1,0,0,0,1,1,1,2,1,0,11,4,63,99,9,1,4,J,68,0,0,0,0,0,0,0,0,0,0,15,250,0,0,0,1,12,999,999,999,9999999,999,999,999,7,0,1,2,0,4,0,995,9.8,998,998,998,99.8,99.8,99.8,175.949670975935,10,6
23253,26,131,1-26-2021-131-03,3,3,1G1ZT58N97F2,17,467,1834,13,0,20,37,2007,4,1,3,0,1,F,9,1416,5,9999,9,0,998,5,48,1,0,0,995,0,0,0,95670,9,9,2,1,2,1,2,1,1,2,0,1,0,0,1,1,1,2,1,0,5,4,62,1,1,1,6,M,98,0,0,0,0,0,0,0,0,0,0,165,290,0,0,0,2,0,999,999,999,9999999,999,999,999,9,0,95,95,95,95,0,995,9.8,998,998,998,99.8,99.8,99.8,175.949670975935,10,6
23254,22,90,1-22-2021-090-06,6,1,3C6UR5GL2DG5,17,496,13621,60,0,7,482,2013,34,5,31,0,1,F,1,2857,5,9999,9,0,998,2,56,1,0,0,995,0,0,0,83501,9,9,2,4,5,2,2,1,1,1,3,1,0,0,1,1,1,1,9,0,1,2,17,99,1,1,5,L,86,0,0,0,0,0,0,0,0,0,0,50,130,0,0,0,1,3,18,-17,6,36086,998,94,16,0,4,0,0,0,0,0,995,9.8,998,998,998,99.8,99.8,99.8,147.239441641907,12,6
23254,22,90,1-22-2021-090-06,6,2,3VW3L7AJ3CM4,17,482,3137,13,0,30,40,2012,4,1,3,0,1,R,2,1434,5,0,1,1,3,2,40,1,0,0,995,0,0,0,83501,9,2,2,4,5,2,2,1,1,4,3,1,0,0,1,1,1,1,3,0,1,2,17,1,1,1,5,L,87,0,0,0,0,0,0,0,0,0,0,130,50,0,0,0,1,3,34,-6,-34,85341,998,21,37,0,4,1,1,0,4,0,995,9.8,998,998,998,99.8,99.8,99.8,147.239441641907,12,6
23255,22,91,1-22-2021-091-03,3,1,2T1BURHE7EC1,17,448,2208,13,0,49,32,2014,4,1,3,0,1,L,1,1290,5,9999,9,0,998,2,40,1,0,0,995,0,0,0,83843,9,9,2,4,3,2,2,1,1,2,1,2,0,0,1,1,2,2,9,0,11,2,15,99,1,1,4,K,82,0,0,0,0,0,0,0,0,0,0,325,70,0,0,0,1,3,18,-6,17,24346,998,-59,20,0,4,0,0,0,0,0,995,9.8,998,998,998,99.8,99.8,99.8,72.3987410604296,12,6
23255,22,91,1-22-2021-091-03,3,2,3MZBN1U7XJM2,17,473,2074,13,0,41,51,2018,4,1,3,0,1,F,1,1327,5,0,1,1,17,2,40,1,0,0,995,0,0,0,99163,1,2,2,4,2,1,2,1,1,4,0,2,0,0,1,1,0,0,1,0,1,4,67,2,1,1,4,K,83,0,0,0,0,0,0,0,0,0,0,70,325,0,0,0,1,3,17,-17,0,10494,998,-20,14,0,4,1,2,0,4,0,995,9.8,998,998,998,99.8,99.8,99.8,72.3987410604296,12,6
23256,18,73,1-18-2021-073-10,10,1,1GCEC14Z2ME1,17,467,10978,60,0,20,481,1991,34,5,31,0,1,F,1,2722,8,9999,9,0,998,2,64,1,0,0,995,0,0,0,54703,1,9,3,4,2,1,2,1,1,1,1,2,0,0,2,1,0,0,1,0,1,3,52,99,1,1,2,D,28,0,0,0,0,0,0,0,0,0,0,90,90,0,0,0,1,3,15,-15,0,24719,998,0,15,0,4,0,0,0,0,0,995,9.8,998,998,998,99.8,99.8,99.8,6199.58237005102,6,6
23256,18,73,1-18-2021-073-10,10,2,YV1MW3821621,17,485,3128,15,0,51,48,2006,6,1,3,0,1,B,2,1414,5,0,1,1,11,2,64,1,0,0,995,0,0,0,54729,1,9,3,4,2,1,2,1,1,1,1,2,0,0,2,1,0,0,1,0,2,3,53,1,1,1,2,D,30,0,0,0,0,0,0,0,0,0,0,90,90,0,0,0,1,3,27,27,0,40033,998,0,26,0,4,0,0,0,0,0,995,9.8,998,998,998,99.8,99.8,99.8,6199.58237005102,6,6
23257,18,74,1-18-2021-074-03,3,1,1FMSK8DH8LGA,17,460,1800,7,0,12,425,2020,15,3,15,0,1,F,1,2022,5,0,1,1,5,2,89,1,0,0,995,0,0,0,53023,1,9,0,4,2,1,2,1,1,1,1,4,0,0,2,1,0,0,1,0,1,6,87,3,1,1,1,C,13,0,0,0,0,0,0,0,0,0,0,998,998,0,0,0,1,10,999,999,999,9999999,999,42,18,2,0,9,97,0,99,0,998,9.8,998,998,998,99.8,99.8,99.8,284.070744731219,6,6
23258,29,75,1-29-2021-075-07,7,1,4T1BF1FK2CU5,17,448,2469,13,0,49,40,2012,4,1,3,0,1,F,1,1441,5,0,1,1,8,2,80,1,0,0,995,0,0,0,02885,9,9,0,3,2,1,2,1,1,9,1,3,0,0,1,1,0,0,1,0,1,6,87,2,1,1,1,C,13,0,0,0,0,0,0,0,0,0,0,998,998,0,0,0,1,10,999,999,999,9999999,999,-16,13,2,0,0,0,0,0,0,998,9.8,998,998,998,99.8,99.8,99.8,289.713877133039,2,6
23259,29,76,1-29-2021-076-06,6,1,2GNALBEK1E61,17,467,1847,7,0,20,404,2014,14,3,14,0,1,F,2,1706,5,0,1,1,6,2,48,1,0,1,0,2,1,0,02744,9,1,0,4,2,1,2,1,1,1,0,2,0,0,1,1,0,0,1,1,1,1,8,1,1,4,1,B,6,0,0,0,0,0,0,0,0,0,0,998,998,0,1,7,3,10,999,999,999,9999999,999,-32,25,3,0,1,2,0,4,0,998,0.0,120,14,7,0.0,0.0,0.0,100.537137010648,2,6
23262,26,130,1-26-2021-130-03,3,1,5YFEPMAE3MP2,17,448,2208,13,0,49,32,2021,4,1,3,0,1,F,2,1315,5,0,1,1,8,2,56,1,0,1,0,2,0,0,95821,5,2,0,4,2,1,2,1,3,1,0,4,0,0,3,1,0,0,9,1,14,2,13,1,1,4,1,A,1,0,0,0,0,0,0,0,0,0,0,998,998,0,0,1,4,1,39,-39,7,87088,998,-20,39,0,2,1,2,0,4,0,998,0.0,120,15,15,13.9,2.6,14.1,175.9496709659,10,6
23263,20,124,1-20-2021-124-06,6,1,2C3KA43D99H6,17,477,1878,13,0,6,51,2009,4,1,5,0,1,F,2,1706,5,0,1,1,33,2,89,1,0,0,995,0,0,0,93905,9,1,2,1,3,2,2,1,1,4,1,1,0,0,3,8,1,2,1,0,1,2,17,7,1,1,4,K,83,0,0,0,0,0,0,0,0,0,0,75,345,0,0,0,1,1,25,-21,-12,68881,998,-113,25,0,1,1,1,0,4,0,995,0.0,5,5,120,0.6,0.1,0.6,218.32807739826,11,6
23263,20,124,1-20-2021-124-06,6,2,5TDZARFH7GS0,17,448,2213,7,0,49,403,2016,14,3,14,0,1,L,1,1925,5,0,1,1,45,2,56,1,0,0,995,0,0,0,93933,1,2,2,1,2,2,2,1,1,1,1,0,0,0,3,8,1,2,1,0,11,4,66,1,1,1,4,K,82,0,0,0,0,0,0,0,0,0,0,345,75,0,0,0,1,1,23,-11,20,50937,998,80,22,0,4,1,2,0,8,0,995,9.8,998,998,998,99.8,99.8,99.8,218.32807739826,11,6
23264,20,125,1-20-2021-125-03,3,1,1G1YU2D61G56,17,467,1831,3,0,20,4,2016,2,1,3,0,1,F,9,1599,5,9999,9,0,998,2,56,1,0,0,995,0,0,0,95076,9,1,3,1,2,1,2,1,1,1,0,3,0,0,3,1,0,0,9,0,1,3,52,99,1,1,2,D,28,0,0,0,0,0,0,0,0,0,0,35,60,9,0,0,1,0,999,999,999,9999999,999,999,999,9,0,0,0,0,0,0,995,9.8,998,998,998,99.8,99.8,99.8,108.311988901295,11,6
23264,20,125,1-20-2021-125-03,3,2,1C4HJWEG4HL6,17,483,1943,7,0,2,403,2017,14,3,14,0,1,B,1,1948,5,9999,9,4,51,2,56,1,0,0,995,0,0,0,93940,1,9,3,1,2,1,2,1,1,1,0,3,0,0,3,1,0,0,1,0,10,2,16,1,1,1,2,D,31,0,0,0,0,0,0,0,0,0,0,60,35,0,1,0,1,12,999,999,999,9999999,999,999,999,6,0,9,97,0,99,0,995,0.4,48,10,10,5.7,2.7,6.3,108.311988901295,11,6
23265,15,106,1-15-2021-106-03,3,1,1HGCR2F18HA0,17,474,1861,13,0,37,32,2017,4,1,4,0,1,F,9,1496,5,9999,9,4,21,2,48,1,8,9,998,8,7,9,11735,9,9,0,3,3,2,2,1,2,9,3,3,0,0,1,1,0,0,9,0,14,4,60,99,9,1,2,F,45,0,0,0,0,0,0,0,0,0,0,998,998,0,0,0,2,12,999,999,999,9999999,999,999,999,9,0,9,97,0,8,0,998,9.9,999,999,999,5.5,3.6,6.6,54.2763549555467,1,6
23265,15,106,1-15-2021-106-03,3,2,1G1FG1R71K01,17,467,1829,3,0,20,9,2019,2,1,4,0,1,R,9,1685,5,9999,9,0,998,5,48,1,8,9,998,8,7,9,11757,9,9,0,3,3,3,2,1,2,9,3,2,0,0,1,1,0,0,9,1,15,2,11,99,9,2,2,F,46,0,0,0,0,0,0,0,0,0,0,100,100,0,0,0,1,0,999,999,999,9999999,999,999,999,9,0,95,95,95,95,0,995,9.8,998,998,998,99.8,99.8,99.8,54.2763549555467,1,6
23266,15,107,1-15-2021-107-03,3,1,5NPE34AF1JH6,17,498,2459,13,0,55,33,2018,4,1,4,0,1,F,1,1572,5,9999,9,4,53,2,999,1,8,9,998,8,7,9,11203,9,9,2,4,4,1,2,1,1,3,1,1,0,0,1,8,1,2,9,0,1,3,52,99,9,1,2,D,28,0,0,0,0,0,0,0,0,0,0,0,0,0,0,0,1,12,999,999,999,9999999,999,999,999,6,0,99,99,0,0,0,995,9.8,998,998,998,99.8,99.8,99.8,32.8289215855829,1,6
23266,15,107,1-15-2021-107-03,3,2,5J6RM4H77EL0,17,474,1865,7,0,37,402,2014,14,3,14,0,1,B,9,1583,5,9999,9,0,998,5,999,1,8,9,998,8,7,9,10017,9,9,2,4,4,1,2,1,1,3,1,1,0,0,1,8,1,2,9,0,2,3,53,99,1,1,2,D,29,0,0,0,0,0,0,0,0,0,0,0,0,0,0,0,1,0,999,999,999,9999999,999,999,999,9,0,95,95,95,95,0,995,9.8,998,998,998,99.8,99.8,99.8,32.8289215855829,1,6
23267,21,124,1-21-2021-124-07,7,1,JH4KC1F57FC0,17,475,2149,13,0,54,36,2015,4,1,4,0,1,R,1,1788,5,0,1,3,27,2,64,1,9,0,995,0,9,0,37055,2,2,0,4,6,2,2,1,3,1,3,2,0,0,3,1,0,0,9,1,14,2,11,3,1,2,2,F,46,0,0,0,0,0,0,0,0,0,0,240,230,0,0,0,1,12,999,999,999,9999999,999,999,999,6,0,0,0,0,4,0,995,2.9,999,15,15,0.0,0.0,0.0,1812.31265917081,11,6
23267,21,124,1-21-2021-124-07,7,2,5TETX22N36Z1,17,448,2223,60,0,49,472,2006,34,5,31,0,1,F,9,1567,5,9999,9,0,998,2,64,1,0,0,995,0,0,0,92501,9,1,0,4,6,1,2,1,3,1,0,3,0,0,3,1,0,0,9,0,14,4,60,99,1,1,2,F,45,0,0,0,0,0,0,0,0,0,0,998,998,0,0,0,6,0,999,999,999,9999999,999,999,999,9,0,0,0,0,0,0,998,2.9,45,15,15,0.0,0.0,0.0,1812.31265917081,11,6
23268,21,125,1-21-2021-125-05,5,1,1HGCT1B38DA0,17,474,1861,3,0,37,32,2013,2,1,3,0,1,F,2,1475,8,0,1,5,45,2,72,1,0,1,11,2,0,2,92404,9,1,0,5,3,1,2,1,3,1,0,2,0,0,1,8,0,0,9,1,14,2,11,99,1,4,2,F,44,0,0,0,0,0,0,0,0,0,0,230,220,0,0,0,1,5,999,999,999,9999999,999,999,999,7,0,2,6,0,3,0,995,9.8,998,998,998,99.8,99.8,99.8,89.9087267080456,11,6
23268,21,125,1-21-2021-125-05,5,2,4V4NC9EJ2GN9,17,487,1967,66,0,51,881,2016,66,8,68,0,2,L,9,,,,,,,,,,,,,,,,,,,,,,,,,,,,,,,,,,,,,,,,,,,,,,,,,,,,,,,,,,,,,,,,,,,,,,,,95,95,95,95,,,,,,,,,,89.9087267080456,11,6
23269,21,126,1-21-2021-126-03,3,1,1G1ZB5ST8HF1,17,467,1834,13,0,20,37,2017,4,1,4,0,1,F,2,1400,5,0,1,5,63,2,40,1,1,9,998,8,9,9,92407,9,1,2,4,4,2,2,1,3,1,1,1,0,0,3,1,1,2,9,1,14,2,12,99,1,4,1,B,6,0,0,0,0,0,0,0,0,0,0,998,998,0,1,2,3,11,999,999,999,9999999,999,999,999,7,0,1,1,0,99,0,998,0.0,45,15,20,0.0,0.0,0.0,329.251099768821,11,6
23270,21,127,1-21-2021-127-05,5,1,WDDSJ4EBXEN0,17,449,2083,13,0,42,54,2014,4,1,3,0,1,T,1,1480,5,0,1,1,12,2,113,1,0,0,995,0,0,0,89108,2,9,0,1,3,1,2,1,1,4,1,3,2,3,1,1,0,0,1,1,1,2,13,99,3,4,1,A,2,1,2,2,2,1,4,61,1,2,15,997,997,0,1,0,2,6,999,999,999,9999999,999,999,999,6,0,1,1,0,8,3,997,3.6,999,999,999,99.9,99.9,99.9,36.3602175147571,11,6
23271,30,85,1-30-2021-085-06,6,1,2HNYD18215H5,17,475,2147,7,0,54,421,2005,15,3,15,0,1,F,9,1992,5,9999,9,0,998,2,105,1,0,0,995,0,1,0,85201,9,9,0,2,4,2,2,1,3,1,3,3,0,0,1,1,0,0,1,1,14,2,10,99,9,2,2,F,45,0,0,0,0,0,0,0,0,0,0,330,0,0,0,0,1,0,999,999,999,9999999,999,999,999,9,0,0,0,0,0,0,995,9.8,998,998,998,99.8,99.8,99.8,1051.92553496215,10,6
23271,30,85,1-30-2021-085-06,6,2,1N6AD0ER3GN7,17,478,1919,60,0,35,472,2016,34,5,31,0,1,T,2,2073,5,0,1,1,42,2,105,1,0,0,995,0,0,0,85027,9,9,0,2,4,3,2,1,3,1,3,1,0,0,1,1,0,0,1,0,14,4,61,3,1,1,2,F,44,1,6,2,5,1,1,61,1,2,999,997,997,0,0,0,2,6,999,999,999,9999999,999,999,999,7,0,1,1,0,4,3,997,9.8,998,998,998,99.8,99.8,99.8,1051.92553496215,10,6