CASEID,PSU,CASENO,CASENUMBER,CATEGORY,VEHNO,VIN,VINLENGTH,VPICMAKE,VPICMODEL,VPICBODYCLASS,ICFINALBODY,MAKE,MODEL,MODELYR,BODYTYPE,BODYCAT,VEHCLASS,SPECUSE,TRANSTAT,DAMPLANE,DAMSEV,CURBWT,CURBSRC,CARGOWT,CARGOSRC,INSPTYPE,INSPLAG,TOWED,SPEEDLIMIT,DRPRESENT,PARALCOHOL,ALCTEST,ALCTESTRESULT,ALCTESTSRC,PARDRUG,DRUGTEST,ZIP,RACE,ETHNICITY,RELTOJUNCT,TRAFFLOW,RDLANES,INITLANE,SURFTYPE,SURFCOND,ALIGNMENT,PROFILE,LINERIGHT,LINELEFT,RUMBINIT,RUMBROAD,LIGHTCOND,WEATHER,TRAFDEV,TRAFFUNCT,DISTRACT,PREFHE,PREMOVE,CRITCAT,CRITEVENT,MANEUVER,PRESTAB,PRELOC,CRASHCAT,CRASHCONF,CRASHTYPE,ROLLTYPE,ROLLTURN,ROLLINTRPT,ROLLPREMAN,ROLLINITYP,ROLLINLOC,ROLLOBJ,ROLLTRIP,ROLLDIR,ROLLDIST,DVANGTHIS,DVANGOTH,TOWHITCH,TRAJDOC,TREEPOLE,DVEVENT,DVBASIS,DVTOTAL,DVLONG,DVLAT,DVENERGY,DVSPEED,DVMOMENT,DVBES,DVEST,DVCONF,VAIS,VISS,VINJURED,VTREAT,INITOBJCLASS,HEADANGLECAT,SHLDRWIDTH,STRKLENGTH,STRKWIDTH,STRKHEIGHT,EDGEDISTX,EDGEDISTY,EDGEDISTZ,CASEWGT,PSUSTRAT,VERSION
23273,28,73,1-28-2021-073-04,4,1,3GCUKRECXHG1,17,467,1850,60,0,20,481,2017,34,5,31,0,1,F,1,2394,5,0,1,1,14,2,89,1,0,0,995,0,0,0,16915,9,9,0,4,2,1,2,1,3,1,1,2,3,0,1,1,0,0,9,0,14,6,87,1,1,1,1,C,13,0,0,0,0,0,0,0,0,0,0,998,998,0,0,0,1,10,999,999,999,9999999,999,-44,21,2,0,0,0,0,0,0,998,9.8,998,998,998,99.8,99.8,99.8,39.3854945609915,3,6
23274,28,74,1-28-2021-074-06,6,1,2FTHF36F7SCA,17,460,1806,60,0,12,481,1995,34,5,31,0,1,F,1,2295,5,0,2,4,8,2,89,1,0,0,995,0,0,0,16746,1,2,3,4,2,1,2,1,1,1,1,4,0,0,1,1,6,2,1,1,6,4,61,1,1,2,4,J,73,0,0,0,0,0,0,0,0,0,0,150,110,0,0,0,1,3,11,-10,-4,13217,998,-83,11,0,4,0,0,0,0,0,995,9.8,998,998,998,99.8,99.8,99.8,47.2659314025208,3,6
23274,28,74,1-28-2021-074-06,6,2,NM0LE6E70G12,17,460,1811,95,0,12,444,2016,20,4,20,0,1,L,1,1624,8,227,1,1,7,2,89,1,0,0,995,0,0,0,16915,9,9,3,4,2,1,2,1,1,1,1,2,0,0,1,1,6,2,1,0,11,2,15,1,1,1,4,J,72,0,0,0,0,0,0,0,0,0,0,110,150,0,0,0,1,3,13,6,11,19105,998,102,13,0,4,1,1,0,4,0,995,9.8,998,998,998,99.8,99.8,99.8,47.2659314025208,3,6
23276,76,61,1-76-2021-061-02,2,1,2C4RDGCGXHR7,17,476,14832,2,0,7,442,2017,20,4,20,0,1,F,3,2050,5,0,1,1,32,2,89,1,8,0,995,0,7,0,12116,9,9,0,4,2,1,2,1,2,1,1,4,0,0,1,8,0,0,3,1,14,2,12,4,2,4,1,B,6,0,0,0,0,0,0,0,0,0,0,998,998,0,0,1,2,1,64,-60,22,425902,998,75,64,0,3,9,97,0,8,0,998,2.6,39,39,120,20.3,7.7,21.7,17.3682875210287,3,6
23277,76,62,1-76-2021-062-10,10,1,1GCFG15X6911,17,467,1848,95,0,20,461,2009,21,4,21,0,1,T,2,2102,5,9999,9,1,41,2,89,1,8,9,998,8,7,9,13753,9,9,0,4,2,1,2,1,3,1,1,2,0,0,5,8,0,0,9,1,14,1,6,99,4,4,1,B,7,1,2,2,2,1,4,61,1,1,14,997,997,0,1,0,1,6,999,999,999,9999999,999,999,999,7,0,0,0,0,0,3,997,9.8,998,998,998,99.8,99.8,99.8,236.905023630994,3,6
23278,26,132,1-26-2021-132-03,3,1,1HGEM21951L0,17,474,1863,3,0,37,31,2001,2,1,2,0,1,F,1,1095,5,9999,9,0,998,5,64,1,0,0,995,0,0,0,95610,9,9,3,5,5,3,3,1,1,1,4,4,0,0,1,1,0,0,1,0,11,2,15,1,1,1,4,J,68,0,0,0,0,0,0,0,0,0,0,305,180,0,0,0,1,3,7,-7,-1,1417,998,-72,5,0,4,95,95,95,95,0,995,9.8,998,998,998,99.8,99.8,99.8,175.94967095799,10,6
23278,26,132,1-26-2021-132-03,3,2,W1N4N4HB9MJ2,17,449,2084,7,0,42,498,2021,14,3,14,0,1,L,1,1565,5,0,1,1,9,2,64,1,0,0,995,0,0,0,95678,2,2,3,5,5,1,2,1,1,1,1,3,0,0,1,1,0,0,1,0,1,4,62,7,1,1,4,J,69,0,0,0,0,0,0,0,0,0,0,180,305,0,0,0,1,3,4,-3,3,2291,998,21,6,0,4,1,2,0,6,0,995,0.0,999,999,999,0.0,0.0,0.0,175.94967095799,10,6
23279,25,83,1-25-2021-083-07,7,1,JM1BM1L76E11,17,473,2074,5,0,41,51,2014,5,1,3,0,1,F,2,1309,5,0,1,1,8,2,48,1,8,0,995,0,7,0,04049,9,9,0,4,2,1,2,1,1,4,1,2,0,0,1,1,0,0,1,0,1,3,50,2,1,1,2,D,20,0,0,0,0,0,0,0,0,0,0,100,100,0,0,0,1,3,26,-26,0,34482,998,-21,25,0,4,0,0,0,0,0,995,9.8,998,998,998,99.8,99.8,99.8,3057.46390011001,2,6
23279,25,83,1-25-2021-083-07,7,2,5TDBK3EH2DS1,17,448,2213,7,0,49,403,2013,14,3,14,0,1,B,1,1935,4,9999,9,0,998,5,48,1,8,0,995,0,7,8,04020,9,9,0,4,2,1,2,1,1,4,1,2,0,0,1,1,0,0,1,0,5,3,53,1,1,1,2,D,21,0,0,0,0,0,0,0,0,0,0,100,100,0,0,0,1,3,18,18,0,26062,998,-20,18,0,4,95,95,95,95,0,995,9.8,998,998,998,99.8,99.8,99.8,3057.46390011001,2,6
23280,30,87,1-30-2021-087-03,3,1,2GTEC19TXY12,17,472,1857,60,0,23,481,2000,34,5,31,0,1,F,9,1932,5,9999,9,0,998,2,105,1,0,0,995,0,0,0,85024,9,9,0,2,5,1,2,1,1,1,1,3,0,0,3,1,0,0,3,1,1,3,51,99,1,2,2,D,24,0,0,0,0,0,0,0,0,0,0,80,90,0,0,0,1,0,999,999,999,9999999,999,999,999,9,0,0,0,0,0,0,995,9.8,998,998,998,99.8,99.8,99.8,596.030382979873,10,6
23280,30,87,1-30-2021-087-03,3,2,2HGFC2F64LH5,17,474,1863,13,0,37,31,2020,4,1,3,0,1,B,9,1252,5,9999,9,0,998,2,105,1,0,1,0,2,0,2,85008,9,9,0,2,5,2,2,1,1,1,3,3,0,0,3,1,0,0,1,0,1,4,60,99,1,2,2,D,26,0,0,0,0,0,0,0,0,0,0,90,80,0,0,0,1,0,999,999,999,9999999,999,999,999,9,0,2,5,0,3,0,995,3.5,999,999,999,0.0,0.0,0.0,596.030382979873,10,6
23281,14,70,1-14-2021-070-07,7,1,3N1AB7AP2EY3,17,478,1907,13,0,35,43,2014,4,1,3,0,1,F,9,1293,5,9999,9,0,998,2,97,1,0,0,995,0,0,0,78238,9,1,0,2,3,2,2,1,1,9,3,3,0,3,2,1,0,0,3,0,1,3,52,99,1,1,2,D,28,0,0,0,0,0,0,0,0,0,0,240,240,0,0,0,1,0,999,999,999,9999999,999,999,999,9,0,99,99,0,99,0,995,9.8,998,998,998,99.8,99.8,99.8,12619.2341965831,8,6
23281,14,70,1-14-2021-070-07,7,2,3C6UR5CL4MG5,17,496,13621,60,0,7,482,2021,34,5,31,0,1,B,9,2255,5,9999,9,0,998,5,97,1,0,0,995,0,0,0,78655,9,9,0,2,3,2,2,1,1,9,3,3,0,3,2,1,0,0,9,0,2,3,53,99,1,1,2,D,29,0,0,0,0,0,0,0,0,0,0,240,240,0,0,0,1,0,999,999,999,9999999,999,999,999,9,0,95,95,95,95,0,995,9.8,998,998,998,99.8,99.8,99.8,12619.2341965831,8,6
23282,73,74,1-73-2021-074-01,1,1,2NKMHD7X07M1,17,532,2726,11,0,85,881,2007,63,8,60,0,1,F,9,,,,,,,2,40,1,1,8,997,8,9,3,40337,9,9,0,4,2,1,2,2,3,1,1,2,0,0,2,2,0,0,3,1,14,2,10,99,1,2,3,G,50,,,,,,,,,,,,,,,,,,,,,,,,,,,95,95,95,95,,,2.9,120,39,69,0.0,0.0,0.0,42.1619003808569,3,6
23282,73,74,1-73-2021-074-01,1,2,2G1WT58N6891,17,467,1833,13,0,20,2,2008,4,1,4,0,1,F,3,1630,5,9999,9,4,38,2,40,1,9,8,997,8,9,3,04950,9,9,0,4,2,1,2,2,2,1,1,2,0,0,2,2,0,0,1,0,14,4,62,99,1,1,3,G,51,0,0,0,0,0,0,0,0,0,0,0,190,0,0,0,1,5,999,999,999,9999999,999,999,999,8,0,9,97,0,1,0,995,9.8,998,998,998,99.8,99.8,99.8,42.1619003808569,3,6
23283,66,73,1-66-2021-073-04,4,1,5FNRL6H74LB0,17,474,1869,2,0,37,441,2020,20,4,20,99,1,F,9,2046,5,9999,9,0,998,2,89,1,0,0,995,0,7,0,65646,9,9,0,4,2,1,2,1,1,1,1,4,0,0,1,1,0,0,9,0,1,6,87,99,1,1,1,C,13,0,0,0,0,0,0,0,0,0,0,998,998,0,0,0,1,0,999,999,999,9999999,999,999,999,9,0,99,99,0,99,0,998,9.8,998,998,998,99.8,99.8,99.8,194.019430104638,6,6
23284,23,103,1-23-2021-103-03,3,1,4T1C11AK3LU9,17,448,2469,13,0,49,40,2020,4,1,4,0,1,F,9,1495,5,9999,9,0,998,5,89,1,0,0,995,0,0,0,43310,9,9,2,4,2,1,2,1,1,1,1,2,0,0,1,1,0,0,1,0,1,4,66,99,1,1,5,L,86,0,0,0,0,0,0,0,0,0,0,220,280,0,0,0,1,0,999,999,999,9999999,999,999,999,9,0,95,95,95,95,0,995,9.8,998,998,998,99.8,99.8,99.8,292.323167885317,5,6
23284,23,103,1-23-2021-103-03,3,2,1C4RJFBG4KC8,17,483,1949,7,0,2,422,2019,15,3,15,0,1,T,9,2211,5,9999,9,0,998,2,72,1,0,1,0,2,0,0,45817,1,2,2,4,2,1,2,1,1,2,1,2,0,0,1,1,2,2,1,0,1,2,17,99,9,1,5,L,87,1,3,2,2,1,3,61,1,2,16,997,997,0,0,0,2,0,999,999,999,9999999,999,999,999,9,0,2,6,0,3,3,997,9.8,998,998,998,99.8,99.8,99.8,292.323167885317,5,6
23285,23,104,1-23-2021-104-09,9,1,1FMDU34X1TUD,17,460,1800,7,0,12,401,1996,14,3,14,0,1,T,1,1631,5,68,1,1,15,2,999,1,0,0,995,0,1,3,43315,1,9,0,4,2,1,2,1,1,1,0,0,0,0,1,1,0,0,1,1,1,2,12,99,4,4,1,B,7,1,3,2,2,1,4,61,1,1,15,997,997,0,0,0,1,6,999,999,999,9999999,999,999,999,6,0,1,1,0,5,3,997,9.8,998,998,998,99.8,99.8,99.8,1882.4598453745,5,6
23287,54,59,1-54-2021-059-09,9,1,2GCEC13C2715,17,467,1850,60,0,20,481,2007,34,5,31,0,1,F,3,2262,5,0,1,1,23,2,105,1,0,0,995,0,0,0,35565,1,9,3,1,2,2,2,2,1,1,3,2,1,3,1,8,0,0,9,0,1,3,52,2,1,1,2,D,28,0,0,0,0,0,0,0,0,0,0,50,50,0,0,0,1,3,42,-42,7,161295,998,39,41,0,4,9,97,0,99,0,995,9.8,998,998,998,99.8,99.8,99.8,388.3598522871,9,6
23287,54,59,1-54-2021-059-09,9,2,1GCEK19T64Z2,17,467,1850,60,0,20,481,2004,34,5,31,0,1,B,3,2151,5,9999,9,0,998,5,105,1,0,0,995,0,0,0,35654,9,9,3,1,2,2,2,2,1,1,3,2,1,3,1,8,0,0,9,0,2,2,18,99,1,1,2,D,30,0,0,0,0,0,0,0,0,0,0,50,50,0,0,0,1,3,46,46,-8,206360,998,56,47,0,4,95,95,95,95,0,995,9.8,998,998,998,99.8,99.8,99.8,388.3598522871,9,6
23288,77,74,1-77-2021-074-07,7,1,1FT7W2A62GEA,17,460,1805,60,0,12,481,2016,34,5,31,0,1,F,1,2970,5,227,1,6,13,2,105,1,0,0,995,0,0,0,22811,9,9,0,2,2,2,2,1,1,9,3,2,1,3,1,1,0,0,1,0,1,3,50,99,1,1,2,D,20,0,0,0,0,0,0,0,0,0,0,270,270,0,0,0,1,12,999,999,999,9999999,999,999,999,6,0,0,0,0,0,0,995,9.8,998,998,998,99.8,99.8,99.8,530.67834562786,9,6
23288,77,74,1-77-2021-074-07,7,2,JF2GTAMC0J82,17,523,13580,7,0,48,403,2018,14,3,14,0,1,B,9,1500,5,9999,9,0,998,5,105,1,0,0,995,0,0,0,24482,9,9,0,2,2,2,2,1,1,9,3,2,1,3,1,1,0,0,1,0,5,3,53,1,1,1,2,D,21,0,0,0,0,0,0,0,0,0,0,270,270,0,0,0,1,0,999,999,999,9999999,999,999,999,9,0,95,95,95,95,0,995,9.8,998,998,998,99.8,99.8,99.8,530.67834562786,9,6
23289,77,75,1-77-2021-075-05,5,1,5TFPX4EN6CX0,17,448,2223,60,0,49,472,2012,34,5,30,0,1,U,2,1662,8,0,1,1,10,2,105,1,0,1,0,2,0,1,22980,1,9,0,2,2,2,2,1,1,9,3,2,1,3,1,1,0,0,9,1,1,2,12,4,3,4,1,A,2,0,0,0,0,0,0,0,0,0,0,996,996,0,0,0,3,7,999,999,999,9999999,999,999,999,7,0,1,1,0,3,0,996,3.2,999,999,999,99.9,99.9,99.9,88.1068153208075,9,6
23290,59,52,1-59-2021-052-03,3,1,1GKEK13Z42R1,17,472,1859,7,0,23,421,2002,15,3,15,0,1,B,1,2506,5,0,1,1,4,2,48,1,0,0,995,0,0,0,47804,9,9,2,4,2,1,2,1,1,1,1,2,0,0,1,1,0,0,9,0,2,3,53,1,1,1,2,D,29,0,0,0,0,0,0,0,0,0,0,10,5,0,0,0,1,1,14,14,0,10965,998,34,10,0,4,99,99,0,99,0,995,9.8,998,998,998,99.8,99.8,99.8,298.866336810781,6,6
23290,59,52,1-59-2021-052-03,3,2,2C3CDXCTXKH6,17,476,1895,13,0,7,24,2019,4,1,5,0,1,F,1,1934,5,0,1,1,4,2,48,1,0,0,995,0,0,0,47805,1,2,2,4,2,1,2,1,1,1,1,2,0,0,1,1,0,0,1,0,1,3,52,3,1,1,2,D,28,0,0,0,0,0,0,0,0,0,0,5,10,0,0,0,1,1,17,-17,0,35390,998,23,20,0,4,1,1,0,0,0,995,9.8,998,998,998,99.8,99.8,99.8,298.866336810781,6,6
23291,12,41,1-12-2021-041-04,4,1,2T3RFREV9JW7,17,448,2217,7,0,49,402,2018,14,3,14,0,1,F,2,1581,5,136,2,1,11,2,121,1,0,0,995,0,0,0,77840,1,2,0,2,2,1,1,1,3,1,1,3,2,3,2,8,0,0,1,0,14,6,87,3,1,1,1,C,13,0,0,0,0,0,0,0,0,0,0,998,998,0,0,0,1,10,999,999,999,9999999,999,1,26,3,0,1,1,0,7,0,998,9.8,998,998,998,99.8,99.8,99.8,239.57959174549,9,6
23292,12,42,1-12-2021-042-09,9,1,1MEFM50U12G6,17,465,2365,13,0,14,17,2002,4,1,3,0,1,F,9,1514,8,0,2,0,998,2,72,1,0,0,995,0,0,0,73443,5,2,0,4,2,1,2,1,1,2,0,0,0,0,2,1,0,0,1,1,1,6,87,7,1,4,1,B,8,0,0,0,0,0,0,0,0,0,0,998,998,0,0,0,1,0,999,999,999,9999999,999,999,999,9,0,1,2,0,4,0,998,0.0,999,999,999,27.2,13.0,30.4,299.767977174173,9,6
23293,17,74,1-17-2021-074-03,3,1,WDC0G4KB5HF1,17,449,5885,7,0,42,405,2017,14,3,14,0,1,F,1,1815,5,0,1,1,10,2,48,1,9,0,995,0,9,0,61275,9,9,2,1,3,2,1,1,1,1,3,1,0,0,3,1,1,2,1,0,1,2,17,2,1,1,5,L,86,0,0,0,0,0,0,0,0,0,0,160,250,0,0,0,1,1,17,-15,9,32162,998,59,19,0,4,1,1,0,4,0,995,9.8,998,998,998,99.8,99.8,99.8,89.6630760028756,4,6
23293,17,74,1-17-2021-074-03,3,2,1FTEW1EP9KKE,17,460,1801,60,0,12,481,2019,34,5,31,0,1,R,1,2130,5,0,1,1,7,2,48,1,9,0,995,0,9,0,61265,1,2,2,1,5,2,1,1,1,1,1,3,0,0,3,1,1,2,1,0,1,4,66,7,1,1,5,L,87,0,0,0,0,0,0,0,0,0,0,250,160,0,0,0,1,1,14,-7,-12,18411,998,-115,12,0,4,1,1,0,4,0,995,9.8,998,998,998,99.8,99.8,99.8,89.6630760028756,4,6
23294,17,75,1-17-2021-075-10,10,1,2CNDL23F4560,17,467,1847,7,0,20,404,2005,14,3,14,0,1,F,2,1660,5,0,1,1,11,2,48,1,1,1,47,1,9,0,52655,9,9,2,4,4,2,2,1,1,1,3,2,0,0,4,1,1,2,3,0,1,3,50,1,1,1,2,D,20,0,0,0,0,0,0,0,0,0,0,320,320,0,0,0,1,1,32,-32,0,99434,998,0,39,0,1,0,0,0,0,0,995,9.8,998,998,998,99.8,99.8,99.8,1761.24031709982,4,6
23294,17,75,1-17-2021-075-10,10,2,3FA6P0H77ER1,17,460,1780,13,0,12,23,2014,4,1,4,0,1,B,2,1554,5,0,1,1,10,2,48,1,9,0,995,0,9,0,61476,9,9,2,4,4,2,2,1,1,1,3,2,0,0,4,1,1,2,1,0,5,3,53,1,1,1,2,D,21,0,0,0,0,0,0,0,0,0,0,320,320,0,0,0,1,1,34,34,0,42019,998,0,26,0,1,1,1,0,4,0,995,9.8,998,998,998,99.8,99.8,99.8,1761.24031709982,4,6
23295,19,136,1-19-2021-136-05,5,1,1ZVBP8AM4C52,17,460,1781,3,0,12,3,2012,2,1,3,0,1,R,1,1701,5,0,1,1,7,2,72,1,0,0,995,0,0,0,35904,1,9,0,4,2,1,2,2,3,4,0,0,0,0,1,98,0,0,9,1,14,2,13,2,1,4,1,A,1,0,0,0,0,0,0,0,0,0,0,998,998,0,1,1,2,1,8,-4,-7,9077,998,125,8,0,3,1,1,0,4,0,998,0.0,26,26,97,20.3,1.7,20.0,49.3818731390809,9,6
23296,19,137,1-19-2021-137-08,8,1,1D7KS28C86J2,17,476,1938,60,0,7,482,2006,34,5,31,0,1,F,1,2764,5,0,1,1,3,3,56,1,0,0,995,0,0,0,35903,1,9,0,4,2,1,2,2,3,1,1,2,0,0,2,8,0,0,9,1,14,2,13,7,2,4,1,A,1,0,0,0,0,0,0,0,0,0,0,998,998,0,1,1,2,1,23,-23,0,61402,998,9,23,0,1,9,97,0,8,0,998,0.0,45,40,-120,37.7,5.6,38.7,542.029024329303,9,6
23297,19,138,1-19-2021-138-02,2,1,KNMAT2MV4JP5,17,478,1913,8,0,35,51,2018,6,1,3,0,1,F,3,1610,5,0,1,5,9,2,121,1,9,0,995,0,9,0,30101,2,2,0,2,2,1,2,1,1,1,1,3,2,3,2,1,0,0,1,0,1,3,51,3,1,1,2,D,24,0,0,0,0,0,0,0,0,0,0,110,125,0,1,0,1,3,59,-58,-10,241960,998,-37,58,0,4,1,1,0,4,0,995,9.8,998,998,998,99.8,99.8,99.8,47.1230765782335,9,6
23297,19,138,1-19-2021-138-02,2,2,1J4GW68S0XC6,17,483,1949,7,0,2,404,1999,14,3,14,0,1,B,3,1800,5,0,1,1,10,2,121,1,9,0,995,0,9,0,35904,1,9,0,2,2,1,2,1,1,1,1,3,2,3,2,1,0,0,9,0,1,3,53,1,1,1,2,D,25,1,4,2,5,1,1,61,1,2,999,125,110,0,1,0,1,3,54,54,-9,254645,998,55,55,0,4,9,97,0,8,3,995,9.8,998,998,998,99.8,99.8,99.8,47.1230765782335,9,6
23298,19,139,1-19-2021-139-05,5,1,1HGCP2F68CA0,17,474,1861,13,0,37,32,2012,4,1,4,0,1,F,2,1468,5,0,1,1,2,2,999,1,0,1,298,2,0,0,35903,1,9,0,4,2,1,2,2,2,1,1,2,0,0,1,8,0,0,9,1,14,2,13,99,1,4,1,A,1,0,0,0,0,0,0,0,0,0,0,998,998,0,1,0,6,10,999,999,999,9999999,999,-10,25,3,0,2,4,0,3,0,998,0.2,999,999,999,27.9,1.5,28.1,49.3818731390809,9,6
23302,11,56,1-11-2021-056-04,4,1,KMHD35LH2EU1,17,498,2735,5,0,55,35,2014,5,1,2,0,1,R,1,1295,5,9999,9,4,71,2,64,1,0,0,995,0,0,0,23223,9,9,2,4,2,1,2,1,1,2,1,2,0,0,2,1,2,2,1,0,1,2,17,99,1,1,5,L,87,0,0,0,0,0,0,0,0,0,0,260,180,0,0,0,1,3,17,-3,-17,23102,998,31,20,0,4,0,0,0,0,0,995,9.8,998,998,998,99.8,99.8,99.8,877.077837318034,8,6
23302,11,56,1-11-2021-056-04,4,2,19XFC2F79HE0,17,474,1863,13,0,37,31,2017,4,1,3,0,1,F,1,1244,5,0,1,1,12,2,72,1,9,0,995,0,9,0,99999,9,9,2,4,2,1,2,1,1,1,1,2,0,0,2,1,0,0,9,0,1,4,66,4,1,1,5,L,86,0,0,0,0,0,0,0,0,0,0,180,260,0,0,0,1,3,19,-17,6,9958,998,25,14,0,4,99,99,0,99,0,995,9.8,998,998,998,99.8,99.8,99.8,877.077837318034,8,6
23305,24,135,1-24-2021-135-08,8,1,4T1BE32K84U8,17,448,2469,13,0,49,40,2004,4,1,3,0,1,L,3,1455,5,0,1,1,15,2,64,1,0,0,995,0,0,0,08401,9,9,0,1,2,1,2,2,1,9,1,3,0,0,1,2,0,0,9,1,1,1,5,99,3,4,1,B,7,0,0,0,0,0,0,0,0,0,0,998,998,0,0,0,2,10,999,999,999,9999999,999,14,42,4,0,9,97,0,8,0,998,9.9,999,999,999,0.0,0.0,0.0,218.637888828744,1,6
23306,24,136,1-24-2021-136-09,9,1,WDC0G4KB8KV1,17,449,5885,7,0,42,405,2019,14,3,14,0,1,B,1,1815,5,9999,9,0,998,5,89,1,0,0,995,0,0,0,08037,9,9,3,1,2,2,2,2,1,1,3,2,1,0,1,2,0,0,1,0,5,3,53,1,1,1,2,D,22,0,0,0,0,0,0,0,0,0,0,140,140,0,0,0,1,3,11,11,0,6342,998,0,9,0,4,95,95,95,95,0,995,9.8,998,998,998,99.8,99.8,99.8,1585.14715360824,1,6
23306,24,136,1-24-2021-136-09,9,2,2T1BR32E86C6,17,448,2208,13,0,49,32,2006,4,1,2,0,1,F,1,1135,5,0,1,1,28,2,89,1,0,0,995,0,0,0,19095,9,9,3,1,2,2,2,2,1,1,3,2,1,0,1,2,0,0,3,0,1,3,50,99,9,1,2,D,20,0,0,0,0,0,0,0,0,0,0,140,140,0,0,0,1,3,15,-15,0,13803,998,0,16,0,4,1,1,0,4,0,995,9.8,998,998,998,99.8,99.8,99.8,1585.14715360824,1,6
23308,52,151,1-52-2021-151-06,6,1,1G1ZH57B88F1,17,467,1834,13,0,20,37,2008,4,1,4,0,1,F,1,1569,5,0,1,1,14,2,56,1,0,0,995,0,0,0,59102,9,9,3,5,3,1,2,1,1,1,1,2,0,0,1,1,0,0,2,0,1,3,51,1,1,1,2,D,24,0,0,0,0,0,0,0,0,0,0,280,275,0,0,0,1,1,12,-11,-4,11379,998,-21,13,0,4,9,97,0,5,0,995,9.8,998,998,998,99.8,99.8,99.8,35.2634315893843,12,6
23308,52,151,1-52-2021-151-06,6,2,1C4NJCBB4GD5,17,483,1946,7,0,2,1,2016,6,1,2,0,1,B,1,1405,5,0,1,1,13,2,56,1,0,0,995,0,0,0,59102,9,9,3,5,3,1,2,1,1,1,1,2,0,0,1,1,0,0,9,0,10,3,53,1,1,1,2,D,27,0,0,0,0,0,0,0,0,0,0,275,280,0,0,0,1,1,13,12,5,7927,998,-24,12,0,4,9,97,0,5,0,995,9.8,998,998,998,99.8,99.8,99.8,35.2634315893843,12,6
23309,52,152,1-52-2021-152-09,9,1,1GNFK16Z24J2,17,467,1851,7,0,20,422,2004,15,3,15,0,1,R,3,2244,5,0,1,1,9,2,40,1,9,9,998,8,9,9,99999,9,9,2,4,2,1,2,1,2,1,0,0,0,0,1,1,0,0,9,1,10,2,16,99,1,4,1,A,1,0,0,0,0,0,0,0,0,0,0,280,270,0,0,0,1,8,999,999,999,9999999,999,999,999,8,0,99,99,0,99,0,995,9.8,998,998,998,99.8,99.8,99.8,103.518875918419,12,6
23309,52,152,1-52-2021-152-09,9,2,3N1AB6AP5BL6,17,478,1907,13,0,35,43,2011,4,1,3,0,2,L,2,1351,5,0,1,5,10,,,,,,,,,,,,,,,,,,,,,,,,,,,,,,,,,,,,,,,,,,,,,,,,,,,,,,,,,,,,,,,,,,95,95,95,95,,,,,,,,,,103.518875918419,12,6
23310,52,153,1-52-2021-153-06,6,1,3N1AB7AP3EY2,17,478,1907,13,0,35,43,2014,4,1,3,0,1,F,2,1293,5,0,1,1,5,2,40,1,0,0,995,0,0,0,59050,5,9,2,4,2,1,2,1,1,1,0,0,0,0,5,1,0,0,9,0,1,2,17,7,1,1,5,L,88,0,0,0,0,0,0,0,0,0,0,340,255,0,0,0,1,1,26,-20,-17,74339,998,-86,32,0,4,1,1,0,4,0,995,0.0,36,17,11,0.0,0.0,0.0,35.2634315893843,12,6
23310,52,153,1-52-2021-153-06,6,2,1C3CDZEG5CN2,17,476,1892,13,0,7,26,2012,4,1,3,0,1,L,1,1539,5,0,1,1,5,2,40,1,0,0,995,0,0,0,59101,9,9,2,4,2,1,2,1,1,1,0,0,0,0,5,1,0,0,9,0,1,4,66,2,1,1,5,L,89,0,0,0,0,0,0,0,0,0,0,255,340,0,0,0,1,1,22,-14,17,9875,998,51,12,0,4,0,0,0,0,0,995,9.8,998,998,998,99.8,99.8,99.8,35.2634315893843,12,6
23311,76,63,1-76-2021-063-04,4,1,JF1VA1A66J98,17,523,2237,13,0,48,47,2018,4,1,3,0,1,L,2,1543,5,0,1,1,23,2,89,1,8,9,998,8,7,9,10703,9,9,3,4,2,1,2,1,3,1,0,0,0,0,2,1,0,0,9,1,14,2,14,98,1,4,1,C,14,1,1,1,2,1,4,61,1,2,3,997,997,0,1,0,4,6,999,999,999,9999999,999,999,999,7,0,0,0,0,0,3,997,0.0,86,9,9,3.3,0.3,3.3,18.0235286259961,3,6
23311,76,63,1-76-2021-063-04,4,2,5LMCJ1D91HUL,17,464,3599,7,0,13,402,2017,14,3,14,0,2,9,9,1792,5,9999,9,0,998,,,,,,,,,,,,,,,,,,,,,,,,,,,,,,,,,,,,,,,,,,,,,,,,,,,,,,,,,,,,,,,,,,95,95,95,95,,,,,,,,,,18.0235286259961,3,6
23312,76,64,1-76-2021-064-04,4,1,5XYPGDA50KG6,17,499,2769,7,0,63,402,2019,14,3,14,0,1,F,1,1860,5,0,2,1,10,2,48,1,8,9,998,8,7,9,12051,1,2,0,4,2,1,2,1,1,4,1,2,0,0,4,1,0,0,3,1,1,2,13,1,1,4,1,A,1,0,0,0,0,0,0,0,0,0,0,998,998,0,1,0,1,98,999,999,999,9999999,999,999,999,6,0,0,0,0,0,0,998,0.8,999,999,999,0.0,0.0,0.0,18.0235286259961,3,6
23313,28,75,1-28-2021-075-10,10,1,1G4CW54K7241,17,468,8841,13,0,18,3,2002,4,1,4,0,1,N,9,1724,5,9999,9,5,35,2,56,1,0,0,995,0,0,0,15853,9,9,0,4,2,1,2,1,1,1,1,2,0,0,1,1,0,0,1,0,1,8,98,99,1,1,6,M,98,0,0,0,0,0,0,0,0,0,0,997,997,0,0,0,,,,,,,,,,,0,0,0,0,4,0,997,9.8,998,998,998,99.8,99.8,99.8,90.0971237582559,3,6