CASEID,PSU,CASENO,CASENUMBER,CATEGORY,VEHNO,VIN,VINLENGTH,VPICMAKE,VPICMODEL,VPICBODYCLASS,ICFINALBODY,MAKE,MODEL,MODELYR,BODYTYPE,BODYCAT,VEHCLASS,SPECUSE,TRANSTAT,DAMPLANE,DAMSEV,CURBWT,CURBSRC,CARGOWT,CARGOSRC,INSPTYPE,INSPLAG,TOWED,SPEEDLIMIT,DRPRESENT,PARALCOHOL,ALCTEST,ALCTESTRESULT,ALCTESTSRC,PARDRUG,DRUGTEST,ZIP,RACE,ETHNICITY,RELTOJUNCT,TRAFFLOW,RDLANES,INITLANE,SURFTYPE,SURFCOND,ALIGNMENT,PROFILE,LINERIGHT,LINELEFT,RUMBINIT,RUMBROAD,LIGHTCOND,WEATHER,TRAFDEV,TRAFFUNCT,DISTRACT,PREFHE,PREMOVE,CRITCAT,CRITEVENT,MANEUVER,PRESTAB,PRELOC,CRASHCAT,CRASHCONF,CRASHTYPE,ROLLTYPE,ROLLTURN,ROLLINTRPT,ROLLPREMAN,ROLLINITYP,ROLLINLOC,ROLLOBJ,ROLLTRIP,ROLLDIR,ROLLDIST,DVANGTHIS,DVANGOTH,TOWHITCH,TRAJDOC,TREEPOLE,DVEVENT,DVBASIS,DVTOTAL,DVLONG,DVLAT,DVENERGY,DVSPEED,DVMOMENT,DVBES,DVEST,DVCONF,VAIS,VISS,VINJURED,VTREAT,INITOBJCLASS,HEADANGLECAT,SHLDRWIDTH,STRKLENGTH,STRKWIDTH,STRKHEIGHT,EDGEDISTX,EDGEDISTY,EDGEDISTZ,CASEWGT,PSUSTRAT,VERSION
23314,28,76,1-28-2021-076-03,3,1,2GNAXUEV8K61,17,467,1847,7,0,20,404,2019,14,3,14,0,1,R,1,1593,5,0,1,1,8,2,64,1,0,0,995,0,0,0,16901,1,2,0,4,2,1,2,2,2,4,0,0,0,0,1,3,0,0,3,1,14,2,13,1,9,4,1,A,1,0,0,0,0,0,0,0,0,0,0,998,998,0,0,1,1,1,8,-6,-5,3983,998,0,8,0,1,1,2,0,4,0,998,0.0,69,120,-97,41.7,3.7,41.8,46.7688147475126,3,6
23315,66,74,1-66-2021-074-09,9,1,4T3ZF13C9XU1,17,448,2468,2,0,49,442,1999,20,4,20,99,1,F,9,1760,5,9999,9,0,998,2,89,1,0,0,995,0,7,0,65641,9,9,0,4,2,1,2,1,1,1,1,4,0,0,1,1,0,0,9,0,1,3,50,2,2,1,2,D,20,0,0,0,0,0,0,0,0,0,0,0,0,0,1,0,1,0,999,999,999,9999999,999,999,999,9,0,1,1,0,4,0,995,9.8,998,998,998,99.8,99.8,99.8,222.105994510441,6,6
23315,66,74,1-66-2021-074-09,9,2,1GNSKCKC5FR1,17,467,1852,7,0,20,421,2015,15,3,15,99,1,B,9,2515,5,9999,9,0,998,5,89,1,0,0,995,0,7,0,65605,9,9,0,4,2,1,2,1,1,1,1,4,0,0,1,1,0,0,9,0,5,3,53,1,1,1,2,D,21,0,0,0,0,0,0,0,0,0,0,0,0,0,0,0,1,0,999,999,999,9999999,999,999,999,9,0,95,95,95,95,0,995,9.8,998,998,998,99.8,99.8,99.8,222.105994510441,6,6
23316,66,75,1-66-2021-075-10,10,1,4T3ZK3BB4AU0,17,448,3005,7,0,49,53,2010,5,1,4,0,1,L,1,1790,5,0,1,1,18,2,89,1,0,0,995,0,7,0,75098,9,9,2,3,1,1,2,1,1,1,1,2,0,0,1,1,2,2,9,0,11,2,15,1,1,1,4,K,82,0,0,0,0,0,0,0,0,0,0,90,210,0,0,0,1,3,11,-2,10,21205,998,143,12,0,4,0,0,0,0,0,995,9.8,998,998,998,99.8,99.8,99.8,943.535031159277,6,6
23316,66,75,1-66-2021-075-10,10,2,1FAFP42X42F2,17,460,1781,3,0,12,3,2002,2,1,2,99,1,F,1,1644,5,9999,9,0,998,5,89,1,0,0,995,0,7,0,65793,9,9,2,4,2,1,2,1,1,1,1,2,0,0,1,1,0,0,9,0,1,4,67,2,1,1,4,K,83,0,0,0,0,0,0,0,0,0,0,210,90,0,0,0,1,3,13,-12,4,8926,998,74,10,0,4,95,95,95,95,0,995,9.8,998,998,998,99.8,99.8,99.8,943.535031159277,6,6
23317,25,84,1-25-2021-084-03,3,1,1G6DN57U6701,17,469,1825,13,0,19,18,2007,4,1,4,0,1,F,1,1620,5,0,1,1,14,2,56,1,8,0,995,0,7,0,04062,9,9,0,4,2,1,2,1,1,1,1,2,0,0,1,1,0,0,9,0,2,3,52,2,1,1,2,D,28,0,0,0,0,0,0,0,0,0,0,110,120,0,0,0,1,12,999,999,999,9999999,999,999,999,6,0,9,97,0,99,0,995,9.8,998,998,998,99.8,99.8,99.8,233.210277275619,2,6
23317,25,84,1-25-2021-084-03,3,2,2HKRW2H58LH6,17,474,1865,7,0,37,402,2020,14,3,14,0,1,B,1,1580,5,0,2,1,15,2,56,1,8,0,995,0,7,0,04038,1,2,0,4,2,1,2,1,1,1,1,2,0,0,1,1,0,0,1,0,2,3,53,1,1,1,2,D,29,0,0,0,0,0,0,0,0,0,0,120,110,0,0,0,1,12,999,999,999,9999999,999,999,999,6,0,1,1,0,6,0,995,9.8,998,998,998,99.8,99.8,99.8,233.210277275619,2,6
23317,25,84,1-25-2021-084-03,3,3,1C4NJDEB2DD2,17,483,1946,7,0,2,1,2013,6,1,2,0,1,B,9,1473,5,9999,9,0,998,5,56,1,8,0,995,0,7,0,04038,9,9,0,4,2,1,2,1,1,1,1,2,0,0,1,1,0,0,1,0,5,3,53,99,1,1,6,M,98,0,0,0,0,0,0,0,0,0,0,120,120,0,0,0,2,0,999,999,999,9999999,999,999,999,9,0,95,95,95,95,0,995,9.8,998,998,998,99.8,99.8,99.8,233.210277275619,2,6
23318,25,85,1-25-2021-085-03,3,1,JTMBFREV8JJ2,17,448,2217,7,0,49,402,2018,14,3,14,0,1,L,1,1610,5,0,2,1,44,2,72,1,8,0,995,0,7,0,04079,1,2,3,4,2,1,5,1,2,4,0,0,0,0,1,8,0,0,1,0,11,2,15,2,1,1,4,K,82,0,0,0,0,0,0,0,0,0,0,310,50,0,0,0,1,1,11,-4,10,9239,998,-92,10,0,1,1,1,0,6,0,995,9.8,998,998,998,99.8,99.8,99.8,233.210277245083,2,6
23318,25,85,1-25-2021-085-03,3,2,YV4SZ5928612,17,485,1963,7,0,51,43,2006,6,1,3,0,1,F,1,1630,5,0,1,1,44,2,72,1,8,0,995,0,7,0,04079,9,9,3,4,2,1,2,1,1,1,1,2,0,0,1,8,0,0,1,0,1,4,72,99,1,1,4,K,83,0,0,0,0,0,0,0,0,0,0,50,310,0,0,0,1,1,10,-10,-2,10864,998,-89,11,0,1,1,1,0,4,0,995,9.8,998,998,998,99.8,99.8,99.8,233.210277245083,2,6
23320,32,109,1-32-2021-109-03,3,1,5TDKK3DC1FS6,17,448,2468,2,0,49,442,2015,20,4,20,0,1,F,1,1940,5,200,1,1,21,2,105,1,0,0,995,0,0,0,75082,3,9,0,2,3,3,1,1,1,3,3,1,0,0,3,1,0,0,9,1,1,3,52,3,1,1,2,D,28,0,0,0,0,0,0,0,0,0,0,330,350,0,0,0,1,1,18,-18,0,48518,998,43,23,0,4,0,0,0,0,0,995,2.5,999,999,999,0.0,0.0,0.0,1302.10184218273,7,6
23320,32,109,1-32-2021-109-03,3,2,3N1CP5BV5ML4,17,478,22791,5,0,35,56,2021,5,1,2,0,1,B,2,1221,5,0,1,1,14,2,105,1,0,0,995,0,0,0,75068,2,2,0,2,3,3,1,1,1,3,3,1,0,0,3,1,0,0,9,0,2,3,53,1,1,1,2,D,29,0,0,0,0,0,0,0,0,0,0,350,330,0,0,0,1,1,31,29,-10,57399,998,102,27,0,4,3,17,1,3,0,995,9.8,998,998,998,99.8,99.8,99.8,1302.10184218273,7,6
23320,32,109,1-32-2021-109-03,3,3,4T1K61AK5MU5,17,448,2469,13,0,49,40,2021,4,1,4,0,1,B,2,1520,5,0,1,1,26,2,105,1,0,0,995,0,0,0,75068,1,2,0,2,3,3,1,1,1,3,3,1,0,0,3,1,0,0,1,0,5,4,60,1,1,1,6,M,98,0,0,0,0,0,0,0,0,0,0,350,170,0,0,0,3,12,999,999,999,9999999,999,999,999,7,0,0,0,0,0,0,995,9.8,998,998,998,99.8,99.8,99.8,1302.10184218273,7,6
23320,32,109,1-32-2021-109-03,3,4,3GCEK23379G1,17,467,1850,60,0,20,481,2009,34,5,31,0,1,L,1,2397,5,0,1,1,13,2,105,1,0,0,995,0,0,0,75082,1,9,0,2,3,2,1,1,1,3,3,3,0,0,3,1,0,0,9,0,5,4,60,1,1,1,6,M,98,0,0,0,0,0,0,0,0,0,0,355,5,0,0,0,8,3,4,4,1,2880,998,111,5,0,4,0,0,0,0,0,995,9.8,998,998,998,99.8,99.8,99.8,1302.10184218273,7,6
23321,31,71,1-31-2021-071-08,8,1,2GCEK19J3716,17,467,1850,60,0,20,481,2007,34,5,31,0,1,F,3,2151,5,9999,9,1,56,2,89,1,0,0,995,0,0,0,62869,9,9,3,4,2,1,2,2,1,1,1,4,0,0,1,1,0,0,9,0,1,3,50,3,2,1,2,D,20,0,0,0,0,0,0,0,0,0,0,0,10,0,0,0,1,5,999,999,999,9999999,999,999,67,5,0,9,97,0,8,0,995,9.8,998,998,998,99.8,99.8,99.8,292.873246027286,6,6
23321,31,71,1-31-2021-071-08,8,2,5KJJAVDV36LH,17,4512,9574,66,0,98,804,2006,66,8,68,0,1,B,9,,,,,,,2,89,1,0,0,995,0,0,0,62919,9,9,3,4,2,1,2,2,1,1,1,4,0,0,1,1,0,0,9,0,5,3,53,99,1,1,2,D,22,,,,,,,,,,,,,,,,,,,,,,,,,,,95,95,95,95,,,9.8,998,998,998,99.8,99.8,99.8,292.873246027286,6,6
23322,31,72,1-31-2021-072-06,6,1,999999999999,99,483,1943,7,0,2,403,2015,14,3,14,0,1,B,9,9999,9,9999,9,0,998,5,56,1,0,0,995,0,0,0,62844,9,9,3,4,2,98,1,1,9,1,0,0,0,0,1,1,0,0,9,0,13,2,20,99,1,7,6,M,92,0,0,0,0,0,0,0,0,0,0,330,245,0,0,0,1,0,999,999,999,9999999,999,999,999,9,0,95,95,95,95,0,995,9.8,998,998,998,99.8,99.8,99.8,448.131165185005,6,6
23322,31,72,1-31-2021-072-06,6,2,1GCVKSEC1EZ1,17,467,1850,60,0,20,481,2014,34,5,31,0,1,R,1,2360,5,9999,9,4,26,2,56,1,0,0,995,0,0,0,62882,9,9,3,4,2,1,2,1,2,1,0,2,0,0,1,1,0,0,9,0,14,4,71,99,1,1,6,M,93,0,0,0,0,0,0,0,0,0,0,245,330,0,0,0,1,12,999,999,999,9999999,999,999,999,6,0,9,97,0,8,0,995,9.8,998,998,998,99.8,99.8,99.8,448.131165185005,6,6
23323,14,71,1-14-2021-071-03,3,1,2FMHK6D82KBA,17,460,1802,7,0,12,25,2019,6,1,5,0,1,L,1,2195,5,0,1,1,20,2,89,1,0,0,995,0,0,0,78233,1,1,2,4,2,1,2,1,1,1,1,2,0,0,1,8,2,2,9,0,11,2,15,9,1,1,4,K,82,0,0,0,0,0,0,0,0,0,0,60,160,0,0,0,1,3,11,-4,11,17932,998,104,12,0,4,3,9,1,3,0,995,9.8,998,998,998,99.8,99.8,99.8,1068.65738884178,8,6
23323,14,71,1-14-2021-071-03,3,2,5LMRU27A9XLJ,17,464,1814,7,0,13,421,1999,15,3,15,0,1,F,1,2533,5,0,1,1,21,2,89,1,0,0,995,0,0,0,78221,9,1,2,4,2,1,2,1,3,4,1,2,0,0,1,8,0,0,9,0,14,4,67,99,1,1,4,K,83,0,0,0,0,0,0,0,0,0,0,160,60,0,0,0,1,3,10,-10,-2,9517,998,-41,9,0,4,9,97,0,8,0,995,9.8,998,998,998,99.8,99.8,99.8,1068.65738884178,8,6
23324,14,72,1-14-2021-072-03,3,1,19UUB1F34GA0,17,475,5354,13,0,54,44,2016,4,1,4,0,1,F,3,1579,5,0,1,1,25,2,80,1,0,0,995,0,0,0,78666,1,2,2,4,2,1,2,2,1,1,1,2,0,0,1,8,0,0,1,0,1,3,50,3,1,1,2,D,20,0,0,0,0,0,0,0,0,0,0,10,200,0,0,0,3,3,68,-68,0,209386,998,-40,55,0,4,1,1,0,0,0,995,9.8,998,998,998,99.8,99.8,99.8,1068.65738884178,8,6
23324,14,72,1-14-2021-072-03,3,2,5TFEY5F1XFX1,17,448,2467,60,0,49,482,2015,34,5,31,0,1,N,9,2310,5,9999,9,0,998,5,80,1,0,0,995,0,0,0,78254,9,9,2,4,2,1,2,2,1,1,1,2,0,0,1,8,0,0,9,0,5,3,53,99,1,1,2,D,21,0,0,0,0,0,0,0,0,0,0,10,20,1,0,0,2,0,999,999,999,9999999,999,999,999,9,0,95,95,95,95,0,995,9.8,998,998,998,99.8,99.8,99.8,1068.65738884178,8,6
23324,14,72,1-14-2021-072-03,3,3,1GNSCHKC4LR2,17,467,1851,7,0,20,422,2020,15,3,15,0,1,F,3,2511,5,0,1,1,28,2,80,1,0,0,995,0,0,0,78623,1,9,2,4,2,1,2,2,1,1,1,2,0,0,1,8,0,0,9,0,1,4,62,99,1,1,6,M,98,0,0,0,0,0,0,0,0,0,0,200,10,0,1,0,3,3,43,-43,8,292087,998,-5,54,0,4,9,97,0,8,0,995,9.8,998,998,998,99.8,99.8,99.8,1068.65738884178,8,6
23325,73,75,1-73-2021-075-06,6,1,2G1WC5E38E11,17,467,1833,13,0,20,2,2014,4,1,4,0,1,F,2,1754,5,0,1,1,25,2,80,1,8,0,995,0,0,0,04937,9,9,0,4,2,1,2,1,1,1,1,2,0,0,1,1,0,0,3,1,1,2,13,99,1,4,1,A,1,0,0,0,0,0,0,0,0,0,0,998,998,0,0,5,1,10,999,999,999,9999999,999,9,27,3,0,1,1,0,99,0,998,1.4,18,18,120,19.7,4.7,20.5,123.317604370086,3,6
23326,73,76,1-73-2021-076-07,7,1,3VWLL7AJ7DM4,17,482,3137,13,0,30,40,2013,4,1,3,5,1,F,1,1441,5,0,1,1,92,2,72,1,1,0,995,0,7,0,04401,9,9,2,4,2,1,2,1,1,1,1,3,0,0,1,1,0,0,9,1,1,2,13,99,1,4,1,A,1,0,0,0,0,0,0,0,0,0,0,998,998,0,0,0,1,8,999,999,999,9999999,999,999,999,6,0,0,0,0,0,0,998,1.0,999,999,999,99.9,99.9,99.9,320.129297187456,3,6
23327,13,80,1-13-2021-080-03,3,1,KNMAT2MT4HP5,17,478,1913,8,0,35,51,2017,6,1,3,0,1,R,1,1550,5,0,1,1,16,2,105,1,8,0,995,0,7,0,76131,2,2,0,2,5,2,2,1,1,9,3,3,0,3,3,1,0,0,9,1,1,4,60,8,1,4,1,A,3,0,0,0,0,0,0,0,0,0,0,998,998,0,0,0,1,8,999,999,999,9999999,999,999,999,6,0,1,1,0,4,0,998,4.0,999,999,999,0.0,0.0,0.0,830.109077399411,7,6
23328,13,81,1-13-2021-081-02,2,1,2B3CL5CTXBH5,17,476,1895,13,0,7,24,2011,4,1,5,0,1,L,2,1929,5,0,1,1,12,2,56,1,8,0,995,0,7,0,76105,2,9,2,4,4,2,2,1,1,1,3,2,0,0,1,1,0,0,9,0,1,4,66,1,1,1,5,L,88,0,0,0,0,0,0,0,0,0,0,350,50,0,0,0,2,1,34,30,17,125748,998,-40,39,0,4,1,2,0,4,0,995,9.8,998,998,998,99.8,99.8,99.8,36.3886877317837,7,6
23328,13,81,1-13-2021-081-02,2,2,3CZRE4H54AG7,17,474,1865,7,0,37,402,2010,14,3,14,0,1,L,1,1604,5,0,1,1,23,2,56,1,8,0,995,0,7,0,76014,1,9,2,4,2,1,2,1,1,1,0,0,0,0,1,1,2,2,9,0,1,2,17,99,1,1,5,L,89,0,0,0,0,0,0,0,0,0,0,170,260,0,0,0,1,3,16,-3,16,36662,998,159,15,0,4,99,99,0,99,0,995,9.8,998,998,998,99.8,99.8,99.8,36.3886877317837,7,6
23328,13,81,1-13-2021-081-02,2,3,1HGCR2F50HA1,17,474,1861,13,0,37,32,2017,4,1,4,0,1,F,3,1496,5,46,1,1,23,2,56,1,8,0,995,0,7,0,76112,1,1,2,4,4,2,2,1,1,1,3,2,0,0,1,1,0,0,9,0,1,4,62,98,1,1,6,M,98,0,0,0,0,0,0,0,0,0,0,50,350,0,0,0,2,1,41,-36,21,126744,998,97,37,0,4,3,11,1,3,0,995,0.0,999,999,999,0.0,0.0,0.0,36.3886877317837,7,6
23329,13,82,1-13-2021-082-09,9,1,JHMCM56397C0,17,474,1861,13,0,37,32,2007,4,1,3,0,1,F,1,1440,5,0,1,1,26,2,97,1,8,1,240,2,7,2,76107,2,2,1,2,3,2,2,1,1,9,3,3,0,0,3,1,0,0,9,1,15,2,11,99,1,2,2,F,46,1,4,2,5,1,1,61,1,1,999,998,998,0,0,0,2,1,16,-12,10,22630,998,94,16,0,1,3,10,1,3,3,998,3.3,999,999,999,0.0,0.0,0.0,5080.32669386622,7,6
23329,13,82,1-13-2021-082-09,9,2,JTDDR32T5201,17,448,3645,5,0,49,33,2002,3,1,2,0,1,L,9,1100,5,9999,9,0,998,5,97,1,8,0,995,0,7,0,76134,9,9,1,2,3,1,1,1,1,9,1,3,0,0,3,1,0,0,9,0,1,4,60,99,1,1,2,F,45,0,0,0,0,0,0,0,0,0,0,0,10,0,0,0,1,0,999,999,999,9999999,999,999,999,9,0,95,95,95,95,0,995,9.8,998,998,998,99.8,99.8,99.8,5080.32669386622,7,6
23330,13,83,1-13-2021-083-03,3,1,JF2SKAMC7LH5,17,523,2234,7,0,48,401,2020,14,3,14,0,1,R,2,1610,5,0,1,1,33,2,97,1,8,0,995,0,7,0,76012,1,9,1,2,4,4,2,1,2,9,3,2,0,0,1,1,0,0,9,1,15,2,11,1,1,2,2,F,46,1,1,2,5,7,1,2,2,1,999,997,997,0,0,0,3,6,999,999,999,9999999,999,999,999,7,0,99,99,0,0,1,997,9.8,998,998,998,99.8,99.8,99.8,830.109077450834,7,6
23330,13,83,1-13-2021-083-03,3,2,JN1BJ0RP6GM2,17,480,1899,15,0,58,44,2016,6,1,4,0,1,L,9,1827,5,9999,9,0,998,5,97,1,8,0,995,0,7,0,75006,9,9,1,2,4,3,2,1,2,9,3,3,0,0,1,1,0,0,9,0,14,4,60,99,1,1,2,F,45,0,0,0,0,0,0,0,0,0,0,275,280,0,0,0,1,0,999,999,999,9999999,999,999,999,9,0,95,95,95,95,0,995,9.8,998,998,998,99.8,99.8,99.8,830.109077450834,7,6
23330,13,83,1-13-2021-083-03,3,3,2C3CDXCT5HH5,17,476,1895,13,0,7,24,2017,4,1,5,0,1,R,9,1785,5,9999,9,0,998,2,97,1,8,0,995,0,7,0,76112,2,9,1,2,4,4,2,1,2,9,3,2,0,0,1,1,0,0,9,0,14,4,61,99,1,1,6,M,98,0,0,0,0,0,0,0,0,0,0,275,270,0,0,0,2,0,999,999,999,9999999,999,999,999,9,0,99,99,0,0,0,995,9.8,998,998,998,99.8,99.8,99.8,830.109077450834,7,6
23333,18,77,1-18-2021-077-07,7,1,3N1CE2CP1GL4,17,478,1898,5,0,35,50,2016,5,1,2,0,1,F,9,1114,5,9999,9,0,998,2,89,1,0,0,995,0,0,0,54002,1,9,2,4,2,1,2,2,3,1,0,0,0,0,2,8,2,2,9,1,14,2,13,99,1,4,1,A,1,0,0,0,0,0,0,0,0,0,0,998,998,0,1,0,1,0,999,999,999,9999999,999,999,999,9,0,0,0,0,0,0,998,0.0,95,120,39,20.6,3.3,21.0,256.798338018674,6,6
23334,52,154,1-52-2021-154-04,4,1,1FTER1FH2LLA,17,460,1803,60,0,12,471,2020,34,5,31,0,1,F,1,1974,5,9999,9,1,16,2,40,1,0,0,995,0,0,0,59718,9,9,2,3,3,3,2,1,1,1,3,0,0,0,1,8,1,2,9,0,1,2,17,4,1,1,5,L,86,0,0,0,0,0,0,0,0,0,0,90,180,0,0,0,1,1,12,-11,4,31204,998,74,18,0,4,99,99,0,0,0,995,9.8,998,998,998,99.8,99.8,99.8,52.4188505371793,12,6
23334,52,154,1-52-2021-154-04,4,2,3VWRK69M43M0,17,482,3137,13,0,30,40,2003,4,1,1,0,1,R,1,1308,5,0,1,1,17,2,40,1,0,0,995,0,0,0,22656,9,9,2,3,3,2,2,1,1,1,1,1,0,0,1,8,1,2,9,0,1,4,66,99,1,1,5,L,87,0,0,0,0,0,0,0,0,0,0,180,90,0,0,0,1,1,15,-5,-14,20124,998,180,11,0,4,0,0,0,0,0,995,9.8,998,998,998,99.8,99.8,99.8,52.4188505371793,12,6
23335,24,137,1-24-2021-137-04,4,1,2HKRW6H31HH2,17,474,1865,7,0,37,402,2017,14,3,14,0,1,F,1,1580,5,9999,9,0,998,5,40,1,0,0,995,0,0,0,08401,9,9,2,4,4,2,2,1,1,1,1,1,0,0,1,1,1,2,9,0,1,2,17,99,1,1,5,L,86,0,0,0,0,0,0,0,0,0,0,255,340,0,0,0,1,3,8,-5,7,4954,998,163,6,0,4,95,95,95,95,0,995,9.8,998,998,998,99.8,99.8,99.8,816.065087572502,1,6
23335,24,137,1-24-2021-137-04,4,2,2T3RFREV2HW6,17,448,2217,7,0,49,402,2017,14,3,14,0,1,R,1,1610,5,0,1,1,17,2,40,1,0,0,995,0,0,0,08203,9,9,2,4,4,2,2,1,1,1,1,2,0,0,1,1,1,2,9,0,1,4,66,3,1,1,5,L,87,0,0,0,0,0,0,0,0,0,0,340,255,0,0,0,1,3,8,-6,-5,10177,998,59,11,0,4,0,0,0,0,0,995,9.8,998,998,998,99.8,99.8,99.8,816.065087572502,1,6
23336,24,138,1-24-2021-138-03,3,1,KL7CJLSB8KB7,17,467,10988,7,0,20,406,2019,14,3,14,0,1,F,2,1476,5,0,1,1,33,2,64,1,1,2,996,1,0,0,08215,2,2,0,4,2,1,2,1,1,1,1,2,0,0,3,1,0,0,9,1,1,2,13,99,1,4,1,A,1,0,0,0,0,0,0,0,0,0,0,998,998,0,1,1,2,1,36,-36,0,82834,998,41,36,0,1,0,0,0,0,0,998,1.0,999,999,999,2.2,0.7,2.3,226.979247969771,1,6
23337,22,92,1-22-2021-092-05,5,1,1LNHM82WX1Y6,17,464,1791,13,0,13,1,2001,4,1,5,0,1,F,2,1821,5,0,1,1,10,3,56,1,0,0,995,0,0,0,83501,9,9,0,4,4,2,2,1,1,1,3,2,0,0,1,7,0,0,9,1,1,1,8,99,1,2,3,I,64,0,0,0,0,0,0,0,0,0,0,295,110,0,0,0,1,12,999,999,999,9999999,999,999,999,7,0,0,0,0,5,0,995,9.8,998,998,998,99.8,99.8,99.8,48.0307847414096,12,6
23337,22,92,1-22-2021-092-05,5,2,1FTNW21L8YEC,17,460,1805,60,0,12,481,2000,34,5,31,0,1,R,9,9999,9,9999,9,0,998,2,56,1,0,0,995,0,0,0,53501,9,9,0,4,4,2,2,1,1,1,3,2,0,0,1,7,0,0,9,0,1,4,63,99,1,1,3,I,65,0,0,0,0,0,0,0,0,0,0,110,295,0,0,0,1,0,999,999,999,9999999,999,999,999,9,0,0,0,0,0,0,995,9.8,998,998,998,99.8,99.8,99.8,48.0307847414096,12,6
23337,22,92,1-22-2021-092-05,5,3,4T1BF1FK3GU5,17,448,2469,13,0,49,40,2016,4,1,4,0,1,R,1,1467,5,0,1,1,9,2,56,1,0,0,995,0,0,0,83501,1,2,0,4,4,1,2,1,1,1,0,3,0,0,1,7,0,0,1,0,1,4,62,3,1,2,6,M,98,0,0,0,0,0,0,0,0,0,0,80,270,0,0,0,2,3,9,-9,-3,8221,998,88,10,0,4,0,0,0,4,0,995,9.8,998,998,998,99.8,99.8,99.8,48.0307847414096,12,6
23338,20,126,1-20-2021-126-02,2,1,2C3CDXGJ9KH6,17,476,1895,13,0,7,24,2019,4,1,5,0,1,T,3,1996,5,0,1,1,52,2,89,1,1,1,137,2,1,2,93930,1,1,0,4,2,1,2,1,2,4,1,2,0,0,2,1,0,0,9,1,14,1,6,3,4,4,1,A,2,1,8,2,6,5,4,31,2,1,38,997,997,0,0,0,1,6,999,999,999,9999999,999,999,999,8,0,2,5,0,6,2,997,9.8,998,998,998,99.8,99.8,99.8,55.9656336770062,11,6
23339,20,127,1-20-2021-127-01,1,1,JHMCG667XXC0,17,474,1861,13,0,37,32,1999,4,1,3,0,1,L,9,1310,5,9999,9,0,998,2,89,1,1,1,110,1,0,1,93905,9,1,2,4,2,1,2,1,1,1,0,2,0,0,1,1,2,2,9,0,11,2,15,9,1,1,4,K,82,0,0,0,0,0,0,0,0,0,0,170,295,0,0,0,1,0,999,999,999,9999999,999,999,999,9,0,9,0,0,1,0,995,9.8,998,998,998,99.8,99.8,99.8,41.7944083524258,11,6
23339,20,127,1-20-2021-127-01,1,2,1XKAD49XXAJ2,17,532,2716,66,0,85,881,2010,66,8,68,0,1,F,9,,,,,,,2,89,1,0,0,995,0,0,0,93905,9,9,2,4,2,1,2,1,3,1,1,2,0,0,1,1,0,0,1,0,14,4,67,3,1,2,4,K,83,,,,,,,,,,,,,,,,,,,,,,,,,,,95,95,95,95,,,2.0,40,30,75,4.3,3.7,5.5,41.7944083524258,11,6
23340,20,128,1-20-2021-128-03,3,1,1HGCV1F15KA1,17,474,1861,13,0,37,32,2019,4,1,4,0,1,R,1,1433,5,0,1,1,13,2,89,1,0,0,995,0,0,0,93907,9,1,2,4,2,1,2,1,1,1,0,2,0,0,1,1,2,2,9,0,1,2,17,10,1,1,5,L,87,0,0,0,0,0,0,0,0,0,0,350,260,0,0,0,1,1,13,-4,-12,9517,998,149,9,0,4,9,97,0,99,0,995,9.8,998,998,998,99.8,99.8,99.8,444.310673968114,11,6
23340,20,128,1-20-2021-128-03,3,2,1FTZX1762WKB,17,460,1801,60,0,12,481,1998,34,5,31,0,1,F,1,1925,5,0,1,1,39,3,64,1,0,0,995,0,0,0,83687,1,9,2,5,5,2,2,1,2,1,3,2,0,0,1,1,6,2,1,0,14,4,66,2,1,1,5,L,86,0,0,0,0,0,0,0,0,0,0,260,350,0,0,0,1,1,9,-9,3,17158,998,53,14,0,4,0,0,0,0,0,995,9.8,998,998,998,99.8,99.8,99.8,444.310673968114,11,6
23341,20,129,1-20-2021-129-08,8,1,2HGEJ6679WH5,17,474,1863,13,0,37,31,1998,4,1,3,0,1,F,2,1355,5,0,1,5,43,2,56,1,0,1,11,2,1,2,93906,1,1,0,4,5,1,2,1,2,1,0,3,0,0,1,1,0,0,3,1,14,2,13,99,1,4,1,A,1,0,0,0,0,0,0,0,0,0,0,998,998,0,1,1,3,12,999,999,999,9999999,999,999,999,7,0,0,0,0,4,0,998,0.4,999,999,999,4.7,1.1,4.8,427.982507689639,11,6
23342,29,77,1-29-2021-077-07,7,1,3C3CFFBR8DT6,17,492,2055,5,0,36,38,2013,3,1,1,0,1,F,2,1068,5,9999,9,4,12,2,105,1,0,0,995,0,0,0,02740,9,9,0,2,2,1,2,1,2,9,1,3,0,1,2,1,0,0,1,0,15,6,87,99,1,1,1,C,13,0,0,0,0,0,0,0,0,0,0,998,998,0,0,0,1,12,999,999,999,9999999,999,999,999,7,0,0,0,0,0,0,998,9.8,998,998,998,99.8,99.8,99.8,353.100880331138,2,6
23343,29,78,1-29-2021-078-06,6,1,YV1622FS2C21,17,485,1959,13,0,51,47,2012,4,1,4,0,1,F,1,1711,5,0,1,1,5,2,40,1,0,0,995,0,0,0,02745,9,9,0,2,2,1,2,1,1,9,1,3,2,3,1,1,6,2,9,0,1,3,50,2,1,1,2,D,20,0,0,0,0,0,0,0,0,0,0,185,200,0,0,0,1,3,19,-19,0,27497,998,25,20,0,4,99,99,0,0,0,995,9.8,998,998,998,99.8,99.8,99.8,122.533832132883,2,6