CASEID,PSU,CASENO,CASENUMBER,CATEGORY,VEHNO,VIN,VINLENGTH,VPICMAKE,VPICMODEL,VPICBODYCLASS,ICFINALBODY,MAKE,MODEL,MODELYR,BODYTYPE,BODYCAT,VEHCLASS,SPECUSE,TRANSTAT,DAMPLANE,DAMSEV,CURBWT,CURBSRC,CARGOWT,CARGOSRC,INSPTYPE,INSPLAG,TOWED,SPEEDLIMIT,DRPRESENT,PARALCOHOL,ALCTEST,ALCTESTRESULT,ALCTESTSRC,PARDRUG,DRUGTEST,ZIP,RACE,ETHNICITY,RELTOJUNCT,TRAFFLOW,RDLANES,INITLANE,SURFTYPE,SURFCOND,ALIGNMENT,PROFILE,LINERIGHT,LINELEFT,RUMBINIT,RUMBROAD,LIGHTCOND,WEATHER,TRAFDEV,TRAFFUNCT,DISTRACT,PREFHE,PREMOVE,CRITCAT,CRITEVENT,MANEUVER,PRESTAB,PRELOC,CRASHCAT,CRASHCONF,CRASHTYPE,ROLLTYPE,ROLLTURN,ROLLINTRPT,ROLLPREMAN,ROLLINITYP,ROLLINLOC,ROLLOBJ,ROLLTRIP,ROLLDIR,ROLLDIST,DVANGTHIS,DVANGOTH,TOWHITCH,TRAJDOC,TREEPOLE,DVEVENT,DVBASIS,DVTOTAL,DVLONG,DVLAT,DVENERGY,DVSPEED,DVMOMENT,DVBES,DVEST,DVCONF,VAIS,VISS,VINJURED,VTREAT,INITOBJCLASS,HEADANGLECAT,SHLDRWIDTH,STRKLENGTH,STRKWIDTH,STRKHEIGHT,EDGEDISTX,EDGEDISTY,EDGEDISTZ,CASEWGT,PSUSTRAT,VERSION
23343,29,78,1-29-2021-078-06,6,2,5J8TB4H35JL0,17,475,1871,7,0,54,402,2018,14,3,14,0,1,B,1,1749,5,9999,9,0,998,5,40,1,0,0,995,0,0,0,02743,9,9,0,2,2,1,2,1,1,9,1,3,2,3,1,1,6,2,1,0,5,3,53,1,1,1,2,D,21,0,0,0,0,0,0,0,0,0,0,200,185,0,0,0,1,3,19,19,-3,25233,998,45,18,0,4,95,95,95,95,0,995,9.8,998,998,998,99.8,99.8,99.8,122.533832132883,2,6
23345,33,20,1-33-2021-020-09,9,1,1J4GW48S54C3,17,483,1949,7,0,2,404,2004,14,3,14,0,1,T,2,1812,5,9999,9,5,24,2,89,1,0,1,33,2,0,3,94303,1,1,0,1,2,1,2,1,1,1,1,3,0,0,2,1,0,0,1,1,1,1,9,99,4,4,1,B,7,1,7,2,2,1,4,61,1,1,30,997,997,0,0,0,1,6,999,999,999,9999999,999,999,999,7,0,1,1,0,4,3,997,9.8,998,998,998,99.8,99.8,99.8,778.382591219814,12,6
23347,18,78,1-18-2021-078-07,7,1,2G1WG5EKXB12,17,467,1833,13,0,20,2,2011,4,1,4,0,1,R,1,1613,5,9999,9,0,998,2,89,1,0,0,995,0,0,0,54703,9,1,2,4,2,1,2,1,1,1,1,4,0,0,1,1,0,0,1,1,6,4,61,99,1,1,4,J,73,0,0,0,0,0,0,0,0,0,0,90,55,0,1,0,1,3,6,-6,1,2937,998,41,6,0,4,0,0,0,0,0,995,9.8,998,998,998,99.8,99.8,99.8,256.798338018674,6,6
23347,18,78,1-18-2021-078-07,7,2,2GNFLFEK6F62,17,467,1847,7,0,20,404,2015,14,3,14,0,1,L,1,1782,5,0,1,1,7,2,89,1,0,0,995,0,0,0,54703,1,9,2,4,2,1,2,1,1,1,1,4,0,0,1,1,0,0,1,1,11,2,10,99,1,1,4,J,72,0,0,0,0,0,0,0,0,0,0,55,90,0,0,0,1,3,6,6,2,4768,998,135,6,0,4,0,0,0,0,0,995,9.8,998,998,998,99.8,99.8,99.8,256.798338018674,6,6
23348,21,128,1-21-2021-128-05,5,1,KNAFK4A60F53,17,499,2462,13,0,63,38,2015,4,1,3,0,1,T,1,1318,5,0,1,1,27,2,89,1,0,0,995,0,0,0,92240,1,9,0,4,2,1,2,1,2,9,1,2,0,0,1,1,0,0,9,1,14,2,12,4,3,4,1,B,7,1,5,2,2,1,4,61,1,2,35,997,997,0,0,0,1,6,999,999,999,9999999,999,999,999,6,0,2,5,0,8,3,997,9.8,998,998,998,99.8,99.8,99.8,112.232341792978,11,6
23349,21,129,1-21-2021-129-07,7,1,NM0LS7E75G12,17,460,1811,95,0,12,444,2016,20,4,20,0,1,F,1,1624,5,9999,9,0,998,5,105,1,0,0,995,0,0,0,92346,9,9,1,2,3,1,1,1,1,1,1,3,0,0,1,1,0,0,9,0,1,3,50,4,9,1,2,D,20,0,0,0,0,0,0,0,0,0,0,100,95,0,0,0,1,3,11,-11,0,5553,998,0,9,0,4,95,95,95,95,0,995,9.8,998,998,998,99.8,99.8,99.8,5907.00028175486,11,6
23349,21,129,1-21-2021-129-07,7,2,2G1115SLXF92,17,467,1833,13,0,20,2,2015,4,1,4,0,1,B,1,1661,5,0,1,1,24,2,105,1,0,0,995,0,0,0,92308,9,1,1,2,3,1,1,1,1,1,1,3,0,0,1,1,0,0,1,0,5,3,53,1,1,1,2,D,21,0,0,0,0,0,0,0,0,0,0,95,100,0,0,0,1,3,9,9,0,8386,998,-26,11,0,4,0,0,0,0,0,995,9.8,998,998,998,99.8,99.8,99.8,5907.00028175486,11,6
23349,21,129,1-21-2021-129-07,7,3,1FMCU03127KB,17,460,1798,7,0,12,402,2007,14,3,14,0,1,B,9,1540,5,9999,9,0,998,5,105,1,0,0,995,0,0,0,92404,9,9,1,2,3,1,1,1,1,1,1,3,0,0,1,1,0,0,9,0,5,3,53,1,1,1,6,M,98,0,0,0,0,0,0,0,0,0,0,95,95,0,0,0,2,0,999,999,999,9999999,999,999,999,9,0,95,95,95,95,0,995,9.8,998,998,998,99.8,99.8,99.8,5907.00028175486,11,6
23350,26,133,1-26-2021-133-03,3,1,1FA6P8CFXL51,17,460,1781,3,0,12,3,2020,2,1,3,0,1,F,2,1681,5,0,1,4,44,2,72,1,9,0,995,0,9,0,95842,9,1,2,1,3,2,2,1,1,1,3,1,0,0,3,1,1,2,3,1,1,2,12,1,1,4,1,B,6,0,0,0,0,0,0,0,0,0,0,998,998,0,0,7,1,12,999,999,999,9999999,999,999,999,7,0,0,0,0,0,0,998,0.0,12,12,999,6.3,1.0,6.3,980.72795220875,10,6
23351,26,134,1-26-2021-134-06,6,1,4T1BF1FK8DU2,17,448,2469,13,0,49,40,2013,4,1,3,0,1,L,2,1441,5,0,1,1,27,2,89,1,9,0,995,0,9,0,94513,1,9,0,4,2,1,2,1,1,1,1,2,1,0,1,1,0,0,3,1,1,2,13,3,1,4,1,A,1,1,4,2,2,1,3,61,1,1,22,997,997,0,1,0,1,6,999,999,999,9999999,999,999,999,7,0,1,1,0,4,3,997,9.9,999,999,999,99.9,99.9,99.9,1976.88594243798,10,6
23353,27,79,1-27-2021-079-03,3,1,3FA6P0T90HR2,17,460,1780,13,0,12,23,2017,4,1,4,0,1,F,1,1558,5,0,1,1,41,2,80,1,0,0,995,0,0,0,06069,1,2,0,4,2,1,2,1,1,1,1,4,0,0,1,1,0,0,3,1,1,2,12,1,1,4,1,B,6,1,2,2,6,5,4,31,4,2,9,998,998,0,1,0,1,1,21,-21,0,29387,998,0,21,0,1,1,1,0,4,2,998,2.2,999,999,999,29.8,4.8,30.2,64.8895848708932,3,6
23354,27,80,1-27-2021-080-05,5,1,5UXZV8C52DL4,17,452,1717,7,0,34,401,2013,14,3,14,0,1,F,2,2440,5,0,1,1,7,2,56,1,0,1,0,2,0,0,01226,1,2,0,4,2,1,2,2,1,1,1,2,0,0,1,2,0,0,3,1,1,2,12,99,1,4,1,B,6,0,0,0,0,0,0,0,0,0,0,998,998,0,0,0,2,10,999,999,999,9999999,999,-68,31,3,0,2,5,0,4,0,998,2.6,10,10,120,13.1,3.5,13.6,17.4577689911576,3,6
23354,27,80,1-27-2021-080-05,5,2,1FMJU1JT3HEA,17,460,1799,7,0,12,422,2017,15,3,15,0,1,T,9,2768,5,9999,9,0,998,5,0,1,0,0,995,0,0,0,01225,9,9,3,4,2,1,2,2,1,1,0,0,0,0,1,2,0,0,1,0,5,8,98,99,1,1,6,M,98,0,0,0,0,0,0,0,0,0,0,998,998,0,0,0,3,0,999,999,999,9999999,999,999,999,9,0,95,95,95,95,0,998,9.8,998,998,998,99.8,99.8,99.8,17.4577689911576,3,6
23356,33,22,1-33-2021-022-08,8,1,1D7KS28A07J5,17,476,1938,60,0,7,482,2007,34,5,31,0,1,F,1,2719,5,0,1,1,18,2,89,1,1,1,217,2,0,1,95914,1,2,0,4,2,1,2,1,3,9,1,2,0,0,3,1,0,0,3,1,14,2,12,2,9,4,1,B,6,0,0,0,0,0,0,0,0,0,0,998,998,0,0,0,1,10,999,999,999,9999999,999,0,20,2,0,3,17,1,3,0,998,1.5,999,999,999,0.0,0.0,0.0,148.423604030959,12,6
23358,30,89,1-30-2021-089-02,2,1,1C4RJFAGXLC2,17,483,1949,7,0,2,422,2020,15,3,15,0,1,F,1,2121,5,0,1,1,38,2,64,1,0,0,995,0,0,0,85396,9,9,2,4,6,2,2,1,1,1,1,3,0,0,1,1,1,2,9,0,1,2,17,4,2,1,4,K,79,0,0,0,0,0,0,0,0,0,0,100,40,0,0,0,1,1,18,-18,0,63394,998,0,27,0,4,99,99,0,99,0,995,9.8,998,998,998,99.8,99.8,99.8,55.0653262667506,10,6
23358,30,89,1-30-2021-089-02,2,2,1FADP3M20HL2,17,460,1779,5,0,12,37,2017,5,1,3,0,1,L,2,1340,5,0,1,1,30,2,64,1,0,1,0,2,0,2,85301,1,9,2,4,6,1,2,1,1,1,0,3,0,0,1,1,1,2,9,0,10,4,66,99,1,1,4,K,78,0,0,0,0,0,0,0,0,0,0,40,100,0,0,0,1,1,28,14,24,25039,998,93,18,0,1,3,14,1,3,0,995,9.8,998,998,998,99.8,99.8,99.8,55.0653262667506,10,6
23360,54,60,1-54-2021-060-09,9,1,1J8HG58N66C2,17,483,1948,7,0,2,406,2006,14,3,14,0,1,F,2,2289,5,0,1,1,12,2,72,1,0,1,0,2,0,1,35593,1,9,0,4,2,1,2,1,2,1,1,2,0,0,1,8,0,0,1,1,14,1,1,99,2,4,1,B,7,0,0,0,0,0,0,0,0,0,0,998,998,0,0,2,1,10,999,999,999,9999999,999,-68,28,3,0,1,1,0,6,0,998,0.5,22,22,72,6.0,8.0,10.0,388.3598522871,9,6
23361,11,57,1-11-2021-057-06,6,1,19UUA8F51CA0,17,475,1873,13,0,54,35,2012,4,1,4,0,1,F,1,1695,5,9999,9,1,21,3,56,1,1,8,997,8,0,0,23860,9,9,2,1,4,2,2,1,1,1,1,1,0,0,3,1,1,2,1,0,1,2,17,99,1,1,5,L,86,0,0,0,0,0,0,0,0,0,0,230,320,0,0,0,1,3,15,-15,5,11649,998,46,12,0,4,0,0,0,0,0,995,9.8,998,998,998,99.8,99.8,99.8,523.319179463333,8,6
23361,11,57,1-11-2021-057-06,6,2,JTNBE46K8730,17,448,2469,13,0,49,40,2007,4,1,3,0,1,R,1,1490,5,9999,9,0,998,2,56,1,0,0,995,0,0,0,23860,9,9,2,4,3,1,2,1,1,1,0,1,0,0,3,1,1,2,1,0,1,4,66,99,1,1,5,L,87,0,0,0,0,0,0,0,0,0,0,320,230,0,0,0,1,3,18,-6,-16,27025,998,46,20,0,4,0,0,0,0,0,995,9.8,998,998,998,99.8,99.8,99.8,523.319179463333,8,6
23362,32,110,1-32-2021-110-07,7,1,3N1AB7AP1FY3,17,478,1907,13,0,35,43,2015,4,1,3,0,1,R,1,1293,5,0,1,1,15,2,64,1,0,0,995,0,0,0,75060,1,9,2,1,3,3,1,1,1,2,1,0,0,0,1,1,0,0,9,0,11,2,15,1,1,1,4,J,68,0,0,0,0,0,0,0,0,0,0,200,90,0,0,0,1,1,23,-15,-18,5646,998,-25,10,0,1,0,0,0,0,0,995,9.8,998,998,998,99.8,99.8,99.8,6475.38721388156,7,6
23362,32,110,1-32-2021-110-07,7,2,JNKCV64E18M1,17,480,2337,3,0,58,37,2008,2,1,4,0,1,F,1,1644,5,0,1,1,25,2,64,1,0,0,995,0,0,0,75050,9,1,2,1,3,2,1,1,1,2,3,1,0,0,1,1,0,0,9,0,1,4,62,99,1,1,4,J,69,0,0,0,0,0,0,0,0,0,0,90,200,0,0,0,1,1,19,-18,6,58096,998,92,25,0,1,9,97,0,0,0,995,9.8,998,998,998,99.8,99.8,99.8,6475.38721388156,7,6
23363,30,90,1-30-2021-090-06,6,1,1G1PE5SB8G71,17,467,1832,13,0,20,25,2016,4,1,3,0,1,F,9,1399,5,9999,9,0,998,2,89,1,0,0,995,0,0,0,85353,9,9,1,2,4,3,2,1,1,1,3,1,0,0,1,1,0,0,1,0,1,3,50,1,1,1,2,D,20,0,0,0,0,0,0,0,0,0,0,0,0,0,0,0,1,0,999,999,999,9999999,999,999,999,9,0,9,97,0,5,0,995,9.8,998,998,998,99.8,99.8,99.8,1588.28421373057,10,6
23363,30,90,1-30-2021-090-06,6,2,KM8SM4HF8FU0,17,498,2057,7,0,55,401,2015,14,3,14,0,1,B,1,1790,5,0,1,1,13,2,89,1,0,0,995,0,0,0,85008,9,9,1,2,5,4,2,1,1,1,3,1,0,0,1,1,0,0,1,0,5,3,53,7,1,1,2,D,21,0,0,0,0,0,0,0,0,0,0,0,0,0,0,0,1,98,999,999,999,9999999,999,999,999,6,0,9,97,0,0,0,995,9.8,998,998,998,99.8,99.8,99.8,1588.28421373057,10,6
23363,30,90,1-30-2021-090-06,6,3,1GTN1TEA8BZ3,17,472,1857,60,0,23,481,2011,34,5,31,0,1,F,9,2155,5,9999,9,0,998,5,89,1,0,0,995,0,0,0,85326,9,9,1,2,5,4,2,1,1,1,3,1,0,0,1,1,0,0,1,0,5,3,53,99,1,1,6,M,98,0,0,0,0,0,0,0,0,0,0,0,0,0,0,0,3,0,999,999,999,9999999,999,999,999,9,0,95,95,95,95,0,995,9.8,998,998,998,99.8,99.8,99.8,1588.28421373057,10,6
23363,30,90,1-30-2021-090-06,6,4,1FTZF1722YKA,17,460,1801,60,0,12,481,2000,34,5,31,0,1,B,9,1848,5,9999,9,0,998,5,89,1,0,0,995,0,0,0,85029,9,9,1,2,5,4,2,1,1,1,3,1,0,0,1,1,0,0,1,0,5,3,53,99,1,1,6,M,98,0,0,0,0,0,0,0,0,0,0,0,0,0,0,0,3,0,999,999,999,9999999,999,999,999,9,0,95,95,95,95,0,995,9.8,998,998,998,99.8,99.8,99.8,1588.28421373057,10,6
23368,77,76,1-77-2021-076-06,6,1,JF2GPAGC6D28,17,523,2236,7,0,48,403,2013,14,3,14,0,1,F,1,1425,5,0,1,1,15,2,40,1,0,0,995,0,0,0,22902,9,9,2,4,4,2,2,1,1,2,3,2,0,0,1,1,2,2,2,0,1,2,17,4,1,3,5,L,86,0,0,0,0,0,0,0,0,0,0,60,130,0,0,0,1,1,17,-3,17,32317,998,187,14,0,1,99,99,0,99,0,995,9.8,998,998,998,99.8,99.8,99.8,8155.67816890248,9,6
23368,77,76,1-77-2021-076-06,6,2,1FM5K8B85EGA,17,460,1800,7,0,12,401,2014,14,3,14,0,1,R,1,2146,5,0,1,1,14,2,56,1,0,0,995,0,0,0,22936,9,9,2,1,4,3,2,1,1,1,3,1,0,0,1,1,0,0,1,0,1,4,66,3,1,1,5,L,87,0,0,0,0,0,0,0,0,0,0,130,60,0,0,0,1,1,12,-10,-6,38564,998,130,16,0,1,0,0,0,6,0,995,9.8,998,998,998,99.8,99.8,99.8,8155.67816890248,9,6
23369,77,77,1-77-2021-077-03,3,1,1FD7W2A68KED,17,460,1805,60,0,12,481,2019,34,5,31,0,1,F,2,2854,5,907,8,1,6,2,89,1,0,0,995,0,0,0,22831,1,2,0,4,2,1,2,2,1,2,1,2,1,0,1,1,0,0,1,0,1,6,90,1,1,1,1,C,15,0,0,0,0,0,0,0,0,0,0,998,998,0,0,0,1,12,999,999,999,9999999,999,999,999,7,0,1,1,0,0,0,998,9.8,998,998,998,99.8,99.8,99.8,4072.48414868326,9,6
23370,23,105,1-23-2021-105-09,9,1,1FTBF2B62GEC,17,460,1805,60,0,12,481,2016,34,5,31,0,1,F,9,2881,5,9999,9,0,998,5,89,1,0,0,995,0,0,0,43045,9,9,2,4,2,1,2,1,1,1,1,2,0,0,1,1,0,0,1,0,1,4,67,99,1,1,4,K,83,0,0,0,0,0,0,0,0,0,0,180,45,0,0,0,1,0,999,999,999,9999999,999,999,999,9,0,95,95,95,95,0,995,9.8,998,998,998,99.8,99.8,99.8,972.649879783829,5,6
23370,23,105,1-23-2021-105-09,9,2,4T4BF3EK4AR0,17,448,2469,13,0,49,40,2010,4,1,4,99,1,L,2,1500,5,9999,9,4,54,2,89,1,0,1,0,2,0,0,43035,3,2,2,4,2,1,2,1,1,1,1,2,0,0,1,1,2,2,1,0,11,2,15,99,1,1,4,K,82,0,0,0,0,0,0,0,0,0,0,45,180,0,0,0,1,12,999,999,999,9999999,999,999,999,7,0,1,1,0,4,0,995,0.0,999,999,999,6.1,3.6,7.1,972.649879783829,5,6
23371,23,106,1-23-2021-106-02,2,1,1C4PJMDX2KD2,17,483,1945,7,0,2,404,2019,14,3,14,0,1,R,9,1839,5,9999,9,0,998,2,72,1,0,0,995,0,0,0,43031,9,9,2,4,2,1,2,1,1,1,1,2,0,0,1,1,2,2,2,0,1,2,17,99,9,1,5,L,87,0,0,0,0,0,0,0,0,0,0,90,0,0,0,0,1,0,999,999,999,9999999,999,999,999,9,0,2,9,0,3,0,995,0.7,120,98,-24,4.1,2.3,4.5,66.3082507877633,5,6
23371,23,106,1-23-2021-106-02,2,2,5LMJJ3JT0FEJ,17,464,1814,7,0,13,421,2015,15,3,15,0,1,F,9,2856,5,9999,9,0,998,2,89,1,0,1,0,2,0,0,43074,1,2,2,4,2,1,2,1,1,1,1,2,0,0,1,1,0,0,1,0,1,4,66,99,9,1,5,L,86,0,0,0,0,0,0,0,0,0,0,0,90,0,0,0,1,0,999,999,999,9999999,999,999,999,9,0,1,1,0,4,0,995,9.8,998,998,998,99.8,99.8,99.8,66.3082507877633,5,6
23372,23,107,1-23-2021-107-03,3,1,KMHDH4AE5CU2,17,498,2735,13,0,55,35,2012,4,1,3,0,1,F,9,1265,5,9999,9,0,998,2,72,1,0,0,995,0,0,0,43201,9,9,2,4,2,1,2,2,1,1,1,2,0,0,1,2,2,2,9,0,1,2,17,99,1,1,5,L,86,0,0,0,0,0,0,0,0,0,0,260,350,0,0,0,1,0,999,999,999,9999999,999,999,999,9,0,1,3,0,3,0,995,9.8,998,998,998,99.8,99.8,99.8,151.040721957666,5,6
23372,23,107,1-23-2021-107-03,3,2,2HKRW6H37KH2,17,474,1865,7,0,37,402,2019,14,3,14,0,1,R,9,1580,5,0,1,4,71,2,72,1,0,0,995,0,0,0,44820,1,2,2,4,2,1,2,2,1,1,1,2,0,0,1,2,2,2,1,0,1,4,68,99,1,1,5,L,87,0,0,0,0,0,0,0,0,0,0,350,260,0,0,0,1,12,999,999,999,9999999,999,999,999,9,0,1,1,0,4,0,995,9.8,998,998,998,99.8,99.8,99.8,151.040721957666,5,6
23373,23,108,1-23-2021-108-03,3,1,4A3AL25F48E0,17,481,2321,1,0,52,37,2008,1,1,2,0,1,R,2,1575,5,9999,9,0,998,2,80,1,0,0,995,0,0,0,43201,9,9,2,4,2,1,2,1,1,2,1,2,0,0,1,1,1,2,1,0,11,2,15,99,9,1,4,J,68,0,0,0,0,0,0,0,0,0,0,60,290,0,0,0,1,3,29,-22,-18,93829,998,29,37,0,4,0,0,0,0,0,995,9.8,998,998,998,99.8,99.8,99.8,151.040721957666,5,6
23373,23,108,1-23-2021-108-03,3,2,1VWLA7A34KC0,17,482,3134,13,0,30,46,2019,4,1,4,0,1,F,2,1480,5,0,1,1,47,2,80,1,0,0,995,0,0,0,43021,9,9,2,4,2,1,2,1,1,1,1,2,0,0,1,1,1,2,1,0,1,4,62,2,1,1,4,J,69,0,0,0,0,0,0,0,0,0,0,290,60,0,0,0,1,3,32,-31,6,35776,998,66,22,0,4,9,97,0,0,0,995,9.8,998,998,998,99.8,99.8,99.8,151.040721957666,5,6
23374,54,61,1-54-2021-061-05,5,1,KNDJP3A56E70,17,499,2460,7,0,63,37,2014,6,1,2,0,1,L,1,1269,5,0,1,1,9,2,72,1,0,0,995,0,0,0,35671,2,9,3,3,2,2,2,2,1,2,0,0,0,0,2,2,2,2,2,0,11,2,15,99,1,1,4,K,82,0,0,0,0,0,0,0,0,0,0,175,275,0,0,0,1,3,13,-4,12,14696,998,-92,13,0,4,1,1,0,4,0,995,9.8,998,998,998,99.8,99.8,99.8,145.454151439287,9,6
23374,54,61,1-54-2021-061-05,5,2,4TAWM72N6XZ5,17,448,2223,60,0,49,472,1999,34,5,30,0,1,F,1,1524,5,0,1,1,7,2,72,1,0,0,995,0,0,0,35653,1,9,3,4,2,1,2,2,1,1,1,2,0,0,2,2,0,0,9,0,1,4,72,2,1,1,4,K,83,0,0,0,0,0,0,0,0,0,0,275,175,0,0,0,1,3,11,-11,-2,5957,998,-39,9,0,4,0,0,0,0,0,995,9.8,998,998,998,99.8,99.8,99.8,145.454151439287,9,6
23375,54,62,1-54-2021-062-06,6,1,1C4BJWDG6FL5,17,483,1943,7,0,2,403,2015,14,3,14,0,1,F,2,1940,5,0,1,1,11,2,105,1,0,0,995,0,0,0,35582,1,9,2,1,4,4,2,2,1,1,1,2,0,2,3,2,0,0,9,0,11,2,15,99,1,1,4,J,68,0,0,0,0,0,0,0,0,0,0,300,210,0,0,0,1,3,36,-27,-23,101500,998,-131,26,0,4,0,0,0,0,0,995,9.8,998,998,998,99.8,99.8,99.8,819.381099478646,9,6
23375,54,62,1-54-2021-062-06,6,2,5NPEB4AC4EH8,17,498,2459,13,0,55,33,2014,4,1,4,0,1,L,3,1475,5,9999,9,0,998,2,105,1,0,0,995,0,0,0,37167,2,9,2,1,3,2,2,2,1,1,3,1,0,0,3,2,0,0,9,0,1,4,62,99,1,1,4,J,69,0,0,0,0,0,0,0,0,0,0,210,300,0,0,0,1,3,46,-30,35,268477,998,-83,58,0,4,1,1,0,4,0,995,9.8,998,998,998,99.8,99.8,99.8,819.381099478646,9,6
23376,59,53,1-59-2021-053-08,8,1,2G2WS5225413,17,536,4262,13,0,22,20,2004,4,1,4,0,1,F,1,1577,5,0,1,1,6,2,64,1,0,0,995,0,0,0,62441,9,9,2,1,4,2,2,2,1,1,1,3,0,0,1,2,1,2,9,0,1,2,17,2,1,1,5,L,88,0,0,0,0,0,0,0,0,0,0,140,70,0,0,0,1,1,13,-11,-6,14012,998,-65,14,0,3,0,0,0,0,0,995,9.8,998,998,998,99.8,99.8,99.8,158.87869074289,6,6
23376,59,53,1-59-2021-053-08,8,2,3MEHM0JG9AR6,17,465,1793,13,0,14,21,2010,4,1,3,0,1,L,1,1678,8,0,1,1,6,2,64,1,0,0,995,0,0,0,47802,1,9,2,4,3,1,2,2,1,1,1,1,0,0,1,2,1,2,9,0,1,4,66,1,1,1,5,L,89,0,0,0,0,0,0,0,0,0,0,70,140,0,0,0,1,1,12,-2,11,11570,998,100,11,0,1,1,1,0,4,0,995,9.8,998,998,998,99.8,99.8,99.8,158.87869074289,6,6
23377,59,54,1-59-2021-054-07,7,1,2C3CCAGG0EH3,17,477,1878,13,0,6,51,2014,4,1,5,0,1,F,1,2047,5,0,1,1,13,2,56,1,0,0,995,0,0,0,47885,9,9,0,4,2,1,2,1,1,1,0,0,0,0,4,1,0,0,9,0,1,6,87,1,1,1,1,C,13,0,0,0,0,0,0,0,0,0,0,998,998,0,0,0,1,10,999,999,999,9999999,999,999,999,6,0,0,0,0,0,0,998,9.8,998,998,998,99.8,99.8,99.8,1099.75158502593,6,6
23381,17,76,1-17-2021-076-04,4,1,JTHBK1EG7A23,17,515,2475,13,0,59,31,2010,4,1,4,0,1,R,1,1624,5,0,1,1,6,2,48,1,9,0,995,0,9,0,61244,9,9,2,4,3,2,2,1,1,1,1,2,0,0,1,1,1,2,1,0,11,2,15,2,1,1,4,J,68,0,0,0,0,0,0,0,0,0,0,230,90,0,0,0,1,1,10,-9,-5,2833,998,4,7,0,1,0,0,0,0,0,995,9.8,998,998,998,99.8,99.8,99.8,431.930391707578,4,6
23381,17,76,1-17-2021-076-04,4,2,3VV2B7AX1MM1,17,482,29591,7,0,30,402,2021,14,3,14,0,1,F,1,1749,5,0,1,1,6,2,48,1,9,0,995,0,9,0,61282,1,2,2,4,3,1,2,1,1,1,0,1,0,0,1,1,1,2,1,0,1,4,62,98,1,1,4,J,69,0,0,0,0,0,0,0,0,0,0,90,230,0,0,0,1,1,10,-10,2,13643,998,91,12,0,1,0,0,0,0,0,995,9.8,998,998,998,99.8,99.8,99.8,431.930391707578,4,6
23382,17,77,1-17-2021-077-04,4,1,5FNYF6H53JB0,17,474,1864,7,0,37,421,2018,15,3,15,0,1,F,1,1930,5,0,1,1,6,2,89,1,9,0,995,0,9,0,52722,9,9,2,1,3,3,2,1,1,1,1,2,0,0,1,1,1,2,9,0,11,2,15,7,1,1,4,J,68,0,0,0,0,0,0,0,0,0,0,230,90,0,0,0,1,1,22,-19,-11,19739,998,-67,14,0,1,0,0,0,0,0,995,9.8,998,998,998,99.8,99.8,99.8,431.930391739683,4,6
23382,17,77,1-17-2021-077-04,4,2,1G1AD5F50A71,17,467,4234,13,0,20,22,2010,4,1,2,0,1,F,2,1261,5,0,1,1,6,2,89,1,9,0,995,0,9,0,61261,9,9,2,1,4,2,2,1,1,1,1,3,0,0,1,1,1,2,9,0,1,4,62,1,1,1,4,J,69,0,0,0,0,0,0,0,0,0,0,90,230,0,0,0,1,1,33,-33,6,88014,998,34,40,0,1,0,0,0,0,0,995,9.8,998,998,998,99.8,99.8,99.8,431.930391739683,4,6
23383,19,140,1-19-2021-140-07,7,1,1HGCR2F52DA2,17,474,1861,13,0,37,32,2013,4,1,4,0,1,F,1,1521,5,0,1,1,8,2,56,1,0,0,995,0,0,0,35903,1,9,2,5,5,1,2,2,1,1,0,3,0,0,1,8,0,0,1,1,1,2,13,3,2,4,1,A,1,0,0,0,0,0,0,0,0,0,0,998,998,0,1,1,1,1,16,-15,-5,15500,998,-22,16,0,1,0,0,0,0,0,998,0.0,30,26,90,16.7,8.8,18.9,734.68221031216,9,6
23384,19,141,1-19-2021-141-04,4,1,4T1BG22K8XU4,17,448,2469,13,0,49,40,1999,4,1,3,0,1,F,1,1415,5,9999,9,0,998,5,40,1,9,0,995,0,9,0,35904,9,9,2,4,5,2,2,1,3,1,3,1,0,0,1,1,1,2,3,1,10,2,16,99,1,2,4,K,80,0,0,0,0,0,0,0,0,0,0,55,255,0,1,0,1,3,15,-15,-3,15374,998,-35,16,0,4,95,95,95,95,0,995,9.8,998,998,998,99.8,99.8,99.8,433.301370894092,9,6
23384,19,141,1-19-2021-141-04,4,2,3N1CN8DV8ML8,17,478,1894,13,0,35,50,2021,4,1,2,0,1,F,1,1194,5,0,2,1,7,2,40,1,0,0,995,0,0,0,35905,1,2,2,4,2,1,2,1,1,1,1,2,0,0,1,1,1,2,1,0,5,4,67,1,1,1,4,K,81,0,0,0,0,0,0,0,0,0,0,255,55,0,1,0,1,3,17,-16,3,12070,998,5,16,0,4,1,1,0,0,0,995,9.8,998,998,998,99.8,99.8,99.8,433.301370894092,9,6
23385,19,142,1-19-2021-142-07,7,1,1GNEC13Z23J2,17,467,1852,7,0,20,421,2003,15,3,15,0,1,F,9,2211,5,9999,9,0,998,5,64,1,0,0,995,0,0,0,35903,9,9,3,5,5,2,2,1,3,1,3,2,0,0,1,1,0,0,9,0,14,4,72,99,1,1,4,K,83,0,0,0,0,0,0,0,0,0,0,120,0,0,0,0,1,0,999,999,999,9999999,999,999,999,9,0,95,95,95,95,0,995,9.8,998,998,998,99.8,99.8,99.8,734.68221031216,9,6