CASEID,PSU,CASENO,CASENUMBER,CATEGORY,VEHNO,VIN,VINLENGTH,VPICMAKE,VPICMODEL,VPICBODYCLASS,ICFINALBODY,MAKE,MODEL,MODELYR,BODYTYPE,BODYCAT,VEHCLASS,SPECUSE,TRANSTAT,DAMPLANE,DAMSEV,CURBWT,CURBSRC,CARGOWT,CARGOSRC,INSPTYPE,INSPLAG,TOWED,SPEEDLIMIT,DRPRESENT,PARALCOHOL,ALCTEST,ALCTESTRESULT,ALCTESTSRC,PARDRUG,DRUGTEST,ZIP,RACE,ETHNICITY,RELTOJUNCT,TRAFFLOW,RDLANES,INITLANE,SURFTYPE,SURFCOND,ALIGNMENT,PROFILE,LINERIGHT,LINELEFT,RUMBINIT,RUMBROAD,LIGHTCOND,WEATHER,TRAFDEV,TRAFFUNCT,DISTRACT,PREFHE,PREMOVE,CRITCAT,CRITEVENT,MANEUVER,PRESTAB,PRELOC,CRASHCAT,CRASHCONF,CRASHTYPE,ROLLTYPE,ROLLTURN,ROLLINTRPT,ROLLPREMAN,ROLLINITYP,ROLLINLOC,ROLLOBJ,ROLLTRIP,ROLLDIR,ROLLDIST,DVANGTHIS,DVANGOTH,TOWHITCH,TRAJDOC,TREEPOLE,DVEVENT,DVBASIS,DVTOTAL,DVLONG,DVLAT,DVENERGY,DVSPEED,DVMOMENT,DVBES,DVEST,DVCONF,VAIS,VISS,VINJURED,VTREAT,INITOBJCLASS,HEADANGLECAT,SHLDRWIDTH,STRKLENGTH,STRKWIDTH,STRKHEIGHT,EDGEDISTX,EDGEDISTY,EDGEDISTZ,CASEWGT,PSUSTRAT,VERSION
23417,14,74,1-14-2021-074-07,7,1,JN1BJ1CPXHW0,17,478,17214,5,0,35,51,2017,6,1,3,0,1,F,9,1550,5,9999,9,0,998,5,64,1,0,0,995,0,0,0,78209,9,9,2,4,2,1,1,1,1,1,0,0,0,0,1,8,2,2,9,1,10,2,16,99,1,2,4,K,78,0,0,0,0,0,0,0,0,0,0,110,140,0,0,0,1,0,999,999,999,9999999,999,999,999,9,0,95,95,95,95,0,995,9.8,998,998,998,99.8,99.8,99.8,10200.3761331629,8,6
23417,14,74,1-14-2021-074-07,7,2,2HGFB2F59DH5,17,474,1863,13,0,37,31,2013,4,1,3,0,1,R,1,1236,5,0,1,1,23,2,64,1,0,0,995,0,0,0,78666,1,9,2,2,3,3,1,1,1,1,3,0,0,0,1,8,0,0,9,0,1,4,70,99,1,1,4,K,79,0,0,0,0,0,0,0,0,0,0,140,110,0,1,0,1,8,999,999,999,9999999,999,999,999,6,0,0,0,0,0,0,995,0.0,120,20,20,0.0,0.0,0.0,10200.3761331629,8,6
23418,31,73,1-31-2021-073-06,6,1,2GNALBEK6F11,17,467,1847,7,0,20,404,2015,14,3,14,0,1,F,2,1706,5,0,1,1,7,2,89,1,0,0,995,0,0,0,62869,9,9,0,4,2,1,2,1,3,1,1,2,2,3,1,1,0,0,9,1,14,2,13,1,2,4,1,A,1,1,4,2,6,1,4,61,1,1,19,998,998,0,0,0,2,10,999,999,999,9999999,999,0,36,3,0,99,99,0,8,3,998,1.0,115,117,999,16.1,3.0,16.5,297.814350340145,6,6
23419,31,74,1-31-2021-074-06,6,1,1C4RJFBG3EC2,17,483,1949,7,0,2,422,2014,15,3,15,0,1,F,1,2211,5,9999,9,1,17,2,56,1,0,0,995,0,0,0,62835,9,9,2,4,2,1,2,1,1,1,0,4,0,0,1,1,2,2,3,0,1,3,50,1,1,1,2,D,20,0,0,0,0,0,0,0,0,0,0,10,10,0,0,0,1,1,19,-19,0,32692,998,16,19,0,4,99,99,0,0,0,995,9.8,998,998,998,99.8,99.8,99.8,297.814350340145,6,6
23419,31,74,1-31-2021-074-06,6,2,1GCEK19K2RE1,17,467,10978,60,0,20,481,1994,34,5,31,0,1,B,1,2012,5,0,1,1,16,2,56,1,0,0,995,0,0,0,62869,1,2,2,4,2,1,2,1,1,1,0,4,0,0,1,1,2,2,1,0,5,3,53,1,1,1,2,D,21,0,0,0,0,0,0,0,0,0,0,10,10,0,0,0,1,1,20,20,0,30975,998,24,19,0,4,9,97,0,3,0,995,0.0,999,999,999,0.1,0.8,0.8,297.814350340145,6,6
23420,21,130,1-21-2021-130-01,1,1,JT3GN87R5X01,17,448,2216,7,0,49,401,1999,14,3,14,0,1,T,3,1803,5,9999,9,5,66,2,113,1,0,9,998,8,0,9,95126,1,9,0,1,2,1,1,1,3,1,1,3,2,3,1,1,0,0,9,1,14,2,12,7,4,4,1,B,7,1,8,2,2,1,4,61,1,1,44,997,997,0,0,0,1,6,999,999,999,9999999,999,999,999,8,0,4,26,1,1,3,997,9.8,998,998,998,99.8,99.8,99.8,110.890424977122,11,6
23421,21,131,1-21-2021-131-02,2,1,3N1AB7AP3JL6,17,478,1907,13,0,35,43,2018,4,1,3,0,1,F,2,1300,5,9999,9,4,52,2,105,1,1,8,997,8,0,9,92337,9,1,0,2,5,1,1,1,3,9,2,3,0,0,2,1,0,0,9,1,14,2,13,99,1,4,1,A,1,1,3,2,2,1,4,61,1,2,15,998,998,0,0,0,2,98,999,999,999,9999999,999,999,999,7,0,2,5,0,4,3,998,3.3,999,999,999,54.6,4.2,54.8,54.8392777928786,11,6
23422,29,79,1-29-2021-079-10,10,1,5J6YH28644L0,17,474,1868,7,0,37,403,2004,14,3,14,0,1,F,1,1631,5,9999,9,0,998,5,48,1,0,0,995,0,0,0,02556,9,9,2,1,1,1,2,1,3,1,1,0,0,0,1,1,3,2,9,0,11,2,15,99,1,1,4,K,76,0,0,0,0,0,0,0,0,0,0,180,145,0,0,0,1,3,9,-9,-3,2619,998,-63,6,0,4,95,95,95,95,0,995,9.8,998,998,998,99.8,99.8,99.8,483.124902130236,2,6
23422,29,79,1-29-2021-079-10,10,2,1GCHK29U23E3,17,467,1850,60,0,20,481,2003,34,5,31,0,1,L,1,2644,5,0,1,1,5,2,48,1,0,0,995,0,0,0,02703,9,9,2,1,3,2,2,1,1,1,1,1,0,0,1,1,1,2,1,0,1,4,65,99,1,1,4,K,77,0,0,0,0,0,0,0,0,0,0,145,180,0,0,0,1,3,6,4,4,7801,998,-53,8,0,4,0,0,0,0,0,995,9.8,998,998,998,99.8,99.8,99.8,483.124902130236,2,6
23423,29,80,1-29-2021-080-09,9,1,WAULT68E84A0,17,582,3146,13,0,32,43,2004,4,1,3,0,1,F,1,1780,5,9999,9,0,998,5,72,1,0,0,995,0,0,0,02828,9,9,2,4,2,1,2,2,1,4,0,0,0,0,1,1,2,2,1,0,11,2,15,99,1,1,4,K,82,0,0,0,0,0,0,0,0,0,0,90,195,0,0,0,1,3,14,-14,-2,8482,998,-39,11,0,4,95,95,95,95,0,995,9.8,998,998,998,99.8,99.8,99.8,170.99541030911,2,6
23423,29,80,1-29-2021-080-09,9,2,2T1FF28P43C6,17,448,2803,1,0,49,44,2003,1,1,3,0,1,R,1,1580,5,0,1,1,6,2,72,1,0,0,995,0,0,0,02703,9,9,2,4,4,2,2,2,3,1,3,2,0,0,1,1,0,0,1,0,14,4,67,99,1,1,4,K,83,0,0,0,0,0,0,0,0,0,0,195,90,0,1,0,1,3,15,-3,-15,19677,998,24,17,0,4,99,99,0,8,0,995,9.8,998,998,998,99.8,99.8,99.8,170.99541030911,2,6
23424,18,79,1-18-2021-079-03,3,1,1GDY72CF5F19,17,472,1856,62,9,23,461,2015,28,4,28,0,1,R,1,2497,8,9999,9,1,21,2,89,1,0,0,995,0,0,0,54726,1,9,2,4,2,1,2,1,1,2,1,0,0,0,1,1,2,2,9,0,1,2,17,99,1,1,5,L,87,0,0,0,0,0,0,0,0,0,0,90,35,0,0,0,1,1,15,3,-15,19723,998,-139,11,0,4,9,97,0,99,0,995,0.0,999,999,999,2.0,0.1,2.0,361.215586454355,6,6
23424,18,79,1-18-2021-079-03,3,2,2GCVKPEC2K12,17,467,25279,60,0,20,481,2019,34,5,30,0,1,F,1,2184,5,811,3,1,25,2,89,1,0,0,995,0,0,0,53151,1,9,2,4,3,2,2,1,1,1,1,4,0,0,1,1,0,0,1,0,1,4,66,5,1,1,5,L,86,0,0,0,0,0,0,0,0,0,0,35,90,0,0,0,1,1,13,-12,4,37972,998,44,17,0,4,9,97,0,99,0,995,9.8,998,998,998,99.8,99.8,99.8,361.215586454355,6,6
23425,18,80,1-18-2021-080-06,6,1,1G1PC5SH0C71,17,467,1832,13,0,20,25,2012,4,1,3,0,1,F,3,1407,5,0,1,1,7,2,40,1,0,0,995,0,0,0,54724,1,9,0,4,2,1,1,1,1,1,0,2,0,0,1,1,0,0,3,1,1,2,11,1,1,4,1,C,11,0,0,0,0,0,0,0,0,0,0,90,90,0,0,0,1,5,999,999,999,9999999,999,999,41,4,0,9,97,0,5,0,995,9.8,998,998,998,99.8,99.8,99.8,734.614725339214,6,6
23425,18,80,1-18-2021-080-06,6,2,999999999999,99,99999,99999,66,0,99,884,9999,66,8,68,0,2,B,9,,,,,,,,,,,,,,,,,,,,,,,,,,,,,,,,,,,,,,,,,,,,,,,,,,,,,,,,,,,,,,,,,,,,,,,,95,95,95,95,,,,,,,,,,734.614725339214,6,6
23426,27,81,1-27-2021-081-02,2,1,JF2SKAAC9LH5,17,523,2234,7,0,48,401,2020,14,3,14,0,1,F,1,1569,5,0,1,1,6,2,56,1,0,1,0,2,0,1,01247,1,2,0,1,1,1,2,1,3,1,1,2,0,0,1,1,0,0,9,1,14,1,8,99,2,4,1,B,7,0,0,0,0,0,0,0,0,0,0,998,998,0,0,0,1,98,999,999,999,9999999,999,999,999,6,0,1,1,0,3,0,998,1.5,999,10,10,0.0,0.0,0.0,20.4752442052452,3,6
23427,27,82,1-27-2021-082-03,3,1,2G1145S36H91,17,467,1833,13,0,20,2,2017,4,1,4,0,1,F,1,1717,5,0,2,1,16,2,32,1,0,0,995,0,0,9,01201,1,2,2,4,2,1,2,1,1,4,1,2,0,0,1,1,2,2,1,0,11,2,15,2,1,1,4,K,82,0,0,0,0,0,0,0,0,0,0,295,55,0,0,0,1,1,9,-9,0,13940,998,34,13,0,4,0,0,0,7,0,995,9.8,998,998,998,99.8,99.8,99.8,64.3839500916094,3,6
23427,27,82,1-27-2021-082-03,3,2,2C3CDXMGXLH1,17,476,1895,13,0,7,24,2020,4,1,5,0,1,R,1,1886,5,0,1,1,8,2,32,1,0,0,995,0,0,0,01830,2,2,2,4,2,1,2,1,1,1,1,2,0,0,1,1,0,0,1,0,1,4,67,8,1,1,4,K,83,0,0,0,0,0,0,0,0,0,0,55,295,0,0,0,1,1,9,-5,-8,1289,998,-84,4,0,4,2,4,0,4,0,995,9.8,998,998,998,99.8,99.8,99.8,64.3839500916094,3,6
23429,20,131,1-20-2021-131-05,5,1,2HGFB2F53DH5,17,474,1863,13,0,37,31,2013,4,1,3,0,1,F,1,1236,5,0,1,1,48,2,48,1,0,0,995,0,0,0,93906,3,9,2,1,4,2,2,1,1,1,1,1,0,0,3,1,1,2,1,0,1,2,17,3,1,1,5,L,88,0,0,0,0,0,0,0,0,0,0,275,195,0,0,0,1,3,21,-13,-16,21404,998,-145,14,0,4,9,97,0,8,0,995,0.0,18,33,63,1.0,0.4,1.1,52.1317635876274,11,6
23429,20,131,1-20-2021-131-05,5,2,WBAVB13576K0,17,452,2764,13,0,34,34,2006,4,1,3,0,1,L,1,1490,5,9999,9,0,998,2,48,1,9,0,995,0,9,0,99999,9,9,2,4,5,2,2,1,1,1,3,1,0,0,3,1,1,2,9,0,1,4,66,99,1,1,5,L,89,0,0,0,0,0,0,0,0,0,0,195,275,0,0,0,1,3,19,-12,14,49656,998,-58,27,0,4,99,99,0,99,0,995,9.8,998,998,998,99.8,99.8,99.8,52.1317635876274,11,6
23431,22,94,1-22-2021-094-03,3,1,3CZRM3H52CG7,17,474,1865,7,0,37,402,2012,14,3,14,0,1,F,2,1499,5,0,1,5,16,2,105,1,0,0,995,0,0,0,85351,9,9,0,4,2,1,2,1,1,1,1,4,2,3,1,1,0,0,9,1,6,2,10,98,1,4,3,I,64,0,0,0,0,0,0,0,0,0,0,80,240,1,0,0,1,5,999,999,999,9999999,999,999,999,7,0,1,1,0,5,0,995,2.0,120,999,75,0.0,0.0,0.0,44.9430397046145,12,6
23431,22,94,1-22-2021-094-03,3,2,1FMCU9GD1HUE,17,460,1798,7,0,12,402,2017,14,3,14,0,1,R,2,1668,5,0,1,5,15,2,105,1,0,0,995,0,0,0,83540,1,2,0,4,2,1,2,1,1,1,1,2,2,3,1,1,0,0,1,1,1,4,62,98,1,4,3,I,65,1,4,2,5,1,1,61,1,2,12,240,80,0,0,0,1,5,999,999,999,9999999,999,999,999,7,0,1,1,0,5,3,995,9.8,998,998,998,99.8,99.8,99.8,44.9430397046145,12,6
23432,24,143,1-24-2021-143-09,9,1,JTHBK1EG2B24,17,515,2475,13,0,59,31,2011,4,1,4,0,1,B,1,1624,5,0,1,1,28,2,0,1,0,0,995,0,0,0,11212,9,9,0,3,3,3,2,1,1,1,3,2,0,0,1,1,0,0,9,0,13,2,20,2,1,1,6,M,92,0,0,0,0,0,0,0,0,0,0,340,340,0,0,0,1,3,22,22,0,37502,998,0,23,0,4,9,97,0,0,0,995,9.8,998,998,998,99.8,99.8,99.8,787.079480394607,1,6
23432,24,143,1-24-2021-143-09,9,2,1C6RRFFG0KN7,17,496,13620,60,0,7,482,2019,34,5,30,0,2,F,1,2327,5,9999,9,0,998,,,,,,,,,,,,,,,,,,,,,,,,,,,,,,,,,,,,,,,,,,,,,,,,,,,,,,,,,,,,,,,,,,95,95,95,95,,,,,,,,,,787.079480394607,1,6
23432,24,143,1-24-2021-143-09,9,3,WDDGF8AB2ER3,17,449,2085,13,0,42,42,2014,4,1,3,0,2,F,9,1670,5,9999,9,0,998,,,,,,,,,,,,,,,,,,,,,,,,,,,,,,,,,,,,,,,,,,,,,,,,,,,,,,,,,,,,,,,,,,95,95,95,95,,,,,,,,,,787.079480394607,1,6
23433,22,93,1-22-2021-093-03,3,1,1HD1GXM14EC3,17,3888,12603,94,0,72,706,2014,80,9,80,0,1,9,9,,,,,,,2,89,1,0,0,995,0,0,0,99403,9,9,0,4,2,1,2,1,2,1,1,4,0,0,1,1,0,0,9,1,14,1,6,99,8,2,3,G,53,,,,,,,,,,,,,,,,,,,,,,,,,,,95,95,95,95,,,9.8,998,998,998,99.8,99.8,99.8,44.9430397046145,12,6
23433,22,93,1-22-2021-093-03,3,2,JTMRFREV6JJ2,17,448,2217,7,0,49,402,2018,14,3,14,0,1,F,2,1610,5,0,1,1,19,2,89,1,0,0,995,0,0,0,83843,9,9,0,4,2,1,2,1,1,1,1,4,0,0,1,1,0,0,9,1,1,4,62,4,1,4,3,G,53,0,0,0,0,0,0,0,0,0,0,335,999,0,0,0,1,5,999,999,999,9999999,999,999,36,3,0,1,1,0,4,0,995,1.1,10,5,120,8.6,1.1,8.7,44.9430397046145,12,6
23435,73,78,1-73-2021-078-03,3,1,JTMJFREV0HD2,17,448,2217,7,0,49,402,2017,14,3,14,0,1,F,2,1610,5,0,1,1,79,2,89,1,8,1,0,2,7,1,04950,9,9,2,4,2,1,2,1,1,4,1,2,0,0,1,1,0,0,1,0,1,4,66,1,1,1,5,L,86,0,0,0,0,0,0,0,0,0,0,180,270,0,0,0,1,3,37,-37,6,61674,998,21,30,0,4,3,14,1,3,0,995,2.0,23,23,120,16.0,11.3,18.9,40.8221406544336,3,6
23435,73,78,1-73-2021-078-03,3,2,3N1AB7AP1FY2,17,478,1907,13,0,35,43,2015,4,1,3,0,1,R,3,1293,5,9999,9,4,82,2,89,1,8,0,995,0,7,0,04938,9,9,2,4,2,1,2,1,1,1,1,2,0,0,1,1,2,2,9,0,1,2,17,99,1,1,5,L,87,0,0,0,0,0,0,0,0,0,0,270,180,0,0,0,1,3,48,-8,-47,162598,998,31,54,0,4,2,9,0,4,0,995,9.8,998,998,998,99.8,99.8,99.8,40.8221406544336,3,6
23436,26,135,1-26-2021-135-02,2,1,1FA6P8CF9H53,17,460,1781,3,0,12,3,2017,2,1,3,0,1,F,3,1681,5,0,1,1,19,2,40,1,1,1,205,2,0,1,93306,9,1,2,4,2,1,2,1,1,1,0,0,0,0,3,1,0,0,9,1,1,2,12,8,2,4,1,B,7,0,0,0,0,0,0,0,0,0,0,200,75,0,1,0,3,3,42,-40,-15,164178,998,-50,46,0,4,3,17,1,3,0,995,0.0,65,40,16,0.0,0.0,0.0,27.8832309753052,10,6
23436,26,135,1-26-2021-135-02,2,2,5NPDH4AE8FH6,17,498,2735,13,0,55,35,2015,4,1,3,0,2,L,9,1305,5,9999,9,0,998,,,,,,,,,,,,,,,,,,,,,,,,,,,,,,,,,,,,,,,,,,,,,,,,,,,,,,,,,,,,,,,,,,95,95,95,95,,,,,,,,,,27.8832309753052,10,6
23436,26,135,1-26-2021-135-02,2,3,JN1BJ0RP5HM3,17,480,1899,15,0,58,44,2017,6,1,4,0,2,F,3,1827,5,9999,9,4,21,,,,,,,,,,,,,,,,,,,,,,,,,,,,,,,,,,,,,,,,,,,,,,,,,,,,,,,,,,,,,,,,,,95,95,95,95,,,,,,,,,,27.8832309753052,10,6
23437,26,136,1-26-2021-136-06,6,1,999999999999,99,515,2180,13,0,59,34,1999,4,1,4,0,1,F,9,1665,5,9999,9,0,998,2,72,1,0,0,995,0,0,0,95630,2,9,2,4,5,1,2,1,1,2,1,3,0,0,2,1,1,2,3,0,1,2,17,1,1,1,5,L,88,0,0,0,0,0,0,0,0,0,0,65,330,0,0,0,1,0,999,999,999,9999999,999,999,999,9,0,0,0,0,0,0,995,9.8,998,998,998,99.8,99.8,99.8,1307.73872108831,10,6
23437,26,136,1-26-2021-136-06,6,2,9BWGR61J0540,17,482,3133,5,0,30,42,2005,5,1,1,0,1,L,9,1296,5,9999,9,0,998,2,56,1,0,0,995,0,0,0,95662,1,9,2,4,3,2,2,1,1,1,1,2,0,0,2,1,1,2,1,0,1,4,66,1,1,1,5,L,89,0,0,0,0,0,0,0,0,0,0,330,65,0,0,0,1,0,999,999,999,9999999,999,999,999,9,0,2,4,0,8,0,995,9.8,998,998,998,99.8,99.8,99.8,1307.73872108831,10,6
23438,26,137,1-26-2021-137-03,3,1,5FNYF5H95MB0,17,474,1864,7,0,37,421,2021,15,3,15,0,1,F,1,1932,5,0,1,1,11,2,72,1,0,0,995,0,0,0,95816,9,1,2,1,3,2,2,1,1,1,1,1,0,0,1,1,1,2,3,0,1,2,17,2,1,1,5,L,88,0,0,0,0,0,0,0,0,0,0,20,295,0,0,0,1,3,23,-21,-8,31061,998,-73,18,0,4,99,99,0,0,0,995,9.8,998,998,998,99.8,99.8,99.8,648.765763580347,10,6
23438,26,137,1-26-2021-137-03,3,2,2C3CCAAG8GH2,17,477,1878,13,0,6,51,2016,4,1,5,0,1,L,2,1797,5,9999,9,4,44,5,72,1,0,0,995,0,0,0,95376,9,9,2,1,5,3,2,1,1,1,3,1,0,0,1,1,1,2,1,0,1,4,66,99,1,1,5,L,89,0,0,0,0,0,0,0,0,0,0,295,20,0,0,0,1,3,26,-9,25,71472,998,-36,31,0,4,95,95,95,95,0,995,9.8,998,998,998,99.8,99.8,99.8,648.765763580347,10,6
23449,30,91,1-30-2021-091-03,3,1,5NPD84LF4HH1,17,498,2735,13,0,55,35,2017,4,1,3,0,1,F,2,1275,5,0,1,1,21,2,89,1,0,0,995,0,0,0,85296,9,9,1,3,2,1,2,1,1,1,0,3,0,0,1,1,6,2,1,0,1,4,60,2,1,1,4,J,71,0,0,0,0,0,0,0,0,0,0,165,235,0,0,0,1,3,25,-25,4,20682,998,35,19,0,4,99,99,0,5,0,995,9.8,998,998,998,99.8,99.8,99.8,1136.86889206522,10,6
23449,30,91,1-30-2021-091-03,3,2,3VW2B7AJXHM3,17,482,3137,13,0,30,40,2017,4,1,3,0,1,R,2,1364,5,9999,9,0,998,5,89,1,0,0,995,0,0,0,85051,9,9,1,3,1,1,2,1,3,1,1,2,0,0,1,1,2,2,9,1,14,2,16,99,1,2,4,J,70,0,0,0,0,0,0,0,0,0,0,235,165,0,0,0,1,3,25,4,-25,47981,998,0,30,0,4,95,95,95,95,0,995,9.8,998,998,998,99.8,99.8,99.8,1136.86889206522,10,6
23450,30,92,1-30-2021-092-02,2,1,3N1CN7AP5HL8,17,478,1894,13,0,35,50,2017,4,1,2,0,1,R,3,1116,8,9999,9,4,57,2,72,1,1,1,180,1,9,9,85326,9,9,2,4,3,1,2,1,1,1,1,1,0,0,2,1,2,2,9,0,1,2,17,99,1,1,5,L,87,0,0,0,0,0,0,0,0,0,0,90,0,0,0,0,1,3,52,-18,-48,159426,998,53,54,0,4,5,38,1,3,0,995,9.8,998,998,998,99.8,99.8,99.8,69.5627879501413,10,6
23450,30,92,1-30-2021-092-02,2,2,3GCPCSE06BG3,17,467,1850,60,0,20,481,2011,34,5,31,0,1,F,2,2338,5,0,1,1,76,2,89,1,8,1,17,2,7,0,85041,9,9,2,3,4,2,2,1,1,1,1,1,0,0,2,1,0,0,3,0,1,4,66,2,1,1,5,L,86,0,0,0,0,0,0,0,0,0,0,0,90,0,0,0,1,3,26,-25,9,67412,998,83,24,0,4,1,3,0,4,0,995,0.0,999,999,999,0.0,2.4,2.4,69.5627879501413,10,6
23451,20,132,1-20-2021-132-04,4,1,2HKRW5H36JH4,17,474,1865,7,0,37,402,2018,14,3,14,0,1,F,1,1502,5,0,1,1,43,2,105,1,0,0,995,0,0,0,93446,1,9,1,2,2,2,2,1,1,9,4,2,1,1,1,1,0,0,3,0,1,3,52,98,1,1,2,D,28,0,0,0,0,0,0,0,0,0,0,130,130,0,0,0,1,3,22,-22,0,19409,998,0,18,0,4,0,0,0,0,0,995,9.8,998,998,998,99.8,99.8,99.8,1977.67139471703,11,6
23451,20,132,1-20-2021-132-04,4,2,1GCDS136X482,17,467,4086,60,0,20,473,2004,34,5,31,0,1,B,1,1702,5,9999,9,4,53,2,105,1,0,0,995,0,0,0,93960,9,1,1,2,2,2,2,1,1,9,3,2,1,1,1,1,0,0,1,0,2,3,53,1,1,1,2,D,29,0,0,0,0,0,0,0,0,0,0,130,130,0,0,0,1,3,19,19,0,37157,998,0,23,0,4,1,1,0,99,0,995,9.8,998,998,998,99.8,99.8,99.8,1977.67139471703,11,6
23451,20,132,1-20-2021-132-04,4,3,JA32U8FW8BU0,17,481,2164,13,0,52,46,2011,4,1,2,0,1,B,9,1325,5,9999,9,0,998,5,105,1,0,0,995,0,0,0,93955,9,9,1,2,2,2,2,1,1,9,3,2,1,1,1,1,0,0,1,0,5,3,53,1,1,1,6,M,98,0,0,0,0,0,0,0,0,0,0,130,130,9,0,0,2,0,999,999,999,9999999,999,999,999,9,0,95,95,95,95,0,995,9.8,998,998,998,99.8,99.8,99.8,1977.67139471703,11,6
23452,25,88,1-25-2021-088-06,6,1,KNMAT2MV3GP6,17,478,1913,8,0,35,51,2016,6,1,3,0,1,F,1,1610,5,0,1,1,13,2,72,1,8,0,995,0,7,0,04039,9,9,0,4,2,1,2,1,1,1,1,4,0,0,1,1,0,0,1,0,1,6,87,1,1,1,1,C,13,0,0,0,0,0,0,0,0,0,0,998,998,0,0,0,1,10,999,999,999,9999999,999,39,12,2,0,1,1,0,5,0,998,9.8,998,998,998,99.8,99.8,99.8,398.5234371377,2,6
23453,16,83,1-16-2021-083-02,2,1,1HGCR2F11HA1,17,474,1861,13,0,37,32,2017,4,1,4,0,1,F,2,1496,5,0,1,1,33,2,56,1,0,1,14,2,0,2,45157,1,2,1,3,1,1,2,1,2,1,1,2,0,0,3,1,0,0,9,1,14,2,13,8,2,4,1,A,1,0,0,0,0,0,0,0,0,0,0,998,998,0,0,2,2,10,999,999,999,9999999,999,-19,32,3,0,1,2,0,6,0,998,2.5,16,16,120,26.8,14.6,31.2,45.8258264444767,5,6
23456,73,79,1-73-2021-079-07,7,1,5XXGN4A7XDG1,17,499,2739,13,0,63,34,2013,4,1,4,0,1,N,9,1454,5,9999,9,0,998,2,72,1,8,0,995,0,7,0,04911,9,9,0,4,2,1,2,1,1,1,1,2,0,0,1,8,0,0,1,0,1,8,98,1,1,1,6,M,98,0,0,0,0,0,0,0,0,0,0,997,997,0,0,0,99,0,999,999,999,9999999,999,999,999,9,0,0,0,0,0,0,997,9.8,998,998,998,99.8,99.8,99.8,215.520836774737,3,6
23457,26,139,1-26-2021-139-02,2,1,4T3ZK11A19U0,17,448,3005,7,0,49,53,2009,5,1,4,0,1,L,1,1705,5,9999,9,4,55,2,56,1,0,0,995,0,0,0,95826,3,2,2,4,3,1,2,1,1,1,0,1,0,0,1,1,1,2,1,0,10,2,16,1,1,1,4,K,78,0,0,0,0,0,0,0,0,0,0,130,170,0,0,0,1,3,24,16,19,58089,998,47,28,0,4,1,1,0,0,0,995,9.8,998,998,998,99.8,99.8,99.8,27.8832309753052,10,6
23457,26,139,1-26-2021-139-02,2,2,55SWF6EB1HU2,17,449,2085,13,0,42,42,2017,4,1,4,0,1,F,1,1690,5,0,1,1,44,2,56,1,0,0,995,0,0,0,95746,3,2,2,1,3,2,2,1,1,1,3,1,0,0,1,1,1,2,1,0,1,4,65,2,9,1,4,K,79,0,0,0,0,0,0,0,0,0,0,170,130,0,0,0,1,3,23,-23,-4,24935,998,6,18,0,4,3,9,1,8,0,995,9.8,998,998,998,99.8,99.8,99.8,27.8832309753052,10,6
23458,77,78,1-77-2021-078-09,9,1,JTHBN36F1501,17,515,2182,13,0,59,32,2005,4,1,5,0,1,F,1,1810,5,0,1,1,8,3,72,1,0,0,995,0,0,0,22901,9,9,3,4,2,1,2,1,1,4,0,0,0,0,1,1,5,2,1,0,10,2,16,1,1,1,4,K,78,0,0,0,0,0,0,0,0,0,0,215,280,0,0,0,1,3,18,-18,3,12248,998,-29,12,0,4,99,99,0,99,0,995,9.8,998,998,998,99.8,99.8,99.8,8999.39122835568,9,6
23458,77,78,1-77-2021-078-09,9,2,1FTBF2B67GEB,17,460,1805,60,0,12,481,2016,34,5,31,0,1,R,1,2881,5,9999,9,0,998,5,72,1,0,0,995,0,0,0,23093,9,9,3,4,4,2,2,1,1,1,1,2,1,0,1,1,0,0,1,0,1,4,70,99,1,1,4,K,79,0,0,0,0,0,0,0,0,0,0,280,215,0,0,0,1,3,13,4,-12,32233,998,-22,17,0,4,95,95,95,95,0,995,9.8,998,998,998,99.8,99.8,99.8,8999.39122835568,9,6
23459,77,79,1-77-2021-079-01,1,1,1GNDS13S4225,17,467,4548,7,0,20,401,2002,14,3,14,0,1,F,3,2015,5,68,1,1,22,2,80,1,9,1,0,2,9,0,22902,9,9,0,4,2,1,2,2,2,1,1,2,1,1,1,2,0,0,9,1,14,2,10,99,1,2,3,G,50,0,0,0,0,0,0,0,0,0,0,10,220,0,0,0,1,1,63,-62,-11,306098,998,-9,60,0,1,4,36,1,3,0,995,0.3,70,62,-35,4.6,3.4,5.7,141.736473887543,9,6
23459,77,79,1-77-2021-079-01,1,2,WDC0G4KB0KV1,17,449,5885,7,0,42,405,2019,14,3,14,0,1,F,3,1815,5,0,1,1,21,2,80,1,0,1,0,2,0,0,22542,1,2,0,4,2,1,2,2,3,1,1,2,1,1,1,2,6,2,1,0,14,4,62,1,1,1,3,G,51,0,0,0,0,0,0,0,0,0,0,220,10,0,0,0,1,1,68,-64,23,511440,998,86,70,0,1,2,9,0,1,0,995,9.8,998,998,998,99.8,99.8,99.8,141.736473887543,9,6
23460,54,63,1-54-2021-063-03,3,1,JN1DA31A83T4,17,478,2302,13,0,35,39,2003,4,1,3,0,1,F,1,1494,5,9999,9,0,998,2,40,1,0,0,995,0,0,0,35653,9,1,2,4,2,1,2,1,3,1,0,0,0,0,1,1,0,0,3,1,11,2,10,99,1,2,4,K,82,0,0,0,0,0,0,0,0,0,0,300,145,0,1,0,1,3,9,-9,-2,3761,998,-35,8,0,4,0,0,0,0,0,995,9.8,998,998,998,99.8,99.8,99.8,235.79871669543,9,6