CASEID,PSU,CASENO,CASENUMBER,CATEGORY,VEHNO,VIN,VINLENGTH,VPICMAKE,VPICMODEL,VPICBODYCLASS,ICFINALBODY,MAKE,MODEL,MODELYR,BODYTYPE,BODYCAT,VEHCLASS,SPECUSE,TRANSTAT,DAMPLANE,DAMSEV,CURBWT,CURBSRC,CARGOWT,CARGOSRC,INSPTYPE,INSPLAG,TOWED,SPEEDLIMIT,DRPRESENT,PARALCOHOL,ALCTEST,ALCTESTRESULT,ALCTESTSRC,PARDRUG,DRUGTEST,ZIP,RACE,ETHNICITY,RELTOJUNCT,TRAFFLOW,RDLANES,INITLANE,SURFTYPE,SURFCOND,ALIGNMENT,PROFILE,LINERIGHT,LINELEFT,RUMBINIT,RUMBROAD,LIGHTCOND,WEATHER,TRAFDEV,TRAFFUNCT,DISTRACT,PREFHE,PREMOVE,CRITCAT,CRITEVENT,MANEUVER,PRESTAB,PRELOC,CRASHCAT,CRASHCONF,CRASHTYPE,ROLLTYPE,ROLLTURN,ROLLINTRPT,ROLLPREMAN,ROLLINITYP,ROLLINLOC,ROLLOBJ,ROLLTRIP,ROLLDIR,ROLLDIST,DVANGTHIS,DVANGOTH,TOWHITCH,TRAJDOC,TREEPOLE,DVEVENT,DVBASIS,DVTOTAL,DVLONG,DVLAT,DVENERGY,DVSPEED,DVMOMENT,DVBES,DVEST,DVCONF,VAIS,VISS,VINJURED,VTREAT,INITOBJCLASS,HEADANGLECAT,SHLDRWIDTH,STRKLENGTH,STRKWIDTH,STRKHEIGHT,EDGEDISTX,EDGEDISTY,EDGEDISTZ,CASEWGT,PSUSTRAT,VERSION
23530,29,83,1-29-2021-083-07,7,1,JA4AP3AW9GZ0,17,481,2163,7,0,52,47,2016,6,1,3,0,1,F,1,1475,5,0,1,1,5,2,72,1,8,0,995,0,7,0,02746,9,9,2,3,3,3,2,2,1,1,1,2,0,0,3,2,1,2,9,0,1,3,50,2,1,1,2,D,20,0,0,0,0,0,0,0,0,0,0,15,35,0,0,0,1,12,999,999,999,9999999,999,999,999,6,0,0,0,0,0,0,995,9.8,998,998,998,99.8,99.8,99.8,102.089695968897,2,6
23530,29,83,1-29-2021-083-07,7,2,19XFB2F83DE2,17,474,1863,13,0,37,31,2013,4,1,3,0,1,B,9,1236,5,9999,9,0,998,5,72,1,8,0,995,0,7,0,02740,9,9,2,3,3,3,2,2,1,1,1,2,0,0,3,2,1,2,9,0,5,3,53,99,1,1,2,D,22,0,0,0,0,0,0,0,0,0,0,35,15,0,0,0,1,0,999,999,999,9999999,999,999,999,9,0,95,95,95,95,0,995,9.8,998,998,998,99.8,99.8,99.8,102.089695968897,2,6
23531,66,80,1-66-2021-080-09,9,1,JHMGE87429S0,17,474,2127,5,0,37,39,2009,5,1,1,0,1,T,2,1121,5,0,1,1,5,2,89,1,0,0,995,0,7,0,65712,1,2,0,4,2,1,2,2,3,1,1,2,2,3,1,8,0,0,9,1,14,1,6,99,3,4,1,A,2,1,3,2,2,1,4,61,1,2,20,997,997,0,0,0,2,6,999,999,999,9999999,999,999,999,7,0,2,5,0,4,3,997,0.5,120,120,-100,8.7,4.6,9.5,339.731251018427,6,6
23532,16,87,1-16-2021-087-02,2,1,3N1CN8DV3ML8,17,478,1894,13,0,35,50,2021,4,1,2,0,1,T,1,1194,5,0,1,1,24,2,40,1,0,0,995,0,0,0,45238,2,9,0,4,2,1,2,1,3,4,0,2,0,0,3,1,0,0,9,1,14,2,13,3,1,4,1,A,1,1,2,2,5,1,1,61,1,2,17,997,997,0,0,0,2,6,999,999,999,9999999,999,999,999,6,0,1,1,0,8,3,997,9.8,998,998,998,99.8,99.8,99.8,18.934323890091,5,6
23532,16,87,1-16-2021-087-02,2,2,1N4AL3AP7JC1,17,478,1904,13,0,35,47,2018,4,1,4,0,2,L,1,1453,5,0,1,5,46,,,,,,,,,,,,,,,,,,,,,,,,,,,,,,,,,,,,,,,,,,,,,,,,,,,,,,,,,,,,,,,,,,95,95,95,95,,,,,,,,,,18.934323890091,5,6
23533,76,68,1-76-2021-068-10,10,1,999999999999,99,523,2233,15,0,48,34,2001,6,1,3,0,1,F,9,1551,5,9999,9,0,998,2,89,1,8,9,998,8,7,9,11226,9,9,0,4,2,1,2,2,3,1,1,2,1,0,4,8,0,0,9,0,14,3,52,99,1,1,2,D,28,0,0,0,0,0,0,0,0,0,0,85,85,0,0,0,1,0,999,999,999,9999999,999,999,999,9,0,0,0,0,0,0,995,9.8,998,998,998,99.8,99.8,99.8,20.6150526644035,3,6
23533,76,68,1-76-2021-068-10,10,2,2LMPJ8J99MBL,17,464,24892,7,0,13,422,2021,15,3,15,0,1,B,9,1953,5,9999,9,0,998,5,89,1,8,9,998,8,7,9,12422,9,9,0,4,2,1,2,2,3,1,1,2,1,0,4,8,0,0,9,0,2,3,53,99,1,1,2,D,29,0,0,0,0,0,0,0,0,0,0,85,85,0,0,0,1,0,999,999,999,9999999,999,999,999,9,0,95,95,95,95,0,995,9.8,998,998,998,99.8,99.8,99.8,20.6150526644035,3,6
23534,13,92,1-13-2021-092-05,5,1,JN8AZ2KR1DT3,17,478,2341,7,0,35,52,2013,6,1,1,0,1,F,1,1286,5,0,1,1,19,2,56,1,8,1,0,2,7,1,75051,1,9,1,2,5,2,2,1,1,1,1,1,0,0,1,1,1,2,9,0,1,2,17,99,1,1,5,L,88,1,2,2,6,1,4,63,1,1,999,0,270,0,0,0,1,1,20,-17,-10,17142,998,-51,17,0,3,5,38,1,1,3,995,0.3,999,999,999,99.9,99.9,99.9,88.3395992943799,7,6
23534,13,92,1-13-2021-092-05,5,2,JTEZU17R5580,17,448,2216,7,0,49,401,2005,14,3,14,0,1,L,1,1945,5,0,1,1,33,2,56,1,8,0,995,0,7,0,75141,9,9,1,1,4,4,1,1,1,1,1,0,0,0,1,1,1,2,9,0,1,4,66,99,1,1,5,L,89,0,0,0,0,0,0,0,0,0,0,270,0,0,0,0,1,1,13,-7,11,23284,998,66,16,0,3,1,1,0,4,0,995,9.8,998,998,998,99.8,99.8,99.8,88.3395992943799,7,6
23536,77,80,1-77-2021-080-07,7,1,KNDJN2A28J78,17,499,2460,7,0,63,37,2018,6,1,2,0,1,F,1,1492,5,0,1,1,6,2,40,1,0,0,995,0,0,0,22947,1,2,0,1,2,1,2,1,1,1,1,3,0,0,1,1,0,0,1,0,1,3,50,1,1,1,2,D,20,0,0,0,0,0,0,0,0,0,0,345,345,0,0,0,1,3,15,-15,0,11262,998,0,14,0,4,1,1,0,0,0,995,9.8,998,998,998,99.8,99.8,99.8,2632.09338002327,9,6
23536,77,80,1-77-2021-080-07,7,2,1GNSKJKC0GR2,17,467,1851,7,0,20,422,2016,15,3,15,0,1,B,1,2620,5,9999,9,0,998,5,40,1,0,0,995,0,0,0,22947,9,9,0,1,2,1,2,1,1,1,1,3,0,0,1,1,0,0,1,0,5,3,53,1,1,1,2,D,21,0,0,0,0,0,0,0,0,0,0,345,345,0,0,0,1,3,8,8,0,8717,998,0,9,0,4,95,95,95,95,0,995,9.8,998,998,998,99.8,99.8,99.8,2632.09338002327,9,6
23537,77,81,1-77-2021-081-10,10,1,1GCCS19X6X81,17,467,11483,60,0,20,471,1999,34,5,30,0,1,T,2,1425,5,0,1,1,6,3,72,1,0,0,995,0,9,0,22902,9,9,2,1,2,1,2,2,1,1,1,3,0,0,1,2,1,2,1,1,11,1,6,1,2,4,1,B,7,1,2,2,6,1,4,63,1,2,17,997,997,0,0,0,2,6,999,999,999,9999999,999,999,999,7,0,0,0,0,0,3,997,0.2,5,5,78,2.1,1.3,2.2,9458.55895139452,9,6
23538,54,65,1-54-2021-065-09,9,1,KNAFU4A29B53,17,499,2462,13,0,63,38,2011,4,1,3,0,1,F,2,1228,5,0,1,1,9,2,56,1,0,0,995,0,0,1,35654,1,2,0,4,2,1,2,1,3,1,1,2,0,0,1,8,0,0,9,1,14,2,13,99,9,4,1,A,1,0,0,0,0,0,0,0,0,0,0,998,998,0,1,0,7,11,999,999,999,9999999,999,999,999,7,0,1,2,0,4,0,998,0.0,100,105,50,36.0,9.0,36.0,452.951698223151,9,6
23539,54,66,1-54-2021-066-04,4,1,2G1FC1EDXB91,17,467,1829,3,0,20,9,2011,2,1,4,0,1,F,1,1700,5,0,1,1,3,2,89,1,0,0,995,0,0,0,35654,1,9,2,1,2,2,2,1,1,1,3,2,1,3,1,1,0,0,9,0,11,2,15,99,1,1,4,J,68,0,0,0,0,0,0,0,0,0,0,290,190,0,0,0,1,1,23,-17,-15,60777,998,-137,22,0,1,0,0,0,0,0,995,9.8,998,998,998,99.8,99.8,99.8,222.817718054871,9,6
23539,54,66,1-54-2021-066-04,4,2,5N1DL0MNXLC5,17,480,1910,7,0,58,403,2020,14,3,14,0,1,L,1,2049,5,0,1,1,2,2,89,1,0,0,995,0,0,0,35654,1,2,2,1,2,1,2,1,1,1,1,3,2,3,1,1,0,0,1,0,1,4,62,4,1,1,4,J,69,0,0,0,0,0,0,0,0,0,0,190,290,0,1,0,1,1,19,-14,12,39410,998,-60,20,0,1,0,0,0,0,0,995,2.0,58,44,88,22.0,6.0,23.0,222.817718054871,9,6
23540,59,57,1-59-2021-057-06,6,1,1FMCU9GX2DUA,17,460,1798,7,0,12,402,2013,14,3,14,0,1,R,1,1693,5,0,1,1,2,2,48,1,0,0,995,0,0,0,47804,9,9,3,4,2,1,2,1,1,1,0,0,0,0,1,1,0,0,9,0,1,2,17,10,1,1,5,L,87,0,0,0,0,0,0,0,0,0,0,0,260,0,0,0,1,12,999,999,999,9999999,999,999,21,2,0,9,97,0,99,0,995,0.0,24,24,999,1.1,1.0,1.6,497.228362958192,6,6
23540,59,57,1-59-2021-057-06,6,2,999999999999,99,99999,99999,999,0,99,399,9999,9,1,9,0,1,F,9,9999,9,9999,9,0,998,5,48,1,8,0,995,0,7,0,99999,9,9,3,4,2,1,2,1,1,1,0,0,0,0,1,1,0,0,9,0,1,4,66,99,1,1,5,L,86,0,0,0,0,0,0,0,0,0,0,260,0,0,0,0,1,0,999,999,999,9999999,999,999,999,9,0,95,95,95,95,0,995,9.8,998,998,998,99.8,99.8,99.8,497.228362958192,6,6
23541,59,58,1-59-2021-058-08,8,1,3MEHM01187R6,17,465,1793,13,0,14,21,2007,4,1,3,0,1,F,1,1498,8,0,1,1,2,2,48,1,0,0,995,0,0,0,47804,9,9,2,4,2,1,2,1,1,1,0,2,0,0,1,1,2,2,9,0,1,2,17,5,1,1,5,L,88,0,0,0,0,0,0,0,0,0,0,5,275,0,0,0,1,1,13,-13,-2,10425,998,-38,13,0,1,0,0,0,0,0,995,9.8,998,998,998,99.8,99.8,99.8,256.92037659611,6,6
23541,59,58,1-59-2021-058-08,8,2,1J4NF1GBXBD2,17,483,1947,7,0,2,407,2011,14,3,14,0,1,L,1,1474,5,0,1,1,2,2,48,1,0,0,995,0,0,0,47803,9,9,2,4,2,1,2,1,1,1,0,2,0,0,1,1,2,2,1,0,1,4,66,5,1,1,5,L,89,0,0,0,0,0,0,0,0,0,0,275,5,0,0,0,1,1,13,-2,13,12007,998,-50,13,0,1,0,0,0,4,0,995,9.8,998,998,998,99.8,99.8,99.8,256.92037659611,6,6
23542,17,80,1-17-2021-080-02,2,1,4S4BTANC3L32,17,523,2233,7,0,48,45,2020,6,1,3,0,1,T,1,1655,5,0,1,1,6,2,113,1,9,1,0,2,9,1,62711,1,2,0,1,2,2,2,1,1,9,3,2,1,3,1,1,0,0,9,1,1,2,12,99,9,4,6,M,98,1,4,2,1,1,1,61,1,1,999,997,997,0,0,0,1,6,999,999,999,9999999,999,999,999,6,0,3,17,1,3,3,997,9.8,998,998,998,99.8,99.8,99.8,94.4134408642403,4,6
23544,12,47,1-12-2021-047-05,5,1,KNAFW6A30C54,17,499,2462,3,0,63,38,2012,2,1,3,0,1,F,2,1315,5,0,1,1,29,2,72,1,0,0,995,0,0,0,73463,9,9,2,4,2,1,2,1,1,1,0,0,0,0,5,1,2,2,2,0,11,2,15,99,1,1,4,K,82,0,0,0,0,0,0,0,0,0,0,170,250,0,0,0,1,3,28,-24,14,38778,998,79,23,0,4,0,0,0,0,0,995,9.8,998,998,998,99.8,99.8,99.8,236.263735810333,9,6
23544,12,47,1-12-2021-047-05,5,2,JN8AF5MR1CT1,17,478,1912,8,0,35,403,2012,14,3,14,0,1,T,2,1313,5,0,1,1,29,2,105,1,0,0,995,0,0,0,73463,5,2,2,1,3,1,2,1,1,4,1,3,0,0,5,1,0,0,3,0,1,4,67,99,1,2,4,K,83,1,4,2,2,1,4,61,1,2,35,997,997,0,0,0,2,6,999,999,999,9999999,999,999,999,7,0,3,27,1,3,3,997,9.8,998,998,998,99.8,99.8,99.8,236.263735810333,9,6
23545,12,48,1-12-2021-048-03,3,1,2T3H1RFV9LW0,17,448,2217,7,0,49,402,2020,14,3,14,0,1,F,2,1528,5,0,1,1,14,2,121,1,0,1,0,2,0,1,73439,5,2,0,2,2,2,1,1,1,1,1,3,1,3,1,8,0,0,3,1,1,3,51,1,1,2,2,D,24,0,0,0,0,0,0,0,0,0,0,15,5,0,0,0,1,5,999,999,999,9999999,999,999,36,3,0,1,1,0,4,0,995,9.8,998,998,998,99.8,99.8,99.8,858.538558365099,9,6
23545,12,48,1-12-2021-048-03,3,2,1XP5A07X9YD5,17,495,2046,66,0,87,881,2000,66,8,68,0,1,B,9,,,,,,,5,121,1,0,0,995,0,0,0,74871,9,9,0,2,2,1,1,1,1,1,1,3,2,3,1,8,0,0,1,0,1,3,53,99,1,1,2,D,25,,,,,,,,,,,,,,,,,,,,,,,,,,,95,95,95,95,,,9.8,998,998,998,99.8,99.8,99.8,858.538558365099,9,6
23546,19,148,1-19-2021-148-02,2,1,1FTEX1EPXGFB,17,460,1801,60,0,12,481,2016,34,5,31,0,1,R,2,2081,5,9999,9,0,998,5,56,1,0,0,995,0,0,0,31831,9,9,2,4,2,1,2,1,1,2,0,0,0,0,1,1,2,2,3,0,4,2,17,99,1,1,5,L,87,0,0,0,0,0,0,0,0,0,0,220,120,0,0,0,1,3,26,-9,-24,108897,998,62,35,0,4,95,95,95,95,0,995,9.8,998,998,998,99.8,99.8,99.8,47.1230765782335,9,6
23546,19,148,1-19-2021-148-02,2,2,3FADP4EJ2KM1,17,460,3267,5,0,12,32,2019,5,1,1,0,1,F,3,1151,5,0,2,1,4,2,80,1,0,0,995,0,0,0,35749,1,2,2,4,3,2,2,1,1,4,1,2,2,3,1,1,0,0,1,0,1,4,66,98,1,1,5,L,86,0,0,0,0,0,0,0,0,0,0,120,220,0,0,0,1,3,42,-41,7,40576,998,-11,28,0,4,2,5,0,4,0,995,9.8,998,998,998,99.8,99.8,99.8,47.1230765782335,9,6
23547,19,149,1-19-2021-149-07,7,1,JTHBE1D24F50,17,515,2184,13,0,59,35,2015,4,1,4,0,1,F,1,1570,5,0,1,1,4,2,40,1,1,0,995,0,1,0,35907,1,9,2,4,3,1,2,1,1,1,0,1,0,0,3,1,1,2,9,1,1,2,13,1,1,4,1,C,11,0,0,0,0,0,0,0,0,0,0,220,210,0,0,0,1,3,21,-21,0,17715,998,60,15,0,4,0,0,0,0,0,995,9.8,998,998,998,99.8,99.8,99.8,713.222906088109,9,6
23547,19,149,1-19-2021-149-07,7,2,1GT12UE81GF1,17,472,1857,60,0,23,481,2016,34,5,31,0,2,B,1,2971,5,9999,9,0,998,,,,,,,,,,,,,,,,,,,,,,,,,,,,,,,,,,,,,,,,,,,,,,,,,,,,,,,,,,,,,,,,,,95,95,95,95,,,,,,,,,,713.222906088109,9,6
23549,19,151,1-19-2021-151-03,3,1,KNDJ23AU7M77,17,499,2460,7,0,63,498,2021,14,3,14,0,1,F,1,1290,5,0,1,1,3,2,72,1,0,0,995,0,0,0,36265,1,2,2,4,2,1,2,1,1,1,1,2,0,0,3,1,2,2,1,0,1,2,17,1,1,1,5,L,88,0,0,0,0,0,0,0,0,0,0,190,100,0,0,0,1,12,999,999,999,9999999,999,999,999,6,0,1,1,0,4,0,995,9.8,998,998,998,99.8,99.8,99.8,123.875035165046,9,6
23549,19,151,1-19-2021-151-03,3,2,JN8AT2MT7HW4,17,478,1913,8,0,35,51,2017,6,1,3,0,1,L,9,1550,5,9999,9,0,998,5,72,1,0,0,995,0,0,0,35903,9,9,2,4,2,1,2,1,1,1,0,2,0,0,3,1,2,2,9,0,1,4,66,99,1,1,5,L,89,0,0,0,0,0,0,0,0,0,0,100,190,0,0,0,1,0,999,999,999,9999999,999,999,999,9,0,95,95,95,95,0,995,9.8,998,998,998,99.8,99.8,99.8,123.875035165046,9,6
23550,30,95,1-30-2021-095-03,3,1,5N1DL0MN9LC5,17,480,1910,7,0,58,403,2020,14,3,14,0,1,F,9,2049,5,9999,9,0,998,2,56,1,0,0,995,0,0,0,85204,9,9,2,1,2,1,2,1,1,1,1,1,0,0,1,1,1,2,1,0,1,3,50,99,1,1,2,D,20,0,0,0,0,0,0,0,0,0,0,270,270,0,0,0,1,0,999,999,999,9999999,999,999,999,9,0,99,99,0,99,0,995,9.8,998,998,998,99.8,99.8,99.8,211.550769274905,10,6
23550,30,95,1-30-2021-095-03,3,2,JM3TB28Y1701,17,473,2077,7,0,41,54,2007,6,1,4,0,1,B,9,1956,5,9999,9,0,998,5,56,1,0,0,995,0,0,0,85201,9,9,2,1,2,1,2,1,1,1,1,1,0,0,1,1,1,2,1,0,5,3,53,1,1,1,2,D,21,0,0,0,0,0,0,0,0,0,0,270,270,0,0,0,1,0,999,999,999,9999999,999,999,999,9,0,95,95,95,95,0,995,9.8,998,998,998,99.8,99.8,99.8,211.550769274905,10,6
23551,30,96,1-30-2021-096-07,7,1,5NPE24AF3GH4,17,498,2459,13,0,55,33,2016,4,1,4,0,1,R,9,1475,5,9999,9,0,998,5,56,1,0,0,995,0,0,0,85034,9,9,3,4,6,2,2,1,1,1,3,2,0,0,1,1,0,0,1,0,11,2,15,99,1,1,4,J,68,0,0,0,0,0,0,0,0,0,0,180,90,0,0,0,1,0,999,999,999,9999999,999,999,999,9,0,95,95,95,95,0,995,9.8,998,998,998,99.8,99.8,99.8,1414.53148004123,10,6
23551,30,96,1-30-2021-096-07,7,2,WBAUP9C57DVS,17,452,1707,3,0,34,43,2013,2,1,3,0,1,F,2,1455,5,9999,9,4,10,2,56,1,0,0,995,0,0,0,85014,9,9,3,4,6,1,2,1,1,1,0,3,0,0,1,1,0,0,1,0,1,4,62,99,1,1,4,J,69,0,0,0,0,0,0,0,0,0,0,90,180,0,0,0,1,12,999,999,999,9999999,999,999,999,7,0,0,0,0,0,0,995,9.8,998,998,998,99.8,99.8,99.8,1414.53148004123,10,6
23552,11,61,1-11-2021-061-05,5,1,5N1AT2MT0GC8,17,478,1913,8,0,35,51,2016,6,1,3,0,1,F,2,1550,5,0,1,1,25,2,72,1,1,2,996,1,0,0,23834,9,9,0,4,2,1,2,1,1,1,1,2,0,0,2,1,0,0,1,1,1,2,13,7,2,4,1,A,1,1,3,2,6,1,4,41,1,2,4,996,996,0,0,1,3,7,999,999,999,9999999,999,999,999,7,0,1,1,0,8,3,996,0.0,120,48,35,17.8,1.2,18.1,195.374185937689,8,6
23553,11,62,1-11-2021-062-03,3,1,JM1NB3538102,17,473,2072,1,0,41,45,2001,1,1,1,0,1,L,9,1066,5,9999,9,0,998,2,40,1,0,0,995,0,0,0,23860,1,9,2,1,2,1,2,1,1,1,0,2,0,0,1,1,0,0,1,0,6,4,60,99,1,1,4,J,71,0,0,0,0,0,0,0,0,0,0,30,40,0,0,0,1,0,999,999,999,9999999,999,999,999,9,0,1,1,0,4,0,995,9.8,998,998,998,99.8,99.8,99.8,1566.63486726027,8,6
23553,11,62,1-11-2021-062-03,3,2,1FTER4FH5KLA,17,460,1803,60,0,12,471,2019,34,5,30,0,1,R,1,2014,5,0,2,6,68,2,40,1,0,0,995,0,0,0,23830,1,2,2,1,2,1,2,1,1,1,3,2,0,0,1,1,0,0,1,1,10,2,16,1,1,2,4,J,70,0,0,0,0,0,0,0,0,0,0,40,30,0,0,0,1,8,999,999,999,9999999,999,999,999,6,0,0,0,0,0,0,995,9.8,998,998,998,99.8,99.8,99.8,1566.63486726027,8,6
23554,24,148,1-24-2021-148-04,4,1,1HGCV1F17JA2,17,474,1861,13,0,37,32,2018,4,1,4,0,1,F,1,1433,5,0,1,1,40,2,64,1,1,2,996,1,9,0,08401,1,1,2,4,6,1,2,1,1,1,0,1,0,0,1,1,1,2,9,0,1,3,50,3,1,1,2,D,20,0,0,0,0,0,0,0,0,0,0,140,150,0,0,0,1,3,13,-13,0,9990,998,14,13,0,4,0,0,0,0,0,995,9.8,998,998,998,99.8,99.8,99.8,400.164831122254,1,6
23554,24,148,1-24-2021-148-04,4,2,5TDGZRBH4LS5,17,448,2213,7,0,49,403,2020,14,3,14,0,1,B,1,1950,5,9999,9,0,998,5,64,1,0,0,995,0,0,0,08330,9,9,2,4,6,1,2,1,1,1,0,1,0,0,1,1,1,2,9,0,5,3,53,1,1,1,2,D,21,0,0,0,0,0,0,0,0,0,0,150,140,0,0,0,1,3,10,10,-2,7582,998,46,10,0,4,95,95,95,95,0,995,9.8,998,998,998,99.8,99.8,99.8,400.164831122254,1,6
23555,24,149,1-24-2021-149-08,8,1,3FTNX21L14MA,17,460,1805,60,0,12,481,2004,34,5,31,0,1,F,1,2818,5,9999,9,5,16,2,80,1,0,0,995,0,0,0,08225,9,9,2,4,2,1,2,1,1,1,1,4,0,0,1,1,0,0,2,0,11,2,15,1,1,1,4,J,68,0,0,0,0,0,0,0,0,0,0,130,340,0,0,0,1,5,999,999,999,9999999,999,999,19,2,0,0,0,0,0,0,995,9.8,998,998,998,99.8,99.8,99.8,107.211048719641,1,6
23555,24,149,1-24-2021-149-08,8,2,5N1BV28U38N1,17,478,1917,2,0,35,443,2008,20,4,20,0,1,F,9,1955,5,9999,9,0,998,2,80,1,0,0,995,0,0,0,08330,1,2,2,4,2,1,2,1,1,1,1,4,0,0,1,1,0,0,9,0,1,4,62,99,1,1,4,J,69,0,0,0,0,0,0,0,0,0,0,340,130,0,0,0,1,0,999,999,999,9999999,999,999,999,9,0,2,9,0,3,0,995,9.8,998,998,998,99.8,99.8,99.8,107.211048719641,1,6
23555,24,149,1-24-2021-149-08,8,3,4S4BSABC1K33,17,523,2233,7,0,48,45,2019,6,1,3,0,1,F,9,1614,5,9999,9,0,998,5,56,1,0,0,995,0,0,0,08244,9,9,2,4,2,1,2,1,1,1,0,2,0,0,1,1,2,2,9,0,5,4,68,99,1,1,6,M,98,0,0,0,0,0,0,0,0,0,0,270,100,0,0,0,2,0,999,999,999,9999999,999,999,999,9,0,95,95,95,95,0,995,9.8,998,998,998,99.8,99.8,99.8,107.211048719641,1,6
23556,24,150,1-24-2021-150-06,6,1,2C4RDGBG9FR5,17,476,14832,2,0,7,442,2015,20,4,20,0,1,F,1,2050,5,0,1,1,27,2,80,1,1,8,997,8,0,0,08244,1,2,0,4,2,1,2,1,1,1,1,2,0,0,1,1,0,0,9,1,1,2,13,7,1,4,1,A,1,0,0,0,0,0,0,0,0,0,0,998,998,0,0,7,1,12,999,999,999,9999999,999,999,999,6,0,1,1,0,4,0,998,0.9,999,999,999,5.3,1.5,5.5,224.353749214713,1,6
23557,24,151,1-24-2021-151-03,3,1,KMHHN65F64U1,17,498,5847,3,0,55,37,2004,3,1,1,0,1,F,2,1280,5,0,1,1,10,2,80,1,0,0,995,0,0,0,08330,9,9,2,4,2,1,2,1,1,1,1,2,0,0,3,1,0,0,9,0,1,4,66,2,2,1,5,L,86,0,0,0,0,0,0,0,0,0,0,285,15,0,0,0,1,1,26,-25,9,23769,998,65,19,0,1,9,97,0,99,0,995,9.8,998,998,998,99.8,99.8,99.8,111.301308931243,1,6
23557,24,151,1-24-2021-151-03,3,2,3KPFK4A74JE2,17,499,2462,13,0,63,38,2018,4,1,3,1,1,R,1,1272,5,0,1,1,10,2,72,1,0,0,995,0,0,0,08234,9,9,2,4,2,1,2,1,1,1,1,2,0,0,3,1,2,2,9,0,1,2,17,7,1,1,5,L,87,0,0,0,0,0,0,0,0,0,0,15,285,0,0,0,1,1,22,-8,-21,53147,998,22,29,0,1,1,3,0,4,0,995,0.0,28,28,92,1.4,0.7,1.5,111.301308931243,1,6
23558,13,93,1-13-2021-093-09,9,1,WBAVB13546PT,17,452,2764,13,0,34,34,2006,4,1,3,0,1,F,9,1490,5,9999,9,0,998,2,48,1,8,0,995,0,7,0,99999,9,1,0,4,2,1,1,1,1,1,0,0,0,0,1,1,0,0,9,1,1,2,13,99,1,4,1,C,11,0,0,0,0,0,0,0,0,0,0,165,0,0,0,0,1,0,999,999,999,9999999,999,999,999,9,0,99,99,0,0,0,995,9.8,998,998,998,99.8,99.8,99.8,3838.90574138704,7,6
23558,13,93,1-13-2021-093-09,9,2,1B7HL38X12S6,17,476,1941,60,0,7,472,2002,34,5,30,0,2,L,9,1925,5,9999,9,5,23,,,,,,,,,,,,,,,,,,,,,,,,,,,,,,,,,,,,,,,,,,,,,,,,,,,,,,,,,,,,,,,,,,95,95,95,95,,,,,,,,,,3838.90574138704,7,6
23559,13,94,1-13-2021-094-02,2,1,1FTEW1EF8HFC,17,460,1801,60,0,12,481,2017,34,5,31,0,1,R,1,2236,5,0,1,4,34,2,64,1,1,1,177,1,0,0,75088,1,9,2,1,5,4,1,1,1,1,1,1,0,0,3,8,1,2,9,0,11,2,15,99,1,1,4,J,68,0,0,0,0,0,0,0,0,0,0,20,260,0,0,0,1,3,23,-8,-22,92477,998,65,30,0,4,1,2,0,4,0,995,9.8,998,998,998,99.8,99.8,99.8,27.4968029957096,7,6
23559,13,94,1-13-2021-094-02,2,2,3C4PDCABXLT2,17,476,1939,7,0,7,404,2020,14,3,14,0,1,F,2,1735,5,0,1,1,39,2,64,1,8,0,995,0,7,0,75672,1,9,2,1,4,4,1,1,1,1,3,2,0,0,3,8,1,2,9,0,1,4,62,2,1,1,4,J,69,0,0,0,0,0,0,0,0,0,0,260,20,0,0,0,1,3,30,-30,-5,30949,998,-38,20,0,4,1,1,0,4,0,995,9.8,998,998,998,99.8,99.8,99.8,27.4968029957096,7,6
23560,13,95,1-13-2021-095-04,4,1,5J6RW1H56KA0,17,474,1865,7,0,37,402,2019,14,3,14,0,1,F,9,1502,5,9999,9,0,998,2,64,1,1,1,208,1,7,0,76002,2,9,0,1,2,1,1,1,3,1,0,3,0,0,3,1,0,0,9,1,14,2,13,99,1,4,1,A,1,0,0,0,0,0,0,0,0,0,0,998,998,0,0,0,1,0,999,999,999,9999999,999,999,999,9,0,0,0,0,0,0,998,0.0,999,15,20,0.0,0.0,0.0,2033.66277980083,7,6
23561,13,96,1-13-2021-096-06,6,1,1HGCR2F8XGA2,17,474,1861,13,0,37,32,2016,4,1,4,0,1,L,1,1496,5,0,1,1,12,2,72,1,8,0,995,0,7,0,76021,3,9,3,4,2,1,1,1,1,1,0,0,0,0,1,1,0,0,9,0,11,2,15,4,1,1,4,K,82,0,0,0,0,0,0,0,0,0,0,110,210,0,0,0,1,3,12,-6,11,13182,998,30,14,0,4,1,2,0,4,0,995,9.8,998,998,998,99.8,99.8,99.8,1107.05085015324,7,6