CASEID,PSU,CASENO,CASENUMBER,CATEGORY,VEHNO,VIN,VINLENGTH,VPICMAKE,VPICMODEL,VPICBODYCLASS,ICFINALBODY,MAKE,MODEL,MODELYR,BODYTYPE,BODYCAT,VEHCLASS,SPECUSE,TRANSTAT,DAMPLANE,DAMSEV,CURBWT,CURBSRC,CARGOWT,CARGOSRC,INSPTYPE,INSPLAG,TOWED,SPEEDLIMIT,DRPRESENT,PARALCOHOL,ALCTEST,ALCTESTRESULT,ALCTESTSRC,PARDRUG,DRUGTEST,ZIP,RACE,ETHNICITY,RELTOJUNCT,TRAFFLOW,RDLANES,INITLANE,SURFTYPE,SURFCOND,ALIGNMENT,PROFILE,LINERIGHT,LINELEFT,RUMBINIT,RUMBROAD,LIGHTCOND,WEATHER,TRAFDEV,TRAFFUNCT,DISTRACT,PREFHE,PREMOVE,CRITCAT,CRITEVENT,MANEUVER,PRESTAB,PRELOC,CRASHCAT,CRASHCONF,CRASHTYPE,ROLLTYPE,ROLLTURN,ROLLINTRPT,ROLLPREMAN,ROLLINITYP,ROLLINLOC,ROLLOBJ,ROLLTRIP,ROLLDIR,ROLLDIST,DVANGTHIS,DVANGOTH,TOWHITCH,TRAJDOC,TREEPOLE,DVEVENT,DVBASIS,DVTOTAL,DVLONG,DVLAT,DVENERGY,DVSPEED,DVMOMENT,DVBES,DVEST,DVCONF,VAIS,VISS,VINJURED,VTREAT,INITOBJCLASS,HEADANGLECAT,SHLDRWIDTH,STRKLENGTH,STRKWIDTH,STRKHEIGHT,EDGEDISTX,EDGEDISTY,EDGEDISTZ,CASEWGT,PSUSTRAT,VERSION
23599,18,84,1-18-2021-084-04,4,1,5FNYF6H34JB0,17,474,1864,7,0,37,421,2018,15,3,15,0,1,F,9,1930,5,9999,9,0,998,2,113,1,0,0,995,0,0,0,54805,1,9,0,1,2,1,2,1,2,9,1,3,2,3,4,1,0,0,9,0,14,6,87,99,1,1,1,C,13,0,0,0,0,0,0,0,0,0,0,998,998,0,0,0,1,0,999,999,999,9999999,999,999,999,9,0,0,0,0,0,0,998,9.8,998,998,998,99.8,99.8,99.8,818.877926025076,6,6
23600,18,85,1-18-2021-085-04,4,1,3GNAXSEV9JS5,17,467,1847,7,0,20,404,2018,14,3,14,0,1,T,1,1580,5,0,1,1,16,2,105,1,1,8,997,8,0,0,54701,1,9,0,1,2,1,1,1,2,1,1,3,2,3,2,1,0,0,9,1,14,1,9,2,4,4,1,B,7,1,4,2,2,1,4,61,1,1,14,997,997,0,0,0,1,6,999,999,999,9999999,999,999,999,6,0,0,0,0,0,3,997,9.8,998,998,998,99.8,99.8,99.8,818.877925841216,6,6
23601,26,146,1-26-2021-146-02,2,1,1FTBF2A62BEC,17,460,1805,60,0,12,481,2011,34,5,30,0,1,F,1,2656,5,9999,9,0,998,5,105,1,0,0,995,0,0,0,95066,9,9,0,2,3,3,1,1,1,1,3,2,0,0,1,1,0,0,1,0,1,3,52,7,9,1,2,D,28,0,0,0,0,0,0,0,0,0,0,50,55,0,0,0,1,3,22,-21,-8,54475,998,-89,20,0,4,95,95,95,95,0,995,9.8,998,998,998,99.8,99.8,99.8,27.8097291018124,10,6
23601,26,146,1-26-2021-146-02,2,2,WAUTPBFF3HA1,17,582,3676,5,0,32,48,2017,5,1,2,0,1,B,2,1640,5,0,1,1,12,2,105,1,0,0,995,0,0,0,95762,1,2,0,2,3,3,1,1,1,1,3,2,0,0,1,1,0,0,1,0,2,3,53,1,1,1,2,D,29,0,0,0,0,0,0,0,0,0,0,55,50,0,0,0,1,3,34,33,6,88589,998,-33,35,0,4,3,11,1,3,0,995,9.8,998,998,998,99.8,99.8,99.8,27.8097291018124,10,6
23601,26,146,1-26-2021-146-02,2,3,999999999999,99,584,7895,7,0,45,421,2013,15,3,15,0,1,B,9,2065,5,9999,9,0,998,5,105,1,0,0,995,0,0,0,94920,9,9,0,2,3,3,1,1,1,1,3,2,0,0,1,1,0,0,1,0,2,3,53,1,1,1,6,M,98,0,0,0,0,0,0,0,0,0,0,55,55,0,0,0,2,0,999,999,999,9999999,999,999,999,9,0,95,95,95,95,0,995,9.8,998,998,998,99.8,99.8,99.8,27.8097291018124,10,6
23601,26,146,1-26-2021-146-02,2,4,999999999999,99,452,1717,7,0,34,421,2017,15,3,15,0,1,L,9,9999,9,9999,9,0,998,5,105,1,0,0,995,0,0,0,95762,9,9,0,2,3,3,1,1,1,1,3,2,0,0,1,1,0,0,1,0,5,3,53,1,1,1,6,M,98,0,0,0,0,0,0,0,0,0,0,55,55,0,0,0,3,0,999,999,999,9999999,999,999,999,9,0,95,95,95,95,0,995,9.8,998,998,998,99.8,99.8,99.8,27.8097291018124,10,6
23602,26,147,1-26-2021-147-02,2,1,5NPD84LF0HH0,17,498,2735,13,0,55,35,2017,4,1,3,0,1,R,9,1275,5,9999,9,0,998,2,105,1,1,8,997,8,0,3,95834,9,1,0,2,5,5,2,1,2,9,3,2,0,0,2,1,0,0,9,1,14,2,12,99,9,4,1,B,6,0,0,0,0,0,0,0,0,0,0,999,999,0,0,0,99,0,999,999,999,9999999,999,999,999,9,0,2,8,0,3,0,999,2.3,999,999,999,99.9,99.9,99.9,27.8097291018124,10,6
23602,26,147,1-26-2021-147-02,2,2,1NPBL79X7GD3,17,495,2787,11,0,87,881,2016,63,8,60,0,1,F,9,,,,,,,5,105,1,0,0,995,0,0,0,95112,9,9,0,2,5,3,2,1,2,9,3,3,0,0,2,1,0,0,1,0,14,4,60,2,1,1,6,M,98,,,,,,,,,,,,,,,,,,,,,,,,,,,95,95,95,95,,,0.0,999,999,999,0.0,0.0,0.0,27.8097291018124,10,6
23602,26,147,1-26-2021-147-02,2,3,4V4NC9EH6FN1,17,487,1967,66,0,51,881,2015,66,8,68,0,1,F,9,,,,,,,5,105,1,0,0,995,0,0,0,93702,9,9,0,2,5,2,2,1,2,9,3,3,0,0,2,1,0,0,1,0,15,4,60,2,1,1,6,M,98,,,,,,,,,,,,,,,,,,,,,,,,,,,95,95,95,95,,,0.0,999,999,999,0.0,0.0,0.0,27.8097291018124,10,6
23604,26,149,1-26-2021-149-05,5,1,5TDBKRFH6FS1,17,448,2213,7,0,49,403,2015,14,3,14,0,1,F,3,1995,5,0,1,1,30,2,72,1,0,0,995,0,0,0,95829,9,9,0,1,3,3,2,1,1,1,3,0,0,0,3,1,0,0,9,1,1,2,12,99,1,4,1,B,6,0,0,0,0,0,0,0,0,0,0,998,998,0,1,1,1,1,57,-57,0,325797,998,-65,57,0,1,1,2,0,8,0,998,0.0,30,32,120,9.4,1.7,9.7,67.6703633524255,10,6
23607,26,150,1-26-2021-150-03,3,1,KM8SN4HF5HU1,17,498,2057,7,0,55,401,2017,14,3,14,0,1,F,1,1569,5,0,1,1,46,2,80,1,0,0,995,0,0,0,95823,2,2,2,4,2,1,2,1,1,1,1,2,0,0,1,1,1,2,3,0,1,3,52,2,1,1,2,D,28,0,0,0,0,0,0,0,0,0,0,265,265,0,0,0,1,3,24,-24,0,30777,998,35,21,0,4,0,0,0,0,0,995,9.8,998,998,998,99.8,99.8,99.8,647.055578016723,10,6
23607,26,150,1-26-2021-150-03,3,2,5LMEU88HX3ZJ,17,464,2653,7,0,13,401,2003,14,3,14,0,1,B,1,2269,5,9999,9,0,998,5,80,1,0,0,995,0,0,0,95823,9,9,2,4,2,1,2,1,1,1,1,2,0,0,1,1,1,2,1,0,2,3,53,99,1,1,2,D,29,0,0,0,0,0,0,0,0,0,0,265,265,0,0,0,1,3,18,18,0,36930,998,0,20,0,4,95,95,95,95,0,995,9.8,998,998,998,99.8,99.8,99.8,647.055578016723,10,6
23607,26,150,1-26-2021-150-03,3,3,JHMGK5H5XGS0,17,474,2127,5,0,37,39,2016,5,1,1,0,1,B,9,1131,5,9999,9,0,998,5,80,1,0,0,995,0,0,0,95831,9,9,2,4,2,1,2,1,1,1,1,2,0,0,1,1,1,2,1,0,5,3,53,1,1,1,6,M,98,0,0,0,0,0,0,0,0,0,0,265,265,0,0,0,2,0,999,999,999,9999999,999,999,999,9,0,95,95,95,95,0,995,9.8,998,998,998,99.8,99.8,99.8,647.055578016723,10,6
23608,76,69,1-76-2021-069-04,4,1,1J8GL58KX4W3,17,483,1944,7,0,2,405,2004,14,3,14,0,1,F,9,1834,5,9999,9,0,998,2,89,1,8,9,998,8,7,9,12123,9,9,0,4,2,1,2,1,2,3,1,2,1,0,1,1,5,2,9,0,14,3,50,8,1,1,2,D,20,0,0,0,0,0,0,0,0,0,0,165,160,0,0,0,1,0,999,999,999,9999999,999,999,999,9,0,9,97,0,99,0,995,0.7,120,90,53,12.6,2.3,12.8,18.0235286259961,3,6
23608,76,69,1-76-2021-069-04,4,2,JF2SJAEC9JH4,17,523,2234,7,0,48,401,2018,14,3,14,0,1,B,9,1498,5,0,2,6,22,2,89,1,8,0,995,0,7,0,12451,1,2,0,4,2,1,2,1,2,3,1,2,1,0,1,1,5,2,1,0,5,3,53,1,1,1,2,D,21,0,0,0,0,0,0,0,0,0,0,160,165,0,0,0,1,12,999,999,999,9999999,999,999,999,9,0,0,0,0,0,0,995,9.8,998,998,998,99.8,99.8,99.8,18.0235286259961,3,6
23609,76,70,1-76-2021-070-04,4,1,3GCUYEED1LG4,17,467,1850,60,0,20,481,2020,34,5,31,0,1,F,3,2184,5,0,1,1,17,2,89,1,8,9,998,8,7,9,12485,9,9,0,4,2,1,2,1,3,1,1,2,0,0,1,1,0,0,9,1,14,2,13,99,9,4,1,A,3,0,0,0,0,0,0,0,0,0,0,998,998,0,0,0,1,12,999,999,999,9999999,999,999,999,8,0,0,0,0,0,0,998,0.8,7,8,77,1.5,0.5,1.6,18.0235286259961,3,6
23610,25,93,1-25-2021-093-10,10,1,1J4FA24109L7,17,483,1943,7,0,2,403,2009,14,3,14,0,1,L,1,1854,5,9999,9,0,998,5,56,1,8,0,995,0,7,0,04287,9,9,2,1,5,4,2,1,1,1,1,1,0,0,3,1,1,2,3,0,11,2,15,99,1,1,4,J,68,0,0,0,0,0,0,0,0,0,0,240,100,0,0,0,2,3,7,-6,-4,2377,998,-94,4,0,4,95,95,95,95,0,995,9.8,998,998,998,99.8,99.8,99.8,4886.24836829851,2,6
23610,25,93,1-25-2021-093-10,10,2,1GTHK24U16E2,17,472,1857,60,0,23,481,2006,34,5,30,0,1,L,1,2459,5,0,1,1,5,2,56,1,8,0,995,0,7,0,04011,9,9,2,1,5,3,2,1,3,1,1,1,0,0,3,1,1,2,1,0,14,4,62,2,1,1,4,J,69,0,0,0,0,0,0,0,0,0,0,100,240,0,0,0,2,3,5,-5,1,7080,998,-102,7,0,4,0,0,0,0,0,995,9.8,998,998,998,99.8,99.8,99.8,4886.24836829851,2,6
23611,17,82,1-17-2021-082-03,3,1,5YFEPMAE0MP1,17,448,2208,13,0,49,32,2021,4,1,3,0,1,F,2,1315,5,0,1,1,14,2,48,1,9,0,995,0,9,0,61244,9,9,2,4,4,2,2,1,1,1,1,2,0,0,3,1,1,2,9,0,11,2,15,3,1,1,4,J,68,0,0,0,0,0,0,0,0,0,0,150,10,0,0,0,1,1,36,-34,-12,127618,998,-62,45,0,1,99,99,0,8,0,995,0.0,999,999,999,0.9,0.3,1.0,115.471738798146,4,6
23611,17,82,1-17-2021-082-03,3,2,JN8AZ1MU4BW0,17,478,1914,8,0,35,49,2011,6,1,4,0,1,F,2,1891,5,0,1,1,20,2,48,1,9,0,995,0,9,0,61201,9,9,2,4,2,1,2,1,1,1,0,2,0,0,3,1,1,2,9,0,1,4,62,99,1,1,4,J,69,0,0,0,0,0,0,0,0,0,0,10,150,0,0,0,1,1,25,-24,9,16304,998,74,13,0,1,99,99,0,8,0,995,0.0,70,70,75,2.3,0.6,2.4,115.471738798146,4,6
23613,66,83,1-66-2021-083-10,10,1,1GCEC19039Z2,17,467,1850,60,0,20,481,2009,34,5,31,0,1,R,1,2299,5,113,2,1,8,2,105,1,0,0,995,0,7,0,65785,1,2,2,4,2,1,2,1,1,1,1,2,0,0,1,1,0,0,1,0,11,2,15,1,1,1,4,J,68,0,0,0,0,0,0,0,0,0,0,210,95,0,0,0,1,1,21,-13,-16,43738,998,-36,21,0,4,0,0,0,0,0,995,9.8,998,998,998,99.8,99.8,99.8,165.532461606891,6,6
23613,66,83,1-66-2021-083-10,10,2,5XYKUDA2XBG0,17,499,2769,7,0,63,402,2011,14,3,14,0,1,F,2,1837,5,0,1,1,12,2,105,1,0,0,995,0,7,0,82009,9,9,2,4,2,1,2,1,1,1,1,2,0,0,1,1,0,0,9,0,1,4,62,99,1,1,4,J,69,0,0,0,0,0,0,0,0,0,0,95,210,0,0,0,1,1,27,-26,9,68406,998,69,27,0,4,99,99,0,99,0,995,9.8,998,998,998,99.8,99.8,99.8,165.532461606891,6,6
23615,23,113,1-23-2021-113-04,4,1,1FADP3F22DL3,17,460,1779,13,0,12,37,2013,4,1,3,0,1,F,9,1340,5,9999,9,0,998,2,89,1,0,0,995,0,0,0,43240,9,9,2,1,3,3,2,1,1,1,3,2,0,0,1,1,1,2,1,0,1,3,50,99,9,1,2,D,20,0,0,0,0,0,0,0,0,0,0,335,325,0,0,0,1,0,999,999,999,9999999,999,999,999,9,0,0,0,0,0,0,995,9.8,998,998,998,99.8,99.8,99.8,487.731293506467,5,6
23615,23,113,1-23-2021-113-04,4,2,3CZRU6H77NM7,17,474,9212,7,0,37,404,2022,14,3,14,0,1,B,9,1393,5,9999,9,0,998,2,89,1,0,0,995,0,0,0,43015,9,9,2,1,3,3,2,1,1,1,3,2,0,0,1,1,1,2,1,0,5,3,53,99,1,1,2,D,21,0,0,0,0,0,0,0,0,0,0,325,335,0,0,0,1,0,999,999,999,9999999,999,999,999,9,0,0,0,0,0,0,995,9.8,998,998,998,99.8,99.8,99.8,487.731293506467,5,6
23615,23,113,1-23-2021-113-04,4,3,3GCEK33369G2,17,467,1850,60,0,20,481,2009,34,5,30,0,1,L,9,2668,5,9999,9,0,998,2,89,1,0,0,995,0,0,0,44830,9,9,2,1,3,2,2,1,1,1,1,3,0,0,1,1,1,2,1,0,5,4,60,99,1,1,6,M,98,0,0,0,0,0,0,0,0,0,0,330,335,0,0,0,2,0,999,999,999,9999999,999,999,999,9,0,99,99,0,8,0,995,9.8,998,998,998,99.8,99.8,99.8,487.731293506467,5,6
23616,23,114,1-23-2021-114-06,6,1,2T1BR32E17C8,17,448,2208,13,0,49,32,2007,4,1,2,0,1,F,1,1135,5,9999,9,0,998,2,72,1,0,1,0,1,9,3,43035,9,9,0,4,6,3,2,1,1,1,3,1,0,0,1,1,0,0,1,0,1,3,50,99,1,1,2,D,20,0,0,0,0,0,0,0,0,0,0,0,0,0,0,0,1,3,15,-14,3,9550,998,36,14,0,4,9,97,0,5,0,995,9.8,998,998,998,99.8,99.8,99.8,302.278773654225,5,6
23616,23,114,1-23-2021-114-06,6,2,5N1AZ2MH2FN2,17,478,1914,8,0,35,49,2015,6,1,4,0,1,B,1,1721,5,0,1,1,12,2,72,1,0,0,995,0,0,0,43064,9,9,0,4,6,3,2,1,1,1,3,1,0,0,1,1,0,0,1,0,5,3,53,99,1,1,2,D,21,0,0,0,0,0,0,0,0,0,0,0,0,0,0,0,1,3,10,10,-2,8081,998,19,11,0,4,99,99,0,5,0,995,9.8,998,998,998,99.8,99.8,99.8,302.278773654225,5,6
23617,23,115,1-23-2021-115-08,8,1,1J4FF48S01L5,17,483,1945,7,0,2,404,2001,14,3,14,0,1,F,2,1522,5,0,1,5,12,2,89,1,1,1,348,2,0,2,43011,1,2,0,4,2,1,2,2,1,1,1,2,0,0,1,99,0,0,9,1,1,2,13,99,9,4,1,A,1,1,6,1,2,1,4,61,1,2,35,998,998,0,0,0,1,1,27,-26,9,56926,998,62,27,0,4,3,11,1,3,3,998,0.9,999,999,999,99.9,99.9,99.9,117.064031393527,5,6
23618,23,116,1-23-2021-116-08,8,1,3VWRF31Y87M4,17,482,8119,1,0,30,47,2007,1,1,1,0,1,9,9,1435,5,9999,9,0,998,2,89,1,1,0,995,0,0,0,44833,1,9,0,4,2,1,2,1,3,1,0,0,0,0,2,1,0,0,1,1,14,2,13,1,1,4,1,A,1,0,0,0,0,0,0,0,0,0,0,998,998,0,0,0,2,0,999,999,999,9999999,999,999,999,9,0,1,1,0,8,0,998,0.0,40,40,92,24.6,3.5,24.8,117.064031393527,5,6
23620,54,68,1-54-2021-068-04,4,1,KMHGH4JF3BU0,17,498,2056,13,0,55,40,2011,4,1,5,0,1,F,1,2066,5,9999,9,0,998,2,89,1,0,0,995,0,0,0,35653,2,9,2,4,2,1,2,2,1,1,1,4,2,3,2,2,0,0,9,0,1,3,52,99,1,1,2,D,28,0,0,0,0,0,0,0,0,0,0,25,15,0,0,0,1,3,8,-8,1,5594,998,41,8,0,4,0,0,0,0,0,995,9.8,998,998,998,99.8,99.8,99.8,391.273772245369,9,6
23620,54,68,1-54-2021-068-04,4,2,4T1T11AK5MU4,17,448,2469,13,0,49,40,2021,4,1,4,0,1,B,1,1520,5,0,1,1,12,2,89,1,0,0,995,0,0,0,35594,1,9,2,4,2,1,2,2,1,1,1,4,2,3,2,2,0,0,9,0,2,3,53,99,1,1,2,D,30,0,0,0,0,0,0,0,0,0,0,15,25,0,0,0,1,3,10,10,0,7861,998,0,11,0,4,0,0,0,0,0,995,9.8,998,998,998,99.8,99.8,99.8,391.273772245369,9,6
23622,77,83,1-77-2021-083-01,1,1,1NXBR32E43Z0,17,448,2208,13,0,49,32,2003,4,1,2,0,1,T,2,1130,5,0,1,5,6,2,97,1,9,0,995,0,9,0,22971,2,2,0,1,2,1,2,1,1,2,3,2,2,3,1,5,0,0,9,1,6,2,13,99,3,4,1,A,2,1,2,2,2,1,4,61,1,2,20,997,997,0,0,0,4,6,999,999,999,9999999,999,999,999,7,0,3,10,1,1,3,997,1.0,120,120,67,5.5,3.9,6.7,115.60375364495,9,6
23623,59,59,1-59-2021-059-09,9,1,1GTEK29069Z2,17,472,1857,60,0,23,481,2009,34,5,31,0,1,F,2,2408,5,0,1,1,7,2,64,1,0,0,995,0,0,0,61870,1,9,2,4,2,1,2,1,1,1,1,2,0,0,1,1,0,0,1,1,1,1,8,1,1,4,1,A,1,0,0,0,0,0,0,0,0,0,0,998,998,0,0,2,2,10,999,999,999,9999999,999,0,32,3,0,1,1,0,3,0,998,0.0,7,7,999,26.0,4.5,25.8,3220.15397723447,6,6
23624,59,60,1-59-2021-060-05,5,1,2GNALDEK3D62,17,467,1847,7,0,20,404,2013,14,3,14,0,1,L,1,1706,5,0,1,1,3,2,64,1,0,0,995,0,0,0,47441,1,9,2,4,2,1,2,1,1,1,1,2,0,0,1,1,0,0,2,0,1,2,17,1,1,1,5,L,89,0,0,0,0,0,0,0,0,0,0,270,0,0,0,0,1,1,12,-2,12,22554,998,151,12,0,4,1,1,0,4,0,995,9.8,998,998,998,99.8,99.8,99.8,51.7104833701808,6,6
23624,59,60,1-59-2021-060-05,5,2,1HGCP2F81BA0,17,474,1861,13,0,37,32,2011,4,1,3,0,1,F,1,1491,5,0,1,1,3,2,64,1,0,0,995,0,0,0,47802,1,2,2,1,4,3,2,1,1,1,3,1,0,0,1,1,0,0,3,0,1,4,67,1,1,1,5,L,88,0,0,0,0,0,0,0,0,0,0,0,270,0,0,0,1,1,14,-14,-2,10070,998,15,13,0,4,1,1,0,5,0,995,9.8,998,998,998,99.8,99.8,99.8,51.7104833701808,6,6
23625,17,83,1-17-2021-083-09,9,1,1GTEC14X73Z2,17,472,1857,60,0,23,481,2003,34,5,31,0,1,F,9,1876,5,227,1,3,6,2,89,1,0,1,0,2,0,2,61231,1,2,0,4,2,1,2,2,1,1,1,2,0,0,4,2,0,0,3,1,1,2,12,1,1,4,1,B,6,0,0,0,0,0,0,0,0,0,0,998,998,0,0,0,1,12,999,999,999,9999999,999,999,999,9,0,1,2,0,4,0,998,0.9,120,23,999,1.6,13.8,13.9,517.770617673697,4,6
23626,17,84,1-17-2021-084-07,7,1,2C4RC1CG2CR3,17,477,1936,2,0,6,441,2012,20,4,20,0,1,F,1,2115,5,0,1,1,14,2,48,1,9,0,995,0,9,0,61201,1,2,2,4,5,3,1,2,1,1,1,2,0,0,1,2,1,2,1,0,11,2,15,3,1,1,4,J,68,0,0,0,0,0,0,0,0,0,0,225,95,0,0,0,1,3,13,-12,-4,16882,998,-32,14,0,4,0,0,0,0,0,995,9.8,998,998,998,99.8,99.8,99.8,405.269169839686,4,6
23626,17,84,1-17-2021-084-07,7,2,1GKDT13S7522,17,472,4507,7,0,23,401,2005,14,3,14,0,1,F,1,2045,5,0,1,1,19,2,48,1,9,0,995,0,9,0,61201,9,9,2,5,5,2,1,2,1,1,1,3,0,0,1,2,1,2,9,0,1,4,62,99,1,1,4,J,69,0,0,0,0,0,0,0,0,0,0,95,225,0,0,0,1,3,13,-11,7,12878,998,37,12,0,4,0,0,0,0,0,995,9.8,998,998,998,99.8,99.8,99.8,405.269169839686,4,6
23628,19,153,1-19-2021-153-07,7,1,1N4AL3AP4EN2,17,478,1904,13,0,35,47,2014,4,1,4,0,1,F,2,1451,5,0,1,1,2,2,0,1,0,0,995,0,0,0,35901,2,9,0,4,2,1,2,1,1,1,0,2,0,0,3,1,0,0,3,1,1,2,12,1,1,4,1,C,11,0,0,0,0,0,0,0,0,0,0,75,260,0,1,0,1,3,39,-39,0,83002,998,-5,38,0,4,0,0,0,0,0,995,9.8,998,998,998,99.8,99.8,99.8,543.815098848832,9,6
23628,19,153,1-19-2021-153-07,7,2,1D7HA18267S1,17,476,1938,60,0,7,482,2007,34,5,31,0,2,F,9,2208,5,9999,9,5,3,,,,,,,,,,,,,,,,,,,,,,,,,,,,,,,,,,,,,,,,,,,,,,,,,,,,,,,,,,,,,,,,,,95,95,95,95,,,,,,,,,,543.815098848832,9,6
23629,19,154,1-19-2021-154-07,7,1,1J4GX58S34C1,17,483,1949,7,0,2,404,2004,14,3,14,0,1,B,1,1857,5,0,1,1,2,2,72,1,0,0,995,0,0,0,35907,1,9,2,5,5,1,2,1,3,1,0,3,0,0,1,1,1,2,9,0,5,3,53,1,1,1,2,D,21,0,0,0,0,0,0,0,0,0,0,60,70,0,0,0,1,1,17,17,0,22081,998,-25,16,0,4,1,2,0,4,0,995,9.8,998,998,998,99.8,99.8,99.8,543.815098848832,9,6
23629,19,154,1-19-2021-154-07,7,2,2C3CDXBG6FH9,17,476,1895,13,0,7,24,2015,4,1,5,0,1,F,1,1785,5,0,1,1,2,2,72,1,0,0,995,0,0,0,36271,1,9,2,5,5,1,2,1,3,1,0,3,0,0,1,1,1,2,3,0,14,3,50,4,1,1,2,D,20,0,0,0,0,0,0,0,0,0,0,70,60,0,0,0,1,1,19,-19,3,27388,998,1,19,0,4,0,0,0,0,0,995,9.8,998,998,998,99.8,99.8,99.8,543.815098848832,9,6
23630,19,155,1-19-2021-155-07,7,1,5XXGM4A75DG2,17,499,2739,13,0,63,34,2013,4,1,4,0,1,R,1,1454,5,0,1,1,7,3,89,1,8,9,998,8,1,9,35956,1,2,0,1,2,2,2,1,1,1,3,2,1,3,1,1,0,0,2,1,15,2,11,1,1,2,2,F,46,0,0,0,0,0,0,0,0,0,0,0,350,0,0,0,1,12,999,999,999,9999999,999,999,999,6,0,0,0,0,0,0,995,9.8,998,998,998,99.8,99.8,99.8,543.815098973205,9,6
23630,19,155,1-19-2021-155-07,7,2,1G1ZF57589F1,17,467,1834,13,0,20,37,2009,4,1,4,0,1,L,9,1567,5,9999,9,0,998,5,89,1,0,0,995,0,0,0,35974,9,9,0,1,2,1,2,1,1,1,2,3,2,3,1,1,0,0,9,0,1,4,60,99,1,1,2,F,45,0,0,0,0,0,0,0,0,0,0,350,0,0,0,0,1,0,999,999,999,9999999,999,999,999,9,0,95,95,95,95,0,995,9.8,998,998,998,99.8,99.8,99.8,543.815098973205,9,6
23631,19,156,1-19-2021-156-10,10,1,1FAFP34P12W1,17,460,1779,13,0,12,37,2002,4,1,2,0,1,F,1,1163,5,0,1,1,8,2,56,1,0,0,995,0,0,0,35904,9,1,2,4,2,1,2,1,2,1,1,2,0,0,1,1,0,0,9,1,14,2,12,1,1,4,1,B,6,0,0,0,0,0,0,0,0,0,0,998,998,0,1,0,1,12,999,999,999,9999999,999,999,999,6,0,0,0,0,0,0,998,0.3,80,70,-10,4.5,3.0,5.7,2214.29591931119,9,6
23632,11,63,1-11-2021-063-10,10,1,JHLRE38727C0,17,474,1865,7,0,37,402,2007,14,3,14,0,1,F,3,1544,5,0,1,1,8,2,89,1,0,0,995,0,0,0,23235,9,9,0,1,2,2,2,1,1,1,3,2,0,0,1,1,0,0,1,0,1,3,52,8,1,1,2,D,28,0,0,0,0,0,0,0,0,0,0,225,225,0,0,0,1,3,47,-47,8,105048,998,32,40,0,4,0,0,0,0,0,995,9.8,998,998,998,99.8,99.8,99.8,20346.058771798,8,6
23632,11,63,1-11-2021-063-10,10,2,1FTPW14VX6KD,17,460,1801,60,0,12,481,2006,34,5,31,0,1,B,2,2478,5,9999,9,0,998,2,89,1,0,0,995,0,0,0,23139,9,9,0,1,2,2,2,1,1,1,3,2,0,0,1,1,0,0,1,0,2,3,53,99,1,1,2,D,29,0,0,0,0,0,0,0,0,0,0,225,225,0,0,0,1,3,30,29,-5,140452,998,53,36,0,4,0,0,0,0,0,995,9.8,998,998,998,99.8,99.8,99.8,20346.058771798,8,6
23633,11,64,1-11-2021-064-02,2,1,2G1FB3D3XC91,17,467,1829,1,0,20,9,2012,1,1,4,0,1,B,9,1701,5,9999,9,0,998,2,97,1,1,0,995,0,9,0,23860,9,9,0,2,4,4,2,1,1,9,3,2,1,3,2,1,0,0,1,0,1,3,53,99,9,1,6,M,98,0,0,0,0,0,0,0,0,0,0,999,999,0,0,0,99,0,999,999,999,9999999,999,999,999,9,0,99,99,0,99,0,999,9.8,998,998,998,99.8,99.8,99.8,219.073473239678,8,6
23633,11,64,1-11-2021-064-02,2,2,4TAVL52N1VZ2,17,448,2223,60,0,49,472,1997,34,5,30,0,1,F,9,1447,5,9999,9,0,998,2,97,1,1,0,995,0,9,0,23148,9,9,0,2,4,4,2,1,1,9,3,2,1,3,2,1,0,0,1,1,15,2,11,99,9,3,6,M,98,0,0,0,0,0,0,0,0,0,0,999,999,0,0,0,99,0,999,999,999,9999999,999,999,999,9,0,9,97,0,8,0,999,9.8,998,998,998,99.8,99.8,99.8,219.073473239678,8,6
23633,11,64,1-11-2021-064-02,2,3,4T1B11HK0KU2,17,448,2469,13,0,49,40,2019,4,1,4,0,1,B,9,1520,5,9999,9,4,107,2,97,1,0,0,995,0,9,0,20878,9,9,0,2,4,2,2,1,1,9,3,3,0,3,2,1,0,0,1,0,1,3,53,99,9,1,2,D,25,0,0,0,0,0,0,0,0,0,0,180,180,0,0,0,1,12,999,999,999,9999999,999,999,999,9,0,9,97,0,8,0,995,9.8,998,998,998,99.8,99.8,99.8,219.073473239678,8,6
23633,11,64,1-11-2021-064-02,2,4,SALVP2BG6GH0,17,444,2244,7,0,62,404,2016,14,3,14,0,1,F,9,1770,5,9999,9,0,998,2,97,1,1,0,995,0,0,0,23860,9,9,0,2,4,3,2,1,1,9,3,3,0,3,2,1,0,0,1,0,1,4,61,99,9,1,6,M,98,0,0,0,0,0,0,0,0,0,0,180,145,0,0,0,3,0,999,999,999,9999999,999,999,999,9,0,99,99,0,99,0,995,9.8,998,998,998,99.8,99.8,99.8,219.073473239678,8,6