CASEID,PSU,CASENO,CASENUMBER,CATEGORY,VEHNO,VIN,VINLENGTH,VPICMAKE,VPICMODEL,VPICBODYCLASS,ICFINALBODY,MAKE,MODEL,MODELYR,BODYTYPE,BODYCAT,VEHCLASS,SPECUSE,TRANSTAT,DAMPLANE,DAMSEV,CURBWT,CURBSRC,CARGOWT,CARGOSRC,INSPTYPE,INSPLAG,TOWED,SPEEDLIMIT,DRPRESENT,PARALCOHOL,ALCTEST,ALCTESTRESULT,ALCTESTSRC,PARDRUG,DRUGTEST,ZIP,RACE,ETHNICITY,RELTOJUNCT,TRAFFLOW,RDLANES,INITLANE,SURFTYPE,SURFCOND,ALIGNMENT,PROFILE,LINERIGHT,LINELEFT,RUMBINIT,RUMBROAD,LIGHTCOND,WEATHER,TRAFDEV,TRAFFUNCT,DISTRACT,PREFHE,PREMOVE,CRITCAT,CRITEVENT,MANEUVER,PRESTAB,PRELOC,CRASHCAT,CRASHCONF,CRASHTYPE,ROLLTYPE,ROLLTURN,ROLLINTRPT,ROLLPREMAN,ROLLINITYP,ROLLINLOC,ROLLOBJ,ROLLTRIP,ROLLDIR,ROLLDIST,DVANGTHIS,DVANGOTH,TOWHITCH,TRAJDOC,TREEPOLE,DVEVENT,DVBASIS,DVTOTAL,DVLONG,DVLAT,DVENERGY,DVSPEED,DVMOMENT,DVBES,DVEST,DVCONF,VAIS,VISS,VINJURED,VTREAT,INITOBJCLASS,HEADANGLECAT,SHLDRWIDTH,STRKLENGTH,STRKWIDTH,STRKHEIGHT,EDGEDISTX,EDGEDISTY,EDGEDISTZ,CASEWGT,PSUSTRAT,VERSION
23633,11,64,1-11-2021-064-02,2,5,2T1BURHE7GC6,17,448,2208,13,0,49,32,2016,4,1,4,0,1,F,9,1467,5,9999,9,0,998,2,97,1,1,1,111,2,0,2,23860,2,9,0,2,4,2,2,1,1,9,3,3,0,3,2,1,0,0,1,0,1,3,51,99,9,1,2,D,24,0,0,0,0,0,0,0,0,0,0,180,180,0,0,0,1,0,999,999,999,9999999,999,999,999,9,0,3,22,1,3,0,995,9.8,998,998,998,99.8,99.8,99.8,219.073473239678,8,6
23633,11,64,1-11-2021-064-02,2,6,999999999999,99,99999,99999,999,0,99,999,9999,99,10,99,99,1,B,9,,,,,,,3,97,1,9,0,995,0,7,0,99999,9,9,0,2,4,4,2,1,1,9,3,2,1,3,2,1,0,0,9,0,1,3,51,1,1,1,6,M,98,,,,,,,,,,,,,,,,,,,,,,,,,,,95,95,95,95,,,9.8,998,998,998,99.8,99.8,99.8,219.073473239678,8,6
23634,24,152,1-24-2021-152-02,2,1,4F2CZ96164KM,17,473,1860,7,0,41,402,2004,14,3,14,0,1,F,9,1502,5,9999,9,0,998,2,56,1,0,0,995,0,0,0,08232,2,2,2,1,2,2,2,2,1,1,3,2,0,0,1,1,0,0,9,0,1,1,6,2,2,2,4,K,79,0,0,0,0,0,0,0,0,0,0,150,70,0,0,0,1,0,999,999,999,9999999,999,999,999,9,0,1,1,0,4,0,995,9.8,998,998,998,99.8,99.8,99.8,124.154189955081,1,6
23634,24,152,1-24-2021-152-02,2,2,5TFAX5GN5JX1,17,448,2223,60,0,49,472,2018,34,5,30,0,1,L,2,1984,5,0,1,1,30,2,40,1,0,0,995,0,0,0,08401,1,1,2,1,2,1,2,2,1,1,0,2,0,0,1,1,2,2,9,0,10,2,16,1,1,1,4,K,78,0,0,0,0,0,0,0,0,0,0,70,150,0,0,0,1,12,999,999,999,9999999,999,999,999,7,0,1,1,0,4,0,995,0.0,30,30,120,0.5,3.5,3.7,124.154189955081,1,6
23635,24,153,1-24-2021-153-05,5,1,WDDGF8BB6BR1,17,449,2085,13,0,42,42,2011,4,1,3,0,1,R,1,1695,5,0,1,1,17,2,40,1,0,0,995,0,0,0,08203,1,2,2,4,2,1,2,2,1,1,0,2,0,0,1,2,1,2,1,0,1,2,17,1,1,1,5,L,87,0,0,0,0,0,0,0,0,0,0,145,55,0,0,0,1,12,999,999,999,9999999,999,999,999,6,0,0,0,0,0,0,995,9.8,998,998,998,99.8,99.8,99.8,113.48027684511,1,6
23635,24,153,1-24-2021-153-05,5,2,WBA5A7C57GG6,17,452,1715,13,0,34,35,2016,4,1,5,0,1,F,1,1815,5,0,1,5,16,2,40,1,0,0,995,0,0,0,08234,1,1,2,4,2,1,2,2,1,1,0,2,0,0,1,2,1,2,9,0,1,2,17,99,1,1,5,L,86,0,0,0,0,0,0,0,0,0,0,55,145,0,0,0,1,12,999,999,999,9999999,999,999,999,6,0,1,1,0,4,0,995,9.8,998,998,998,99.8,99.8,99.8,113.48027684511,1,6
23637,24,155,1-24-2021-155-03,3,1,1FMCU9H6XLUC,17,460,1798,7,0,12,402,2020,14,3,14,0,1,F,2,1571,5,0,1,1,19,2,64,1,0,0,995,0,0,0,08221,9,9,0,4,2,1,2,1,1,1,1,2,0,0,1,1,0,0,9,1,1,2,10,8,1,2,3,G,50,0,0,0,0,0,0,0,0,0,0,310,130,0,0,0,1,12,999,999,999,9999999,999,999,999,7,0,99,99,0,0,0,995,9.8,998,998,998,99.8,99.8,99.8,314.458272937397,1,6
23637,24,155,1-24-2021-155-03,3,2,1B3BD4FB6BN5,17,476,1892,13,0,7,26,2011,4,1,3,0,1,F,9,1539,5,9999,9,0,998,2,64,1,0,0,995,0,0,0,08330,2,2,0,4,2,1,2,1,1,1,1,2,0,0,1,1,0,0,9,0,1,4,62,99,1,1,3,G,51,0,0,0,0,0,0,0,0,0,0,130,310,0,0,0,1,0,999,999,999,9999999,999,999,999,9,0,1,3,0,4,0,995,9.8,998,998,998,99.8,99.8,99.8,314.458272937397,1,6
23639,25,95,1-25-2021-095-01,1,1,1GTN2MEC0HZ1,17,472,1857,60,0,23,481,2017,34,5,30,0,1,L,2,2154,5,0,1,5,8,2,80,1,8,1,0,3,7,0,04084,1,9,0,4,2,1,2,1,1,1,1,4,0,0,2,1,0,0,9,1,1,2,12,99,9,4,1,B,6,1,6,2,2,1,4,61,1,2,47,997,997,0,1,0,2,6,999,999,999,9999999,999,999,999,7,0,3,14,1,1,3,997,2.0,7,7,120,9.5,4.9,10.7,58.2522637560802,2,6
23640,73,84,1-73-2021-084-07,7,1,1C6RR7GGXFS6,17,496,13620,60,0,7,482,2015,34,5,31,0,1,F,1,2336,5,9999,9,4,38,2,56,1,8,0,995,0,7,0,04901,9,9,0,4,4,1,2,1,1,1,0,3,0,0,1,1,0,0,1,1,1,2,13,99,1,4,1,A,1,0,0,0,0,0,0,0,0,0,0,998,998,0,0,0,1,12,999,999,999,9999999,999,999,999,6,0,0,0,0,0,0,998,0.0,28,28,78,6.8,0.7,6.9,412.10634890607,3,6
23641,73,85,1-73-2021-085-04,4,1,1GNSKBKC5JR2,17,467,1852,7,0,20,421,2018,15,3,15,0,1,F,1,2515,5,9999,9,4,91,2,72,1,8,0,995,0,7,0,04479,9,9,0,4,2,1,2,1,1,1,0,0,0,0,2,1,0,0,3,1,1,2,12,99,1,4,1,B,6,0,0,0,0,0,0,0,0,0,0,998,998,0,0,1,1,12,999,999,999,9999999,999,999,999,6,0,0,0,0,0,0,998,0.0,34,34,120,10.1,5.7,11.6,257.102491820997,3,6
23642,52,170,1-52-2021-170-03,3,1,2T3BF4DV6BW0,17,448,2217,7,0,49,402,2011,14,3,14,0,1,F,2,1579,5,0,1,1,13,2,72,1,0,0,995,0,0,0,59106,9,9,2,4,2,1,2,1,1,1,1,2,0,0,1,8,1,2,9,0,11,2,15,2,1,1,4,J,68,0,0,0,0,0,0,0,0,0,0,230,95,0,0,0,1,1,27,-25,-9,59480,998,-35,30,0,4,9,97,0,99,0,995,9.8,998,998,998,99.8,99.8,99.8,78.5580992376038,12,6
23642,52,170,1-52-2021-170-03,3,2,3FADP4BE8HM1,17,460,3267,13,0,12,32,2017,4,1,1,0,1,L,2,1169,5,0,1,1,13,2,72,1,0,0,995,0,0,0,59102,9,9,2,4,2,1,2,1,1,1,1,2,0,0,1,8,1,2,1,0,1,4,62,4,9,1,4,J,69,0,0,0,0,0,0,0,0,0,0,95,230,0,0,0,1,1,34,-32,12,48265,998,-17,31,0,4,9,97,0,99,0,995,9.8,998,998,998,99.8,99.8,99.8,78.5580992376038,12,6
23643,52,171,1-52-2021-171-09,9,1,1J4GL48K87W6,17,483,1944,7,0,2,405,2007,14,3,14,0,1,T,2,1819,5,77,1,1,16,2,40,1,9,0,995,0,9,0,99999,9,9,2,4,2,1,2,1,1,1,0,0,0,0,1,1,0,0,9,1,11,2,12,99,9,4,1,B,6,1,4,2,2,1,4,61,1,2,999,997,997,0,0,0,4,6,999,999,999,9999999,999,999,999,7,0,99,99,0,99,3,997,0.0,17,17,51,1.6,0.4,1.6,469.006746026819,12,6
23644,52,172,1-52-2021-172-02,2,1,1N6AD07WX9C4,17,478,1919,60,0,35,472,2009,34,5,30,0,1,F,1,2013,5,9999,9,1,37,2,80,1,0,0,995,0,0,0,59106,1,2,2,4,2,1,2,1,1,1,1,2,0,0,1,1,2,2,3,0,1,2,17,99,1,1,5,L,86,0,0,0,0,0,0,0,0,0,0,90,170,0,1,0,1,1,17,-9,15,23602,998,166,12,0,4,1,1,0,4,0,995,9.8,998,998,998,99.8,99.8,99.8,20.7822317914561,12,6
23644,52,172,1-52-2021-172-02,2,2,2HGFC3A50HH7,17,474,1863,3,0,37,31,2017,2,1,3,0,1,R,1,1313,5,0,1,1,35,2,80,1,0,1,22,2,0,0,59041,1,2,2,4,2,1,2,1,1,1,1,2,0,0,1,1,0,0,1,0,1,4,66,3,1,1,5,L,87,0,0,0,0,0,0,0,0,0,0,170,90,0,1,0,1,1,24,-18,-15,57508,998,-4,32,0,4,2,6,0,3,0,995,0.6,4,5,999,3.2,1.4,3.5,20.7822317914561,12,6
23645,52,173,1-52-2021-173-06,6,1,1FTZX18W1WNB,17,460,1801,60,0,12,481,1998,34,5,31,0,1,F,2,2093,5,9999,9,0,998,5,56,1,0,0,995,0,0,0,59079,9,9,2,4,2,1,2,1,1,1,1,2,0,0,1,8,0,0,3,0,1,3,50,99,1,1,2,D,20,0,0,0,0,0,0,0,0,0,0,0,0,0,0,0,1,3,25,-25,0,74762,998,0,30,0,4,95,95,95,95,0,995,9.8,998,998,998,99.8,99.8,99.8,159.765908939258,12,6
23645,52,173,1-52-2021-173-06,6,2,5N1AR2MM2GC6,17,478,1911,8,0,35,401,2016,14,3,14,0,1,B,1,2119,5,0,1,1,36,2,56,1,0,0,995,0,0,0,59079,9,9,2,4,2,1,2,1,1,1,1,2,0,0,1,8,0,0,9,0,5,3,53,99,1,1,2,D,22,0,0,0,0,0,0,0,0,0,0,0,0,0,0,0,1,3,24,24,0,34824,998,-62,19,0,4,99,99,0,99,0,995,9.8,998,998,998,99.8,99.8,99.8,159.765908939258,12,6
23646,13,97,1-13-2021-097-01,1,1,1FTRX12W45KD,17,460,1801,60,0,12,481,2005,34,5,31,0,1,F,2,2320,5,91,1,5,20,2,97,1,8,1,0,3,7,2,76106,9,1,0,2,7,98,1,1,1,9,1,0,0,0,3,1,0,0,9,1,12,3,54,8,9,7,6,M,98,0,0,0,0,0,0,0,0,0,0,130,280,0,0,0,1,5,999,999,999,9999999,999,999,34,3,0,1,1,0,1,0,995,9.8,998,998,998,99.8,99.8,99.8,60.6015102071214,7,6
23646,13,97,1-13-2021-097-01,1,2,1GC4K1C86EF1,17,467,1850,60,0,20,880,2014,67,8,60,0,1,F,9,,,,,,,2,97,1,8,0,995,0,7,0,76020,9,9,0,2,7,5,1,1,1,9,3,3,0,0,3,1,0,0,9,1,15,4,64,99,1,2,6,M,98,,,,,,,,,,,,,,,,,,,,,,,,,,,95,95,95,95,,,9.8,998,998,998,99.8,99.8,99.8,60.6015102071214,7,6
23647,13,98,1-13-2021-098-04,4,1,1GCZGUCG2F11,17,467,1848,95,0,20,461,2015,21,4,21,0,1,F,1,2525,5,9999,9,0,998,2,64,1,8,0,995,0,7,0,76053,1,9,0,1,3,1,1,1,1,1,1,3,0,0,1,1,0,0,3,0,1,3,51,99,1,1,2,D,24,0,0,0,0,0,0,0,0,0,0,355,0,0,0,0,1,3,11,-11,0,15195,998,0,12,0,4,0,0,0,0,0,995,9.8,998,998,998,99.8,99.8,99.8,2001.86671887622,7,6
23647,13,98,1-13-2021-098-04,4,2,KM8R34HE9LU0,17,498,25847,7,0,55,422,2020,15,3,15,0,1,B,1,1880,5,0,1,1,37,2,64,1,8,0,995,0,7,0,76040,3,9,0,1,3,1,1,1,1,1,1,3,0,0,1,1,0,0,9,0,1,3,53,99,1,1,2,D,25,0,0,0,0,0,0,0,0,0,0,0,355,0,0,0,1,3,14,13,-2,15753,998,83,12,0,4,0,0,0,0,0,995,9.8,998,998,998,99.8,99.8,99.8,2001.86671887622,7,6
23647,13,98,1-13-2021-098-04,4,3,5YFBURHEXKP8,17,448,2208,13,0,49,32,2019,4,1,3,0,1,B,9,1265,5,9999,9,0,998,5,64,1,8,0,995,0,7,0,76039,9,9,0,1,3,1,1,1,1,1,1,3,0,0,1,1,0,0,9,0,1,3,53,99,1,1,6,M,98,0,0,0,0,0,0,0,0,0,0,0,5,0,0,0,2,0,999,999,999,9999999,999,999,999,9,0,95,95,95,95,0,995,9.8,998,998,998,99.8,99.8,99.8,2001.86671887622,7,6
23648,13,99,1-13-2021-099-07,7,1,999999999999,99,467,1850,60,0,20,481,9999,34,5,31,99,1,F,9,9999,9,9999,9,0,998,5,97,1,8,0,995,0,7,0,99999,9,9,1,2,4,3,2,1,1,9,3,3,0,0,3,1,0,0,9,0,1,3,51,99,1,1,2,D,24,0,0,0,0,0,0,0,0,0,0,190,190,0,0,0,1,0,999,999,999,9999999,999,999,999,9,0,95,95,95,95,0,995,9.8,998,998,998,99.8,99.8,99.8,2957.80700512558,7,6
23648,13,99,1-13-2021-099-07,7,2,4JGDA5JB5GA7,17,449,5886,7,0,42,404,2016,14,3,14,0,1,B,9,2175,5,9999,9,0,998,5,97,1,8,0,995,0,7,0,75035,9,9,1,2,4,3,2,1,1,9,3,3,0,0,3,1,0,0,9,0,1,3,53,99,1,1,2,D,25,0,0,0,0,0,0,0,0,0,0,190,190,0,0,0,1,0,999,999,999,9999999,999,999,999,9,0,95,95,95,95,0,995,9.8,998,998,998,99.8,99.8,99.8,2957.80700512558,7,6
23648,13,99,1-13-2021-099-07,7,3,3VW4T7AJ0GM3,17,482,3137,13,0,30,40,2016,4,1,3,0,1,F,1,1417,5,0,1,1,10,2,97,1,8,0,995,0,7,0,76543,1,9,1,2,4,3,2,1,1,9,3,3,0,0,3,1,0,0,9,0,1,3,50,2,1,1,6,M,98,0,0,0,0,0,0,0,0,0,0,190,190,0,0,0,2,3,15,-15,0,9617,998,0,12,0,4,0,0,0,0,0,995,9.8,998,998,998,99.8,99.8,99.8,2957.80700512558,7,6
23648,13,99,1-13-2021-099-07,7,4,1GCRCREC4EZ2,17,467,1850,60,0,20,481,2014,34,5,31,0,1,B,1,2250,5,9999,9,0,998,5,97,1,8,0,995,0,7,0,75068,9,9,1,2,4,3,2,1,1,9,3,3,0,0,3,1,0,0,1,0,17,3,52,99,1,1,6,M,98,0,0,0,0,0,0,0,0,0,0,190,190,0,0,0,2,3,11,11,0,14630,998,0,13,0,4,95,95,95,95,0,995,9.8,998,998,998,99.8,99.8,99.8,2957.80700512558,7,6
23649,13,100,1-13-2021-100-04,4,1,1C4RJEBG2LC3,17,483,1949,7,0,2,422,2020,15,3,15,0,1,F,1,2211,5,0,1,1,28,2,113,1,8,0,995,0,7,0,76114,1,9,0,2,3,1,2,1,1,9,1,3,0,0,1,1,0,0,9,0,1,3,50,3,1,2,2,D,20,0,0,0,0,0,0,0,0,0,0,265,270,0,0,0,1,1,15,-15,0,41453,998,50,20,0,4,0,0,0,5,0,995,9.8,998,998,998,99.8,99.8,99.8,2001.86671867289,7,6
23649,13,100,1-13-2021-100-04,4,2,1GKKNMLS2KZ2,17,472,1855,7,0,23,423,2019,15,3,15,0,1,B,1,1794,5,0,1,1,32,2,113,1,8,0,995,0,7,0,76082,9,1,0,2,3,2,2,1,1,9,3,3,0,0,1,1,0,0,9,0,5,3,53,1,1,1,2,D,21,0,0,0,0,0,0,0,0,0,0,270,265,0,0,0,1,1,18,18,0,5687,998,28,9,0,4,0,0,0,5,0,995,9.8,998,998,998,99.8,99.8,99.8,2001.86671867289,7,6
23651,16,91,1-16-2021-091-01,1,1,1FMDU34X2VUB,17,460,1800,7,0,12,401,1997,14,3,14,0,1,L,3,1631,5,9999,9,5,108,2,72,1,1,1,204,2,0,2,45238,1,9,0,1,2,2,2,1,1,1,3,2,1,1,3,1,0,0,9,0,1,4,61,99,1,1,2,F,44,0,0,0,0,0,0,0,0,0,0,998,998,0,1,1,4,12,999,999,999,9999999,999,999,999,8,0,3,22,1,1,0,998,0.0,999,999,999,0.0,0.0,0.0,33.1731405462413,5,6
23651,16,91,1-16-2021-091-01,1,2,1MEHM421X6G6,17,465,2366,13,0,14,20,2006,4,1,4,0,1,L,1,1662,5,9999,9,1,108,2,72,1,1,1,150,1,0,0,45238,9,9,0,1,2,1,2,1,1,1,0,3,0,1,3,1,0,0,9,1,1,2,10,99,1,2,2,F,45,0,0,0,0,0,0,0,0,0,0,345,350,0,0,0,1,3,7,-6,2,5921,998,-37,9,0,4,0,0,0,0,0,995,9.8,998,998,998,99.8,99.8,99.8,33.1731405462413,5,6
23652,66,84,1-66-2021-084-04,4,1,1FMCU0GD8HUB,17,460,1798,7,0,12,402,2017,14,3,14,0,1,R,1,1611,5,0,1,1,29,2,48,1,0,0,995,0,7,0,65605,1,2,2,4,2,1,2,1,1,1,0,0,0,0,3,1,2,2,1,0,1,2,17,7,1,1,5,L,87,0,0,0,0,0,0,0,0,0,0,0,275,0,0,0,1,12,999,999,999,9999999,999,999,999,6,0,0,0,0,0,0,995,9.8,998,998,998,99.8,99.8,99.8,144.723329543321,6,6
23652,66,84,1-66-2021-084-04,4,2,1G1ZB5EB4AF2,17,467,1834,13,0,20,37,2010,4,1,4,99,1,F,9,1549,5,9999,9,0,998,5,56,1,0,0,995,0,7,0,64771,9,9,2,4,2,1,2,1,1,1,1,2,0,0,3,1,2,2,9,0,1,4,66,99,1,1,5,L,86,0,0,0,0,0,0,0,0,0,0,275,0,0,0,0,1,0,999,999,999,9999999,999,999,999,9,0,95,95,95,95,0,995,9.8,998,998,998,99.8,99.8,99.8,144.723329543321,6,6
23653,66,85,1-66-2021-085-06,6,1,1C4RJFBG3GC4,17,483,1949,7,0,2,422,2016,15,3,15,0,1,F,3,2211,5,0,1,1,41,2,97,1,0,0,995,0,7,0,65708,1,9,0,4,2,1,2,1,1,1,1,4,3,3,1,1,0,0,3,1,1,2,12,1,1,4,1,B,6,0,0,0,0,0,0,0,0,0,0,998,998,0,0,0,5,10,999,999,999,9999999,999,999,999,8,0,1,1,0,4,0,998,3.0,999,7,-120,98.0,44.0,99.0,125.534809226608,6,6
23654,12,49,1-12-2021-049-04,4,1,1FT7X2A64LED,17,460,1805,60,0,12,481,2020,34,5,31,0,1,F,9,2691,5,9999,9,0,998,2,56,1,0,0,995,0,0,0,73443,9,9,0,1,2,1,2,2,2,1,0,3,0,0,1,1,0,0,1,1,14,2,13,99,1,4,1,A,1,0,0,0,0,0,0,0,0,0,0,998,998,0,0,1,1,0,999,999,999,9999999,999,999,999,9,0,0,0,0,0,0,998,0.0,20,20,90,5.0,0.7,5.2,603.8707602412,9,6
23655,12,50,1-12-2021-050-06,6,1,1GNDS13S2721,17,467,4548,7,0,20,403,2007,14,3,14,0,1,R,1,2004,5,0,1,1,5,2,40,1,0,0,995,0,0,0,73401,9,9,2,4,2,1,2,1,1,1,0,0,0,0,3,1,2,2,9,0,1,2,17,99,1,1,5,L,87,0,0,0,0,0,0,0,0,0,0,15,285,0,0,0,1,1,21,-14,-16,41603,998,0,23,0,4,99,99,0,99,0,995,9.8,998,998,998,99.8,99.8,99.8,385.574815909252,9,6
23655,12,50,1-12-2021-050-06,6,2,JN8AZ1MU6CW1,17,478,1914,8,0,35,49,2012,6,1,4,0,1,F,1,1826,8,0,1,1,7,2,56,1,0,0,995,0,0,0,73401,1,2,2,4,4,1,1,1,1,1,0,3,0,0,3,1,0,0,1,0,1,4,66,1,1,1,5,L,86,0,0,0,0,0,0,0,0,0,0,285,15,0,0,0,1,1,22,-17,14,52753,998,108,21,0,4,1,1,0,4,0,995,9.8,998,998,998,99.8,99.8,99.8,385.574815909252,9,6
23657,28,84,1-28-2021-084-03,3,1,1FADP3K20JL2,17,460,1779,5,0,12,37,2018,5,1,3,0,1,F,1,1327,5,0,1,1,5,2,89,1,0,0,995,0,0,0,16929,1,2,2,4,2,1,2,1,1,1,1,2,3,3,1,1,0,0,9,0,11,2,15,3,1,1,4,J,68,0,0,0,0,0,0,0,0,0,0,315,175,0,0,0,1,3,20,-17,-10,30665,998,-98,19,0,4,0,0,0,4,0,995,9.8,998,998,998,99.8,99.8,99.8,46.7688147475126,3,6
23657,28,84,1-28-2021-084-03,3,2,1D4HB48N86F1,17,476,3508,7,0,7,422,2006,15,3,15,0,1,F,1,2328,5,0,1,1,5,2,89,1,0,0,995,0,0,0,16901,1,2,2,1,1,1,2,1,1,1,1,2,3,3,1,1,0,0,1,0,1,4,62,4,1,1,4,J,69,0,0,0,0,0,0,0,0,0,0,175,315,0,0,0,1,3,11,-11,2,17581,998,92,12,0,4,1,1,0,4,0,995,9.8,998,998,998,99.8,99.8,99.8,46.7688147475126,3,6
23658,77,84,1-77-2021-084-09,9,1,1FT7W2BT3HEC,17,460,1805,60,0,12,481,2017,34,5,31,0,1,F,1,3037,5,9999,9,0,998,5,24,1,0,0,995,0,0,0,24590,9,9,2,4,2,1,2,1,1,1,0,4,0,0,1,1,2,2,2,0,11,2,15,1,1,1,4,K,76,0,0,0,0,0,0,0,0,0,0,105,40,0,0,0,1,3,8,-6,-5,11411,998,-195,7,0,4,95,95,95,95,0,995,9.8,998,998,998,99.8,99.8,99.8,7340.12479626665,9,6
23658,77,84,1-77-2021-084-09,9,2,1HGCD5684TA0,17,474,1861,13,0,37,32,1996,4,1,3,0,1,L,1,1275,5,0,1,1,7,3,24,1,0,0,995,0,0,0,22902,9,9,2,4,2,1,2,1,1,2,0,4,0,0,1,1,0,0,1,0,1,4,65,1,1,1,4,K,77,0,0,0,0,0,0,0,0,0,0,40,105,0,0,0,1,3,20,-3,19,26987,998,-43,22,0,4,1,1,0,4,0,995,9.8,998,998,998,99.8,99.8,99.8,7340.12479626665,9,6
23659,28,85,1-28-2021-085-04,4,1,5N1AT2MV5KC7,17,478,1913,7,0,35,404,2019,14,3,14,0,1,F,1,1610,5,0,1,1,12,2,40,1,0,0,995,0,0,0,16935,1,2,0,4,2,1,2,1,3,4,0,2,0,0,4,1,0,0,1,0,14,6,87,4,1,1,1,C,13,0,0,0,0,0,0,0,0,0,0,998,998,0,0,0,1,12,999,999,999,9999999,999,999,999,6,0,0,0,0,0,0,998,9.8,998,998,998,99.8,99.8,99.8,52.4356915659588,3,6
23660,31,79,1-31-2021-079-10,10,1,1GMDX03E9YD2,17,536,4589,2,0,22,441,2000,20,4,20,0,1,F,2,1788,5,9999,9,5,4,2,48,1,0,0,995,0,0,0,62450,9,9,2,1,2,1,2,1,1,1,0,2,0,0,1,8,1,2,9,0,1,3,50,99,1,1,2,D,20,0,0,0,0,0,0,0,0,0,0,235,235,0,0,0,1,12,999,999,999,9999999,999,999,999,7,0,0,0,0,0,0,995,9.8,998,998,998,99.8,99.8,99.8,255.507439927165,6,6
23660,31,79,1-31-2021-079-10,10,2,1FTHF26H5NNA,17,460,1805,60,0,12,481,1992,34,5,31,0,1,B,9,2193,5,9999,9,0,998,5,48,1,0,0,995,0,0,0,62959,9,9,2,1,2,1,2,1,1,1,0,2,0,0,1,8,1,2,9,0,5,3,53,99,1,1,2,D,21,0,0,0,0,0,0,0,0,0,0,235,235,0,0,0,1,0,999,999,999,9999999,999,999,999,9,0,95,95,95,95,0,995,9.8,998,998,998,99.8,99.8,99.8,255.507439927165,6,6
23660,31,79,1-31-2021-079-10,10,3,ZACCJBBT8FPC,17,483,6160,7,0,2,408,2015,14,3,14,0,1,B,9,1447,5,9999,9,0,998,5,48,1,0,0,995,0,0,0,62806,9,9,2,4,2,1,2,1,1,1,0,2,0,0,1,8,1,2,9,0,5,3,53,99,1,1,6,M,98,0,0,0,0,0,0,0,0,0,0,235,235,0,0,0,2,0,999,999,999,9999999,999,999,999,9,0,95,95,95,95,0,995,9.8,998,998,998,99.8,99.8,99.8,255.507439927165,6,6
23661,31,80,1-31-2021-080-06,6,1,1FAFP56S62A2,17,460,1782,13,0,12,17,2002,4,1,3,0,1,F,1,1603,5,0,1,1,3,2,56,1,0,0,995,0,0,0,62821,9,9,3,5,3,2,2,1,1,1,4,4,0,0,1,1,0,0,9,0,11,2,15,99,1,1,4,J,68,0,0,0,0,0,0,0,0,0,0,60,260,0,0,0,1,1,21,-21,-4,20297,998,-34,17,0,1,0,0,0,4,0,995,9.8,998,998,998,99.8,99.8,99.8,230.285897347917,6,6
23661,31,80,1-31-2021-080-06,6,2,1GTN2TEH3EZ3,17,472,1857,60,0,23,481,2014,34,5,31,0,1,F,1,2080,5,0,1,1,3,2,56,1,0,0,995,0,0,1,62867,9,9,3,5,3,1,2,1,1,1,1,2,0,0,1,1,0,0,9,0,1,4,62,2,1,1,4,J,69,0,0,0,0,0,0,0,0,0,0,260,60,0,0,0,1,1,16,-16,3,35370,998,30,20,0,3,1,2,0,4,0,995,9.8,998,998,998,99.8,99.8,99.8,230.285897347917,6,6
23662,30,97,1-30-2021-097-03,3,1,1C4PJMBX4LD6,17,483,1945,7,0,2,404,2020,14,3,14,0,1,F,9,1839,5,9999,9,0,998,5,105,1,0,0,995,0,0,0,85040,9,9,0,2,4,1,2,1,1,1,1,3,0,0,1,1,0,0,1,0,1,3,52,99,1,1,2,D,28,0,0,0,0,0,0,0,0,0,0,10,0,0,0,0,1,0,999,999,999,9999999,999,999,999,9,0,95,95,95,95,0,995,9.8,998,998,998,99.8,99.8,99.8,504.416454114487,10,6
23662,30,97,1-30-2021-097-03,3,2,3N63M0ZN8HK6,17,467,1921,95,0,20,445,2017,20,4,20,0,1,F,9,1475,5,9999,9,0,998,2,105,1,0,0,995,0,0,0,85014,9,9,0,2,4,1,2,1,1,1,1,3,0,0,1,1,0,0,1,0,2,3,53,99,1,1,2,D,29,0,0,0,0,0,0,0,0,0,0,0,10,0,0,0,2,0,999,999,999,9999999,999,999,999,9,0,9,97,0,5,0,995,9.8,998,998,998,99.8,99.8,99.8,504.416454114487,10,6
23662,30,97,1-30-2021-097-03,3,3,2C4RDGBG5ER4,17,476,14832,2,0,7,442,2014,20,4,20,0,1,F,9,2050,5,9999,9,0,998,2,105,1,0,0,995,0,0,0,85040,9,9,0,2,4,1,2,1,1,1,1,3,0,0,1,1,0,0,1,0,2,3,52,99,1,1,6,M,98,0,0,0,0,0,0,0,0,0,0,0,0,0,0,0,3,0,999,999,999,9999999,999,999,999,9,0,9,97,0,99,0,995,9.8,998,998,998,99.8,99.8,99.8,504.416454114487,10,6
23662,30,97,1-30-2021-097-03,3,4,3N1AB7AP5HY2,17,478,1907,13,0,35,43,2017,4,1,3,0,1,B,9,1300,5,9999,9,0,998,2,105,1,0,0,995,0,0,0,85201,9,9,0,2,4,1,2,1,1,1,1,3,0,0,1,1,0,0,1,0,5,3,53,99,1,1,6,M,98,0,0,0,0,0,0,0,0,0,0,0,0,0,0,0,3,0,999,999,999,9999999,999,999,999,9,0,9,97,0,99,0,995,9.8,998,998,998,99.8,99.8,99.8,504.416454114487,10,6