CASEID,PSU,CASENO,CASENUMBER,CATEGORY,VEHNO,VIN,VINLENGTH,VPICMAKE,VPICMODEL,VPICBODYCLASS,ICFINALBODY,MAKE,MODEL,MODELYR,BODYTYPE,BODYCAT,VEHCLASS,SPECUSE,TRANSTAT,DAMPLANE,DAMSEV,CURBWT,CURBSRC,CARGOWT,CARGOSRC,INSPTYPE,INSPLAG,TOWED,SPEEDLIMIT,DRPRESENT,PARALCOHOL,ALCTEST,ALCTESTRESULT,ALCTESTSRC,PARDRUG,DRUGTEST,ZIP,RACE,ETHNICITY,RELTOJUNCT,TRAFFLOW,RDLANES,INITLANE,SURFTYPE,SURFCOND,ALIGNMENT,PROFILE,LINERIGHT,LINELEFT,RUMBINIT,RUMBROAD,LIGHTCOND,WEATHER,TRAFDEV,TRAFFUNCT,DISTRACT,PREFHE,PREMOVE,CRITCAT,CRITEVENT,MANEUVER,PRESTAB,PRELOC,CRASHCAT,CRASHCONF,CRASHTYPE,ROLLTYPE,ROLLTURN,ROLLINTRPT,ROLLPREMAN,ROLLINITYP,ROLLINLOC,ROLLOBJ,ROLLTRIP,ROLLDIR,ROLLDIST,DVANGTHIS,DVANGOTH,TOWHITCH,TRAJDOC,TREEPOLE,DVEVENT,DVBASIS,DVTOTAL,DVLONG,DVLAT,DVENERGY,DVSPEED,DVMOMENT,DVBES,DVEST,DVCONF,VAIS,VISS,VINJURED,VTREAT,INITOBJCLASS,HEADANGLECAT,SHLDRWIDTH,STRKLENGTH,STRKWIDTH,STRKHEIGHT,EDGEDISTX,EDGEDISTY,EDGEDISTZ,CASEWGT,PSUSTRAT,VERSION
23764,30,103,1-30-2021-103-07,7,2,WBA3A9C55CFX,17,452,1711,13,0,34,34,2012,4,1,4,0,1,F,1,1620,5,0,1,1,64,2,72,1,0,0,995,0,0,0,85392,9,9,2,1,3,2,2,1,1,1,3,3,0,0,3,1,1,2,9,0,1,4,62,99,1,2,4,J,69,0,0,0,0,0,0,0,0,0,0,0,110,0,0,0,1,12,999,999,999,9999999,999,999,999,6,0,0,0,0,0,0,995,9.9,999,999,999,0.0,0.0,0.0,1567.22387954514,10,6
23766,31,81,1-31-2021-081-07,7,1,5XYZW3LAXDG0,17,498,2057,7,0,55,401,2013,14,3,14,0,1,R,1,1711,5,9999,9,1,23,2,89,1,0,0,995,0,0,0,62821,9,9,0,4,2,1,2,1,3,1,1,4,0,0,1,1,0,0,9,1,14,2,12,2,4,4,1,B,7,0,0,0,0,0,0,0,0,0,0,998,998,0,0,0,2,1,9,8,-5,6097,998,-11,9,0,1,0,0,0,0,0,998,0.3,63,75,-90,18.1,4.7,18.9,242.440585619395,6,6
23767,31,82,1-31-2021-082-07,7,1,JTHCL5EF0D50,17,515,2182,13,0,59,32,2013,4,1,5,0,1,F,1,2140,5,0,1,1,15,2,113,1,0,0,995,0,0,0,63129,9,9,0,1,2,1,2,1,1,1,1,3,2,3,5,1,0,0,9,0,1,6,87,1,1,1,1,C,13,0,0,0,0,0,0,0,0,0,0,998,998,0,0,0,1,10,999,999,999,9999999,999,85,10,2,0,0,0,0,0,0,998,9.8,998,998,998,99.8,99.8,99.8,242.440585619395,6,6
23768,16,95,1-16-2021-095-04,4,1,1G8AN15F47Z1,17,1056,4781,3,0,24,7,2007,17,1,2,0,1,F,9,1221,5,9999,9,0,998,2,105,1,0,0,995,0,0,0,45015,9,9,0,1,4,3,2,2,1,1,3,3,0,3,1,2,0,0,1,1,1,2,11,99,9,2,2,F,44,0,0,0,0,0,0,0,0,0,0,175,195,0,0,0,1,0,999,999,999,9999999,999,999,999,9,0,99,99,0,0,0,995,9.8,998,998,998,99.8,99.8,99.8,940.894689798493,5,6
23768,16,95,1-16-2021-095-04,4,2,2GNAXSEV2J62,17,467,1847,7,0,20,404,2018,14,3,14,0,1,R,9,1580,5,9999,9,0,998,2,105,1,0,0,995,0,0,0,45044,9,9,0,1,4,4,2,2,1,1,3,2,1,3,1,2,0,0,1,0,1,4,61,99,1,1,2,F,45,0,0,0,0,0,0,0,0,0,0,195,175,0,0,0,1,0,999,999,999,9999999,999,999,999,9,0,0,0,0,0,0,995,9.8,998,998,998,99.8,99.8,99.8,940.894689798493,5,6
23774,23,118,1-23-2021-118-05,5,1,1FTRX07W22KD,17,460,1801,60,0,12,481,2002,34,5,31,0,1,F,1,1917,5,9999,9,0,998,2,56,1,0,0,995,0,0,0,43334,9,9,2,4,6,3,2,1,1,1,1,2,0,0,1,1,1,2,1,0,11,2,15,99,1,1,4,J,68,0,0,0,0,0,0,0,0,0,0,230,100,0,0,0,1,3,19,-15,-12,58902,998,-170,19,0,4,0,0,0,0,0,995,9.8,998,998,998,99.8,99.8,99.8,79.5378796779388,5,6
23774,23,118,1-23-2021-118-05,5,2,1G1PL5SC4C73,17,467,1832,13,0,20,25,2012,4,1,3,0,1,F,2,1407,5,0,1,1,43,2,56,1,0,0,995,0,0,0,43015,9,9,2,4,6,2,2,1,1,1,1,3,0,0,1,1,1,2,1,0,1,4,62,99,1,1,4,J,69,0,0,0,0,0,0,0,0,0,0,100,230,0,0,0,1,3,26,-26,4,38945,998,36,25,0,4,2,5,0,4,0,995,9.8,998,998,998,99.8,99.8,99.8,79.5378796779388,5,6
23775,23,119,1-23-2021-119-03,3,1,1C4PJMDX8KD4,17,483,1945,7,0,2,404,2019,14,3,14,0,1,F,2,1839,5,9999,9,4,59,2,97,1,0,0,995,0,0,0,43136,1,2,2,1,2,2,2,2,2,1,3,1,0,3,1,2,1,2,1,0,14,4,62,99,9,1,4,J,69,0,0,0,0,0,0,0,0,0,0,180,300,0,0,0,1,12,999,999,999,9999999,999,999,999,7,0,1,1,0,4,0,995,0.6,75,75,0,15.5,2.2,15.6,362.20434030687,5,6
23775,23,119,1-23-2021-119-03,3,2,1G1BE5SM3H72,17,467,1832,13,0,20,25,2017,4,1,3,0,1,F,2,1250,5,9999,9,4,89,2,97,1,1,1,285,1,0,0,43301,1,9,2,1,1,1,2,2,3,1,1,2,0,0,1,2,1,2,1,0,11,2,15,99,9,1,4,J,68,0,0,0,0,0,0,0,0,0,0,300,180,0,0,0,1,12,999,999,999,9999999,999,999,999,7,0,2,9,0,4,0,995,9.8,998,998,998,99.8,99.8,99.8,362.20434030687,5,6
23776,23,120,1-23-2021-120-06,6,1,1FT8W3BT8DEB,17,460,1806,60,0,12,880,2013,67,8,60,0,1,L,9,,,,,,,2,113,1,0,0,995,0,0,0,43337,9,9,0,2,3,2,2,2,1,1,3,3,0,3,1,8,0,0,1,1,15,2,10,99,9,2,2,F,47,,,,,,,,,,,,,,,,,,,,,,,,,,,95,95,95,95,,,9.8,998,998,998,99.8,99.8,99.8,639.249282122222,5,6
23776,23,120,1-23-2021-120-06,6,2,1HGCP2F62CA1,17,474,1861,13,0,37,32,2012,4,1,4,0,1,F,2,1468,5,9999,9,4,41,2,113,1,0,0,995,0,0,0,44131,9,9,0,2,3,3,2,2,1,1,3,2,1,3,1,8,0,0,1,0,1,4,61,99,9,1,2,F,45,0,0,0,0,0,0,0,0,0,0,998,998,0,0,0,3,12,999,999,999,9999999,999,999,999,7,0,9,97,0,0,0,998,4.8,999,999,999,99.9,99.9,99.9,639.249282122222,5,6
23777,77,87,1-77-2021-087-02,2,1,3KPC24A3XJE0,17,498,2773,13,0,55,36,2018,4,1,2,0,1,F,1,1218,5,0,1,1,12,2,64,1,0,0,995,0,0,0,20155,9,9,2,1,4,2,2,1,1,1,1,3,0,0,3,1,1,2,1,0,1,3,50,99,1,1,2,D,20,0,0,0,0,0,0,0,0,0,0,215,215,0,0,0,1,3,17,-17,0,14131,998,-10,17,0,4,9,97,0,99,0,995,9.8,998,998,998,99.8,99.8,99.8,145.906571911732,9,6
23777,77,87,1-77-2021-087-02,2,2,JF2SKAUC6LH5,17,523,2234,7,0,48,401,2020,14,3,14,0,1,B,1,1610,5,9999,9,0,998,5,64,1,0,0,995,0,0,0,99999,9,9,2,1,4,2,2,1,1,1,1,3,0,0,3,1,1,2,1,0,5,3,53,1,1,1,2,D,21,0,0,0,0,0,0,0,0,0,0,215,215,0,0,0,1,3,13,13,0,10937,998,0,13,0,4,95,95,95,95,0,995,9.8,998,998,998,99.8,99.8,99.8,145.906571911732,9,6
23778,77,88,1-77-2021-088-05,5,1,WBA4A9C54GG5,17,452,2220,13,0,34,47,2016,4,1,4,0,1,F,1,1617,5,0,1,1,9,2,40,1,1,0,995,0,9,0,24153,9,9,0,4,2,1,2,1,2,2,1,2,0,0,5,1,0,0,9,1,14,2,13,1,1,4,1,A,1,0,0,0,0,0,0,0,0,0,0,998,998,0,1,0,5,1,13,-13,0,10452,998,-19,13,0,4,1,1,0,4,0,998,1.7,25,10,15,0.0,0.0,0.0,336.353359918198,9,6
23779,54,72,1-54-2021-072-10,10,1,999999999999,99,99999,99999,999,0,99,499,9999,39,5,39,99,1,B,9,9999,9,9999,9,0,998,5,40,1,9,0,995,0,9,0,99999,9,9,0,4,2,1,2,2,2,4,0,2,0,0,5,98,0,0,9,0,5,3,53,99,1,1,2,D,21,0,0,0,0,0,0,0,0,0,0,110,110,0,0,0,1,0,999,999,999,9999999,999,999,999,9,0,95,95,95,95,0,995,9.8,998,998,998,99.8,99.8,99.8,3701.38045996136,9,6
23779,54,72,1-54-2021-072-10,10,2,1NXBR32E35Z3,17,448,2208,13,0,49,32,2005,4,1,2,0,1,F,9,1135,5,0,1,3,10,2,40,1,0,0,995,0,0,0,35653,1,9,0,4,2,1,2,2,2,4,0,2,0,0,5,98,0,0,9,0,14,3,50,2,1,1,2,D,20,0,0,0,0,0,0,0,0,0,0,110,110,0,0,0,1,12,999,999,999,9999999,999,999,999,9,0,0,0,0,0,0,995,9.8,998,998,998,99.8,99.8,99.8,3701.38045996136,9,6
23780,59,62,1-59-2021-062-02,2,1,1C4RDJAG6EC5,17,476,3508,7,0,7,422,2014,15,3,15,0,1,L,1,2262,5,0,1,1,5,2,32,1,0,0,995,0,0,0,47167,9,9,2,4,2,1,2,2,1,1,0,0,0,0,1,2,2,2,2,0,11,2,15,1,1,1,4,K,82,0,0,0,0,0,0,0,0,0,0,265,10,0,0,0,1,1,12,-6,10,10952,998,71,10,0,4,0,0,0,0,0,995,0.0,999,999,999,99.9,99.9,99.9,75.8834802674981,6,6
23780,59,62,1-59-2021-062-02,2,2,KNDJP3A57K76,17,499,2460,7,0,63,37,2019,6,1,2,0,1,F,1,1346,5,0,1,1,5,2,32,1,0,0,995,0,0,0,47807,9,9,2,4,2,1,2,2,1,1,0,0,0,0,1,2,0,0,1,0,1,4,67,1,1,1,4,K,83,0,0,0,0,0,0,0,0,0,0,10,265,0,0,0,1,1,20,-19,-7,27395,998,-32,22,0,4,1,2,0,4,0,995,9.8,998,998,998,99.8,99.8,99.8,75.8834802674981,6,6
23781,59,63,1-59-2021-063-02,2,1,1FADP3M25HL2,17,460,1779,5,0,12,37,2017,5,1,3,0,1,R,1,1327,5,0,1,1,3,2,72,1,0,1,0,2,0,2,47807,1,2,2,4,2,1,2,2,1,1,1,2,0,0,1,2,2,2,1,0,2,4,66,1,1,1,6,M,98,0,0,0,0,0,0,0,0,0,0,180,80,0,0,0,2,5,999,999,999,9999999,999,999,20,2,0,2,6,0,6,0,995,9.8,998,998,998,99.8,99.8,99.8,75.8834802674981,6,6
23781,59,63,1-59-2021-063-02,2,2,1FDBF8Z8XMKA,17,460,3608,74,11,12,462,2021,21,4,21,0,1,F,2,9999,9,9999,9,1,5,2,72,1,0,0,995,0,0,0,47803,1,2,0,4,2,1,2,2,1,1,1,2,0,0,1,2,0,0,1,1,1,2,12,1,1,4,1,B,6,0,0,0,0,0,0,0,0,0,0,80,180,0,1,0,2,5,999,999,999,9999999,999,999,999,7,0,1,1,0,4,0,995,9.9,999,999,999,15.6,2.6,15.8,75.8834802674981,6,6
23782,22,96,1-22-2021-096-08,8,1,1GYEK63N65R1,17,469,1843,7,0,19,421,2005,15,3,15,0,1,F,3,2527,5,0,1,1,17,2,56,1,9,1,0,2,1,2,83501,1,2,0,1,2,2,2,1,2,2,3,2,0,0,1,8,0,0,9,1,14,2,12,8,9,4,3,G,50,0,0,0,0,0,0,0,0,0,0,85,240,0,0,0,1,3,46,-45,8,286527,998,37,52,0,4,3,19,1,3,0,995,9.8,998,998,998,99.8,99.8,99.8,137.336074115051,12,6
23782,22,96,1-22-2021-096-08,8,2,1FMEU31E09UA,17,460,1804,60,0,12,473,2009,34,5,31,0,1,F,3,2048,5,0,1,4,17,2,72,1,0,1,0,2,0,0,83501,1,2,0,1,2,2,2,1,3,4,3,2,0,0,1,8,0,0,9,1,14,4,62,7,9,2,3,G,51,0,0,0,0,0,0,0,0,0,0,240,85,0,0,0,1,3,56,-52,-19,261633,998,-84,50,0,4,3,14,1,3,0,995,9.8,998,998,998,99.8,99.8,99.8,137.336074115051,12,6
23783,12,54,1-12-2021-054-06,6,1,5GAKRAED3CJ2,17,468,1841,7,0,18,24,2012,6,1,5,0,1,F,1,2168,5,0,1,1,18,2,56,1,0,0,995,0,0,0,73401,1,2,0,4,2,1,2,1,1,1,1,2,0,0,1,1,0,0,9,0,1,3,52,4,1,1,2,D,28,0,0,0,0,0,0,0,0,0,0,5,355,0,0,0,1,1,16,-16,3,34600,998,-11,20,0,1,0,0,0,4,0,995,9.8,998,998,998,99.8,99.8,99.8,443.560564482958,9,6
23783,12,54,1-12-2021-054-06,6,2,1GNKVJKD7GJ1,17,467,1853,7,0,20,423,2016,15,3,15,0,1,B,1,2197,5,0,1,1,10,2,56,1,0,0,995,0,0,0,73401,9,9,0,4,2,1,2,1,1,1,1,2,0,0,1,1,0,0,1,0,2,3,53,1,1,1,2,D,29,0,0,0,0,0,0,0,0,0,0,355,5,0,0,0,1,1,16,16,0,9804,998,-40,10,0,1,99,99,0,99,0,995,9.8,998,998,998,99.8,99.8,99.8,443.560564482958,9,6
23784,12,55,1-12-2021-055-06,6,1,2GCEC19T6211,17,467,1850,60,0,20,481,2002,34,5,31,0,1,F,1,1980,5,0,1,1,6,2,64,1,0,0,995,0,0,0,73453,1,2,2,1,4,3,2,1,1,1,1,1,0,0,1,8,1,2,1,0,1,2,17,2,1,1,5,L,88,0,0,0,0,0,0,0,0,0,0,0,260,0,0,0,1,1,15,-14,-5,30735,998,-25,20,0,1,0,0,0,0,0,995,9.8,998,998,998,99.8,99.8,99.8,443.560564482958,9,6
23784,12,55,1-12-2021-055-06,6,2,1G4GB5G34EF1,17,468,1821,13,0,18,22,2014,4,1,4,0,1,L,1,1772,5,0,1,1,6,2,64,1,0,0,995,0,0,0,73401,9,9,2,1,3,2,1,1,1,1,1,1,0,0,1,8,1,2,9,0,1,4,66,2,1,1,5,L,89,0,0,0,0,0,0,0,0,0,0,260,0,0,0,0,1,1,16,-8,14,12268,998,84,11,0,1,9,97,0,0,0,995,9.8,998,998,998,99.8,99.8,99.8,443.560564482958,9,6
23787,19,162,1-19-2021-162-04,4,1,1HGCM66503A0,17,474,1861,13,0,37,32,2003,4,1,3,0,1,L,2,1504,5,9999,9,0,998,2,72,1,0,0,995,0,0,0,35956,1,9,2,4,2,1,2,2,1,2,1,2,0,0,1,2,2,2,1,0,1,2,17,99,1,1,5,L,89,0,0,0,0,0,0,0,0,0,0,100,180,0,0,0,1,3,34,-6,33,90649,998,-45,36,0,4,1,1,0,4,0,995,9.8,998,998,998,99.8,99.8,99.8,515.654258594524,9,6
23787,19,162,1-19-2021-162-04,4,2,1GCRCSE01BZ3,17,467,1850,60,0,20,481,2011,34,5,31,0,1,F,1,2299,5,0,1,1,5,2,105,1,0,0,995,0,0,0,35971,1,9,2,1,2,1,2,2,1,1,1,3,2,3,1,2,0,0,9,0,1,4,66,2,1,1,5,L,88,0,0,0,0,0,0,0,0,0,0,180,100,0,1,0,1,3,23,-21,-8,38330,998,-28,20,0,4,1,2,0,4,0,995,9.8,998,998,998,99.8,99.8,99.8,515.654258594524,9,6
23787,19,162,1-19-2021-162-04,4,3,4V4N39EH1KN2,17,487,1967,66,0,51,881,2019,66,8,68,0,1,R,9,,,,,,,5,105,1,0,0,995,0,0,0,35901,9,9,2,1,2,2,2,2,1,1,4,3,1,3,1,2,0,0,9,0,1,4,61,99,1,1,6,M,98,,,,,,,,,,,,,,,,,,,,,,,,,,,95,95,95,95,,,9.8,998,998,998,99.8,99.8,99.8,515.654258594524,9,6
23787,19,162,1-19-2021-162-04,4,4,5N1DR2BN6LC6,17,478,1911,7,0,35,401,2020,14,3,14,0,1,L,1,1939,5,0,1,1,5,2,105,1,0,0,995,0,0,0,35905,1,2,2,1,2,1,2,2,1,1,1,3,2,3,1,2,0,0,1,0,1,6,90,4,1,1,6,M,98,0,0,0,0,0,0,0,0,0,0,998,998,0,0,0,4,10,999,999,999,9999999,999,-31,9,1,0,1,1,0,0,0,998,9.8,998,998,998,99.8,99.8,99.8,515.654258594524,9,6
23788,19,163,1-19-2021-163-09,9,1,2GTEK1338716,17,472,1857,60,0,23,481,2007,34,5,31,0,1,F,3,2397,5,0,1,1,3,2,72,1,0,0,995,0,0,0,35972,1,9,0,4,2,1,2,2,2,1,1,2,0,0,1,8,0,0,3,1,14,2,12,99,1,4,1,B,6,0,0,0,0,0,0,0,0,0,0,998,998,0,1,1,2,1,59,-59,0,344564,998,-26,59,0,1,9,97,0,8,0,998,0.1,999,999,999,58.1,13.1,58.3,946.783699604099,9,6
23789,19,164,1-19-2021-164-07,7,1,1M2TE1GC7MM0,17,490,20845,11,0,86,883,2021,63,8,60,0,1,B,9,,,,,,,5,40,1,0,0,995,0,0,0,36203,9,9,0,4,2,1,2,1,1,1,0,0,0,0,1,1,0,0,9,0,13,3,50,99,1,1,6,M,98,,,,,,,,,,,,,,,,,,,,,,,,,,,95,95,95,95,,,9.8,998,998,998,99.8,99.8,99.8,874.315282408141,9,6
23789,19,164,1-19-2021-164-07,7,2,1HGCR2F59EA0,17,474,1861,13,0,37,32,2014,4,1,4,0,1,F,1,1496,5,0,1,1,8,2,40,1,0,0,995,0,0,0,35907,1,9,0,4,2,1,2,1,1,4,0,0,0,0,1,1,0,0,9,0,5,3,56,1,1,1,6,M,98,0,0,0,0,0,0,0,0,0,0,95,95,0,0,0,1,5,999,999,999,9999999,999,999,999,1,0,0,0,0,0,0,995,9.8,998,998,998,99.8,99.8,99.8,874.315282408141,9,6
23790,19,165,1-19-2021-165-08,8,1,JNKDA31A84T2,17,480,5813,13,0,58,36,2004,4,1,3,0,1,T,3,1495,5,0,1,1,2,2,56,1,9,1,106,2,9,1,35903,1,9,0,4,2,1,2,1,1,1,0,0,0,0,2,8,0,0,9,1,1,1,8,99,4,4,1,B,7,1,6,2,2,1,4,61,1,1,66,997,997,0,1,0,2,6,999,999,999,9999999,999,999,999,8,0,3,22,1,4,3,997,0.0,2,2,80,14.9,3.6,15.3,159.574091873846,9,6
23791,11,67,1-11-2021-067-09,9,1,JHLRD788X2C0,17,474,1865,7,0,37,402,2002,14,3,14,0,1,F,9,1480,5,9999,9,0,998,3,56,1,0,0,995,0,9,0,23836,9,9,2,1,3,3,2,1,1,2,1,2,0,0,1,1,0,0,3,1,12,2,13,99,1,4,6,M,98,0,0,0,0,0,0,0,0,0,0,998,998,0,0,4,1,0,999,999,999,9999999,999,999,999,9,0,99,99,0,99,0,998,0.0,10,10,999,2.9,0.5,3.0,4055.98123474505,8,6
23792,11,68,1-11-2021-068-07,7,1,5XXGM4A70EG3,17,499,2739,13,0,63,34,2014,4,1,4,0,1,F,1,1484,5,0,1,1,22,3,72,1,0,0,995,0,0,0,23112,9,9,0,4,2,1,1,1,1,9,1,2,0,0,1,1,0,0,1,0,1,3,50,8,1,1,2,D,20,0,0,0,0,0,0,0,0,0,0,30,20,0,0,0,1,3,15,-14,3,10827,998,-7,13,0,4,0,0,0,0,0,995,9.8,998,998,998,99.8,99.8,99.8,3174.69568841244,8,6
23792,11,68,1-11-2021-068-07,7,2,JN8AZ1MW1EW5,17,478,1914,8,0,35,49,2014,6,1,4,0,1,B,1,1891,5,9999,9,0,998,5,72,1,0,0,995,0,0,0,23114,9,9,0,4,2,1,1,1,1,9,1,2,0,0,1,1,0,0,1,0,5,3,53,99,1,1,2,D,21,0,0,0,0,0,0,0,0,0,0,20,30,0,0,0,1,3,12,12,0,12288,998,0,13,0,4,95,95,95,95,0,995,9.8,998,998,998,99.8,99.8,99.8,3174.69568841244,8,6
23794,24,163,1-24-2021-163-05,5,1,5N1AZ2MH6FN2,17,478,1914,8,0,35,49,2015,6,1,4,0,1,F,9,1787,5,9999,9,0,998,5,40,1,0,0,995,0,0,0,07732,9,9,2,4,4,1,2,1,1,1,0,3,0,0,1,1,1,2,9,0,1,2,17,99,1,1,5,L,86,0,0,0,0,0,0,0,0,0,0,260,350,0,0,0,1,0,999,999,999,9999999,999,999,999,9,0,95,95,95,95,0,995,9.8,998,998,998,99.8,99.8,99.8,113.48027684511,1,6
23794,24,163,1-24-2021-163-05,5,2,3TMMU4FN3FM0,17,448,2223,60,0,49,472,2015,34,5,30,0,1,T,1,1941,5,0,1,1,13,2,40,1,0,0,995,0,0,0,08225,1,2,2,4,2,1,2,1,1,1,0,0,0,0,1,1,1,2,1,0,1,4,66,7,1,1,5,L,87,1,2,2,5,7,1,1,2,2,10,997,997,0,0,0,2,6,999,999,999,9999999,999,999,999,6,0,2,5,0,4,1,997,9.8,998,998,998,99.8,99.8,99.8,113.48027684511,1,6
23795,24,164,1-24-2021-164-02,2,1,1C4PJMLBXKD2,17,483,1945,7,0,2,404,2019,14,3,14,0,1,F,2,1797,5,0,1,1,72,2,72,1,0,1,180,2,0,2,07762,1,2,2,2,3,1,2,2,1,1,0,1,0,0,3,2,1,2,9,0,1,3,50,4,1,1,2,D,20,0,0,0,0,0,0,0,0,0,0,335,330,0,0,0,1,1,28,-28,-5,11031,998,-28,12,0,3,1,1,0,4,0,995,9.8,998,998,998,99.8,99.8,99.8,96.2126014946297,1,6
23795,24,164,1-24-2021-164-02,2,2,1N4BL4EVXKC2,17,478,1904,13,0,35,47,2019,4,1,4,0,1,B,2,1545,5,0,1,1,38,2,72,1,0,0,995,0,0,0,08330,2,2,2,2,3,1,2,2,1,1,0,1,0,0,3,2,1,2,1,0,5,3,53,1,1,1,2,D,21,0,0,0,0,0,0,0,0,0,0,330,335,0,0,0,1,1,31,30,5,110886,998,-14,41,0,3,0,0,0,4,0,995,9.8,998,998,998,99.8,99.8,99.8,96.2126014946297,1,6
23796,24,165,1-24-2021-165-03,3,1,3C4NJDCB0JT2,17,483,1946,7,0,2,1,2018,6,1,2,0,1,F,1,1509,5,0,1,1,27,2,80,1,0,0,995,0,0,0,08857,1,2,3,4,2,1,2,1,1,1,1,2,0,0,1,1,0,0,1,0,1,4,62,98,1,2,4,J,69,0,0,0,0,0,0,0,0,0,0,60,200,0,0,0,1,3,14,-14,-5,10191,998,-22,13,0,4,1,1,0,4,0,995,9.8,998,998,998,99.8,99.8,99.8,515.720559819978,1,6
23796,24,165,1-24-2021-165-03,3,2,1C4RJFBG2JC4,17,483,1949,7,0,2,422,2018,15,3,15,0,1,R,1,1788,5,9999,9,0,998,2,80,1,0,0,995,0,0,0,07052,9,9,3,4,2,1,2,1,1,1,1,4,0,0,1,1,0,0,9,0,11,2,15,99,1,1,4,J,68,0,0,0,0,0,0,0,0,0,0,200,60,0,0,0,1,3,13,-6,-11,16475,998,52,14,0,4,0,0,0,0,0,995,9.8,998,998,998,99.8,99.8,99.8,515.720559819978,1,6
23797,48,55,1-48-2021-055-01,1,1,JHMCB7658PC0,17,474,1861,13,0,37,32,1993,4,1,3,0,1,L,3,1253,5,0,1,5,42,2,89,1,0,1,0,3,0,1,84332,1,9,0,4,3,1,2,1,3,4,2,1,0,0,1,1,0,0,9,1,14,2,10,99,3,2,3,I,64,1,2,2,5,7,1,2,2,2,7,45,120,0,0,0,1,3,60,20,56,330806,998,-102,65,0,1,3,17,1,1,1,995,9.8,998,998,998,99.8,99.8,99.8,110.655013049912,12,6
23797,48,55,1-48-2021-055-01,1,2,2FAFP71W7YX1,17,460,1778,13,0,12,16,2000,4,1,5,0,1,F,3,1722,5,0,1,5,42,2,97,1,0,0,995,0,0,0,84331,1,2,0,4,2,1,2,1,2,2,1,2,0,0,1,1,0,0,1,0,14,4,62,8,1,1,3,I,65,0,0,0,0,0,0,0,0,0,0,120,45,0,0,0,1,3,41,-41,0,70096,998,0,31,0,1,3,10,1,3,0,995,9.8,998,998,998,99.8,99.8,99.8,110.655013049912,12,6
23798,13,105,1-13-2021-105-08,8,1,1FMRU17W53LB,17,460,1799,7,0,12,422,2003,15,3,15,0,1,F,1,2579,5,0,1,1,13,2,97,1,8,1,264,2,7,0,76133,1,1,0,2,4,1,1,1,1,9,1,3,0,0,3,1,0,0,9,1,1,2,13,99,1,4,1,A,1,0,0,0,0,0,0,0,0,0,0,998,998,0,0,0,3,1,13,-12,4,17000,998,21,13,0,4,2,6,0,4,0,998,2.5,999,999,999,0.0,0.0,0.0,661.172362950021,7,6
23799,13,106,1-13-2021-106-04,4,1,2HGFB2F54DH5,17,474,1863,13,0,37,31,2013,4,1,3,0,1,L,9,1236,5,0,1,4,35,2,72,1,8,0,995,0,7,0,76114,1,9,3,1,1,1,1,1,1,1,0,0,0,0,1,1,0,0,9,0,11,2,15,99,1,1,4,K,82,0,0,0,0,0,0,0,0,0,0,210,300,0,0,0,1,12,999,999,999,9999999,999,999,999,9,0,2,4,0,3,0,995,9.8,998,998,998,99.8,99.8,99.8,3136.24684690856,7,6
23799,13,106,1-13-2021-106-04,4,2,5XXG64J25NG0,17,499,27527,13,0,63,398,2022,4,1,4,0,1,F,9,1620,8,0,1,4,35,2,64,1,8,0,995,0,7,0,76137,1,9,3,5,3,1,2,1,1,1,1,2,0,0,1,1,0,0,9,0,1,4,72,99,1,1,4,K,83,0,0,0,0,0,0,0,0,0,0,300,210,0,0,0,1,12,999,999,999,9999999,999,999,999,9,0,0,0,0,0,0,995,9.8,998,998,998,99.8,99.8,99.8,3136.24684690856,7,6
23800,13,107,1-13-2021-107-02,2,1,3GNEC16Z93G1,17,467,1851,7,0,20,431,2003,16,3,16,0,1,L,2,2228,5,0,1,5,7,2,89,1,8,0,995,0,7,0,76134,2,9,2,1,1,1,2,6,2,1,1,2,0,0,2,2,2,2,9,0,11,2,15,99,1,1,4,K,82,0,0,0,0,0,0,0,0,0,0,120,270,0,0,0,1,12,999,999,999,9999999,999,999,999,7,0,0,0,0,0,0,995,9.8,998,998,998,99.8,99.8,99.8,42.4046516226284,7,6
23800,13,107,1-13-2021-107-02,2,2,SHHFK7H22JU2,17,474,1863,5,0,37,31,2018,5,1,3,0,1,F,2,1323,5,0,1,5,7,2,89,1,8,0,995,0,7,0,76140,1,9,2,4,4,1,2,6,3,1,1,3,0,0,2,2,0,0,9,0,14,4,67,8,1,1,4,K,83,0,0,0,0,0,0,0,0,0,0,270,120,0,0,0,1,12,999,999,999,9999999,999,999,999,7,0,9,97,0,8,0,995,9.8,998,998,998,99.8,99.8,99.8,42.4046516226284,7,6
23801,13,108,1-13-2021-108-04,4,1,1GKS1CE04BR1,17,472,1859,7,0,23,421,2011,15,3,15,0,1,B,9,2404,5,9999,9,0,998,5,72,1,8,0,995,0,7,0,76182,9,9,0,4,7,3,2,1,1,4,3,2,0,0,1,1,0,0,9,0,1,3,50,7,1,1,2,D,20,0,0,0,0,0,0,0,0,0,0,175,180,0,0,0,2,0,999,999,999,9999999,999,999,999,9,0,95,95,95,95,0,995,9.8,998,998,998,99.8,99.8,99.8,3136.24684655287,7,6