CASEID,PSU,CASENO,CASENUMBER,CATEGORY,VEHNO,VIN,VINLENGTH,VPICMAKE,VPICMODEL,VPICBODYCLASS,ICFINALBODY,MAKE,MODEL,MODELYR,BODYTYPE,BODYCAT,VEHCLASS,SPECUSE,TRANSTAT,DAMPLANE,DAMSEV,CURBWT,CURBSRC,CARGOWT,CARGOSRC,INSPTYPE,INSPLAG,TOWED,SPEEDLIMIT,DRPRESENT,PARALCOHOL,ALCTEST,ALCTESTRESULT,ALCTESTSRC,PARDRUG,DRUGTEST,ZIP,RACE,ETHNICITY,RELTOJUNCT,TRAFFLOW,RDLANES,INITLANE,SURFTYPE,SURFCOND,ALIGNMENT,PROFILE,LINERIGHT,LINELEFT,RUMBINIT,RUMBROAD,LIGHTCOND,WEATHER,TRAFDEV,TRAFFUNCT,DISTRACT,PREFHE,PREMOVE,CRITCAT,CRITEVENT,MANEUVER,PRESTAB,PRELOC,CRASHCAT,CRASHCONF,CRASHTYPE,ROLLTYPE,ROLLTURN,ROLLINTRPT,ROLLPREMAN,ROLLINITYP,ROLLINLOC,ROLLOBJ,ROLLTRIP,ROLLDIR,ROLLDIST,DVANGTHIS,DVANGOTH,TOWHITCH,TRAJDOC,TREEPOLE,DVEVENT,DVBASIS,DVTOTAL,DVLONG,DVLAT,DVENERGY,DVSPEED,DVMOMENT,DVBES,DVEST,DVCONF,VAIS,VISS,VINJURED,VTREAT,INITOBJCLASS,HEADANGLECAT,SHLDRWIDTH,STRKLENGTH,STRKWIDTH,STRKHEIGHT,EDGEDISTX,EDGEDISTY,EDGEDISTZ,CASEWGT,PSUSTRAT,VERSION
23937,13,113,1-13-2021-113-03,3,1,3C6TRVAGXHE5,17,496,13627,95,0,7,463,2017,21,4,21,0,1,R,2,2104,5,0,1,4,40,2,64,1,8,0,995,0,7,0,76015,9,1,2,1,3,3,1,2,1,1,1,2,0,0,3,2,1,2,9,0,11,2,15,99,1,1,4,J,68,0,0,0,0,0,0,0,0,0,0,20,270,0,0,0,1,12,999,999,999,9999999,999,999,999,7,0,99,99,0,0,0,995,9.8,998,998,998,99.8,99.8,99.8,1580.52574510256,7,6
23937,13,113,1-13-2021-113-03,3,2,1HGCV1F19KA0,17,474,1861,13,0,37,32,2019,4,1,4,0,1,F,2,1433,5,0,1,4,40,2,64,1,8,0,995,0,7,0,75052,2,9,2,1,4,2,1,2,1,1,1,1,0,0,3,2,1,2,9,0,1,4,62,99,1,1,4,J,69,0,0,0,0,0,0,0,0,0,0,270,20,0,0,0,1,12,999,999,999,9999999,999,999,999,7,0,99,99,0,0,0,995,9.8,998,998,998,99.8,99.8,99.8,1580.52574510256,7,6
23938,13,114,1-13-2021-114-02,2,1,5TFAZ5CN0MX1,17,448,2223,60,0,49,472,2021,34,5,31,0,1,F,2,1907,8,0,1,1,17,2,56,1,8,0,995,0,7,1,76053,1,2,0,4,4,2,1,1,2,1,3,2,0,0,1,1,0,0,9,1,14,1,8,1,1,4,1,B,7,0,0,0,0,0,0,0,0,0,0,998,998,0,0,1,5,1,33,-33,0,94357,998,54,33,0,4,2,5,0,3,0,998,0.0,11,34,17,5.2,0.7,5.3,69.2839764628711,7,6
23939,13,115,1-13-2021-115-02,2,1,1FTRW07L12KA,17,460,1801,60,0,12,481,2002,34,5,31,0,1,F,1,2107,5,9999,9,0,998,2,56,1,0,0,995,0,0,0,76164,1,9,2,4,4,2,2,1,1,1,1,3,0,0,1,1,1,2,3,0,1,2,17,99,1,1,4,K,77,0,0,0,0,0,0,0,0,0,0,90,120,0,0,0,1,3,15,-14,5,17222,998,86,13,0,4,9,97,0,8,0,995,9.8,998,998,998,99.8,99.8,99.8,69.2839764796069,7,6
23939,13,115,1-13-2021-115-02,2,2,JN1BJ1CV1LW2,17,478,17214,5,0,35,404,2020,14,3,14,0,1,R,1,1479,5,0,1,1,32,2,56,1,8,0,995,0,7,0,83705,1,9,2,1,2,2,1,1,1,1,1,2,0,0,1,1,1,2,9,0,11,4,66,99,1,1,4,K,76,0,0,0,0,0,0,0,0,0,0,120,90,0,0,0,1,3,19,12,-14,31734,998,10,21,0,4,9,97,0,8,0,995,9.8,998,998,998,99.8,99.8,99.8,69.2839764796069,7,6
23939,13,115,1-13-2021-115-02,2,3,1G6AG5RXXE01,17,469,1824,13,0,19,24,2014,4,1,4,0,1,F,9,9999,9,9999,9,0,998,2,56,1,8,0,995,0,7,0,76133,9,1,2,1,1,1,2,1,1,1,3,2,0,0,1,1,1,2,9,0,5,4,67,1,1,1,6,M,98,0,0,0,0,0,0,0,0,0,0,270,175,0,0,0,2,0,999,999,999,9999999,999,999,999,9,0,0,0,0,0,0,995,9.8,998,998,998,99.8,99.8,99.8,69.2839764796069,7,6
23940,13,116,1-13-2021-116-03,3,1,5N1AT2MT9HC7,17,478,1913,8,0,35,51,2017,6,1,3,0,1,F,2,1550,5,0,1,4,38,2,56,1,8,0,995,0,7,0,76133,1,2,2,4,5,3,2,1,3,1,1,2,0,0,1,1,1,2,9,0,11,2,15,99,1,1,4,J,68,0,0,0,0,0,0,0,0,0,0,250,140,0,0,0,1,12,999,999,999,9999999,999,999,999,7,0,1,1,0,4,0,995,9.8,998,998,998,99.8,99.8,99.8,1580.52574529575,7,6
23940,13,116,1-13-2021-116-03,3,2,2GNAXKEV5L61,17,467,1847,7,0,20,404,2020,14,3,14,0,1,L,9,1485,5,9999,9,0,998,2,56,1,8,0,995,0,7,0,76133,1,2,2,4,5,2,2,1,2,1,1,1,0,0,1,1,1,2,9,0,14,4,62,8,1,2,4,J,69,0,0,0,0,0,0,0,0,0,0,140,250,0,0,0,1,0,999,999,999,9999999,999,999,999,9,0,1,1,0,4,0,995,9.8,998,998,998,99.8,99.8,99.8,1580.52574529575,7,6
23942,52,186,1-52-2021-186-09,9,1,3D7KU28C33G8,17,476,1938,60,0,7,482,2003,34,5,31,0,1,F,1,2764,5,9999,9,0,998,5,56,1,0,0,995,0,0,0,59105,9,9,2,4,5,1,2,1,1,1,0,1,0,0,1,1,1,2,9,0,1,2,17,99,1,1,4,K,83,0,0,0,0,0,0,0,0,0,0,100,10,0,0,0,1,3,17,-13,-11,36545,998,-186,13,0,4,95,95,95,95,0,995,9.8,998,998,998,99.8,99.8,99.8,513.931071838061,12,6
23942,52,186,1-52-2021-186-09,9,2,3GNFK16337G2,17,467,1851,7,0,20,422,2007,15,3,15,0,1,L,1,2611,5,0,1,1,8,2,56,1,0,0,995,0,0,0,59106,1,2,2,4,3,2,2,1,1,1,1,2,0,0,1,1,1,2,1,0,11,4,66,2,1,1,4,K,82,0,0,0,0,0,0,0,0,0,0,10,100,0,0,0,1,3,17,-11,13,60227,998,-61,22,0,4,0,0,0,0,0,995,9.8,998,998,998,99.8,99.8,99.8,513.931071838061,12,6
23944,25,104,1-25-2021-104-07,7,1,2T1BURHEXGC7,17,448,2208,13,0,49,32,2016,4,1,3,0,1,F,1,1265,5,0,1,1,3,2,56,1,8,0,995,0,7,0,04102,9,9,2,1,3,3,2,1,1,1,1,2,0,0,1,1,1,2,3,0,1,3,50,4,1,1,2,D,20,0,0,0,0,0,0,0,0,0,0,120,130,0,0,0,1,3,12,-12,-2,8069,998,-35,12,0,4,0,0,0,0,0,995,9.8,998,998,998,99.8,99.8,99.8,2407.25325273023,2,6
23944,25,104,1-25-2021-104-07,7,2,1GKS2DKL6MR1,17,472,1859,7,0,23,421,2021,15,3,15,0,1,B,1,2587,5,9999,9,0,998,5,56,1,8,0,995,0,7,0,04096,9,9,2,1,3,3,2,1,1,1,1,2,0,0,1,1,1,2,1,0,5,3,53,1,1,1,2,D,21,0,0,0,0,0,0,0,0,0,0,130,120,0,0,0,1,3,6,6,0,4430,998,0,7,0,4,95,95,95,95,0,995,9.8,998,998,998,99.8,99.8,99.8,2407.25325273023,2,6
23945,16,100,1-16-2021-100-01,1,1,3FAHP0HAXCR1,17,460,1780,13,0,12,23,2012,4,1,3,0,1,F,3,1340,5,0,1,1,24,2,56,1,9,1,227,3,9,2,45239,2,9,0,4,4,2,2,1,1,1,3,2,0,0,3,8,0,0,9,1,1,2,10,99,2,2,3,I,64,1,2,2,6,1,3,61,1,1,4,998,998,0,0,2,3,10,999,999,999,9999999,999,-80,41,4,0,6,75,1,1,3,998,0.8,2,2,72,6.9,4.7,8.4,53.3170255324432,5,6
23945,16,100,1-16-2021-100-01,1,2,3N1BC13E49L3,17,478,1894,5,0,35,50,2009,5,1,2,0,1,L,1,1235,5,0,1,1,38,2,56,1,0,0,995,0,0,0,45224,9,9,0,4,4,1,2,1,1,1,0,3,0,0,3,8,0,0,1,0,1,4,60,99,1,1,3,I,65,0,0,0,0,0,0,0,0,0,0,180,350,0,0,0,1,3,9,-8,4,9321,998,-149,9,0,4,0,0,0,0,0,995,9.8,998,998,998,99.8,99.8,99.8,53.3170255324432,5,6
23946,16,101,1-16-2021-101-02,2,1,3N1AB7AP8KY2,17,478,1907,13,0,35,43,2019,4,1,3,0,1,R,1,1315,5,0,1,1,43,2,40,1,0,0,995,0,0,0,45206,2,9,3,4,2,1,1,1,1,1,0,0,0,0,1,1,0,0,9,0,11,2,15,1,1,1,4,K,76,0,0,0,0,0,0,0,0,0,0,170,80,0,0,0,1,1,22,-8,-21,19405,998,30,19,0,1,1,1,0,8,0,995,9.8,998,998,998,99.8,99.8,99.8,26.7687433647076,5,6
23946,16,101,1-16-2021-101-02,2,2,1LNHL9DR1CG8,17,464,1794,13,0,13,15,2012,4,1,4,0,1,F,1,1872,5,0,1,1,51,2,40,1,0,0,995,0,0,0,45207,9,9,3,4,2,1,2,1,1,1,0,0,0,0,1,1,0,0,1,0,1,4,70,8,1,1,4,K,77,0,0,0,0,0,0,0,0,0,0,80,170,0,0,0,1,1,16,-15,5,29069,998,46,19,0,1,9,97,0,8,0,995,9.8,998,998,998,99.8,99.8,99.8,26.7687433647076,5,6
23948,32,124,1-32-2021-124-10,10,1,JA4APVAU4MU0,17,481,13867,7,0,52,404,2021,14,3,14,0,1,B,9,1545,5,9999,9,0,998,5,80,1,0,0,995,0,0,0,75232,9,9,0,1,3,3,1,1,3,1,3,2,0,0,1,8,0,0,9,0,2,3,53,1,1,1,2,D,29,0,0,0,0,0,0,0,0,0,0,310,310,0,0,0,1,0,999,999,999,9999999,999,999,999,9,0,95,95,95,95,0,995,9.8,998,998,998,99.8,99.8,99.8,20346.058771798,7,6
23948,32,124,1-32-2021-124-10,10,2,JNKBV61E27M7,17,480,2305,13,0,58,37,2007,4,1,4,0,1,F,2,1680,5,0,1,1,7,2,80,1,0,0,995,0,0,0,75232,2,9,0,1,3,3,1,1,3,1,3,2,0,0,1,8,0,0,9,0,14,3,52,1,1,1,2,D,28,0,0,0,0,0,0,0,0,0,0,310,310,0,0,0,1,9,999,999,999,9999999,999,999,999,7,0,0,0,0,0,0,995,9.8,998,998,998,99.8,99.8,99.8,20346.058771798,7,6
23949,59,67,1-59-2021-067-08,8,1,1GCEK19T71E1,17,467,1850,60,0,20,481,2001,34,5,31,0,1,F,1,2151,5,0,1,1,6,2,48,1,0,1,0,2,0,2,47802,1,2,0,4,2,1,2,1,1,1,0,0,0,0,3,1,0,0,1,1,1,1,3,1,9,4,1,A,2,1,1,2,5,1,1,61,1,2,3,998,998,0,0,4,1,10,999,999,999,9999999,999,63,17,2,0,1,2,0,4,3,998,0.0,24,24,999,6.2,0.7,6.3,308.68764780508,6,6
23950,14,83,1-14-2021-083-04,4,1,5TFAZ5CN6KX0,17,448,2223,60,0,49,472,2019,34,5,31,0,1,F,2,1907,8,0,1,1,30,2,89,1,0,0,995,0,0,0,78130,1,9,2,4,2,1,2,1,1,1,0,0,0,0,3,1,2,2,9,0,11,2,15,99,1,1,4,K,82,0,0,0,0,0,0,0,0,0,0,270,45,0,0,0,1,3,32,-25,21,97697,998,180,25,0,4,0,0,0,0,0,995,9.8,998,998,998,99.8,99.8,99.8,5526.96938334107,8,6
23950,14,83,1-14-2021-083-04,4,2,1FMPU15555LB,17,460,1799,7,0,12,422,2005,15,3,15,0,1,F,2,2428,8,9999,9,4,57,2,89,1,0,0,995,0,0,0,78130,1,9,2,5,4,2,2,1,1,1,1,2,0,0,3,1,0,0,9,0,1,4,67,99,1,1,4,K,83,0,0,0,0,0,0,0,0,0,0,45,270,0,0,0,1,3,26,-25,-4,139687,998,-42,37,0,4,9,97,0,0,0,995,9.8,998,998,998,99.8,99.8,99.8,5526.96938334107,8,6
23952,32,123,1-32-2021-123-08,8,1,1GNEC13VX4J3,17,467,1852,7,0,20,421,2004,15,3,15,0,1,F,1,2244,5,0,1,1,5,2,72,1,0,0,995,0,0,0,76011,2,2,1,3,5,4,1,1,1,1,3,1,0,0,3,1,0,0,3,1,1,2,12,1,9,4,1,B,6,0,0,0,0,0,0,0,0,0,0,998,998,0,0,0,1,1,16,-15,-5,23270,998,-10,16,0,1,1,1,0,4,0,998,0.0,114,54,66,1.9,1.4,2.3,1364.37946456393,7,6
23953,28,88,1-28-2021-088-07,7,1,KNMAT2MV6FP5,17,478,1913,8,0,35,51,2015,6,1,3,0,1,F,1,1610,5,0,1,1,9,2,89,1,0,0,995,0,0,0,16947,1,2,0,4,2,1,2,1,2,1,1,2,3,3,1,1,0,0,9,0,14,6,87,4,1,1,1,C,13,0,0,0,0,0,0,0,0,0,0,998,998,0,0,0,1,10,999,999,999,9999999,999,70,10,2,0,0,0,0,0,0,998,1.5,120,120,-55,18.6,0.4,18.7,458.232403369434,3,6
23954,28,89,1-28-2021-089-07,7,1,1J4GL48K24W1,17,483,1944,7,0,2,405,2004,14,3,14,0,1,F,1,1735,5,0,1,1,34,2,89,1,0,0,995,0,0,0,16927,9,9,0,4,2,1,2,1,3,1,1,2,1,0,1,1,0,0,1,0,14,6,87,2,1,1,1,C,13,0,0,0,0,0,0,0,0,0,0,998,998,0,0,0,1,10,999,999,999,9999999,999,46,12,2,0,0,0,0,0,0,998,9.8,998,998,998,99.8,99.8,99.8,458.232403369434,3,6
23955,27,93,1-27-2021-093-03,3,1,4S4BTGKD9L31,17,523,2233,7,0,48,45,2020,6,1,3,0,1,B,1,1780,5,0,1,1,6,2,80,1,0,0,995,0,0,0,01257,1,2,2,4,2,1,2,2,1,1,1,2,0,0,1,8,1,2,1,0,5,3,53,1,1,1,2,D,21,0,0,0,0,0,0,0,0,0,0,35,35,0,0,0,1,1,11,11,0,6157,998,-21,9,0,4,1,2,0,4,0,995,9.8,998,998,998,99.8,99.8,99.8,52.8426591950268,3,6
23955,27,93,1-27-2021-093-03,3,2,KM8J3CA25GU1,17,498,2058,7,0,55,402,2016,14,3,14,0,1,F,1,1634,5,0,2,1,6,2,80,1,0,0,995,0,0,0,01230,1,2,2,4,2,1,2,2,1,1,1,2,0,0,1,8,1,2,9,0,1,3,50,2,1,1,2,D,20,0,0,0,0,0,0,0,0,0,0,35,35,0,0,0,1,1,12,-12,0,13508,998,-23,14,0,4,1,2,0,4,0,995,9.8,998,998,998,99.8,99.8,99.8,52.8426591950268,3,6
23956,27,94,1-27-2021-094-04,4,1,2HGFC2F74HH5,17,474,1863,13,0,37,31,2017,4,1,3,0,1,R,1,1244,5,0,1,1,25,2,48,1,0,0,995,0,0,9,01201,9,9,2,1,2,2,2,1,1,1,1,2,0,0,3,1,1,2,9,0,1,2,17,1,1,1,5,L,87,0,0,0,0,0,0,0,0,0,0,295,205,0,0,0,1,1,21,-7,-19,9756,998,29,14,0,4,0,0,0,0,0,995,9.8,998,998,998,99.8,99.8,99.8,172.192301957825,3,6
23956,27,94,1-27-2021-094-04,4,2,KMHCN46C86U0,17,498,2773,13,0,55,36,2006,4,1,1,0,1,F,1,1166,5,0,1,1,6,2,48,1,0,0,995,0,0,0,01201,9,9,2,4,2,1,2,1,1,2,1,2,0,0,3,1,1,2,1,0,1,4,66,99,1,1,5,L,86,0,0,0,0,0,0,0,0,0,0,205,295,0,0,0,1,1,22,-20,7,40549,998,64,26,0,4,3,10,1,4,0,995,9.8,998,998,998,99.8,99.8,99.8,172.192301957825,3,6
23958,18,96,1-18-2021-096-03,3,1,JF2SKACC5KH4,17,523,2234,7,0,48,401,2019,14,3,14,0,1,R,9,1569,5,0,1,1,10,2,40,1,1,8,997,8,1,3,54703,1,9,2,4,2,1,2,1,1,1,0,0,0,0,3,1,0,0,9,1,11,2,13,99,4,4,1,A,2,0,0,0,0,0,0,0,0,0,0,998,998,0,0,0,1,12,999,999,999,9999999,999,999,999,9,0,99,99,0,99,0,998,0.0,999,999,999,0.0,0.0,0.0,195.031170419412,6,6
23960,29,94,1-29-2021-094-04,4,1,3N1AB7AP3JY2,17,478,1907,13,0,35,43,2018,4,1,3,0,1,F,2,1300,5,0,1,1,8,2,56,1,0,0,995,0,0,0,02842,9,9,2,4,4,2,2,1,2,1,1,2,0,0,1,1,1,2,1,0,2,3,53,1,1,1,2,D,29,0,0,0,0,0,0,0,0,0,0,40,40,0,0,0,2,3,30,-30,0,44192,998,-26,28,0,4,0,0,0,0,0,995,9.8,998,998,998,99.8,99.8,99.8,69.552868778194,2,6
23960,29,94,1-29-2021-094-04,4,2,1FMEU74868UA,17,460,1800,7,0,12,401,2008,14,3,14,0,1,B,1,2100,5,9999,9,0,998,5,56,1,0,0,995,0,0,0,06371,9,9,2,4,4,2,2,1,2,1,1,2,0,0,1,1,1,2,1,0,5,3,53,99,1,1,6,M,98,0,0,0,0,0,0,0,0,0,0,40,40,0,0,0,2,3,19,19,0,33401,998,0,20,0,4,95,95,95,95,0,995,9.8,998,998,998,99.8,99.8,99.8,69.552868778194,2,6
23960,29,94,1-29-2021-094-04,4,3,999999999999,99,99999,99999,999,0,99,399,9999,9,1,9,99,1,F,9,9999,9,9999,9,0,998,8,56,1,8,9,998,8,7,9,99999,9,9,2,4,4,2,2,1,2,1,3,2,0,0,1,1,1,2,9,0,14,3,52,99,1,1,2,D,28,0,0,0,0,0,0,0,0,0,0,40,40,0,0,0,1,0,999,999,999,9999999,999,999,999,9,0,95,95,95,95,0,995,9.8,998,998,998,99.8,99.8,99.8,69.552868778194,2,6
23962,33,26,1-33-2021-026-04,4,1,JM3KFADM0J03,17,473,2369,7,0,41,403,2018,14,3,14,0,1,F,2,1602,5,0,1,1,28,2,40,1,1,8,997,8,0,0,95926,1,9,0,4,2,1,2,2,1,1,1,0,0,0,3,8,0,0,9,1,1,2,13,2,1,4,1,A,1,0,0,0,0,0,0,0,0,0,0,998,998,0,0,0,2,12,999,999,999,9999999,999,999,999,7,0,0,0,0,0,0,998,3.1,5,7,101,17.1,0.1,17.1,941.708857909875,12,6
23963,33,27,1-33-2021-027-05,5,1,5J6TF3H3XCL0,17,474,9173,8,0,37,405,2012,14,3,14,0,1,F,3,1755,5,9999,9,4,9,2,105,1,1,8,997,8,0,0,95973,1,9,2,1,3,2,2,1,1,1,1,3,0,0,3,1,1,2,9,0,1,3,50,99,1,1,2,D,20,0,0,0,0,0,0,0,0,0,0,110,110,0,0,0,1,3,88,-88,0,623657,998,0,93,0,4,2,5,0,4,0,995,9.8,998,998,998,99.8,99.8,99.8,32.2020250889773,12,6
23963,33,27,1-33-2021-027-05,5,2,5XYZU3LB7EG1,17,498,2057,7,0,55,401,2014,14,3,14,0,1,B,3,1690,5,0,1,1,25,2,105,1,0,1,0,2,0,2,95965,1,9,2,1,3,2,2,1,1,1,1,3,0,0,3,1,1,2,1,0,5,3,53,1,1,1,2,D,21,0,0,0,0,0,0,0,0,0,0,110,110,0,1,0,1,3,93,93,0,537430,998,6,88,0,4,2,5,0,3,0,995,9.8,998,998,998,99.8,99.8,99.8,32.2020250889773,12,6
23963,33,27,1-33-2021-027-05,5,3,2G1WG5E39D11,17,467,1833,13,0,20,2,2013,4,1,4,0,1,F,1,1613,5,9999,9,4,9,2,105,1,0,0,995,0,0,0,95973,2,9,2,1,3,2,2,1,1,1,3,1,0,2,3,1,1,2,1,0,1,4,62,2,9,1,6,M,98,0,0,0,0,0,0,0,0,0,0,290,65,0,0,0,2,12,999,999,999,9999999,999,999,999,6,0,0,0,0,0,0,995,9.8,998,998,998,99.8,99.8,99.8,32.2020250889773,12,6
23963,33,27,1-33-2021-027-05,5,4,JTDKN3DU0C55,17,448,2209,5,0,49,46,2012,5,1,4,0,1,L,9,1485,5,9999,9,0,998,5,105,1,0,0,995,0,0,0,95973,9,9,2,1,3,1,2,1,1,1,1,3,2,2,3,1,1,2,1,0,1,4,60,99,1,1,6,M,98,0,0,0,0,0,0,0,0,0,0,290,315,0,0,0,3,0,999,999,999,9999999,999,999,999,9,0,95,95,95,95,0,995,9.8,998,998,998,99.8,99.8,99.8,32.2020250889773,12,6
23964,21,153,1-21-2021-153-04,4,1,999999999999,99,99999,99999,999,0,99,399,9999,9,1,5,99,1,L,9,9999,9,9999,9,0,998,5,105,1,9,0,995,0,9,0,99999,9,9,0,2,4,3,1,1,2,1,3,3,0,0,2,1,0,0,9,1,15,2,10,1,1,2,2,F,47,0,0,0,0,0,0,0,0,0,0,85,90,0,0,0,1,0,999,999,999,9999999,999,999,999,9,0,95,95,95,95,0,995,9.8,998,998,998,99.8,99.8,99.8,570.656297265116,11,6
23964,21,153,1-21-2021-153-04,4,2,3N1AB8CV6MY2,17,478,1907,13,0,35,43,2021,4,1,3,0,1,L,1,1385,5,9999,9,4,33,2,105,1,0,0,995,0,0,0,92532,9,9,0,2,4,4,1,1,2,1,3,2,0,0,2,1,0,0,1,0,14,4,61,1,1,1,2,F,45,0,0,0,0,0,0,0,0,0,0,998,998,0,0,0,2,8,999,999,999,9999999,999,999,999,6,0,0,0,0,0,0,998,1.7,999,999,999,0.0,0.0,0.0,570.656297265116,11,6
23965,21,154,1-21-2021-154-03,3,1,KNDJN2A22H78,17,499,2460,7,0,63,37,2017,6,1,2,0,1,F,1,1492,5,0,1,1,26,2,64,1,9,0,995,0,9,0,99999,9,9,2,4,3,1,2,1,1,1,0,1,0,0,3,1,1,2,9,0,1,2,17,1,1,1,5,L,88,0,0,0,0,0,0,0,0,0,0,260,170,0,0,0,1,5,999,999,999,9999999,999,999,19,2,0,99,99,0,99,0,995,9.8,998,998,998,99.8,99.8,99.8,151.856115071143,11,6
23965,21,154,1-21-2021-154-03,3,2,1M1AW01X9HM0,17,490,2029,66,0,86,881,2017,66,8,68,0,1,L,9,,,,,,,5,64,1,0,0,995,0,0,0,92376,9,9,2,4,5,1,2,1,1,1,0,1,0,0,3,1,1,2,1,0,1,4,66,1,1,1,5,L,89,,,,,,,,,,,,,,,,,,,,,,,,,,,95,95,95,95,,,9.8,998,998,998,99.8,99.8,99.8,151.856115071143,11,6
23966,21,155,1-21-2021-155-03,3,1,2T3W1RFV4KW0,17,448,2217,7,0,49,402,2019,14,3,14,0,1,F,2,1533,8,0,1,5,22,2,113,1,0,1,0,2,0,2,86426,1,9,0,2,3,3,1,1,3,9,3,2,1,3,1,1,0,0,3,1,14,3,51,99,1,2,2,D,24,0,0,0,0,0,0,0,0,0,0,998,998,0,0,0,2,12,999,999,999,9999999,999,999,999,7,0,1,2,0,4,0,998,4.4,999,999,999,0.0,0.0,0.0,151.856115076156,11,6
23966,21,155,1-21-2021-155-03,3,2,1XKYD49X8JJ1,17,532,2733,66,0,85,881,2018,66,8,68,0,1,B,9,,,,,,,5,89,1,0,0,995,0,0,0,92509,9,9,0,2,3,1,1,1,3,9,1,3,2,3,1,1,0,0,1,0,14,3,53,1,1,1,2,D,25,,,,,,,,,,,,,,,,,,,,,,,,,,,95,95,95,95,,,9.8,998,998,998,99.8,99.8,99.8,151.856115076156,11,6
23967,21,156,1-21-2021-156-03,3,1,3TMGZ5AN1LM3,17,448,2223,60,0,49,472,2020,34,5,30,0,1,T,2,2032,8,0,2,4,19,2,89,1,0,0,995,0,0,0,92311,1,1,0,4,2,1,2,1,3,3,1,2,0,0,2,1,6,2,9,1,14,2,12,1,4,4,1,B,7,1,6,2,2,1,3,61,1,1,20,997,997,0,1,0,2,6,999,999,999,9999999,999,999,999,7,0,0,0,0,0,3,997,3.1,120,120,120,0.0,0.0,0.0,151.856115076156,11,6
23969,20,151,1-20-2021-151-07,7,1,1NXBR32E36Z6,17,448,2208,13,0,49,32,2006,4,1,2,0,1,F,1,1135,5,9999,9,0,998,5,89,1,0,0,995,0,0,0,93933,9,9,0,1,2,2,2,1,1,1,3,2,2,2,1,1,6,2,9,0,1,3,51,99,1,1,2,D,24,0,0,0,0,0,0,0,0,0,0,235,235,0,0,0,1,3,13,-13,0,7320,998,0,13,0,4,95,95,95,95,0,995,9.8,998,998,998,99.8,99.8,99.8,1178.3858247967,11,6
23969,20,151,1-20-2021-151-07,7,2,JTLZE4FE1DJ0,17,448,2210,7,0,67,31,2013,6,1,2,0,1,B,1,1373,5,0,1,1,16,7,89,1,0,0,995,0,0,0,93943,3,2,0,1,2,2,2,1,1,1,3,2,2,2,1,1,6,2,1,0,1,3,53,1,1,1,2,D,25,0,0,0,0,0,0,0,0,0,0,235,235,0,0,0,1,3,10,10,0,6194,998,39,10,0,4,0,0,0,0,0,995,9.8,998,998,998,99.8,99.8,99.8,1178.3858247967,11,6
23970,20,152,1-20-2021-152-04,4,1,2T3W1RFV3MC1,17,448,2217,7,0,49,402,2021,14,3,14,0,1,F,2,1533,8,0,1,1,6,2,113,1,0,0,995,0,0,0,92251,9,1,0,2,2,1,1,1,3,2,1,3,2,3,2,1,0,0,1,0,14,6,87,3,1,1,1,C,13,0,0,0,0,0,0,0,0,0,0,998,998,0,0,0,1,10,999,999,999,9999999,999,32,28,3,0,0,0,0,0,0,998,9.8,998,998,998,99.8,99.8,99.8,621.988064512822,11,6
23973,25,103,1-25-2021-103-06,6,1,2T1BURHEXFC2,17,448,2208,13,0,49,32,2015,4,1,3,0,1,L,1,1265,5,0,1,1,31,2,56,1,0,0,995,0,7,0,04074,9,9,2,4,2,1,2,1,1,1,1,2,0,0,1,1,2,2,1,0,11,2,15,2,1,1,4,K,82,0,0,0,0,0,0,0,0,0,0,80,200,0,0,0,1,1,16,-10,12,14187,998,-180,10,0,1,1,1,0,4,0,995,9.8,998,998,998,99.8,99.8,99.8,867.504263667945,2,6
23973,25,103,1-25-2021-103-06,6,2,1GTV2TEH5FZ3,17,472,1857,60,0,23,481,2015,34,5,30,0,1,F,1,2366,5,0,1,1,9,2,56,1,0,0,995,0,7,0,04092,9,9,2,1,2,1,2,1,3,1,1,2,0,0,1,1,0,0,1,0,14,4,67,2,1,1,4,K,83,0,0,0,0,0,0,0,0,0,0,200,80,0,0,0,1,1,8,-8,-1,27945,998,-59,16,0,1,99,99,0,99,0,995,9.8,998,998,998,99.8,99.8,99.8,867.504263667945,2,6
23974,30,108,1-30-2021-108-10,10,1,5TBRN34113S3,17,448,2467,60,0,49,482,2003,34,5,31,0,1,F,9,2060,5,9999,9,0,998,2,105,1,0,0,995,0,0,0,85137,9,9,1,2,6,5,2,1,1,1,3,1,0,0,1,1,0,0,1,0,1,3,50,2,1,1,2,D,20,0,0,0,0,0,0,0,0,0,0,90,90,0,0,0,1,0,999,999,999,9999999,999,999,999,9,0,0,0,0,0,0,995,9.8,998,998,998,99.8,99.8,99.8,15042.3994738422,10,6
23974,30,108,1-30-2021-108-10,10,2,1C6RR7KM6GS1,17,496,13620,60,0,7,482,2016,34,5,31,0,1,B,9,2245,5,9999,9,0,998,5,105,1,0,0,995,0,0,0,85304,9,9,1,2,6,5,2,1,1,1,3,1,0,0,1,1,0,0,1,0,5,3,53,1,1,1,2,D,21,0,0,0,0,0,0,0,0,0,0,90,90,0,0,0,1,0,999,999,999,9999999,999,999,999,9,0,95,95,95,95,0,995,9.8,998,998,998,99.8,99.8,99.8,15042.3994738422,10,6