CASEID,PSU,CASENO,CASENUMBER,CATEGORY,VEHNO,VIN,VINLENGTH,VPICMAKE,VPICMODEL,VPICBODYCLASS,ICFINALBODY,MAKE,MODEL,MODELYR,BODYTYPE,BODYCAT,VEHCLASS,SPECUSE,TRANSTAT,DAMPLANE,DAMSEV,CURBWT,CURBSRC,CARGOWT,CARGOSRC,INSPTYPE,INSPLAG,TOWED,SPEEDLIMIT,DRPRESENT,PARALCOHOL,ALCTEST,ALCTESTRESULT,ALCTESTSRC,PARDRUG,DRUGTEST,ZIP,RACE,ETHNICITY,RELTOJUNCT,TRAFFLOW,RDLANES,INITLANE,SURFTYPE,SURFCOND,ALIGNMENT,PROFILE,LINERIGHT,LINELEFT,RUMBINIT,RUMBROAD,LIGHTCOND,WEATHER,TRAFDEV,TRAFFUNCT,DISTRACT,PREFHE,PREMOVE,CRITCAT,CRITEVENT,MANEUVER,PRESTAB,PRELOC,CRASHCAT,CRASHCONF,CRASHTYPE,ROLLTYPE,ROLLTURN,ROLLINTRPT,ROLLPREMAN,ROLLINITYP,ROLLINLOC,ROLLOBJ,ROLLTRIP,ROLLDIR,ROLLDIST,DVANGTHIS,DVANGOTH,TOWHITCH,TRAJDOC,TREEPOLE,DVEVENT,DVBASIS,DVTOTAL,DVLONG,DVLAT,DVENERGY,DVSPEED,DVMOMENT,DVBES,DVEST,DVCONF,VAIS,VISS,VINJURED,VTREAT,INITOBJCLASS,HEADANGLECAT,SHLDRWIDTH,STRKLENGTH,STRKWIDTH,STRKHEIGHT,EDGEDISTX,EDGEDISTY,EDGEDISTZ,CASEWGT,PSUSTRAT,VERSION
23975,30,109,1-30-2021-109-02,2,1,JM1NDAM70H01,17,473,2072,1,0,41,45,2017,1,1,1,0,1,F,3,1058,5,9999,9,4,42,2,121,1,0,1,0,3,0,1,20854,9,9,0,1,2,99,2,1,1,4,3,2,9,9,3,1,0,0,9,1,1,2,12,99,9,4,3,I,64,0,0,0,0,0,0,0,0,0,0,320,185,0,0,0,1,5,999,999,999,9999999,999,999,999,8,0,5,45,1,1,0,995,9.8,998,998,998,99.8,99.8,99.8,50.9254091797771,10,6
23975,30,109,1-30-2021-109-02,2,2,3C63R3GL8GG3,17,496,13622,60,0,7,880,2016,67,8,60,0,1,L,9,,,,,,,2,121,1,0,0,995,0,0,0,85730,9,9,0,1,2,2,2,1,1,4,3,2,1,3,3,1,0,0,1,0,1,4,62,8,1,1,3,I,65,,,,,,,,,,,,,,,,,,,,,,,,,,,95,95,95,95,,,9.8,998,998,998,99.8,99.8,99.8,50.9254091797771,10,6
23975,30,109,1-30-2021-109-02,2,3,3GNAXHEV1JL1,17,467,1847,7,0,20,404,2018,14,3,14,0,1,F,3,1508,5,0,1,1,51,2,121,1,0,0,995,0,0,0,85122,1,2,0,1,2,2,2,1,1,4,3,2,1,3,3,1,0,0,1,0,1,4,62,2,1,1,6,M,98,0,0,0,0,0,0,0,0,0,0,185,60,0,0,0,2,3,41,-41,0,76938,998,40,32,0,4,2,5,0,5,0,995,9.8,998,998,998,99.8,99.8,99.8,50.9254091797771,10,6
23976,76,78,1-76-2021-078-04,4,1,999999999999,99,467,1847,7,0,20,404,2019,14,3,14,0,1,L,1,9999,9,9999,9,4,65,2,89,1,8,9,998,8,7,9,13753,9,9,0,4,2,1,2,2,2,1,1,2,0,0,2,2,0,0,9,1,14,6,88,7,2,4,1,B,7,1,1,2,6,5,4,31,1,2,5,997,997,0,0,0,1,6,999,999,999,9999999,999,999,999,6,0,0,0,0,0,2,997,9.8,998,998,998,99.8,99.8,99.8,17.2757568540296,3,6
23978,26,166,1-26-2021-166-07,7,1,2GCEC19H4N11,17,467,10978,60,0,20,481,1992,34,5,31,0,1,F,1,2082,5,9999,9,0,998,2,89,1,0,0,995,0,0,0,95833,1,9,0,2,5,5,2,1,1,2,3,2,0,0,1,1,6,2,3,0,1,3,52,8,1,1,2,D,28,0,0,0,0,0,0,0,0,0,0,300,295,0,0,0,1,3,10,-10,-2,11201,998,-47,11,0,4,0,0,0,0,0,995,9.8,998,998,998,99.8,99.8,99.8,5562.63899331572,10,6
23978,26,166,1-26-2021-166-07,7,2,5N1AZ2MH8FN2,17,478,1914,8,0,35,49,2015,6,1,4,0,1,B,1,1787,5,0,1,1,28,2,89,1,0,0,995,0,0,0,95824,9,1,0,2,5,5,2,1,1,2,3,2,0,0,1,1,0,0,1,0,2,3,53,1,1,1,2,D,29,0,0,0,0,0,0,0,0,0,0,295,300,0,0,0,1,3,11,11,2,9580,998,-91,10,0,4,0,0,0,0,0,995,4.5,999,999,999,99.9,4.5,99.9,5562.63899331572,10,6
23980,31,87,1-31-2021-087-07,7,1,1FTFW1EF4CFB,17,460,1801,60,0,12,481,2012,34,5,31,0,1,F,2,2522,5,9999,9,1,5,2,89,1,0,0,995,0,0,0,62821,9,9,2,4,2,1,2,1,1,1,1,2,0,0,2,1,0,0,9,1,1,1,6,4,1,4,4,J,74,0,0,0,0,0,0,0,0,0,0,230,240,0,0,0,1,8,999,999,999,9999999,999,999,999,7,0,0,0,0,0,0,995,9.8,998,998,998,99.8,99.8,99.8,242.440585619395,6,6
23980,31,87,1-31-2021-087-07,7,2,2T1BURHE5EC1,17,448,2208,13,0,49,32,2014,4,1,3,0,1,R,2,1290,5,0,1,1,5,2,89,1,0,0,995,0,0,0,62869,9,9,2,4,2,1,2,1,1,1,1,2,0,0,2,1,0,0,9,0,10,4,64,1,1,1,4,J,74,0,0,0,0,0,0,0,0,0,0,240,230,0,0,0,1,8,999,999,999,9999999,999,999,999,7,0,0,0,0,0,0,995,9.8,998,998,998,99.8,99.8,99.8,242.440585619395,6,6
23981,31,88,1-31-2021-088-10,10,1,1D7HW48N56S6,17,476,1941,60,0,7,472,2006,34,5,31,0,1,F,9,2041,5,9999,9,0,998,2,89,1,0,0,995,0,0,0,62867,9,9,0,4,2,1,2,1,1,1,1,2,0,0,2,1,0,0,9,1,1,2,13,99,1,4,1,A,1,0,0,0,0,0,0,0,0,0,0,998,998,0,0,0,1,0,999,999,999,9999999,999,999,999,9,0,0,0,0,0,0,998,0.6,27,47,89,6.7,0.7,6.7,255.507439927165,6,6
23987,26,168,1-26-2021-168-04,4,1,JHMGD38457S0,17,474,2127,5,0,37,39,2007,5,1,1,0,1,R,9,1141,5,9999,9,0,998,2,64,1,0,0,995,0,0,0,94806,9,1,3,4,2,1,2,1,1,1,0,0,0,0,1,1,0,0,2,0,11,2,15,99,1,1,4,K,76,0,0,0,0,0,0,0,0,0,0,30,350,0,0,0,1,0,999,999,999,9999999,999,999,999,9,0,0,0,0,0,0,995,9.8,998,998,998,99.8,99.8,99.8,3445.3978003898,10,6
23987,26,168,1-26-2021-168-04,4,2,SAJBE4BN2HCY,17,442,2285,13,0,39,37,2017,4,1,5,0,1,F,9,1763,5,9999,9,0,998,2,64,1,0,0,995,0,0,0,95834,9,9,3,5,5,2,2,1,1,1,3,2,0,0,1,1,0,0,1,0,1,4,70,99,1,1,4,K,77,0,0,0,0,0,0,0,0,0,0,350,30,0,0,0,1,0,999,999,999,9999999,999,999,999,9,0,0,0,0,0,0,995,9.8,998,998,998,99.8,99.8,99.8,3445.3978003898,10,6
23988,29,96,1-29-2021-096-04,4,1,1FM5K8HT3HGA,17,460,1800,7,0,12,401,2017,14,3,14,0,1,F,1,2146,5,0,1,1,13,2,105,1,0,0,995,0,0,0,02184,1,2,0,2,2,1,2,1,1,9,1,3,2,2,2,1,0,0,1,0,1,6,87,3,1,1,1,C,13,0,0,0,0,0,0,0,0,0,0,998,998,0,0,0,1,10,999,999,999,9999999,999,22,15,2,0,0,0,0,0,0,998,9.8,998,998,998,99.8,99.8,99.8,68.7909605183415,2,6
23989,14,85,1-14-2021-085-05,5,1,1FTFX1CF0EKE,17,460,1801,60,0,12,481,2014,34,5,31,0,1,F,9,2360,5,9999,9,0,998,2,48,1,0,0,995,0,0,0,78130,1,9,3,4,2,1,2,1,1,1,1,2,0,0,1,1,0,0,9,0,1,3,52,99,1,1,2,D,28,0,0,0,0,0,0,0,0,0,0,220,240,0,0,0,1,0,999,999,999,9999999,999,999,999,9,0,99,99,0,0,0,995,9.8,998,998,998,99.8,99.8,99.8,252.290284723637,8,6
23989,14,85,1-14-2021-085-05,5,2,1FAFP36NX5W2,17,460,1779,15,0,12,37,2005,6,1,2,0,1,L,1,1235,5,0,1,1,42,2,48,1,0,1,0,2,0,1,78108,1,2,3,4,2,1,2,1,1,1,1,2,0,0,1,1,0,0,9,0,10,3,53,99,1,1,2,D,31,0,0,0,0,0,0,0,0,0,0,998,998,0,0,1,2,1,6,-2,5,4186,998,-174,6,0,4,0,0,0,3,0,998,0.2,40,40,120,6.5,2.3,6.9,252.290284723637,8,6
23991,76,79,1-76-2021-079-10,10,1,1J4FA29144P7,17,483,1943,7,0,2,403,2004,14,3,14,0,1,F,1,1467,5,0,1,1,44,2,89,1,8,9,998,8,7,9,13856,9,9,0,4,2,1,2,1,2,4,0,0,0,0,5,1,0,0,9,1,14,1,6,99,2,4,1,A,2,0,0,0,0,0,0,0,0,0,0,998,998,0,1,1,1,1,14,-14,0,12532,998,12,14,0,1,0,0,0,0,0,998,0.0,33,33,42,8.9,3.7,9.7,19.7597620728704,3,6
23992,18,97,1-18-2021-097-10,10,1,1G2NW12E35M1,17,536,8840,3,0,22,18,2005,2,1,3,0,1,B,9,1417,5,0,1,1,18,2,72,1,0,0,995,0,0,0,54727,1,9,0,1,3,3,1,1,1,1,3,0,0,0,1,1,0,0,1,0,1,4,61,2,9,1,2,D,29,0,0,0,0,0,0,0,0,0,0,255,260,0,0,0,1,12,999,999,999,9999999,999,999,999,9,0,0,0,0,0,0,995,9.8,998,998,998,99.8,99.8,99.8,4256.37566757054,6,6
23992,18,97,1-18-2021-097-10,10,2,4JGDA5HB5CA0,17,449,13819,7,0,42,401,2012,14,3,14,0,1,F,9,2130,5,9999,9,0,998,5,72,1,0,0,995,0,0,0,55109,9,9,0,1,3,3,2,1,1,1,3,0,0,0,1,1,0,0,1,0,1,3,52,99,1,1,2,D,28,0,0,0,0,0,0,0,0,0,0,260,255,0,0,0,1,0,999,999,999,9999999,999,999,999,9,0,95,95,95,95,0,995,9.8,998,998,998,99.8,99.8,99.8,4256.37566757054,6,6
23995,54,77,1-54-2021-077-02,2,1,4TAWN72N7TZ1,17,448,2223,60,0,49,472,1996,34,5,30,0,1,9,9,1243,5,50,2,0,998,2,105,1,0,1,0,2,0,1,35565,1,2,0,1,2,1,2,1,1,1,1,3,2,3,2,1,0,0,9,1,6,2,10,99,1,2,2,E,42,1,8,2,2,1,4,61,1,9,42,115,125,0,0,0,2,0,999,999,999,9999999,999,999,999,9,0,3,11,1,4,3,995,9.8,998,998,998,99.8,99.8,99.8,166.32418557544,9,6
23995,54,77,1-54-2021-077-02,2,2,5NMS14AJ0MH3,17,498,2057,7,0,55,401,2021,14,3,14,0,1,F,2,1661,5,0,1,5,9,2,105,1,0,1,0,2,0,2,35581,1,2,0,1,2,2,2,1,1,1,3,2,1,3,2,1,0,0,9,0,1,4,61,99,1,1,2,E,42,0,0,0,0,0,0,0,0,0,0,125,115,0,0,0,1,3,37,-35,-13,133515,998,-99,37,0,4,3,22,1,3,0,995,9.8,998,998,998,99.8,99.8,99.8,166.32418557544,9,6
23996,54,78,1-54-2021-078-05,5,1,2LMHJ5AT0EBL,17,464,1812,7,0,13,16,2014,6,1,5,0,1,F,2,2240,5,9999,9,0,998,2,105,1,0,1,0,2,0,1,38024,1,9,0,1,2,1,2,1,1,3,2,3,2,3,2,1,0,0,9,0,1,3,54,99,1,1,3,G,52,0,0,0,0,0,0,0,0,0,0,5,185,0,0,0,1,3,30,-29,5,90640,998,44,31,0,4,4,29,1,3,0,995,9.8,998,998,998,99.8,99.8,99.8,157.787596423878,9,6
23996,54,78,1-54-2021-078-05,5,2,1GNDS13S2221,17,467,4548,7,0,20,401,2002,14,3,14,0,1,F,2,2015,5,0,1,1,16,2,105,1,0,0,995,0,0,2,35581,1,9,0,1,2,2,2,1,1,3,3,2,1,3,2,1,0,0,9,0,1,3,54,99,1,1,3,G,52,0,0,0,0,0,0,0,0,0,0,185,5,0,0,0,1,3,32,-31,6,79423,998,-4,31,0,4,2,9,0,3,0,995,9.8,998,998,998,99.8,99.8,99.8,157.787596423878,9,6
23997,23,129,1-23-2021-129-02,2,1,2GNALCEK9H15,17,467,1847,7,0,20,404,2017,14,3,14,0,1,L,1,1706,5,0,1,1,17,2,89,1,1,2,996,1,0,0,43320,9,9,0,4,2,1,2,2,1,1,0,0,0,0,2,2,0,0,3,1,1,2,12,99,9,4,1,B,6,0,0,0,0,0,0,0,0,0,0,998,998,0,0,1,1,1,21,-13,16,33208,998,-42,21,0,1,1,1,0,8,0,998,0.0,30,30,120,9.3,1.1,9.5,66.3082507877633,5,6
23998,23,130,1-23-2021-130-04,4,1,JM3ER2A50B03,17,473,2076,7,0,41,53,2011,5,1,3,0,1,F,9,1588,5,9999,9,0,998,2,56,1,0,0,995,0,0,0,43338,1,9,0,4,2,1,2,2,2,1,0,2,0,0,3,2,0,0,1,1,14,2,10,99,9,2,3,G,50,0,0,0,0,0,0,0,0,0,0,320,150,0,0,0,1,0,999,999,999,9999999,999,999,999,9,0,1,1,0,4,0,995,9.8,998,998,998,99.8,99.8,99.8,2450.26245743357,5,6
23998,23,130,1-23-2021-130-04,4,2,1C6RR7GT0JS3,17,496,13620,60,0,7,482,2018,34,5,30,0,1,F,2,2305,5,0,1,1,12,2,56,1,0,0,995,0,0,0,43338,9,9,0,4,2,1,2,2,3,1,0,2,0,0,3,2,0,0,1,0,14,4,62,99,9,1,3,G,51,0,0,0,0,0,0,0,0,0,0,150,320,0,0,0,1,8,999,999,999,9999999,999,999,999,7,0,0,0,0,0,0,995,9.8,998,998,998,99.8,99.8,99.8,2450.26245743357,5,6
23999,10,74,1-10-2021-074-03,3,1,1G6DC67A5601,17,469,4300,13,0,19,21,2006,4,1,5,0,1,F,9,1750,5,9999,9,0,998,2,56,1,0,0,995,0,0,0,45415,2,9,0,4,4,2,2,1,1,1,3,2,0,0,1,1,0,0,1,0,1,3,52,99,1,1,2,D,28,0,0,0,0,0,0,0,0,0,0,330,330,0,0,0,1,0,999,999,999,9999999,999,999,999,9,0,0,0,0,8,0,995,9.8,998,998,998,99.8,99.8,99.8,638.336718594482,4,6
23999,10,74,1-10-2021-074-03,3,2,2C3CCAEG4KH5,17,477,1878,13,0,6,51,2019,4,1,5,0,1,F,1,1937,5,0,1,1,13,2,56,1,0,0,995,0,0,0,45405,9,9,0,4,4,2,2,1,1,1,3,2,0,0,1,1,0,0,1,0,2,3,53,1,1,1,2,D,29,0,0,0,0,0,0,0,0,0,0,330,330,0,0,0,2,3,17,-17,0,20075,998,0,16,0,4,9,97,0,5,0,995,9.8,998,998,998,99.8,99.8,99.8,638.336718594482,4,6
23999,10,74,1-10-2021-074-03,3,3,1C3CDZABXEN1,17,476,1892,13,0,7,26,2014,4,1,3,0,1,B,1,1539,5,9999,9,0,998,2,56,1,0,0,995,0,0,0,45426,9,9,0,4,4,2,2,1,1,1,3,2,0,0,1,1,0,0,1,0,2,3,53,99,1,1,6,M,98,0,0,0,0,0,0,0,0,0,0,330,330,0,0,0,2,3,22,22,0,33582,998,0,23,0,4,0,0,0,0,0,995,9.8,998,998,998,99.8,99.8,99.8,638.336718594482,4,6
24000,10,75,1-10-2021-075-06,6,1,1C3CDFEB8FD4,17,476,2054,13,0,7,29,2015,4,1,3,0,1,T,1,1445,5,0,1,1,6,2,89,1,0,0,995,0,0,0,45405,9,9,0,2,3,1,2,2,2,1,1,3,2,3,3,2,0,0,1,1,14,1,6,99,9,4,1,A,2,1,4,2,2,1,4,61,1,2,999,997,997,0,0,0,2,6,999,999,999,9999999,999,999,999,6,0,1,1,0,4,3,997,3.5,999,999,999,15.9,10.1,18.3,1126.59138453406,4,6
24001,77,93,1-77-2021-093-10,10,1,JTDKB20U3834,17,448,2209,5,0,49,46,2008,5,1,3,0,1,F,1,1335,5,0,1,1,6,2,72,1,0,0,995,0,0,0,22903,9,9,1,1,2,2,2,1,2,4,3,2,0,2,2,1,6,2,1,0,14,6,87,99,1,1,1,C,13,0,0,0,0,0,0,0,0,0,0,998,998,0,0,0,1,10,999,999,999,9999999,999,15,12,2,0,0,0,0,0,0,998,9.8,998,998,998,99.8,99.8,99.8,17617.7478633104,9,6
24002,77,94,1-77-2021-094-09,9,1,5TDDKRFHXGS3,17,448,2213,7,0,49,403,2016,14,3,14,0,1,F,9,2035,5,9999,9,0,998,5,89,1,0,0,995,0,0,0,23294,9,9,2,2,5,2,2,1,1,1,3,3,0,0,2,1,1,2,1,1,15,3,52,1,1,2,2,D,28,0,0,0,0,0,0,0,0,0,0,230,240,0,0,0,1,0,999,999,999,9999999,999,999,999,9,0,95,95,95,95,0,995,9.8,998,998,998,99.8,99.8,99.8,5308.9594821765,9,6
24002,77,94,1-77-2021-094-09,9,2,1N4AL2AP3BN4,17,478,1904,13,0,35,47,2011,4,1,4,0,1,F,1,1437,5,9999,9,0,998,5,89,1,0,0,995,0,0,0,22902,9,9,2,2,5,3,2,1,1,1,3,3,0,0,2,1,1,2,1,0,2,3,53,1,1,1,2,D,29,0,0,0,0,0,0,0,0,0,0,240,240,0,0,0,2,3,12,-12,0,6536,998,0,11,0,4,95,95,95,95,0,995,9.8,998,998,998,99.8,99.8,99.8,5308.9594821765,9,6
24002,77,94,1-77-2021-094-09,9,3,5TDKK3DC1BS0,17,448,2468,2,0,49,442,2011,20,4,20,0,1,F,1,1990,5,0,1,1,7,2,89,1,0,0,995,0,0,0,22963,9,9,2,2,5,3,2,1,1,1,3,3,0,0,2,1,1,2,1,0,2,3,53,1,1,1,6,M,98,0,0,0,0,0,0,0,0,0,0,240,240,0,0,0,3,3,15,-15,0,21075,998,7,16,0,4,99,99,0,99,0,995,9.8,998,998,998,99.8,99.8,99.8,5308.9594821765,9,6
24002,77,94,1-77-2021-094-09,9,4,JM3TCBEY1G01,17,473,2077,7,0,41,421,2016,15,3,15,0,1,B,1,1969,5,9999,9,0,998,5,89,1,0,0,995,0,0,0,27040,9,9,2,2,5,3,2,1,1,1,3,1,0,0,2,1,1,2,1,0,1,3,53,1,1,1,6,M,98,0,0,0,0,0,0,0,0,0,0,240,240,0,0,0,3,3,16,16,0,15810,998,0,14,0,4,95,95,95,95,0,995,9.8,998,998,998,99.8,99.8,99.8,5308.9594821765,9,6
24003,12,61,1-12-2021-061-10,10,1,JHLRE38369C0,17,474,1865,7,0,37,402,2009,14,3,14,0,1,F,1,1604,5,0,1,1,27,2,40,1,0,0,995,0,0,0,73401,1,2,2,4,2,1,2,1,1,1,0,0,0,0,1,8,0,0,1,1,1,2,13,4,1,4,1,A,3,0,0,0,0,0,0,0,0,0,0,998,998,0,0,0,1,1,13,-13,0,10478,998,0,12,0,4,1,1,0,0,0,998,0.0,120,35,88,1.8,2.3,2.9,274.027689229839,9,6
24004,12,62,1-12-2021-062-06,6,1,1N4AL3AP4FC4,17,478,1904,13,0,35,47,2015,4,1,4,0,1,F,1,1524,5,0,1,1,3,2,40,1,9,1,197,2,0,0,73458,2,2,0,4,2,1,1,1,1,1,0,0,0,0,2,1,0,0,1,1,1,2,11,3,1,4,1,C,11,0,0,0,0,0,0,0,0,0,0,90,90,0,0,0,1,3,19,-19,0,24127,998,55,19,0,4,1,1,0,4,0,995,9.8,998,998,998,99.8,99.8,99.8,260.834494895361,9,6
24004,12,62,1-12-2021-062-06,6,2,5XYP5DHC4MG1,17,499,25756,7,0,63,422,2021,15,3,15,0,2,B,1,1970,5,9999,9,0,998,,,,,,,,,,,,,,,,,,,,,,,,,,,,,,,,,,,,,,,,,,,,,,,,,,,,,,,,,,,,,,,,,,95,95,95,95,,,,,,,,,,260.834494895361,9,6
24006,17,93,1-17-2021-093-02,2,1,2GNALBEK7F62,17,467,1847,7,0,20,404,2015,14,3,14,0,1,F,1,1706,5,0,1,1,4,2,72,1,9,0,995,0,9,0,61270,1,9,2,1,6,6,1,1,1,1,1,2,0,1,4,1,1,2,9,0,11,2,15,1,1,1,4,J,68,0,0,0,0,0,0,0,0,0,0,45,275,0,0,0,1,3,23,-18,-15,66669,998,-111,23,0,4,0,0,0,5,0,995,9.8,998,998,998,99.8,99.8,99.8,63.7137743550154,4,6
24006,17,93,1-17-2021-093-02,2,2,5J6RW2H84HL0,17,474,1865,7,0,37,402,2017,14,3,14,0,1,F,2,1580,5,0,1,1,5,2,72,1,9,1,0,2,9,0,61201,1,2,2,1,6,2,1,1,1,1,1,3,0,1,4,1,1,2,1,0,1,4,62,4,1,1,4,J,69,0,0,0,0,0,0,0,0,0,0,275,45,0,0,0,1,3,27,-27,5,48390,998,36,27,0,4,2,5,0,4,0,995,9.8,998,998,998,99.8,99.8,99.8,63.7137743550154,4,6
24007,19,172,1-19-2021-172-04,4,1,1N4BL4CV4LC1,17,478,1904,13,0,35,47,2020,4,1,4,0,1,R,1,1545,5,0,2,1,5,2,72,1,0,0,995,0,0,0,35901,1,2,2,1,4,4,2,1,1,1,1,2,0,0,1,1,0,0,2,0,11,2,15,4,1,1,4,J,68,0,0,0,0,0,0,0,0,0,0,45,300,0,0,0,1,3,9,-3,-8,7324,998,-101,9,0,4,0,0,0,0,0,995,9.8,998,998,998,99.8,99.8,99.8,1152.78160286543,9,6
24007,19,172,1-19-2021-172-04,4,2,5N1AA0ND0BN6,17,478,1915,7,0,35,421,2011,15,3,15,0,1,F,1,2652,5,9999,9,0,998,5,72,1,0,0,995,0,0,0,36272,9,9,2,1,4,2,2,1,1,1,1,3,0,0,1,1,0,0,9,0,1,4,62,99,1,1,4,J,69,0,0,0,0,0,0,0,0,0,0,300,45,0,0,0,1,3,5,-5,0,2597,998,0,5,0,4,95,95,95,95,0,995,9.8,998,998,998,99.8,99.8,99.8,1152.78160286543,9,6
24007,19,172,1-19-2021-172-04,4,3,2C3CDXBG4EH2,17,476,1895,13,0,7,24,2014,4,1,5,0,1,B,9,1797,5,9999,9,0,998,5,72,1,0,0,995,0,0,0,35906,9,9,2,1,3,2,2,1,1,1,3,3,0,0,1,1,0,0,9,0,5,4,66,1,1,1,6,M,98,0,0,0,0,0,0,0,0,0,0,300,0,0,0,0,2,0,999,999,999,9999999,999,999,999,9,0,95,95,95,95,0,995,9.8,998,998,998,99.8,99.8,99.8,1152.78160286543,9,6
24008,19,173,1-19-2021-173-05,5,1,1N4AL3AP5DN5,17,478,1904,13,0,35,47,2013,4,1,4,0,1,F,2,1420,5,0,1,1,3,2,105,1,0,0,995,0,1,3,35903,1,9,0,1,2,1,2,1,3,2,1,3,0,0,1,1,0,0,9,0,14,3,52,3,1,1,2,D,28,0,0,0,0,0,0,0,0,0,0,270,275,0,1,0,1,1,34,-34,0,73656,998,0,36,0,4,2,4,0,3,0,995,9.8,998,998,998,99.8,99.8,99.8,90.0313489330694,9,6
24008,19,173,1-19-2021-173-05,5,2,1G2ZM1513642,17,536,4263,3,0,22,22,2006,2,1,4,0,1,B,2,1548,5,0,1,1,3,2,105,1,0,0,995,0,0,0,36272,1,9,0,1,2,1,2,1,3,2,1,3,0,0,1,1,0,0,9,0,2,3,53,1,1,1,2,D,29,0,0,0,0,0,0,0,0,0,0,275,270,0,1,0,1,1,30,30,0,50121,998,3,28,0,4,9,97,0,8,0,995,9.8,998,998,998,99.8,99.8,99.8,90.0313489330694,9,6
24009,11,73,1-11-2021-073-06,6,1,1FMYU01181KA,17,460,1798,7,0,12,402,2001,14,3,14,0,1,L,9,1356,5,9999,9,0,998,2,72,1,0,0,995,0,0,0,23236,9,9,3,4,2,1,2,1,1,1,0,0,0,0,1,1,0,0,1,0,10,2,16,99,1,1,4,K,78,0,0,0,0,0,0,0,0,0,0,50,80,0,0,0,1,0,999,999,999,9999999,999,999,999,9,0,99,99,0,99,0,995,9.8,998,998,998,99.8,99.8,99.8,2885.04526705536,8,6
24009,11,73,1-11-2021-073-06,6,2,KNAFU4A25D57,17,499,2462,13,0,63,38,2013,4,1,3,0,1,F,9,1228,5,0,1,1,22,2,72,1,0,0,995,0,0,0,23112,9,9,3,1,3,2,2,1,1,1,3,3,0,0,1,1,0,0,1,1,1,4,70,99,1,1,4,K,79,0,0,0,0,0,0,0,0,0,0,80,50,0,0,0,1,12,999,999,999,9999999,999,999,999,9,0,1,1,0,4,0,995,9.8,998,998,998,99.8,99.8,99.8,2885.04526705536,8,6
24010,11,74,1-11-2021-074-05,5,1,2GNFLGEK8F64,17,467,1847,7,0,20,404,2015,14,3,14,0,1,F,3,1782,5,0,1,1,9,2,97,1,0,1,196,2,0,2,23224,2,9,1,2,4,1,2,1,2,9,1,3,0,0,2,1,0,0,3,1,14,2,12,2,1,4,1,B,6,0,0,0,0,0,0,0,0,0,0,998,998,0,0,0,1,1,63,-63,0,283731,998,0,63,0,4,3,17,1,3,0,998,1.8,120,999,999,0.0,0.0,0.0,203.861599020296,8,6
24011,13,117,1-13-2021-117-03,3,1,5TDDZRFH1HS4,17,448,2213,7,0,49,403,2017,14,3,14,0,1,F,1,1975,5,0,1,1,15,2,105,1,8,0,995,0,7,0,76039,1,2,1,2,4,2,2,1,1,9,1,3,0,0,1,1,0,0,9,1,1,2,13,99,3,4,1,A,2,0,0,0,0,0,0,0,0,0,0,998,998,0,0,0,1,10,999,999,999,9999999,999,28,14,2,0,1,3,0,4,0,998,2.0,999,999,999,0.0,0.0,0.0,1310.84708073684,7,6
24012,13,118,1-13-2021-118-07,7,1,JTDKTUD37CD5,17,448,2464,5,0,49,51,2012,5,1,1,0,1,F,1,1040,5,0,1,1,34,2,72,1,8,0,995,0,7,0,76006,2,9,3,4,2,1,1,99,1,1,0,0,0,0,1,8,0,0,2,0,10,2,16,99,1,1,4,K,78,0,0,0,0,0,0,0,0,0,0,260,350,0,0,0,1,3,18,-18,3,7562,998,30,13,0,4,0,0,0,0,0,995,9.8,998,998,998,99.8,99.8,99.8,6279.34976462641,7,6
24012,13,118,1-13-2021-118-07,7,2,5TDZA23C15S3,17,448,2468,2,0,49,442,2005,20,4,20,0,1,R,1,1870,5,9999,9,0,998,5,72,1,8,0,995,0,7,0,76053,9,9,3,1,3,1,2,99,1,1,1,3,0,0,1,8,0,0,9,0,1,4,70,99,1,1,4,K,79,0,0,0,0,0,0,0,0,0,0,350,260,0,0,0,1,3,11,-2,-11,17207,998,41,15,0,4,95,95,95,95,0,995,9.8,998,998,998,99.8,99.8,99.8,6279.34976462641,7,6
24013,24,172,1-24-2021-172-07,7,1,1C6RR7LT1FS7,17,496,13620,60,0,7,482,2015,34,5,31,0,1,F,1,2336,5,0,1,1,18,2,40,1,0,0,995,0,0,0,18080,9,9,0,1,2,1,2,1,1,1,0,3,0,0,3,1,0,0,9,1,1,4,60,4,1,4,1,C,11,1,1,2,5,1,1,61,1,2,7,60,50,0,0,0,1,12,999,999,999,9999999,999,999,999,6,0,0,0,0,0,3,995,9.8,998,998,998,99.8,99.8,99.8,1766.32438559901,1,6
24013,24,172,1-24-2021-172-07,7,2,1N4AL3AP2JC1,17,478,1904,13,0,35,47,2018,4,1,4,0,2,B,9,1453,5,9999,9,0,998,,,,,,,,,,,,,,,,,,,,,,,,,,,,,,,,,,,,,,,,,,,,,,,,,,,,,,,,,,,,,,,,,,95,95,95,95,,,,,,,,,,1766.32438559901,1,6