CASEID,PSU,CASENO,CASENUMBER,CATEGORY,VEHNO,VIN,VINLENGTH,VPICMAKE,VPICMODEL,VPICBODYCLASS,ICFINALBODY,MAKE,MODEL,MODELYR,BODYTYPE,BODYCAT,VEHCLASS,SPECUSE,TRANSTAT,DAMPLANE,DAMSEV,CURBWT,CURBSRC,CARGOWT,CARGOSRC,INSPTYPE,INSPLAG,TOWED,SPEEDLIMIT,DRPRESENT,PARALCOHOL,ALCTEST,ALCTESTRESULT,ALCTESTSRC,PARDRUG,DRUGTEST,ZIP,RACE,ETHNICITY,RELTOJUNCT,TRAFFLOW,RDLANES,INITLANE,SURFTYPE,SURFCOND,ALIGNMENT,PROFILE,LINERIGHT,LINELEFT,RUMBINIT,RUMBROAD,LIGHTCOND,WEATHER,TRAFDEV,TRAFFUNCT,DISTRACT,PREFHE,PREMOVE,CRITCAT,CRITEVENT,MANEUVER,PRESTAB,PRELOC,CRASHCAT,CRASHCONF,CRASHTYPE,ROLLTYPE,ROLLTURN,ROLLINTRPT,ROLLPREMAN,ROLLINITYP,ROLLINLOC,ROLLOBJ,ROLLTRIP,ROLLDIR,ROLLDIST,DVANGTHIS,DVANGOTH,TOWHITCH,TRAJDOC,TREEPOLE,DVEVENT,DVBASIS,DVTOTAL,DVLONG,DVLAT,DVENERGY,DVSPEED,DVMOMENT,DVBES,DVEST,DVCONF,VAIS,VISS,VINJURED,VTREAT,INITOBJCLASS,HEADANGLECAT,SHLDRWIDTH,STRKLENGTH,STRKWIDTH,STRKHEIGHT,EDGEDISTX,EDGEDISTY,EDGEDISTZ,CASEWGT,PSUSTRAT,VERSION
24051,18,100,1-18-2021-100-06,6,1,1C4SDJFTXEC5,17,476,3508,7,0,7,422,2014,15,3,15,0,1,R,1,2418,5,0,1,1,36,2,80,1,0,0,995,0,0,0,54747,1,9,1,2,2,1,1,3,1,1,1,3,0,0,3,4,6,2,1,1,1,1,5,99,3,4,1,A,2,0,0,0,0,0,0,0,0,0,0,998,998,0,0,0,1,10,999,999,999,9999999,999,59,14,2,0,9,97,0,8,0,998,4.6,120,42,60,0.0,0.0,0.0,433.080620643413,6,6
24052,17,94,1-17-2021-094-03,3,1,KL8CB6SA7MC7,17,467,1836,5,0,20,29,2021,5,1,1,0,1,L,1,1019,5,0,1,1,14,2,48,1,9,0,995,0,9,0,61201,9,9,2,4,2,1,2,1,1,1,0,0,0,0,1,1,1,2,9,0,1,2,17,99,1,1,5,L,89,1,1,2,5,1,1,61,1,1,5,0,90,0,0,0,1,1,23,-4,23,18935,998,-39,20,0,1,2,4,0,4,3,995,9.8,998,998,998,99.8,99.8,99.8,153.394823890928,4,6
24052,17,94,1-17-2021-094-03,3,2,4T1BK46K88U5,17,448,2469,13,0,49,40,2008,4,1,4,0,1,F,1,1580,5,0,1,1,14,2,48,1,9,0,995,0,9,0,61201,9,9,2,4,3,1,2,1,1,1,0,1,0,0,1,1,1,2,9,0,1,4,66,2,1,1,5,L,88,0,0,0,0,0,0,0,0,0,0,90,0,0,0,0,1,1,15,-15,-3,21963,998,8,18,0,1,0,0,0,0,0,995,9.8,998,998,998,99.8,99.8,99.8,153.394823890928,4,6
24053,26,173,1-26-2021-173-10,10,1,JTMWF4DV8A50,17,448,2217,7,0,49,402,2010,14,3,14,0,1,F,9,1579,5,9999,9,0,998,2,105,1,0,0,995,0,0,0,95358,9,1,0,2,2,2,2,1,1,4,3,2,1,3,1,1,0,0,3,0,1,3,52,2,9,1,2,D,28,0,0,0,0,0,0,0,0,0,0,315,320,0,0,0,1,0,999,999,999,9999999,999,999,999,9,0,0,0,0,0,0,995,9.8,998,998,998,99.8,99.8,99.8,6683.66146917531,10,6
24053,26,173,1-26-2021-173-10,10,2,5TDJY5G18HS1,17,448,2827,7,0,49,422,2017,15,3,15,0,1,B,9,2600,5,9999,9,0,998,5,105,1,0,0,995,0,0,0,95677,9,9,0,2,2,2,2,1,1,4,3,2,1,3,1,1,0,0,1,0,2,3,53,8,1,1,2,D,29,0,0,0,0,0,0,0,0,0,0,320,315,0,0,0,1,0,999,999,999,9999999,999,999,999,9,0,95,95,95,95,0,995,9.8,998,998,998,99.8,99.8,99.8,6683.66146917531,10,6
24054,26,174,1-26-2021-174-07,7,1,SAJBD4BV7GCY,17,442,2285,13,0,39,37,2016,4,1,5,0,1,F,1,1763,5,0,1,1,10,2,105,1,0,0,995,0,0,0,34208,9,9,0,2,3,3,2,2,1,1,3,2,1,1,1,2,0,0,1,0,1,3,50,2,9,1,2,D,20,0,0,0,0,0,0,0,0,0,0,180,180,0,0,0,1,3,17,-17,0,19242,998,18,16,0,4,0,0,0,0,0,995,9.8,998,998,998,99.8,99.8,99.8,1382.43624173616,10,6
24054,26,174,1-26-2021-174-07,7,2,1G11C5SA7DF3,17,467,1834,13,0,20,37,2013,4,1,3,0,1,B,1,1602,5,9999,9,0,998,5,105,1,0,0,995,0,0,0,95215,9,9,0,2,3,3,2,2,1,1,3,2,1,1,1,2,0,0,1,0,5,3,53,1,1,1,2,D,21,0,0,0,0,0,0,0,0,0,0,180,180,0,0,0,1,3,20,20,0,26898,998,0,21,0,4,95,95,95,95,0,995,9.8,998,998,998,99.8,99.8,99.8,1382.43624173616,10,6
24054,26,174,1-26-2021-174-07,7,3,5YFBURHE0HP6,17,448,2208,13,0,49,32,2017,4,1,3,0,1,B,9,1265,5,9999,9,0,998,5,105,1,0,0,995,0,0,0,95747,9,9,0,2,3,3,2,2,1,1,3,2,1,1,1,2,0,0,1,0,5,3,53,1,1,1,6,M,98,0,0,0,0,0,0,0,0,0,0,180,180,0,0,0,2,0,999,999,999,9999999,999,999,999,9,0,95,95,95,95,0,995,9.8,998,998,998,99.8,99.8,99.8,1382.43624173616,10,6
24056,23,131,1-23-2021-131-06,6,1,JH4KC1F97FC0,17,475,2149,13,0,54,36,2015,4,1,4,0,1,F,2,1788,5,0,1,4,49,2,72,1,0,0,995,0,0,0,43035,1,9,0,4,2,1,2,1,2,1,1,2,0,0,1,1,6,2,1,1,14,2,12,99,1,4,1,B,6,0,0,0,0,0,0,0,0,0,0,998,998,0,0,1,1,12,999,999,999,9999999,999,999,999,7,0,1,1,0,5,0,998,0.2,35,35,45,6.4,3.6,7.7,309.163407682763,5,6
24057,23,132,1-23-2021-132-03,3,1,1GC0WLE74MF2,17,467,1850,60,0,20,481,2021,34,5,31,0,1,F,1,2687,5,9999,9,0,998,5,72,1,0,0,995,0,0,0,43061,9,9,0,4,2,1,2,1,1,1,1,4,0,0,1,1,0,0,1,0,1,3,52,99,1,1,2,D,28,0,0,0,0,0,0,0,0,0,0,340,340,0,0,0,1,3,11,-11,0,17399,998,0,13,0,4,95,95,95,95,0,995,9.8,998,998,998,99.8,99.8,99.8,175.174742089658,5,6
24057,23,132,1-23-2021-132-03,3,2,5NPD84LF2KH4,17,498,2735,13,0,55,35,2019,4,1,3,0,1,B,1,1280,5,0,1,1,10,2,72,1,0,0,995,0,0,0,43065,9,9,0,4,2,1,2,1,1,1,1,4,0,0,1,1,0,0,1,0,1,2,18,99,1,1,2,D,29,0,0,0,0,0,0,0,0,0,0,340,340,0,0,0,1,3,23,23,0,24690,998,0,22,0,4,99,99,0,0,0,995,9.8,998,998,998,99.8,99.8,99.8,175.174742089658,5,6
24058,23,133,1-23-2021-133-04,4,1,1FTYE1ZM4JKA,17,460,3608,95,0,12,462,2018,21,4,21,0,1,F,3,2268,5,227,1,1,8,2,72,1,0,0,995,0,0,0,43017,9,9,0,4,2,1,2,1,1,1,1,2,0,0,1,1,0,0,1,0,1,6,87,99,1,1,1,C,13,0,0,0,0,0,0,0,0,0,0,998,998,0,0,0,1,10,999,999,999,9999999,999,999,999,8,0,0,0,0,0,0,998,9.8,998,998,998,99.8,99.8,99.8,498.83975282521,5,6
24059,23,134,1-23-2021-134-09,9,1,1GKFK16307J3,17,472,4579,7,0,23,422,2007,15,3,15,0,1,L,2,2648,5,9999,9,4,44,2,105,1,0,0,995,0,0,0,48178,9,9,2,1,2,2,2,1,1,1,1,2,0,2,1,8,1,2,9,1,1,2,17,99,1,3,5,L,89,0,0,0,0,0,0,0,0,0,0,160,260,0,0,0,1,12,999,999,999,9999999,999,999,999,7,0,9,97,0,99,0,995,9.8,998,998,998,99.8,99.8,99.8,1128.06460156105,5,6
24059,23,134,1-23-2021-134-09,9,2,1D3HV18T89S7,17,476,1938,60,0,7,482,2009,34,5,30,0,1,L,2,2385,5,68,1,1,48,2,89,1,0,0,995,0,0,0,43315,9,9,2,4,2,1,2,1,1,1,1,2,0,0,1,8,1,2,1,0,1,4,66,99,1,1,6,M,98,0,0,0,0,0,0,0,0,0,0,100,140,0,0,0,2,12,999,999,999,9999999,999,999,999,7,0,99,99,0,99,0,995,9.8,998,998,998,99.8,99.8,99.8,1128.06460156105,5,6
24059,23,134,1-23-2021-134-09,9,3,1D7HU18236S5,17,476,1938,60,0,7,482,2006,34,5,30,0,1,F,9,2477,5,9999,9,4,44,2,89,1,0,0,995,0,0,0,43342,1,9,2,4,2,1,2,1,1,1,1,2,0,0,1,8,1,2,1,0,1,4,66,99,1,1,5,L,88,0,0,0,0,0,0,0,0,0,0,260,160,0,0,0,1,12,999,999,999,9999999,999,999,999,9,0,1,1,0,3,0,995,9.8,998,998,998,99.8,99.8,99.8,1128.06460156105,5,6
24060,54,79,1-54-2021-079-04,4,1,1G1ZD5ST2KF1,17,467,1834,13,0,20,37,2019,4,1,4,0,1,F,2,1400,5,0,1,1,20,2,105,1,0,0,995,0,0,0,35660,2,2,0,1,3,3,2,1,2,1,3,2,1,3,2,1,0,0,1,1,14,2,12,3,1,4,1,B,6,0,0,0,0,0,0,0,0,0,0,998,998,0,1,2,1,12,999,999,999,9999999,999,999,999,7,0,1,1,0,6,0,998,2.8,30,30,88,4.8,4.5,6.8,618.703008691929,9,6
24061,77,95,1-77-2021-095-03,3,1,KNDEU2AA7M71,17,499,26900,7,0,63,498,2021,14,3,14,0,1,F,3,1312,5,0,1,1,7,2,113,1,0,0,995,0,0,0,24401,9,9,0,1,2,2,2,1,1,2,3,2,1,3,1,1,0,0,9,0,1,3,52,99,1,1,2,D,28,0,0,0,0,0,0,0,0,0,0,90,90,0,0,0,1,1,48,-48,0,77013,998,0,38,0,4,0,0,0,0,0,995,9.9,999,999,999,99.9,99.9,99.9,882.90997393195,9,6
24061,77,95,1-77-2021-095-03,3,2,2HKRW6H38KH2,17,474,1865,7,0,37,402,2019,14,3,14,0,1,B,2,1580,5,0,1,1,8,2,113,1,0,1,0,2,0,0,22832,9,9,0,1,2,2,2,1,1,2,3,2,1,3,1,1,0,0,1,0,2,3,53,1,1,1,2,D,29,0,0,0,0,0,0,0,0,0,0,90,90,0,0,0,1,1,39,39,0,147647,998,0,47,0,4,2,4,0,3,0,995,9.8,998,998,998,99.8,99.8,99.8,882.90997393195,9,6
24062,77,96,1-77-2021-096-03,3,1,999999999999,99,99999,99999,999,0,99,399,9999,9,1,9,0,1,F,9,9999,9,9999,9,0,998,5,72,1,8,0,995,0,7,0,99999,9,9,2,1,5,4,2,1,1,1,1,1,0,0,3,1,1,2,9,1,11,2,15,99,9,2,4,J,68,0,0,0,0,0,0,0,0,0,0,30,230,0,0,0,1,0,999,999,999,9999999,999,999,999,9,0,95,95,95,95,0,995,9.8,998,998,998,99.8,99.8,99.8,882.90997393195,9,6
24062,77,96,1-77-2021-096-03,3,2,W1N0G8EB0MF9,17,449,5885,7,0,42,405,2021,14,3,14,0,1,F,1,1804,5,0,1,1,3,2,72,1,0,0,995,0,9,0,22974,9,9,2,1,3,3,2,1,1,1,1,2,0,0,3,1,1,2,1,0,5,4,62,1,1,1,4,J,69,0,0,0,0,0,0,0,0,0,0,230,30,0,0,0,1,5,999,999,999,9999999,999,999,12,2,0,99,99,0,99,0,995,9.8,998,998,998,99.8,99.8,99.8,882.90997393195,9,6
24063,12,63,1-12-2021-063-06,6,1,1C4RJFBG8EC4,17,483,1949,7,0,2,422,2014,15,3,15,0,1,F,2,2211,5,0,1,1,57,2,64,1,0,0,995,0,0,0,78660,9,9,2,1,4,3,1,1,1,1,1,1,0,0,3,1,1,2,3,0,1,3,50,1,1,1,2,D,20,0,0,0,0,0,0,0,0,0,0,265,265,0,0,0,1,3,30,-30,0,72830,998,15,27,0,4,1,1,0,4,0,995,9.8,998,998,998,99.8,99.8,99.8,430.990227379567,9,6
24063,12,63,1-12-2021-063-06,6,2,1GC1YNEY2LF3,17,467,1850,60,0,20,481,2020,34,5,31,0,1,B,2,3009,5,9999,9,0,998,5,64,1,0,0,995,0,0,0,73401,9,9,2,1,4,3,1,1,1,1,1,1,0,0,3,1,1,2,1,0,5,3,53,1,1,1,2,D,21,0,0,0,0,0,0,0,0,0,0,265,265,0,0,0,1,3,25,25,0,87607,998,0,27,0,4,95,95,95,95,0,995,9.8,998,998,998,99.8,99.8,99.8,430.990227379567,9,6
24064,12,64,1-12-2021-064-09,9,1,1FMJU1K55AEB,17,460,1799,7,0,12,422,2010,15,3,15,0,1,F,1,2633,5,0,1,1,4,2,56,1,0,0,995,0,0,0,73401,1,2,0,1,2,1,1,1,1,1,1,3,0,0,2,1,0,0,1,1,1,2,13,99,1,4,1,A,3,0,0,0,0,0,0,0,0,0,0,998,998,0,1,0,3,10,999,999,999,9999999,999,0,14,2,0,0,0,0,6,0,998,0.7,40,20,18,0.0,0.0,0.0,1377.79843779027,9,6
24065,59,68,1-59-2021-068-05,5,1,1FAHP3F2XCL3,17,460,1779,13,0,12,37,2012,4,1,3,0,1,F,1,1340,5,0,1,1,4,2,48,1,0,0,995,0,0,0,47842,9,9,3,4,3,2,2,1,1,1,3,2,0,0,3,1,0,0,9,1,11,2,15,99,1,2,4,J,68,0,0,0,0,0,0,0,0,0,0,75,280,0,1,0,1,1,22,-22,-4,35125,998,-29,25,0,4,0,0,0,0,0,995,9.8,998,998,998,99.8,99.8,99.8,51.7104833701808,6,6
24065,59,68,1-59-2021-068-05,5,2,1G1PF5SC3C71,17,467,1832,13,0,20,25,2012,4,1,3,0,1,F,1,1407,5,0,1,1,4,2,48,1,0,0,995,0,0,0,47928,9,9,3,4,3,1,2,1,1,1,1,2,0,0,3,1,0,0,9,0,1,4,62,99,1,1,4,J,69,0,0,0,0,0,0,0,0,0,0,280,75,0,1,0,1,1,20,-20,3,17470,998,31,17,0,4,0,0,0,4,0,995,9.8,998,998,998,99.8,99.8,99.8,51.7104833701808,6,6
24066,59,69,1-59-2021-069-04,4,1,KMHCT4AE5HU3,17,498,2773,13,0,55,36,2017,4,1,2,0,1,L,1,1155,5,0,1,1,4,2,48,1,0,0,995,0,0,0,47804,9,9,2,4,2,1,2,1,1,1,0,2,0,0,1,1,1,2,9,0,1,4,66,99,1,1,5,L,89,0,0,0,0,0,0,0,0,0,0,270,0,0,0,0,1,1,20,-7,19,19588,998,5,20,0,1,2,4,0,3,0,995,9.8,998,998,998,99.8,99.8,99.8,840.137328116654,6,6
24066,59,69,1-59-2021-069-04,4,2,1C4AJWBG8EL2,17,483,1943,7,0,2,403,2014,14,3,14,0,1,F,1,1839,5,0,1,1,5,2,48,1,0,0,995,0,0,0,47804,9,9,2,4,2,1,2,1,1,1,0,2,0,0,1,1,1,2,9,0,1,2,17,1,1,1,5,L,88,0,0,0,0,0,0,0,0,0,0,0,270,0,0,0,1,1,13,-12,-4,13670,998,-50,12,0,1,0,0,0,0,0,995,9.8,998,998,998,99.8,99.8,99.8,840.137328116654,6,6
24067,17,95,1-17-2021-095-03,3,1,3GCEK13Y07G5,17,467,1850,60,0,20,481,2007,34,5,31,0,1,L,1,2397,5,0,1,1,14,2,48,1,9,0,995,0,9,0,61265,1,9,2,4,2,1,1,1,1,4,0,0,0,0,1,1,2,2,9,0,10,2,16,1,1,1,4,K,78,0,0,0,0,0,0,0,0,0,0,180,260,0,0,0,1,1,15,-3,14,12443,998,88,10,0,1,1,1,0,4,0,995,9.8,998,998,998,99.8,99.8,99.8,235.978395572392,4,6
24067,17,95,1-17-2021-095-03,3,2,1GNKRGKD3HJ1,17,467,1853,7,0,20,423,2017,15,3,15,0,1,F,1,2107,5,0,1,1,10,2,48,1,9,0,995,0,9,0,67220,1,9,2,4,4,1,2,1,1,4,0,3,0,0,1,1,0,0,9,0,1,4,65,2,1,1,4,K,79,0,0,0,0,0,0,0,0,0,0,260,180,0,0,0,1,1,16,-15,-6,43128,998,-80,20,0,1,9,97,0,99,0,995,9.8,998,998,998,99.8,99.8,99.8,235.978395572392,4,6
24068,17,96,1-17-2021-096-08,8,1,1G2ZG5584642,17,536,4263,13,0,22,22,2006,4,1,4,0,1,R,2,1486,5,0,1,1,8,2,48,1,9,0,995,0,9,0,61201,2,2,2,4,2,1,1,1,1,1,0,4,0,0,3,4,2,2,9,0,11,2,15,2,1,1,4,K,76,0,0,0,0,0,0,0,0,0,0,160,90,0,0,0,1,3,25,-4,-24,79196,998,-143,26,0,4,1,1,0,4,0,995,9.8,998,998,998,99.8,99.8,99.8,161.288969544543,4,6
24068,17,96,1-17-2021-096-08,8,2,JM1BL1S52A11,17,473,2074,13,0,41,51,2010,4,1,2,0,1,F,2,1354,5,0,1,1,8,2,48,1,9,1,0,2,9,1,61244,1,9,2,4,3,2,1,1,1,1,1,4,0,0,3,4,0,0,9,0,1,4,65,99,1,1,4,K,77,0,0,0,0,0,0,0,0,0,0,90,160,0,0,0,1,3,25,-22,13,32022,998,31,23,0,4,2,6,0,4,0,995,0.0,34,7,17,0.0,0.0,0.0,161.288969544543,4,6
24069,19,174,1-19-2021-174-04,4,1,1N4AA5APXEC4,17,478,2302,13,0,35,39,2014,4,1,4,0,1,F,1,1621,5,9999,9,0,998,2,72,1,0,0,995,0,0,0,35954,2,9,2,1,5,4,2,1,3,1,3,3,0,0,3,1,1,2,9,0,14,2,17,99,1,1,4,J,69,0,0,0,0,0,0,0,0,0,0,90,200,0,0,0,1,3,3,-3,0,880,998,0,4,0,4,0,0,0,4,0,995,9.8,998,998,998,99.8,99.8,99.8,639.700835455684,9,6
24069,19,174,1-19-2021-174-04,4,2,W04GV8SX9K10,17,468,17844,15,0,18,19,2019,6,1,4,0,1,R,1,1948,5,0,2,1,7,2,72,1,0,0,995,0,0,0,35956,1,2,2,1,5,5,2,1,1,1,2,1,0,0,3,1,1,2,1,0,11,4,63,2,1,1,4,J,68,0,0,0,0,0,0,0,0,0,0,200,90,0,0,0,1,3,3,-1,-3,2176,998,234,3,0,4,1,1,0,6,0,995,9.8,998,998,998,99.8,99.8,99.8,639.700835455684,9,6
24070,19,175,1-19-2021-175-08,8,1,1GCEC14WXXE2,17,467,1850,60,0,20,481,1999,34,5,31,0,1,L,3,9999,9,0,1,1,8,2,56,1,0,0,995,0,1,0,35904,1,9,0,1,2,2,2,2,2,1,3,2,0,0,3,2,0,0,9,1,14,2,12,2,2,4,1,B,6,0,0,0,0,0,0,0,0,0,0,998,998,0,1,1,2,1,72,-47,56,41779,998,-170,72,0,4,1,1,0,4,0,998,0.8,20,20,999,23.3,5.1,23.7,197.961479333402,9,6
24071,11,75,1-11-2021-075-09,9,1,4JGBF86E98A3,17,449,2130,7,0,42,421,2008,15,3,15,0,1,R,1,2465,5,9999,9,0,998,2,56,1,0,0,995,0,0,0,23860,9,9,2,1,5,5,2,1,1,1,1,2,0,0,3,1,1,2,1,0,11,2,15,99,1,1,4,J,68,0,0,0,0,0,0,0,0,0,0,160,60,0,0,0,1,3,11,-5,-9,25619,998,54,15,0,4,99,99,0,99,0,995,9.8,998,998,998,99.8,99.8,99.8,5081.02755568234,8,6
24071,11,75,1-11-2021-075-09,9,2,JTDKN3DU9A02,17,448,2209,5,0,49,46,2010,5,1,3,0,1,F,1,1380,5,0,1,1,33,2,56,1,0,0,995,0,0,0,23860,1,2,2,1,5,2,2,1,1,1,1,1,0,0,3,1,1,2,1,0,1,4,62,2,1,1,4,J,69,0,0,0,0,0,0,0,0,0,0,60,160,0,0,0,1,3,19,-18,6,15847,998,71,14,0,4,1,1,0,0,0,995,9.8,998,998,998,99.8,99.8,99.8,5081.02755568234,8,6
24072,11,76,1-11-2021-076-03,3,1,5N1AN08U85C6,17,478,1916,7,0,35,402,2005,14,3,14,0,1,F,1,1973,5,9999,9,0,998,2,72,1,0,0,995,0,0,0,23235,9,9,0,1,3,3,2,2,1,1,3,2,0,0,2,2,0,0,1,0,2,3,52,99,1,1,2,D,28,0,0,0,0,0,0,0,0,0,0,245,245,0,0,0,1,3,7,-7,0,4227,998,0,7,0,4,99,99,0,99,0,995,9.8,998,998,998,99.8,99.8,99.8,809.112529344256,8,6
24072,11,76,1-11-2021-076-03,3,2,3GKALPEV5ML3,17,472,1858,7,0,23,402,2021,14,3,14,0,1,B,1,1564,5,0,1,1,8,2,72,1,0,0,995,0,0,0,23234,1,2,0,1,3,3,2,2,1,1,3,2,0,0,2,2,0,0,1,0,2,3,53,99,1,1,2,D,29,0,0,0,0,0,0,0,0,0,0,245,245,0,0,0,1,3,10,10,0,6276,998,-5,10,0,4,0,0,0,4,0,995,9.8,998,998,998,99.8,99.8,99.8,809.112529344256,8,6
24073,13,119,1-13-2021-119-03,3,1,KL8CF6SAXLC4,17,467,1836,5,0,20,29,2020,5,1,1,0,1,R,2,1019,5,9999,9,0,998,2,72,1,8,0,995,0,7,0,76063,9,1,2,1,4,4,1,1,1,1,1,0,0,0,1,1,1,2,9,0,11,2,15,99,1,1,4,J,68,0,0,0,0,0,0,0,0,0,0,285,175,0,0,0,1,3,39,-30,-25,128751,998,83,44,0,4,99,99,0,8,0,995,9.8,998,998,998,99.8,99.8,99.8,548.16381560937,7,6
24073,13,119,1-13-2021-119-03,3,2,1N4AL2AP2CC2,17,478,1904,13,0,35,47,2012,4,1,4,0,1,F,2,1437,5,0,1,1,16,2,72,1,8,0,995,0,7,0,76002,1,9,2,1,4,2,1,1,1,1,1,3,0,0,1,1,1,2,9,0,1,4,62,99,1,1,4,J,69,0,0,0,0,0,0,0,0,0,0,175,285,0,0,0,1,3,28,-24,14,41537,998,100,22,0,4,0,0,0,0,0,995,9.8,998,998,998,99.8,99.8,99.8,548.16381560937,7,6
24074,13,120,1-13-2021-120-05,5,1,1N4AL3AP4FN3,17,478,1904,13,0,35,47,2015,4,1,4,0,1,F,2,1416,5,0,1,1,14,2,64,1,8,0,995,0,7,0,76012,1,9,0,4,2,1,1,1,1,1,0,4,0,0,3,1,0,0,9,1,1,2,11,3,1,4,1,C,11,0,0,0,0,0,0,0,0,0,0,270,270,0,0,0,1,5,999,999,999,9999999,999,999,34,3,0,2,5,0,1,0,995,9.8,998,998,998,99.8,99.8,99.8,68.3612126049956,7,6
24074,13,120,1-13-2021-120-05,5,2,1FUYDCXB7SP7,17,450,9804,66,0,82,881,1995,66,8,68,99,2,B,9,,,,,,,,,,,,,,,,,,,,,,,,,,,,,,,,,,,,,,,,,,,,,,,,,,,,,,,,,,,,,,,,,,,,,,,,95,95,95,95,,,,,,,,,,68.3612126049956,7,6
24075,13,121,1-13-2021-121-02,2,1,4S4BSAAC1H33,17,523,2233,7,0,48,45,2017,6,1,3,0,1,F,2,1614,5,0,1,4,48,2,105,1,8,0,995,0,7,0,76247,1,2,1,2,4,2,1,1,3,9,1,3,0,0,3,1,0,0,3,1,14,3,51,1,1,2,2,D,24,0,0,0,0,0,0,0,0,0,0,100,110,0,0,0,1,12,999,999,999,9999999,999,999,999,7,0,1,2,0,4,0,995,9.8,998,998,998,99.8,99.8,99.8,60.5925995988328,7,6
24075,13,121,1-13-2021-121-02,2,2,1FTEW1CP2LKD,17,460,1801,60,0,12,481,2020,34,5,31,0,1,F,2,2028,5,0,1,1,22,2,105,1,8,0,995,0,7,0,76247,1,2,1,2,4,3,1,1,3,9,3,3,0,0,3,1,0,0,9,0,14,3,53,1,1,1,2,D,25,0,0,0,0,0,0,0,0,0,0,998,998,0,0,0,2,1,29,-27,-10,85131,998,-82,29,0,4,0,0,0,4,0,998,2.4,999,999,999,0.0,0.0,0.0,60.5925995988328,7,6
24076,13,122,1-13-2021-122-10,10,1,999999999999,99,99999,99999,74,999,99,399,9999,9,1,9,99,1,F,9,9999,9,9999,9,0,998,5,105,1,8,0,995,0,7,0,99999,9,9,1,2,3,1,2,1,1,9,1,3,0,0,2,1,0,0,9,0,1,3,51,99,1,1,2,D,24,0,0,0,0,0,0,0,0,0,0,270,270,0,0,0,1,0,999,999,999,9999999,999,999,999,9,0,95,95,95,95,0,995,9.8,998,998,998,99.8,99.8,99.8,11564.0160006731,7,6
24076,13,122,1-13-2021-122-10,10,2,2HNYD283X8H5,17,475,2147,7,0,54,421,2008,15,3,15,0,1,B,1,2064,5,0,1,1,15,2,105,1,8,0,995,0,7,0,76131,3,9,1,2,3,1,2,1,1,9,1,3,0,0,2,1,0,0,9,0,1,3,53,99,1,1,2,D,25,0,0,0,0,0,0,0,0,0,0,270,270,0,0,0,1,5,999,999,999,9999999,999,999,16,2,0,0,0,0,0,0,995,9.8,998,998,998,99.8,99.8,99.8,11564.0160006731,7,6
24076,13,122,1-13-2021-122-10,10,3,1G1FH1R70G01,17,467,1829,3,0,20,9,2016,2,1,4,0,1,F,9,1685,5,9999,9,0,998,5,105,1,8,0,995,0,7,0,76123,9,9,1,2,3,2,2,1,1,9,3,3,0,0,2,1,0,0,9,0,1,4,61,99,1,1,6,M,98,0,0,0,0,0,0,0,0,0,0,270,265,0,0,0,2,0,999,999,999,9999999,999,999,999,9,0,95,95,95,95,0,995,9.8,998,998,998,99.8,99.8,99.8,11564.0160006731,7,6
24077,24,175,1-24-2021-175-07,7,1,1HGCR2F70EA1,17,474,1861,13,0,37,32,2014,4,1,4,0,1,F,2,1496,5,0,1,1,18,2,64,1,0,0,995,0,0,0,08234,9,9,0,4,2,1,2,1,1,1,1,2,0,0,1,1,5,2,1,0,2,3,50,8,1,1,2,D,20,0,0,0,0,0,0,0,0,0,0,240,220,0,0,0,1,3,27,-27,0,45869,998,-6,28,0,4,0,0,0,0,0,995,9.8,998,998,998,99.8,99.8,99.8,2283.40031689236,1,6
24077,24,175,1-24-2021-175-07,7,2,2C4RC1BG5DR7,17,477,1936,2,0,6,441,2013,20,4,20,0,1,B,1,2115,5,9999,9,0,998,2,64,1,0,0,995,0,0,0,08205,9,9,0,4,2,1,2,1,1,1,1,2,0,0,1,1,5,2,9,0,5,3,53,1,1,1,2,D,21,0,0,0,0,0,0,0,0,0,0,220,240,0,0,0,1,3,19,18,6,38792,998,-95,18,0,4,0,0,0,0,0,995,9.8,998,998,998,99.8,99.8,99.8,2283.40031689236,1,6
24078,24,176,1-24-2021-176-07,7,1,1N4AA5AP7EC4,17,478,2302,13,0,35,39,2014,4,1,4,0,1,L,2,1621,5,0,1,1,18,2,80,1,0,0,995,0,9,0,99999,9,9,4,2,3,3,2,1,1,1,3,2,0,0,4,1,0,0,9,1,15,1,6,99,2,4,1,B,7,0,0,0,0,0,0,0,0,0,0,998,998,0,0,1,4,12,999,999,999,9999999,999,999,999,7,0,0,0,0,0,0,998,2.7,13,12,120,13.8,6.4,14.9,2283.40031689236,1,6
24079,24,177,1-24-2021-177-02,2,1,1FMZU73K13UC,17,460,1800,7,0,12,401,2003,14,3,14,0,1,F,1,1970,5,0,1,5,11,2,40,1,0,0,995,0,0,0,08401,9,9,2,4,2,1,2,1,1,9,0,0,0,0,1,1,2,2,9,0,1,2,17,99,1,1,5,L,88,0,0,0,0,0,0,0,0,0,0,160,60,0,0,0,1,1,10,-9,-5,20293,998,-109,13,0,1,0,0,0,0,0,995,9.8,998,998,998,99.8,99.8,99.8,124.154189955081,1,6