CASEID,PSU,CASENO,CASENUMBER,CATEGORY,VEHNO,VIN,VINLENGTH,VPICMAKE,VPICMODEL,VPICBODYCLASS,ICFINALBODY,MAKE,MODEL,MODELYR,BODYTYPE,BODYCAT,VEHCLASS,SPECUSE,TRANSTAT,DAMPLANE,DAMSEV,CURBWT,CURBSRC,CARGOWT,CARGOSRC,INSPTYPE,INSPLAG,TOWED,SPEEDLIMIT,DRPRESENT,PARALCOHOL,ALCTEST,ALCTESTRESULT,ALCTESTSRC,PARDRUG,DRUGTEST,ZIP,RACE,ETHNICITY,RELTOJUNCT,TRAFFLOW,RDLANES,INITLANE,SURFTYPE,SURFCOND,ALIGNMENT,PROFILE,LINERIGHT,LINELEFT,RUMBINIT,RUMBROAD,LIGHTCOND,WEATHER,TRAFDEV,TRAFFUNCT,DISTRACT,PREFHE,PREMOVE,CRITCAT,CRITEVENT,MANEUVER,PRESTAB,PRELOC,CRASHCAT,CRASHCONF,CRASHTYPE,ROLLTYPE,ROLLTURN,ROLLINTRPT,ROLLPREMAN,ROLLINITYP,ROLLINLOC,ROLLOBJ,ROLLTRIP,ROLLDIR,ROLLDIST,DVANGTHIS,DVANGOTH,TOWHITCH,TRAJDOC,TREEPOLE,DVEVENT,DVBASIS,DVTOTAL,DVLONG,DVLAT,DVENERGY,DVSPEED,DVMOMENT,DVBES,DVEST,DVCONF,VAIS,VISS,VINJURED,VTREAT,INITOBJCLASS,HEADANGLECAT,SHLDRWIDTH,STRKLENGTH,STRKWIDTH,STRKHEIGHT,EDGEDISTX,EDGEDISTY,EDGEDISTZ,CASEWGT,PSUSTRAT,VERSION
24152,24,178,1-24-2021-178-06,6,1,5TDKK3DC0GS7,17,448,2468,2,0,49,442,2016,20,4,20,0,1,F,1,1940,5,9999,9,0,998,5,40,1,0,0,995,0,0,0,08230,9,9,2,4,4,1,2,1,1,1,0,1,0,0,1,1,1,2,9,0,1,4,66,99,1,1,5,L,88,0,0,0,0,0,0,0,0,0,0,60,340,0,0,0,1,3,7,-6,-2,2632,998,-77,5,0,4,95,95,95,95,0,995,9.8,998,998,998,99.8,99.8,99.8,269.837936321999,1,6
24152,24,178,1-24-2021-178-06,6,2,1N4AL2AP4CN5,17,478,1904,13,0,35,47,2012,4,1,4,0,1,L,1,1437,5,0,1,1,14,2,40,1,0,0,995,0,0,0,08230,9,9,2,2,2,1,2,1,1,1,0,1,0,0,1,1,1,2,9,0,1,2,17,1,1,1,5,L,89,0,0,0,0,0,0,0,0,0,0,340,60,0,0,0,1,3,9,-2,9,6346,998,-13,10,0,4,9,97,0,5,0,995,9.8,998,998,998,99.8,99.8,99.8,269.837936321999,1,6
24153,24,179,1-24-2021-179-06,6,1,1BAKBCSH5MF3,17,505,2091,73,0,90,981,2021,50,7,50,2,1,F,9,,,,,,,2,72,1,0,0,995,0,0,0,08234,9,9,2,4,2,1,2,1,1,1,1,2,0,0,1,1,0,0,9,0,1,4,66,99,1,1,5,L,86,,,,,,,,,,,,,,,,,,,,,,,,,,,95,95,95,95,,,9.8,998,998,998,99.8,99.8,99.8,269.837936384572,1,6
24153,24,179,1-24-2021-179-06,6,2,2L1MJ5LK3EBL,17,464,1812,117,0,13,16,2014,12,2,5,0,1,R,3,9999,9,0,1,1,20,2,56,1,0,0,995,0,0,0,08232,1,1,2,4,2,1,2,1,1,1,1,2,1,0,1,1,2,2,1,0,1,2,17,7,1,1,5,L,87,0,0,0,0,0,0,0,0,0,0,200,100,0,0,0,1,5,999,999,999,9999999,999,999,121,5,0,0,0,0,3,0,995,9.8,998,998,998,99.8,99.8,99.8,269.837936384572,1,6
24156,13,123,1-13-2021-123-04,4,1,JM1GL1V56H11,17,473,2078,13,0,41,50,2017,4,1,4,0,1,F,2,1474,5,0,1,4,39,2,105,1,8,0,995,0,7,0,76111,9,1,1,2,3,1,2,1,1,9,1,1,0,1,3,1,0,0,9,1,1,2,12,99,1,4,1,B,6,0,0,0,0,0,0,0,0,0,0,998,998,0,0,0,1,12,999,999,999,9999999,999,999,999,7,0,0,0,0,0,0,998,0.4,999,999,999,0.0,0.0,0.0,6530.75892031199,7,6
24157,13,124,1-13-2021-124-06,6,1,1D4GP24R76B6,17,476,1942,9,0,7,442,2006,20,4,20,0,1,F,1,1742,5,9999,9,0,998,2,105,1,8,0,995,0,7,0,75062,1,9,1,3,1,1,1,1,2,9,1,1,0,0,2,1,0,0,9,0,14,3,52,99,1,1,2,D,28,0,0,0,0,0,0,0,0,0,0,210,210,0,0,0,1,3,23,-23,0,37155,998,0,23,0,4,0,0,0,0,0,995,9.8,998,998,998,99.8,99.8,99.8,3555.10376996183,7,6
24157,13,124,1-13-2021-124-06,6,2,19XFC2F57GE0,17,474,1863,13,0,37,31,2016,4,1,3,0,1,B,2,1244,5,0,1,1,7,2,105,1,8,0,995,0,7,0,75028,1,9,1,3,1,1,1,1,2,9,1,1,0,0,2,1,0,0,9,0,2,3,53,1,1,1,2,D,29,0,0,0,0,0,0,0,0,0,0,210,210,0,0,0,1,3,31,31,0,50493,998,31,31,0,2,99,99,0,0,0,995,9.8,998,998,998,99.8,99.8,99.8,3555.10376996183,7,6
24159,52,196,1-52-2021-196-03,3,1,2T3LWRFV0KW0,17,448,2217,7,0,49,402,2019,14,3,14,0,1,F,1,1703,5,0,1,1,12,2,40,1,1,0,995,0,0,0,59102,1,2,0,4,2,1,2,2,1,1,0,0,0,0,1,8,0,0,9,1,10,2,12,8,1,4,1,C,11,1,2,2,1,7,4,2,3,1,5,320,160,0,0,0,1,3,17,-17,0,13973,998,-79,12,0,4,0,0,0,4,1,995,9.8,998,998,998,99.8,99.8,99.8,39.3854966992311,12,6
24159,52,196,1-52-2021-196-03,3,2,1FTFW1EV8AFA,17,460,1801,60,0,12,481,2010,34,5,31,0,2,F,1,9999,9,9999,9,0,998,,,,,,,,,,,,,,,,,,,,,,,,,,,,,,,,,,,,,,,,,,,,,,,,,,,,,,,,,,,,,,,,,,95,95,95,95,,,,,,,,,,39.3854966992311,12,6
24160,52,197,1-52-2021-197-07,7,1,999999999999,99,99999,99999,999,0,99,399,9999,9,1,9,99,1,9,9,9999,9,9999,9,0,998,5,40,1,8,9,998,8,7,9,99999,9,9,2,4,2,1,2,1,3,1,0,2,0,0,1,8,0,0,9,1,10,2,10,99,9,2,3,I,64,0,0,0,0,0,0,0,0,0,0,310,120,0,0,0,1,0,999,999,999,9999999,999,999,999,9,0,95,95,95,95,0,995,9.8,998,998,998,99.8,99.8,99.8,217.140956628442,12,6
24160,52,197,1-52-2021-197-07,7,2,1G1PC5SB5F71,17,467,1832,13,0,20,25,2015,4,1,3,0,1,R,3,1399,5,0,1,1,8,2,40,1,0,0,995,0,0,0,59102,9,9,2,4,2,1,2,1,2,4,0,2,0,0,1,8,2,2,9,0,14,4,62,1,1,1,3,I,65,0,0,0,0,0,0,0,0,0,0,120,310,0,0,0,1,8,999,999,999,9999999,999,999,999,8,0,0,0,0,0,0,995,9.8,998,998,998,99.8,99.8,99.8,217.140956628442,12,6
24161,52,198,1-52-2021-198-03,3,1,3VWC57BU3KM1,17,482,3137,13,0,30,40,2019,4,1,3,0,1,L,9,1350,5,0,1,1,6,2,40,1,1,1,496,2,0,1,59102,1,1,0,4,2,1,2,1,1,1,0,0,0,0,3,1,0,0,9,1,1,2,12,2,1,4,1,B,6,0,0,0,0,0,0,0,0,0,0,170,0,0,0,0,1,8,999,999,999,9999999,999,999,999,9,0,0,0,0,3,0,995,9.8,998,998,998,99.8,99.8,99.8,39.3854966992311,12,6
24161,52,198,1-52-2021-198-03,3,2,CKY145S13315,13,99999,99999,11,0,99,499,1975,48,6,48,0,2,L,9,1725,5,9999,9,4,7,,,,,,,,,,,,,,,,,,,,,,,,,,,,,,,,,,,,,,,,,,,,,,,,,,,,,,,,,,,,,,,,,,95,95,95,95,,,,,,,,,,39.3854966992311,12,6
24162,73,92,1-73-2021-092-03,3,1,1C4BJWDGXFL6,17,483,1943,7,0,2,403,2015,14,3,14,0,1,F,1,2051,5,9999,9,0,998,5,56,1,8,0,995,0,7,0,04976,9,9,0,4,4,1,2,1,1,1,1,2,0,0,3,1,0,0,3,0,1,3,52,2,1,1,2,D,28,0,0,0,0,0,0,0,0,0,0,180,180,0,0,0,1,3,6,-6,0,2010,998,0,5,0,4,95,95,95,95,0,995,9.8,998,998,998,99.8,99.8,99.8,107.891958024656,3,6
24162,73,92,1-73-2021-092-03,3,2,4T1G11BK8MU0,17,448,2469,13,0,49,40,2021,4,1,4,0,1,B,1,1520,5,0,1,1,15,2,56,1,8,0,995,0,7,0,04976,9,9,0,4,4,1,2,1,1,1,1,2,0,0,3,1,0,0,1,0,1,3,53,99,1,1,2,D,29,0,0,0,0,0,0,0,0,0,0,180,180,0,0,0,1,3,7,7,0,4471,998,0,8,0,1,99,99,0,4,0,995,9.8,998,998,998,99.8,99.8,99.8,107.891958024656,3,6
24162,73,92,1-73-2021-092-03,3,3,5NPD84LF6JH2,17,498,2735,13,0,55,35,2018,4,1,3,0,1,B,9,1275,5,9999,9,0,998,5,56,1,8,0,995,0,7,0,04976,9,9,0,4,5,1,2,1,1,1,1,2,0,0,3,1,0,0,1,0,1,3,53,99,1,1,6,M,98,0,0,0,0,0,0,0,0,0,0,180,180,0,0,0,2,0,999,999,999,9999999,999,999,999,9,0,95,95,95,95,0,995,9.8,998,998,998,99.8,99.8,99.8,107.891958024656,3,6
24163,73,93,1-73-2021-093-06,6,1,KL4CJGSB7FB1,17,468,1842,7,0,18,404,2015,14,3,14,0,1,B,1,1523,5,9999,9,4,82,2,72,1,8,0,995,0,7,0,04426,9,9,0,4,2,1,4,8,1,2,0,0,0,0,1,2,0,0,1,1,13,2,13,99,1,4,6,M,92,0,0,0,0,0,0,0,0,0,0,998,998,0,0,1,1,12,999,999,999,9999999,999,999,999,6,0,0,0,0,4,0,998,0.0,13,13,120,10.8,3.4,11.3,219.423037256809,3,6
24164,25,110,1-25-2021-110-02,2,1,5J6RM4H78DL0,17,474,1865,7,0,37,402,2013,14,3,14,0,1,F,2,1583,5,9999,9,4,10,2,64,1,8,0,995,0,7,0,04046,9,9,2,1,2,2,2,1,1,1,1,2,0,0,1,1,1,2,3,0,1,2,17,99,1,1,4,K,83,0,0,0,0,0,0,0,0,0,0,270,160,0,0,0,1,12,999,999,999,9999999,999,999,999,7,0,1,1,0,8,0,995,0.0,999,999,999,1.6,0.0,1.6,70.9307046767581,2,6
24164,25,110,1-25-2021-110-02,2,2,3CZRU6H51MM7,17,474,9212,7,0,37,404,2021,14,3,14,0,1,L,2,1393,5,0,1,1,16,2,40,1,8,1,0,2,7,0,04074,9,9,2,1,1,1,2,1,1,1,1,2,0,0,1,1,1,2,1,0,11,4,66,4,1,1,4,K,82,0,0,0,0,0,0,0,0,0,0,160,270,0,0,0,1,12,999,999,999,9999999,999,999,999,7,0,2,8,0,3,0,995,9.8,998,998,998,99.8,99.8,99.8,70.9307046767581,2,6
24165,25,111,1-25-2021-111-04,4,1,2GCVKPEC9K11,17,467,25279,60,0,20,481,2019,34,5,31,0,1,F,1,2372,5,0,1,1,6,2,56,1,8,0,995,0,7,0,04092,9,9,3,5,3,1,2,1,1,1,1,2,0,0,4,1,0,0,1,1,1,4,67,4,1,4,4,K,83,0,0,0,0,0,0,0,0,0,0,110,350,0,0,0,1,1,23,-22,4,32014,998,-7,18,0,3,0,0,0,0,0,995,9.8,998,998,998,99.8,99.8,99.8,2517.74461020967,2,6
24165,25,111,1-25-2021-111-04,4,2,1GCVKREHXEZ1,17,467,1850,60,0,20,481,2014,34,5,31,0,1,L,1,2360,5,0,1,1,20,2,56,1,8,0,995,0,7,0,04239,9,9,3,4,2,1,2,1,1,1,0,0,0,0,4,1,0,0,1,0,11,2,15,2,1,1,4,K,82,0,0,0,0,0,0,0,0,0,0,350,110,0,0,0,1,1,23,-8,21,69603,998,-58,26,0,1,0,0,0,0,0,995,9.8,998,998,998,99.8,99.8,99.8,2517.74461020967,2,6
24166,28,95,1-28-2021-095-10,10,1,3B7HF13Z4TG1,17,476,1938,60,0,7,482,1996,34,5,31,0,1,T,3,2214,5,0,1,1,18,2,89,1,9,0,995,0,9,0,16936,1,2,0,4,2,1,5,1,2,4,0,0,0,0,1,1,0,0,1,1,14,2,12,4,3,4,1,B,7,1,3,2,2,1,4,61,1,2,12,997,997,0,0,0,1,6,999,999,999,9999999,999,999,999,8,0,0,0,0,0,3,997,0.0,11,11,-120,19.3,8.7,21.0,894.304050424448,3,6
24167,28,96,1-28-2021-096-04,4,1,1J8GR48K68C1,17,483,1949,7,0,2,404,2008,14,3,14,0,1,F,2,2014,5,0,1,1,15,2,72,1,0,0,995,0,0,0,16901,9,9,3,4,2,1,2,1,3,1,1,2,0,0,1,1,0,0,2,0,14,3,51,98,2,1,2,D,24,0,0,0,0,0,0,0,0,0,0,180,190,0,0,0,1,12,999,999,999,9999999,999,999,999,7,0,0,0,0,0,0,995,0.2,43,35,-30,1.0,3.4,3.6,129.536255471306,3,6
24167,28,96,1-28-2021-096-04,4,2,3C4PDCGBXLT2,17,476,1939,7,0,7,404,2020,14,3,14,0,1,B,2,1735,5,0,1,1,13,2,72,1,0,0,995,0,0,0,16946,9,9,3,4,2,1,2,1,3,1,1,2,0,0,1,1,0,0,1,0,14,3,53,99,1,1,2,D,25,0,0,0,0,0,0,0,0,0,0,190,180,0,0,0,1,12,999,999,999,9999999,999,999,999,7,0,0,0,0,0,0,995,9.8,998,998,998,99.8,99.8,99.8,129.536255471306,3,6
24168,16,106,1-16-2021-106-10,10,1,1NXBR32E03Z0,17,448,2208,13,0,49,32,2003,4,1,2,0,1,F,1,1130,5,0,1,1,12,2,40,1,0,0,995,0,0,0,45202,9,9,0,4,2,1,2,1,2,4,0,2,0,0,3,1,0,0,3,1,14,6,87,99,1,4,1,B,8,0,0,0,0,0,0,0,0,0,0,998,998,0,0,0,1,12,999,999,999,9999999,999,999,999,2,0,0,0,0,0,0,998,0.8,120,55,44,2.0,0.8,3.0,7983.35366520692,5,6
24170,24,182,1-24-2021-182-03,3,1,JN8AS5MV2AW6,17,478,1913,7,0,35,51,2010,6,1,3,0,1,R,9,1564,5,9999,9,0,998,5,80,1,0,0,995,0,0,0,08205,9,9,0,4,4,2,2,1,1,1,3,2,0,0,3,1,0,0,1,0,1,4,61,99,1,1,2,F,45,0,0,0,0,0,0,0,0,0,0,100,80,0,0,0,1,0,999,999,999,9999999,999,999,999,9,0,95,95,95,95,0,995,9.8,998,998,998,99.8,99.8,99.8,133.865895372961,1,6
24170,24,182,1-24-2021-182-03,3,2,2HGES16613H5,17,474,1863,13,0,37,31,2003,4,1,2,0,1,F,3,1151,5,0,1,1,21,2,80,1,0,0,995,0,0,0,08330,1,2,0,4,4,1,2,1,1,1,1,3,0,0,3,1,0,0,1,1,15,2,10,1,1,2,2,F,47,0,0,0,0,0,0,0,0,0,0,40,280,0,0,0,2,1,42,-40,-14,130058,998,-58,48,0,1,1,2,0,4,0,995,9.8,998,998,998,99.8,99.8,99.8,133.865895372961,1,6
24170,24,182,1-24-2021-182-03,3,3,1C4HJXEN0JW3,17,483,1943,7,0,2,403,2018,14,3,14,0,1,L,2,1948,5,68,1,1,30,2,80,1,0,0,995,0,0,0,08215,1,2,0,4,4,1,2,1,1,1,1,3,0,0,3,1,0,0,9,0,1,4,62,4,1,1,6,M,98,1,1,2,2,1,4,61,1,1,7,280,40,0,0,0,2,1,25,-19,16,30973,998,-56,18,0,1,1,1,0,4,3,995,0.0,999,999,999,2.5,1.4,2.7,133.865895372961,1,6
24171,32,130,1-32-2021-130-05,5,1,2C3CDYAG8EH1,17,476,1893,3,0,7,28,2014,2,1,5,0,1,F,3,1852,5,0,1,1,11,2,89,1,0,0,995,0,0,0,75237,2,2,1,3,4,1,1,2,3,2,1,3,0,0,3,2,0,0,9,1,14,3,50,3,1,4,2,D,20,0,0,0,0,0,0,0,0,0,0,335,335,0,0,0,1,3,64,-64,0,219448,998,0,52,0,4,2,5,0,4,0,995,9.8,998,998,998,99.8,99.8,99.8,368.21217776571,7,6
24171,32,130,1-32-2021-130-05,5,2,JN8AZ08T85W3,17,478,1914,8,0,35,49,2005,6,1,4,0,2,B,3,1744,5,9999,9,5,11,,,,,,,,,,,,,,,,,,,,,,,,,,,,,,,,,,,,,,,,,,,,,,,,,,,,,,,,,,,,,,,,,,95,95,95,95,,,,,,,,,,368.21217776571,7,6
24172,32,131,1-32-2021-131-09,9,1,999999999999,99,460,1780,13,0,12,23,9999,4,1,5,99,1,9,9,9999,9,9999,9,0,998,5,113,1,8,0,995,0,7,0,99999,9,9,1,2,3,1,2,1,1,4,1,3,0,0,1,1,0,0,9,0,1,4,74,99,1,1,2,D,32,0,0,0,0,0,0,0,0,0,0,999,999,0,0,0,99,0,999,999,999,9999999,999,999,999,9,0,95,95,95,95,0,999,9.8,998,998,998,99.8,99.8,99.8,11546.2496543568,7,6
24172,32,131,1-32-2021-131-09,9,2,3GNFK16T11G1,17,467,1851,7,0,20,431,2001,16,3,16,0,1,F,1,2424,5,0,1,1,9,2,113,1,0,0,995,0,0,0,75150,2,9,1,2,3,1,1,1,1,4,3,3,0,0,1,1,0,0,9,0,16,3,53,8,9,4,2,D,32,0,0,0,0,0,0,0,0,0,0,998,998,0,0,0,2,1,18,-17,-6,34880,998,-21,18,0,1,9,97,0,8,0,998,2.6,999,999,999,3.4,2.6,4.3,11546.2496543568,7,6
24173,24,183,1-24-2021-183-04,4,1,1GCWGAFGXL12,17,467,1848,95,0,20,461,2020,21,4,21,0,1,F,1,2400,5,0,1,1,15,2,64,1,0,0,995,0,0,0,08205,9,9,2,4,2,1,2,1,1,1,1,2,1,0,3,1,0,0,1,0,1,4,65,2,1,1,4,K,79,0,0,0,0,0,0,0,0,0,0,195,185,0,0,0,1,3,15,-15,0,19682,998,47,14,0,4,99,99,0,0,0,995,9.8,998,998,998,99.8,99.8,99.8,481.291944752876,1,6
24173,24,183,1-24-2021-183-04,4,2,JN1CV6AR2CM6,17,480,2337,13,0,58,37,2012,4,1,4,0,1,B,1,1745,5,9999,9,0,998,5,64,1,0,0,995,0,0,0,08232,9,9,2,4,2,1,2,1,1,1,1,2,1,0,3,1,2,2,2,0,10,2,16,99,1,1,4,K,78,0,0,0,0,0,0,0,0,0,0,185,195,0,0,0,1,3,22,22,4,37583,998,-46,23,0,4,95,95,95,95,0,995,9.8,998,998,998,99.8,99.8,99.8,481.291944752876,1,6
24174,27,98,1-27-2021-098-07,7,1,1C4RJFAG4CC3,17,483,1949,7,0,2,404,2012,14,3,14,0,1,F,1,2114,5,0,1,1,9,2,64,1,0,0,995,0,0,0,01245,9,9,0,4,2,1,2,2,3,2,1,2,0,0,2,1,0,0,1,0,14,6,87,99,1,1,1,C,13,0,0,0,0,0,0,0,0,0,0,998,998,0,0,0,1,10,999,999,999,9999999,999,-60,14,2,0,0,0,0,0,0,998,9.8,998,998,998,99.8,99.8,99.8,787.351186578619,3,6
24175,27,99,1-27-2021-099-10,10,1,KNDJ22AU3L70,17,499,2460,7,0,63,37,2020,6,1,2,0,1,B,1,1290,5,9999,9,0,998,5,64,1,0,0,995,0,0,0,12534,9,9,3,4,3,1,2,1,1,1,1,2,0,0,1,1,0,0,1,0,5,3,53,99,1,1,2,D,21,0,0,0,0,0,0,0,0,0,0,30,30,0,0,0,1,3,15,15,0,10368,998,0,14,0,4,95,95,95,95,0,995,9.8,998,998,998,99.8,99.8,99.8,2601.75868539296,3,6
24175,27,99,1-27-2021-099-10,10,2,JHLRE4H7XBC0,17,474,1865,7,0,37,402,2011,14,3,14,0,1,F,1,1604,5,0,1,1,10,2,64,1,0,0,995,0,0,0,01230,9,9,3,4,3,1,2,1,1,1,1,2,0,0,1,1,0,0,9,0,1,3,50,99,1,1,2,D,20,0,0,0,0,0,0,0,0,0,0,30,30,0,0,0,1,3,12,-12,0,9384,998,7,12,0,4,0,0,0,0,0,995,9.8,998,998,998,99.8,99.8,99.8,2601.75868539296,3,6
24176,14,89,1-14-2021-089-01,1,1,2FMHK6D88EBD,17,460,1802,7,0,12,25,2014,6,1,5,0,1,F,3,2195,5,9999,9,5,38,2,105,1,9,8,997,8,9,3,78258,1,9,0,4,4,1,2,1,1,1,1,3,0,0,2,1,0,0,9,1,1,2,13,99,1,4,1,A,1,0,0,0,0,0,0,0,0,0,0,998,998,0,0,1,1,1,145,-145,0,1901082,998,-29,144,0,4,9,97,0,1,0,998,0.2,999,45,120,48.9,2.1,49.1,402.799692153459,8,6
24177,31,91,1-31-2021-091-07,7,1,1G1PF5SC8C71,17,467,1832,13,0,20,25,2012,4,1,3,0,1,F,1,1407,5,9999,9,1,18,2,89,1,0,0,995,0,0,0,62869,9,9,0,4,2,1,2,1,1,1,1,4,0,0,2,1,0,0,9,1,1,2,13,2,2,4,1,A,1,0,0,0,0,0,0,0,0,0,0,998,998,0,0,7,1,8,999,999,999,9999999,999,999,999,6,0,0,0,0,0,0,998,0.3,23,23,999,18.9,9.3,21.0,1270.51474825678,6,6
24178,31,92,1-31-2021-092-06,6,1,1C3CDZCB2DN6,17,476,1892,13,0,7,26,2013,4,1,3,0,1,F,3,1539,5,0,1,1,8,2,89,1,0,0,995,0,0,0,62859,9,9,3,4,2,1,2,1,1,1,1,4,0,0,2,1,0,0,3,0,1,3,52,2,1,1,2,D,28,0,0,0,0,0,0,0,0,0,0,310,310,0,0,0,1,1,40,-40,0,94633,998,0,38,0,4,2,6,0,3,0,995,9.8,998,998,998,99.8,99.8,99.8,432.916006790468,6,6
24178,31,92,1-31-2021-092-06,6,2,2G4WS52J5Y11,17,468,8843,13,0,18,7,2000,4,1,3,0,1,B,3,1528,5,9999,9,1,8,2,89,1,0,0,995,0,0,0,62837,9,9,3,4,2,1,2,1,1,1,1,4,0,0,2,1,0,0,9,0,2,2,15,1,1,1,2,D,30,0,0,0,0,0,0,0,0,0,0,310,310,0,0,0,1,1,41,41,0,117959,998,0,43,0,4,0,0,0,0,0,995,9.8,998,998,998,99.8,99.8,99.8,432.916006790468,6,6
24179,21,163,1-21-2021-163-05,5,1,5NPEB4AC8DH6,17,498,2459,13,0,55,33,2013,4,1,4,0,1,F,3,1475,5,9999,9,4,44,2,56,1,0,0,995,0,0,0,92324,2,9,0,4,5,2,2,1,1,1,1,1,0,0,1,5,1,2,1,1,1,1,8,1,1,4,1,B,6,0,0,0,0,0,0,0,0,0,0,355,100,0,1,0,5,98,999,999,999,9999999,999,999,999,8,0,1,1,0,4,0,995,0.0,50,15,15,0.0,0.0,0.0,183.689997620407,11,6
24179,21,163,1-21-2021-163-05,5,2,1GNES16S7461,17,467,4548,7,0,20,403,2004,14,3,14,0,1,R,2,2165,5,9999,9,4,44,2,0,1,0,0,995,0,0,0,92324,9,9,3,3,2,2,1,1,1,4,0,0,0,0,1,5,0,0,9,0,1,4,66,1,1,1,6,M,98,0,0,0,0,0,0,0,0,0,0,100,355,0,1,0,5,98,999,999,999,9999999,999,999,999,7,0,9,97,0,99,0,995,0.0,88,35,15,0.0,0.0,0.0,183.689997620407,11,6
24180,21,164,1-21-2021-164-02,2,1,WA1AAAF71HD0,17,582,3679,7,0,32,401,2017,14,3,14,0,1,F,2,2240,5,9999,9,4,39,2,105,1,0,1,0,2,0,1,92373,1,9,1,2,4,3,1,1,3,1,3,3,0,0,1,1,0,0,9,1,14,2,13,1,1,4,1,A,1,0,0,0,0,0,0,0,0,0,0,998,998,0,0,5,1,98,999,999,999,9999999,999,999,999,7,0,3,11,1,3,0,998,2.9,999,999,999,9.4,8.5,12.7,79.9643302867458,11,6
24182,18,104,1-18-2021-104-02,2,1,5J6RW2H87ML0,17,474,1865,7,0,37,402,2021,14,3,14,0,1,F,2,1580,5,0,1,1,9,2,56,1,0,0,995,0,0,0,54703,1,9,0,4,2,1,2,1,2,2,0,0,0,0,1,1,6,2,3,1,14,2,12,4,1,4,1,B,6,0,0,0,0,0,0,0,0,0,0,998,998,0,0,1,1,1,29,-29,0,52125,998,-2,29,0,1,9,97,0,8,0,998,1.0,88,88,120,9.0,0.4,9.1,48.5556827782631,6,6
24183,29,100,1-29-2021-100-07,7,1,2C4RC1BG3DR6,17,477,1936,2,0,6,441,2013,20,4,20,0,1,F,1,2115,5,0,1,1,5,2,48,1,8,0,995,0,7,9,02745,9,9,2,5,3,2,2,1,1,9,1,2,0,0,3,1,1,2,2,0,11,2,15,1,1,1,4,J,68,0,0,0,0,0,0,0,0,0,0,310,180,0,0,0,1,1,13,-12,-4,12207,998,-31,12,0,4,0,0,0,0,0,995,9.8,998,998,998,99.8,99.8,99.8,2905.59071608008,2,6
24183,29,100,1-29-2021-100-07,7,2,1J8GR48K98C2,17,483,1949,7,0,2,404,2008,14,3,14,0,1,F,1,2014,5,0,1,1,6,2,48,1,8,0,995,0,7,0,02745,9,9,2,5,3,1,2,1,1,9,1,2,0,0,3,1,1,2,1,0,1,4,62,4,2,1,4,J,69,0,0,0,0,0,0,0,0,0,0,180,310,0,0,0,1,1,13,-11,7,20238,998,78,14,0,4,0,0,0,0,0,995,9.8,998,998,998,99.8,99.8,99.8,2905.59071608008,2,6
24185,20,163,1-20-2021-163-06,6,1,1N4AL2AP5CN4,17,478,1904,13,0,35,47,2012,4,1,4,0,1,F,2,1437,5,0,1,1,21,2,105,1,0,0,995,0,0,0,95045,1,2,0,2,2,2,1,1,1,9,3,2,1,3,1,1,0,0,1,0,1,3,50,2,1,1,2,D,20,0,0,0,0,0,0,0,0,0,0,195,195,0,0,0,1,3,26,-26,0,23983,998,0,20,0,4,0,0,0,0,0,995,9.8,998,998,998,99.8,99.8,99.8,421.040482327148,11,6
24185,20,163,1-20-2021-163-06,6,2,3FA6P0G79ER1,17,460,1780,13,0,12,23,2014,4,1,4,0,1,B,2,1554,5,9999,9,0,998,5,105,1,0,0,995,0,0,0,93933,9,9,0,2,2,2,1,1,1,9,3,2,1,3,1,1,0,0,1,0,5,3,53,1,1,1,2,D,21,0,0,0,0,0,0,0,0,0,0,195,195,0,0,0,1,3,25,25,0,54653,998,0,30,0,4,95,95,95,95,0,995,9.8,998,998,998,99.8,99.8,99.8,421.040482327148,11,6
24185,20,163,1-20-2021-163-06,6,3,4T1BE46K57U0,17,448,2469,13,0,49,40,2007,4,1,3,0,1,B,9,1490,5,9999,9,0,998,5,105,1,0,0,995,0,0,0,93905,9,9,0,2,2,2,1,1,1,9,3,2,1,3,1,1,0,0,1,0,5,3,53,1,1,1,6,M,98,0,0,0,0,0,0,0,0,0,0,195,195,0,0,0,2,0,999,999,999,9999999,999,999,999,9,0,95,95,95,95,0,995,9.8,998,998,998,99.8,99.8,99.8,421.040482327148,11,6
24185,20,163,1-20-2021-163-06,6,4,JN1CV6EK4EM1,17,480,1902,3,0,58,42,2014,2,1,4,0,1,B,9,1652,5,9999,9,0,998,5,105,1,0,0,995,0,0,0,93955,9,9,0,2,2,2,1,1,1,9,3,2,1,3,1,1,0,0,1,0,5,3,53,1,1,1,6,M,98,0,0,0,0,0,0,0,0,0,0,195,195,0,0,0,3,0,999,999,999,9999999,999,999,999,9,0,95,95,95,95,0,995,9.8,998,998,998,99.8,99.8,99.8,421.040482327148,11,6
24186,20,164,1-20-2021-164-05,5,1,4T3ZA3BB7CU0,17,448,3005,7,0,49,53,2012,5,1,4,0,1,F,2,1705,5,0,1,1,57,2,56,1,9,9,998,8,9,9,93906,2,9,2,5,5,1,2,1,1,1,0,3,0,0,1,1,0,0,1,1,1,2,13,99,1,4,1,A,1,1,1,2,6,6,4,59,2,1,6,998,998,0,1,2,3,10,999,999,999,9999999,999,999,999,7,0,3,9,1,8,3,998,0.0,14,14,999,0.9,0.6,1.1,41.7682909515469,11,6