CASEID,PSU,CASENO,CASENUMBER,CATEGORY,VEHNO,VIN,VINLENGTH,VPICMAKE,VPICMODEL,VPICBODYCLASS,ICFINALBODY,MAKE,MODEL,MODELYR,BODYTYPE,BODYCAT,VEHCLASS,SPECUSE,TRANSTAT,DAMPLANE,DAMSEV,CURBWT,CURBSRC,CARGOWT,CARGOSRC,INSPTYPE,INSPLAG,TOWED,SPEEDLIMIT,DRPRESENT,PARALCOHOL,ALCTEST,ALCTESTRESULT,ALCTESTSRC,PARDRUG,DRUGTEST,ZIP,RACE,ETHNICITY,RELTOJUNCT,TRAFFLOW,RDLANES,INITLANE,SURFTYPE,SURFCOND,ALIGNMENT,PROFILE,LINERIGHT,LINELEFT,RUMBINIT,RUMBROAD,LIGHTCOND,WEATHER,TRAFDEV,TRAFFUNCT,DISTRACT,PREFHE,PREMOVE,CRITCAT,CRITEVENT,MANEUVER,PRESTAB,PRELOC,CRASHCAT,CRASHCONF,CRASHTYPE,ROLLTYPE,ROLLTURN,ROLLINTRPT,ROLLPREMAN,ROLLINITYP,ROLLINLOC,ROLLOBJ,ROLLTRIP,ROLLDIR,ROLLDIST,DVANGTHIS,DVANGOTH,TOWHITCH,TRAJDOC,TREEPOLE,DVEVENT,DVBASIS,DVTOTAL,DVLONG,DVLAT,DVENERGY,DVSPEED,DVMOMENT,DVBES,DVEST,DVCONF,VAIS,VISS,VINJURED,VTREAT,INITOBJCLASS,HEADANGLECAT,SHLDRWIDTH,STRKLENGTH,STRKWIDTH,STRKHEIGHT,EDGEDISTX,EDGEDISTY,EDGEDISTZ,CASEWGT,PSUSTRAT,VERSION
24187,20,165,1-20-2021-165-03,3,1,WAUAUGFFXJ10,17,582,3676,13,0,32,48,2018,4,1,2,0,1,F,2,1440,5,0,1,1,59,2,56,1,1,9,998,8,9,9,93901,9,1,0,4,2,1,2,1,1,1,1,2,0,0,3,1,6,2,9,1,1,2,11,99,1,4,1,C,11,0,0,0,0,0,0,0,0,0,0,0,0,0,0,0,1,3,26,-26,-5,22801,998,15,20,0,4,99,99,0,8,0,995,9.8,998,998,998,99.8,99.8,99.8,208.87708348032,11,6
24187,20,165,1-20-2021-165-03,3,2,4T1BE46K87U0,17,448,2469,13,0,49,40,2007,4,1,3,0,2,B,2,1490,5,9999,9,0,998,,,,,,,,,,,,,,,,,,,,,,,,,,,,,,,,,,,,,,,,,,,,,,,,,,,,,,,,,,,,,,,,,,95,95,95,95,,,,,,,,,,208.87708348032,11,6
24188,20,166,1-20-2021-166-03,3,1,1GYKNERS9JZ2,17,469,11442,7,0,19,401,2018,14,3,14,0,1,L,1,1814,5,0,1,1,45,2,48,1,0,0,995,0,0,0,93908,9,1,2,1,6,3,2,1,1,4,1,1,0,0,3,1,1,2,1,0,1,2,17,1,1,1,5,L,89,1,1,2,5,1,1,61,1,2,10,115,200,0,0,0,1,3,9,-2,9,14209,998,90,12,0,4,99,99,0,99,3,995,9.8,998,998,998,99.8,99.8,99.8,208.87708348032,11,6
24188,20,166,1-20-2021-166-03,3,2,JM1NB3532Y01,17,473,2072,1,0,41,45,2000,1,1,1,0,1,F,1,1047,5,9999,9,0,998,7,64,1,0,1,0,2,0,2,93950,1,2,2,1,7,2,2,1,1,2,3,1,0,0,3,1,1,2,1,0,1,4,66,1,1,1,5,L,88,0,0,0,0,0,0,0,0,0,0,200,115,0,0,0,1,3,16,-15,-6,9968,998,-63,13,0,4,2,9,0,3,0,995,9.8,998,998,998,99.8,99.8,99.8,208.87708348032,11,6
24189,76,83,1-76-2021-083-04,4,1,3C4PDCBB0KT8,17,476,1939,7,0,7,404,2019,14,3,14,0,1,F,1,1735,5,0,1,1,9,2,48,1,8,9,998,8,7,9,10452,9,9,0,4,2,1,2,1,3,1,1,2,0,0,2,1,0,0,9,0,14,6,87,99,1,1,1,C,13,0,0,0,0,0,0,0,0,0,0,998,998,0,0,0,1,12,999,999,999,9999999,999,999,999,6,0,0,0,0,0,0,998,9.8,998,998,998,99.8,99.8,99.8,32.3645766496496,3,6
24190,76,84,1-76-2021-084-10,10,1,WAUFJ84A0PN0,17,582,8057,15,0,32,32,1993,6,1,3,0,1,F,1,1765,8,0,1,1,14,2,89,1,8,9,998,8,7,9,13346,9,9,0,4,2,1,2,4,1,4,1,4,1,0,1,4,0,0,9,1,1,1,6,99,2,4,1,B,7,0,0,0,0,0,0,0,0,0,0,998,998,0,1,0,2,1,12,-12,0,9579,998,0,12,0,1,0,0,0,0,0,998,2.8,120,98,-94,5.8,1.7,6.1,223.441474996671,3,6
24192,26,182,1-26-2021-182-02,2,1,1HGCR2F50GA0,17,474,1861,13,0,37,32,2016,4,1,4,0,1,F,2,1496,5,9999,9,4,38,2,113,1,1,8,997,8,0,0,95377,9,9,0,1,2,1,2,1,1,2,1,3,2,3,2,1,0,0,9,0,1,3,51,99,9,1,2,D,24,0,0,0,0,0,0,0,0,0,0,170,170,0,0,0,1,12,999,999,999,9999999,999,999,999,7,0,1,2,0,4,0,995,9.8,998,998,998,99.8,99.8,99.8,24.3778053673952,10,6
24192,26,182,1-26-2021-182-02,2,2,1GCGSCEN6H12,17,467,4086,60,0,20,473,2017,34,5,30,0,1,B,2,1833,5,9999,9,4,38,2,113,1,0,1,0,2,0,1,92054,3,9,0,1,2,1,2,1,1,2,1,3,2,3,2,1,0,0,1,0,1,3,53,1,1,1,2,D,25,1,4,2,2,1,3,61,1,1,21,170,170,0,0,0,1,12,999,999,999,9999999,999,999,999,7,0,3,14,1,4,3,995,9.8,998,998,998,99.8,99.8,99.8,24.3778053673952,10,6
24193,26,183,1-26-2021-183-05,5,1,19XFB2F57DE2,17,474,1863,13,0,37,31,2013,4,1,3,0,1,L,1,1236,5,0,1,1,34,2,72,1,0,0,995,0,0,0,95824,9,1,3,4,2,1,2,1,1,1,0,0,0,0,1,1,0,0,2,0,11,2,15,8,1,1,4,K,82,0,0,0,0,0,0,0,0,0,0,205,320,0,0,0,1,3,16,-6,15,19573,998,-56,18,0,4,1,1,0,4,0,995,9.8,998,998,998,99.8,99.8,99.8,59.3193461481909,10,6
24193,26,183,1-26-2021-183-05,5,2,2CNDL73F5561,17,467,1847,7,0,20,404,2005,14,3,14,0,1,F,1,1660,5,9999,9,0,998,2,72,1,0,1,0,2,0,0,95820,1,9,3,5,5,2,2,1,1,1,3,2,0,0,1,1,0,0,9,0,1,4,72,99,1,1,4,K,83,0,0,0,0,0,0,0,0,0,0,320,205,0,0,0,1,3,13,-13,0,7400,998,0,10,0,4,1,2,0,4,0,995,9.8,998,998,998,99.8,99.8,99.8,59.3193461481909,10,6
24194,26,184,1-26-2021-184-03,3,1,5XXGT4L38HG1,17,499,2739,13,0,63,34,2017,4,1,4,0,1,F,2,1463,5,0,1,1,46,2,105,1,1,1,228,2,0,1,95112,2,9,0,1,2,1,2,1,1,9,1,3,2,3,2,1,0,0,9,0,1,3,51,99,9,1,2,D,24,0,0,0,0,0,0,0,0,0,0,170,170,0,0,0,1,5,999,999,999,9999999,999,999,27,3,0,1,2,0,4,0,995,9.8,998,998,998,99.8,99.8,99.8,567.204192641742,10,6
24194,26,184,1-26-2021-184-03,3,2,999999999999,99,99999,99999,66,0,99,884,9999,78,8,78,99,1,B,9,,,,,,,5,105,1,9,0,995,0,9,0,99999,9,9,0,1,2,1,2,1,1,9,1,3,2,3,2,1,0,0,9,0,1,3,53,99,9,1,2,D,25,,,,,,,,,,,,,,,,,,,,,,,,,,,95,95,95,95,,,9.8,998,998,998,99.8,99.8,99.8,567.204192641742,10,6
24195,52,199,1-52-2021-199-03,3,1,3GNAXVEX2LL2,17,467,1847,7,0,20,404,2020,14,3,14,0,1,F,2,1637,5,0,1,1,12,2,56,1,1,1,144,2,1,2,59105,1,2,2,5,5,3,2,1,1,1,4,4,0,0,3,1,0,0,1,0,1,4,67,2,1,1,4,K,83,0,0,0,0,0,0,0,0,0,0,90,295,0,0,0,1,1,26,-25,-9,92917,998,-47,33,0,1,1,1,0,4,0,995,9.8,998,998,998,99.8,99.8,99.8,39.3854966992311,12,6
24195,52,199,1-52-2021-199-03,3,2,2FMDK49C58BA,17,460,1797,7,0,12,24,2008,6,1,4,0,1,F,2,1853,5,0,1,1,12,2,56,1,0,0,995,0,0,0,59101,9,9,2,4,2,1,2,1,1,1,0,0,0,0,3,1,2,2,2,0,11,2,15,1,1,1,4,K,82,0,0,0,0,0,0,0,0,0,0,295,90,0,0,0,1,1,25,-25,4,14221,998,-15,13,0,1,0,0,0,0,0,995,9.8,998,998,998,99.8,99.8,99.8,39.3854966992311,12,6
24197,30,117,1-30-2021-117-06,6,1,2G1FA1E37F93,17,467,1829,3,0,20,9,2015,2,1,4,0,1,R,2,1815,5,9999,9,4,160,2,72,1,0,0,995,0,0,0,85354,9,9,2,5,7,4,2,1,1,1,4,4,0,0,1,1,0,0,1,0,11,2,15,99,1,1,4,J,68,0,0,0,0,0,0,0,0,0,0,30,270,0,0,0,1,98,999,999,999,9999999,999,999,999,7,0,0,0,0,0,0,995,9.8,998,998,998,99.8,99.8,99.8,932.402120985696,10,6
24197,30,117,1-30-2021-117-06,6,2,1G1PC5SB4E73,17,467,1832,13,0,20,25,2014,4,1,3,0,1,F,2,1407,5,9999,9,4,160,2,72,1,0,0,995,0,0,0,85382,9,9,2,5,7,1,2,1,1,1,0,3,0,0,1,1,0,0,1,0,1,4,62,99,1,1,4,J,69,0,0,0,0,0,0,0,0,0,0,270,30,0,0,0,1,98,999,999,999,9999999,999,999,999,7,0,9,97,0,99,0,995,9.8,998,998,998,99.8,99.8,99.8,932.402120985696,10,6
24198,16,108,1-16-2021-108-03,3,1,MAJ6P1UL8JC2,17,460,17774,7,0,12,403,2018,14,3,14,0,1,F,1,1370,5,0,1,1,33,2,89,1,0,0,995,0,0,0,45242,9,9,0,2,3,1,2,1,3,2,1,3,2,3,3,1,0,0,1,0,14,3,52,2,1,1,2,D,28,0,0,0,0,0,0,0,0,0,0,25,25,0,0,0,1,3,18,-18,0,12819,998,5,15,0,4,9,97,0,5,0,995,9.8,998,998,998,99.8,99.8,99.8,470.461304123533,5,6
24198,16,108,1-16-2021-108-03,3,2,2FMTK4G98FBC,17,460,1797,7,0,12,24,2015,6,1,4,0,1,B,1,1841,5,9999,9,0,998,5,89,1,0,0,995,0,0,0,45242,9,9,0,2,3,1,2,1,3,2,1,3,2,3,3,1,0,0,1,0,2,3,53,99,1,1,2,D,29,0,0,0,0,0,0,0,0,0,0,25,25,0,0,0,1,3,14,14,0,20279,998,0,17,0,4,95,95,95,95,0,995,9.8,998,998,998,99.8,99.8,99.8,470.461304123533,5,6
24199,18,105,1-18-2021-105-04,4,1,JF2SJAGC8JH4,17,523,2234,7,0,48,401,2018,14,3,14,0,1,F,1,1498,5,0,1,1,19,2,113,1,0,0,995,0,0,0,54868,1,9,0,1,2,1,2,1,1,1,1,3,2,3,5,1,0,0,9,0,1,6,87,3,1,1,1,C,13,0,0,0,0,0,0,0,0,0,0,998,998,0,0,0,1,10,999,999,999,9999999,999,34,13,2,0,0,0,0,0,0,998,9.8,998,998,998,99.8,99.8,99.8,914.77883482047,6,6
24200,23,137,1-23-2021-137-03,3,1,3KPF24AD7KE0,17,499,2462,13,0,63,38,2019,4,1,3,0,1,F,1,1253,5,0,1,1,9,2,113,1,0,0,995,0,0,0,44905,9,9,0,2,3,3,2,1,1,1,3,2,1,3,1,8,0,0,1,1,1,2,12,99,9,4,1,B,6,0,0,0,0,0,0,0,0,0,0,998,998,0,0,0,1,10,999,999,999,9999999,999,24,15,2,0,9,97,0,99,0,998,3.0,999,999,999,25.0,4.9,26.3,279.396941078119,5,6
24201,26,185,1-26-2021-185-03,3,1,KNDCB3LC6H50,17,499,15705,7,0,63,403,2017,14,3,14,0,1,L,9,1436,5,9999,9,0,998,2,48,1,0,0,995,0,0,0,95823,1,2,2,3,3,1,2,2,1,1,0,3,0,0,3,2,0,0,2,0,11,2,15,1,1,2,4,J,72,0,0,0,0,0,0,0,0,0,0,335,355,0,0,0,1,0,999,999,999,9999999,999,999,999,9,0,1,2,0,6,0,995,9.8,998,998,998,99.8,99.8,99.8,567.204192641742,10,6
24201,26,185,1-26-2021-185-03,3,2,ZFBHRFBB7K6M,17,496,2050,9,0,7,444,2019,20,4,20,0,1,R,9,1610,5,9999,9,0,998,2,48,1,0,0,995,0,0,0,95822,1,9,2,3,3,2,2,2,1,1,3,3,0,0,3,2,0,0,1,0,1,4,61,1,1,1,4,J,73,0,0,0,0,0,0,0,0,0,0,355,335,0,1,0,1,0,999,999,999,9999999,999,999,999,9,0,0,0,0,0,0,995,0.0,29,16,13,0.0,0.0,0.0,567.204192641742,10,6
24207,23,138,1-23-2021-138-09,9,1,KMHDH4AE4BU1,17,498,2735,13,0,55,35,2011,4,1,3,0,1,R,2,1265,5,0,1,4,40,3,72,1,8,0,995,0,7,0,43017,9,9,0,4,2,1,2,1,1,4,1,2,0,0,1,1,0,0,1,1,1,2,13,99,2,4,1,A,1,0,0,0,0,0,0,0,0,0,0,998,998,0,0,0,1,12,999,999,999,9999999,999,999,999,7,0,0,0,0,5,0,998,0.1,120,30,75,28.4,2.8,29.3,903.559156964326,5,6
24208,23,139,1-23-2021-139-09,9,1,1FTRW08L92KB,17,460,1801,60,0,12,481,2002,34,5,31,0,1,R,3,2102,5,0,1,1,11,2,89,1,1,2,996,1,0,0,43315,9,9,0,4,2,1,2,1,1,1,0,0,0,0,2,1,0,0,1,1,1,2,12,99,3,4,1,B,6,1,2,1,2,1,4,61,1,2,2,996,996,0,0,2,3,7,999,999,999,9999999,999,999,999,8,0,9,97,0,5,3,996,0.3,3,3,120,17.0,3.3,17.6,903.559156964326,5,6
24209,23,140,1-23-2021-140-07,7,1,5YJSA1E24GF1,17,441,1685,5,0,29,5,2016,5,1,5,0,1,F,1,2085,5,0,1,1,14,2,113,1,8,0,995,0,7,0,44907,1,2,0,2,3,2,2,1,1,1,3,3,0,3,2,1,0,0,1,0,1,6,87,1,1,1,1,C,13,0,0,0,0,0,0,0,0,0,0,998,998,0,0,0,1,10,999,999,999,9999999,999,42,16,2,0,0,0,0,0,0,998,9.8,998,998,998,99.8,99.8,99.8,707.233390348893,5,6
24213,77,100,1-77-2021-100-06,6,1,4T1BE32K52U6,17,448,2469,13,0,49,40,2002,4,1,3,0,1,F,1,1435,5,0,1,1,4,2,56,1,0,0,995,0,0,0,22911,1,2,2,4,3,2,2,2,1,1,1,2,0,0,1,1,2,2,2,0,11,2,15,1,1,1,4,K,76,0,0,0,0,0,0,0,0,0,0,195,135,0,0,0,1,3,14,-13,-7,9947,998,-52,12,0,4,0,0,0,0,0,995,9.8,998,998,998,99.8,99.8,99.8,979.844849732498,9,6
24213,77,100,1-77-2021-100-06,6,2,JF2GTANC0K82,17,523,13580,7,0,48,403,2019,14,3,14,0,1,L,1,1500,5,9999,9,0,998,5,56,1,0,0,995,0,0,0,22911,9,9,2,1,4,2,2,2,1,1,1,3,0,0,1,1,0,0,1,0,1,4,65,99,1,1,4,K,77,0,0,0,0,0,0,0,0,0,0,135,195,0,0,0,1,3,14,0,14,16081,998,-26,16,0,4,95,95,95,95,0,995,9.8,998,998,998,99.8,99.8,99.8,979.844849732498,9,6
24213,77,100,1-77-2021-100-06,6,3,5FNRL5H26CB0,17,474,1869,2,0,37,441,2012,20,4,20,0,1,L,1,1969,5,0,1,1,3,2,56,1,0,0,995,0,0,0,22923,9,9,2,1,4,4,2,2,1,1,1,0,0,0,1,1,0,0,1,0,5,4,62,1,1,1,6,M,98,0,0,0,0,0,0,0,0,0,0,320,80,0,0,0,3,3,5,-1,5,9147,998,-229,6,0,4,99,99,0,0,0,995,9.8,998,998,998,99.8,99.8,99.8,979.844849732498,9,6
24214,54,82,1-54-2021-082-01,1,1,JN1BJ1CP2KW2,17,478,17214,5,0,35,404,2019,14,3,14,0,1,R,3,1550,5,0,1,1,5,2,72,1,0,0,995,0,0,0,35653,1,9,2,4,2,1,2,2,1,1,1,2,0,0,1,8,2,2,9,0,1,2,17,99,1,1,5,L,87,0,0,0,0,0,0,0,0,0,0,180,80,0,1,0,1,1,63,-31,-54,239615,998,10,62,0,1,9,0,0,1,0,995,9.8,998,998,998,99.8,99.8,99.8,167.175914323485,9,6
24214,54,82,1-54-2021-082-01,1,2,1FTPW14544KD,17,460,1801,60,0,12,481,2004,34,5,31,0,1,F,2,2495,5,0,1,1,33,2,105,1,0,0,995,0,0,0,38847,1,9,2,1,4,2,2,2,1,1,1,3,0,0,1,8,0,0,9,0,1,4,66,99,1,1,5,L,86,0,0,0,0,0,0,0,0,0,0,80,180,0,1,0,1,1,38,-36,13,189034,998,77,39,0,1,9,97,0,8,0,995,9.8,998,998,998,99.8,99.8,99.8,167.175914323485,9,6
24215,54,83,1-54-2021-083-09,9,1,1G2ZF58B1742,17,536,4263,13,0,22,22,2007,4,1,4,0,1,F,3,1507,5,0,1,1,35,2,89,1,0,0,995,0,0,0,35653,2,9,2,4,2,1,2,1,1,1,1,2,0,0,1,1,2,2,9,0,1,2,17,99,1,1,5,L,88,0,0,0,0,0,0,0,0,0,0,50,310,0,1,0,1,5,999,999,999,9999999,999,999,42,4,0,9,97,0,8,0,995,9.8,998,998,998,99.8,99.8,99.8,573.05503383674,9,6
24215,54,83,1-54-2021-083-09,9,2,1HSHBAHN03H5,17,526,9520,66,0,84,881,2003,66,8,68,0,1,L,9,,,,,,,2,89,1,0,0,995,0,0,0,35630,9,9,2,1,2,2,2,1,1,1,3,2,1,1,1,1,0,0,9,0,1,4,66,2,1,1,5,L,89,,,,,,,,,,,,,,,,,,,,,,,,,,,95,95,95,95,,,9.8,998,998,998,99.8,99.8,99.8,573.05503383674,9,6
24216,59,72,1-59-2021-072-03,3,1,2CNDL73F4560,17,467,1847,7,0,20,404,2005,14,3,14,0,1,F,2,1660,5,0,1,1,8,2,72,1,0,0,995,0,0,0,47885,9,9,0,1,2,2,2,1,1,1,3,2,0,0,1,8,0,0,1,0,1,3,52,1,1,1,2,D,28,0,0,0,0,0,0,0,0,0,0,80,80,0,0,0,1,1,26,-26,0,29927,998,0,21,0,1,0,0,0,0,0,995,9.8,998,998,998,99.8,99.8,99.8,458.028248425612,6,6
24216,59,72,1-59-2021-072-03,3,2,3GNAXHEV3JS5,17,467,1847,7,0,20,404,2018,14,3,14,0,1,B,2,1508,5,0,1,1,16,2,72,1,0,0,995,0,0,0,47885,9,9,0,1,2,2,2,1,1,1,3,2,0,0,1,8,0,0,1,0,1,3,53,1,1,1,2,D,29,0,0,0,0,0,0,0,0,0,0,80,80,0,0,0,1,1,28,28,0,64216,998,0,32,0,1,99,99,0,99,0,995,9.8,998,998,998,99.8,99.8,99.8,458.028248425612,6,6
24217,59,73,1-59-2021-073-05,5,1,2GNALDEK2D63,17,467,1847,7,0,20,404,2013,14,3,14,0,1,R,1,1706,5,0,1,1,4,2,48,1,0,0,995,0,0,0,47874,1,9,2,4,2,1,2,2,1,1,0,2,0,0,3,8,2,2,2,0,1,2,17,1,1,1,5,L,87,0,0,0,0,0,0,0,0,0,0,100,10,0,1,0,1,1,19,-6,-18,25015,998,-18,19,0,4,1,2,0,4,0,995,9.8,998,998,998,99.8,99.8,99.8,51.7104833701808,6,6
24217,59,73,1-59-2021-073-05,5,2,2D4RN3DG9BR6,17,476,14832,2,0,7,442,2011,20,4,20,0,1,F,1,2046,5,0,1,1,4,2,48,1,0,0,995,0,0,0,47803,9,9,2,4,2,1,2,2,1,1,0,2,0,0,3,8,2,2,2,0,1,4,66,4,1,1,5,L,86,0,0,0,0,0,0,0,0,0,0,10,100,0,0,0,1,1,17,-16,6,29339,998,78,17,0,4,0,0,0,0,0,995,9.8,998,998,998,99.8,99.8,99.8,51.7104833701808,6,6
24220,33,28,1-33-2021-028-09,9,1,JTHBF30G1250,17,515,2475,13,0,59,31,2002,4,1,3,0,1,L,3,1560,5,0,1,1,24,2,72,1,0,1,0,2,0,0,93277,1,9,2,4,2,1,2,1,1,1,3,1,0,0,3,1,0,0,3,1,1,2,13,99,9,4,1,A,1,1,10,1,2,1,4,61,1,1,46,997,997,0,0,0,2,6,999,999,999,9999999,999,999,999,8,0,2,5,0,4,3,997,0.0,20,20,100,1.8,1.0,2.2,1167.12743683399,12,6
24220,33,28,1-33-2021-028-09,9,2,1GNEK13R8XJ5,17,467,1852,7,0,20,421,1999,15,3,15,0,1,T,2,2419,5,9999,9,4,39,2,72,1,0,0,995,0,0,0,85018,1,9,2,4,3,1,2,1,1,1,1,1,2,3,3,1,0,0,1,1,1,4,62,99,9,4,6,M,98,1,2,2,2,1,4,61,1,2,7,997,997,0,0,0,6,6,999,999,999,9999999,999,999,999,7,0,1,1,0,8,3,997,1.5,1,10,120,99.9,99.9,99.9,1167.12743683399,12,6
24221,17,99,1-17-2021-099-03,3,1,3FAHP0HA0BR2,17,460,1780,13,0,12,23,2011,4,1,3,0,1,F,1,1490,5,0,1,1,6,2,64,1,9,0,995,0,9,0,52807,1,9,2,1,4,3,2,1,1,1,3,1,0,0,3,1,1,2,9,0,1,3,50,3,1,1,2,D,20,0,0,0,0,0,0,0,0,0,0,85,95,0,0,0,1,3,17,-17,0,16980,998,0,17,0,4,0,0,0,0,0,995,9.8,998,998,998,99.8,99.8,99.8,288.613834187848,4,6
24221,17,99,1-17-2021-099-03,3,2,JTDEPRAE2LJ0,17,448,2208,13,0,49,32,2020,4,1,3,0,1,B,1,1315,5,0,1,1,6,2,64,1,9,0,995,0,9,0,61239,1,1,2,1,4,3,2,1,1,1,3,1,0,0,3,1,1,2,1,0,5,3,53,1,1,1,2,D,21,0,0,0,0,0,0,0,0,0,0,95,85,0,0,0,1,3,19,18,-3,20038,998,44,18,0,4,2,4,0,4,0,995,9.8,998,998,998,99.8,99.8,99.8,288.613834187848,4,6
24222,12,67,1-12-2021-067-04,4,1,KM8K22AA6KU3,17,498,22249,7,0,55,404,2019,14,3,14,0,1,F,1,1311,5,0,1,1,31,2,121,1,0,0,995,0,0,0,75056,9,9,1,2,2,2,1,1,3,1,3,2,1,3,1,1,0,0,9,0,14,3,52,2,1,1,2,D,28,0,0,0,0,0,0,0,0,0,0,355,355,0,0,0,1,3,24,-24,0,28669,998,0,23,0,4,0,0,0,0,0,995,9.8,998,998,998,99.8,99.8,99.8,1287.74030563201,9,6
24222,12,67,1-12-2021-067-04,4,2,5TDZZRAH3LS5,17,448,2213,7,0,49,403,2020,14,3,14,0,1,B,1,1870,5,9999,9,0,998,5,121,1,0,0,995,0,0,0,77856,9,9,1,2,2,2,1,1,3,1,3,2,1,3,1,1,0,0,1,0,2,3,53,1,1,1,2,D,29,0,0,0,0,0,0,0,0,0,0,355,355,0,0,0,1,3,18,18,0,24624,998,0,18,0,4,95,95,95,95,0,995,9.8,998,998,998,99.8,99.8,99.8,1287.74030563201,9,6
24223,12,68,1-12-2021-068-03,3,1,1FT7W2BT4LEC,17,460,1805,60,0,12,481,2020,34,5,31,0,1,F,1,2938,5,0,1,4,19,2,89,1,0,0,995,0,0,0,73401,2,2,0,1,2,2,2,1,1,1,3,2,0,0,1,1,0,0,1,0,1,3,50,99,1,1,2,D,20,0,0,0,0,0,0,0,0,0,0,85,80,0,0,0,1,3,18,-18,-3,67068,998,-52,23,0,4,2,5,0,6,0,995,9.8,998,998,998,99.8,99.8,99.8,404.296330913972,9,6
24223,12,68,1-12-2021-068-03,3,2,SADCJ2FX7KA3,17,442,11441,7,0,39,401,2019,14,3,14,0,1,B,2,1760,5,0,1,1,30,2,89,1,0,0,995,0,0,0,73036,1,2,0,1,2,2,2,1,1,1,3,2,0,0,1,1,0,0,1,0,5,3,53,99,1,1,2,D,21,0,0,0,0,0,0,0,0,0,0,80,85,0,0,0,1,3,30,29,5,51674,998,-69,24,0,4,2,5,0,4,0,995,9.8,998,998,998,99.8,99.8,99.8,404.296330913972,9,6
24223,12,68,1-12-2021-068-03,3,3,1GC1KYC89DF1,17,467,1850,60,0,20,481,2013,34,5,31,0,1,B,9,2918,5,9999,9,0,998,5,89,1,0,0,995,0,0,0,74820,9,9,4,1,3,3,2,1,1,1,0,0,0,0,1,1,3,2,9,0,5,3,53,1,1,1,6,M,98,0,0,0,0,0,0,0,0,0,0,50,10,1,0,0,2,0,999,999,999,9999999,999,999,999,9,0,95,95,95,95,0,995,9.8,998,998,998,99.8,99.8,99.8,404.296330913972,9,6
24224,19,180,1-19-2021-180-09,9,1,KMHHM66D78U2,17,498,5847,3,0,55,37,2008,3,1,1,0,1,F,1,1315,5,0,1,1,4,2,56,1,9,0,995,0,1,0,36272,1,9,0,4,2,1,2,2,3,2,0,0,0,0,2,8,0,0,9,1,14,2,12,99,1,4,1,B,6,0,0,0,0,0,0,0,0,0,0,998,998,0,1,0,1,1,16,-16,0,14831,998,-21,16,0,1,0,0,0,4,0,998,0.0,120,120,-30,3.4,1.1,3.6,450.395291789245,9,6
24225,19,181,1-19-2021-181-03,3,1,2C3CDXBG5HH5,17,476,1895,13,0,7,24,2017,4,1,5,0,1,U,1,1785,5,0,2,1,3,2,56,1,1,2,996,1,0,0,35957,7,1,0,4,2,1,2,2,2,1,0,0,0,0,1,8,0,0,9,1,14,2,12,4,2,4,1,B,6,0,0,0,0,0,0,0,0,0,0,998,998,0,1,0,1,7,999,999,999,9999999,999,999,999,6,0,0,0,0,0,0,998,0.0,120,120,-12,48.8,4.0,48.9,72.238654332631,9,6
24226,19,182,1-19-2021-182-04,4,1,2T3H1RFV0MC1,17,448,2217,7,0,49,402,2021,14,3,14,0,1,R,2,1528,5,0,2,1,10,2,40,1,0,0,995,0,0,0,35954,2,2,0,4,2,1,2,1,1,4,0,2,0,0,3,1,0,0,1,1,1,6,87,7,2,4,1,B,8,0,0,0,0,0,0,0,0,0,0,996,996,0,1,0,3,7,999,999,999,9999999,999,999,999,7,0,0,0,0,0,0,996,0.0,999,999,-120,34.4,4.3,34.6,245.302332897327,9,6
24227,19,183,1-19-2021-183-03,3,1,1N4AL3AP3HC4,17,478,1904,13,0,35,47,2017,4,1,4,0,1,F,1,1453,5,0,1,1,6,2,40,1,1,1,80,1,0,0,35906,1,9,0,4,2,1,2,2,2,2,0,0,0,0,2,2,0,0,9,1,14,2,12,4,2,4,1,B,9,0,0,0,0,0,0,0,0,0,0,260,280,0,1,0,1,3,10,-9,5,13704,998,135,11,0,4,9,97,0,5,0,995,9.8,998,998,998,99.8,99.8,99.8,72.238654332631,9,6
24227,19,183,1-19-2021-183-03,3,2,1FADP3K27GL2,17,460,1779,5,0,12,37,2016,5,1,3,0,2,B,1,1327,5,9999,9,0,998,,,,,,,,,,,,,,,,,,,,,,,,,,,,,,,,,,,,,,,,,,,,,,,,,,,,,,,,,,,,,,,,,,95,95,95,95,,,,,,,,,,72.238654332631,9,6
24228,11,79,1-11-2021-079-03,3,1,5XXGM4A75DG2,17,499,2739,13,0,63,34,2013,4,1,4,0,1,F,1,1454,5,9999,9,0,998,2,56,1,0,0,995,0,0,0,23860,2,9,2,4,4,2,2,1,1,1,1,2,0,0,1,1,1,2,1,0,1,2,17,99,1,1,5,L,86,0,0,0,0,0,0,0,0,0,0,355,85,0,0,0,1,3,8,-6,5,5046,998,141,7,0,4,1,3,0,4,0,995,9.8,998,998,998,99.8,99.8,99.8,1231.07030875028,8,6
24228,11,79,1-11-2021-079-03,3,2,1FMCU9GD9JUC,17,460,1798,7,0,12,402,2018,14,3,14,0,1,R,1,1668,5,0,1,1,12,2,40,1,0,0,995,0,0,0,23860,9,9,2,4,4,1,2,1,1,1,0,1,0,0,1,1,1,2,1,0,1,4,66,1,1,1,5,L,87,0,0,0,0,0,0,0,0,0,0,85,355,0,0,0,1,3,7,-5,-6,8157,998,87,9,0,4,9,97,0,99,0,995,9.8,998,998,998,99.8,99.8,99.8,1231.07030875028,8,6