CASEID,PSU,CASENO,CASENUMBER,CATEGORY,VEHNO,VIN,VINLENGTH,VPICMAKE,VPICMODEL,VPICBODYCLASS,ICFINALBODY,MAKE,MODEL,MODELYR,BODYTYPE,BODYCAT,VEHCLASS,SPECUSE,TRANSTAT,DAMPLANE,DAMSEV,CURBWT,CURBSRC,CARGOWT,CARGOSRC,INSPTYPE,INSPLAG,TOWED,SPEEDLIMIT,DRPRESENT,PARALCOHOL,ALCTEST,ALCTESTRESULT,ALCTESTSRC,PARDRUG,DRUGTEST,ZIP,RACE,ETHNICITY,RELTOJUNCT,TRAFFLOW,RDLANES,INITLANE,SURFTYPE,SURFCOND,ALIGNMENT,PROFILE,LINERIGHT,LINELEFT,RUMBINIT,RUMBROAD,LIGHTCOND,WEATHER,TRAFDEV,TRAFFUNCT,DISTRACT,PREFHE,PREMOVE,CRITCAT,CRITEVENT,MANEUVER,PRESTAB,PRELOC,CRASHCAT,CRASHCONF,CRASHTYPE,ROLLTYPE,ROLLTURN,ROLLINTRPT,ROLLPREMAN,ROLLINITYP,ROLLINLOC,ROLLOBJ,ROLLTRIP,ROLLDIR,ROLLDIST,DVANGTHIS,DVANGOTH,TOWHITCH,TRAJDOC,TREEPOLE,DVEVENT,DVBASIS,DVTOTAL,DVLONG,DVLAT,DVENERGY,DVSPEED,DVMOMENT,DVBES,DVEST,DVCONF,VAIS,VISS,VINJURED,VTREAT,INITOBJCLASS,HEADANGLECAT,SHLDRWIDTH,STRKLENGTH,STRKWIDTH,STRKHEIGHT,EDGEDISTX,EDGEDISTY,EDGEDISTZ,CASEWGT,PSUSTRAT,VERSION
24302,11,81,1-11-2021-081-07,7,2,5NPEB4AC4DH5,17,498,2459,13,0,55,33,2013,4,1,4,0,1,B,9,1475,5,9999,9,0,998,5,40,1,0,0,995,0,0,0,23222,9,9,0,4,3,1,2,1,1,1,0,2,0,0,1,1,0,0,1,0,5,3,53,99,1,1,2,D,21,0,0,0,0,0,0,0,0,0,0,220,215,0,0,0,1,0,999,999,999,9999999,999,999,999,9,0,95,95,95,95,0,995,9.8,998,998,998,99.8,99.8,99.8,14278.003919901,8,6
24304,24,189,1-24-2021-189-04,4,1,JN8AF5MVXCT1,17,478,1912,8,0,35,403,2012,14,3,14,0,1,F,2,1430,5,0,1,1,14,2,64,1,0,0,995,0,0,0,08205,9,9,2,1,4,2,2,1,1,1,3,2,0,0,1,1,0,0,1,0,1,4,67,1,1,1,5,L,88,0,0,0,0,0,0,0,0,0,0,80,0,0,0,0,1,98,999,999,999,9999999,999,999,999,7,0,9,97,0,0,0,995,9.8,998,998,998,99.8,99.8,99.8,208.375109030047,1,6
24304,24,189,1-24-2021-189-04,4,2,NM0LS7E77J13,17,460,1811,95,0,12,444,2018,20,4,20,0,1,L,2,1624,4,0,1,1,14,2,40,1,0,0,995,0,0,0,08234,9,9,2,4,2,1,2,1,1,1,0,0,0,0,1,1,0,0,2,0,1,2,15,1,1,1,5,L,89,0,0,0,0,0,0,0,0,0,0,0,80,0,0,0,1,98,999,999,999,9999999,999,999,999,7,0,0,0,0,0,0,995,9.8,998,998,998,99.8,99.8,99.8,208.375109030047,1,6
24306,24,191,1-24-2021-191-03,3,1,1C4PJMDX6KD1,17,483,1945,7,0,2,404,2019,14,3,14,0,1,F,2,1797,5,0,1,1,46,2,80,1,0,0,995,0,0,0,08360,1,1,0,4,2,1,2,1,1,1,1,4,0,0,1,8,0,0,1,1,1,6,87,7,9,4,1,A,3,0,0,0,0,0,0,0,0,0,0,998,998,0,1,2,3,98,999,999,999,9999999,999,999,999,7,0,1,1,0,4,0,998,0.3,17,17,96,9.8,1.9,10.1,64.4512609126825,1,6
24307,52,205,1-52-2021-205-06,6,1,1FMCU9GX8EUA,17,460,1798,7,0,12,402,2014,14,3,14,0,1,F,1,1713,5,0,1,1,11,2,72,1,9,9,998,8,9,9,59106,9,9,0,1,2,2,2,1,2,1,1,2,0,0,3,1,3,2,9,1,14,1,3,2,2,4,1,B,7,0,0,0,0,0,0,0,0,0,0,998,998,0,1,1,1,1,12,-12,0,11684,998,-72,12,0,1,99,99,0,99,0,998,0.4,5,5,110,2.1,1.5,3.0,30.1992422924424,12,6
24308,52,206,1-52-2021-206-07,7,1,1GCSHAF45B11,17,467,1848,95,0,20,461,2011,21,4,21,0,1,F,2,2367,5,0,1,1,7,2,56,1,0,0,995,0,0,0,59102,9,9,2,1,2,2,2,1,1,1,1,2,0,0,1,1,1,2,3,0,1,3,51,1,1,1,2,D,24,0,0,0,0,0,0,0,0,0,0,80,80,0,0,0,1,1,27,-27,0,114348,998,-19,34,0,4,0,0,0,0,0,995,9.8,998,998,998,99.8,99.8,99.8,81.8668949658971,12,6
24308,52,206,1-52-2021-206-07,7,2,3GCPKTE79CG2,17,467,1850,60,0,20,481,2012,34,5,31,0,1,B,2,2397,5,0,1,1,7,2,56,1,0,0,995,0,0,0,59105,9,9,2,1,2,2,2,1,1,1,1,2,0,0,1,1,1,2,9,0,11,3,53,1,1,1,2,D,26,0,0,0,0,0,0,0,0,0,0,80,80,0,0,0,1,1,26,26,0,19430,998,-19,14,0,4,0,0,0,0,0,995,9.8,998,998,998,99.8,99.8,99.8,81.8668949658971,12,6
24311,28,99,1-28-2021-099-06,6,1,2C3CDXJG0GH1,17,476,1895,13,0,7,24,2016,4,1,5,0,1,F,2,1886,5,0,1,1,12,2,72,1,0,0,995,0,0,0,16923,1,2,0,4,2,1,2,2,2,1,1,2,1,0,4,2,0,0,3,1,14,2,13,7,1,4,1,A,1,1,1,2,2,1,4,61,1,1,3,998,998,0,0,0,1,10,999,999,999,9999999,999,0,26,3,0,2,5,0,4,3,998,1.3,120,49,76,19.1,1.8,19.2,67.5555626633386,3,6
24312,28,100,1-28-2021-100-09,9,1,1J4GW48S22C3,17,483,1949,7,0,2,404,2002,14,3,14,0,1,F,1,1800,5,0,1,1,4,2,72,1,1,0,995,0,0,0,16901,9,9,0,4,2,1,2,2,3,2,0,2,0,0,1,2,0,0,9,1,14,2,13,99,1,4,1,A,1,0,0,0,0,0,0,0,0,0,0,998,998,0,0,2,3,11,999,999,999,9999999,999,999,999,6,0,1,1,0,4,0,998,0.0,30,30,999,7.8,2.2,8.0,203.481300702442,3,6
24313,16,111,1-16-2021-111-04,4,1,1FMCU0GD3KUA,17,460,1798,7,0,12,402,2019,14,3,14,0,1,F,1,1611,5,0,1,1,39,2,105,1,0,0,995,0,0,0,45251,9,9,0,2,4,2,2,2,1,1,3,3,0,3,3,2,6,2,1,1,1,1,6,8,4,4,1,B,7,0,0,0,0,0,0,0,0,0,0,998,998,0,0,0,1,12,999,999,999,9999999,999,999,999,6,0,0,0,0,0,0,998,3.6,999,999,999,0.0,0.0,0.0,1818.89935397619,5,6
24315,14,91,1-14-2021-091-07,7,1,3N1CE2CP5FL4,17,478,1898,5,0,35,50,2015,5,1,2,0,1,F,3,1096,5,0,1,1,29,2,97,1,0,0,995,0,0,0,78132,1,9,0,4,2,1,2,1,2,1,1,2,0,0,2,1,0,0,9,0,14,4,64,3,1,1,6,M,98,0,0,0,0,0,0,0,0,0,0,0,280,0,0,0,1,5,999,999,999,9999999,999,999,62,5,0,0,0,0,0,0,995,9.8,998,998,998,99.8,99.8,99.8,3783.26319984743,8,6
24315,14,91,1-14-2021-091-07,7,2,1XKDP4TX8JJ1,17,532,2719,66,0,85,881,2018,66,8,68,0,1,L,9,,,,,,,5,97,1,0,0,995,0,0,0,78114,9,9,0,4,2,98,2,1,2,1,0,0,0,0,2,1,0,0,9,0,12,2,21,99,1,6,6,M,98,,,,,,,,,,,,,,,,,,,,,,,,,,,95,95,95,95,,,9.8,998,998,998,99.8,99.8,99.8,3783.26319984743,8,6
24316,14,92,1-14-2021-092-07,7,1,3N1CC1AP5AL4,17,478,1894,13,0,35,50,2010,4,1,2,0,1,F,1,1150,5,0,1,1,10,2,97,1,0,0,995,0,0,0,78154,1,9,1,2,3,3,2,1,1,9,3,2,0,0,1,1,0,0,9,0,1,3,50,2,1,1,2,D,20,0,0,0,0,0,0,0,0,0,0,60,60,0,0,0,1,3,17,-17,0,8980,998,0,14,0,4,0,0,0,0,0,995,9.8,998,998,998,99.8,99.8,99.8,3783.26319984743,8,6
24316,14,92,1-14-2021-092-07,7,2,5NPE24AAXGH4,17,498,2459,13,0,55,33,2016,4,1,4,0,1,B,1,1590,5,9999,9,5,10,2,97,1,0,0,995,0,0,0,78130,1,9,1,2,3,3,2,1,1,9,3,2,0,0,1,1,0,0,9,0,5,3,53,99,1,1,2,D,21,0,0,0,0,0,0,0,0,0,0,60,60,0,0,0,1,3,12,12,0,13811,998,0,15,0,4,0,0,0,0,0,995,9.8,998,998,998,99.8,99.8,99.8,3783.26319984743,8,6
24317,25,116,1-25-2021-116-01,1,1,2GCEK19CX716,17,467,1850,60,0,20,481,2007,34,5,30,0,1,F,2,2151,5,0,1,5,28,2,80,1,8,1,0,2,7,0,04038,1,9,0,4,2,1,2,1,1,1,1,2,1,1,1,1,0,0,9,1,1,2,10,99,1,2,3,I,64,0,0,0,0,0,0,0,0,0,0,150,340,0,0,0,1,12,999,999,999,9999999,999,999,999,7,0,2,6,0,4,0,995,9.8,998,998,998,99.8,99.8,99.8,69.1132644511854,2,6
24317,25,116,1-25-2021-116-01,1,2,1B4GP25302B6,17,476,14831,2,0,7,442,2002,20,4,20,0,1,L,2,1773,5,0,1,5,28,2,80,1,8,1,0,2,7,1,04064,9,9,0,4,2,1,2,1,1,1,1,2,1,1,1,1,0,0,1,0,1,4,62,99,1,1,3,I,65,0,0,0,0,0,0,0,0,0,0,340,150,0,0,0,1,12,999,999,999,9999999,999,999,999,7,0,3,27,1,1,0,995,9.8,998,998,998,99.8,99.8,99.8,69.1132644511854,2,6
24318,25,117,1-25-2021-117-06,6,1,1FADP3F28FL3,17,460,1779,13,0,12,37,2015,4,1,3,0,1,F,1,1340,5,0,1,1,22,2,56,1,8,1,0,2,7,0,04105,9,9,0,4,2,1,2,1,3,4,1,2,0,0,3,1,0,0,9,1,14,2,13,99,1,4,1,A,1,0,0,0,0,0,0,0,0,0,0,998,998,0,1,1,1,1,12,-12,0,9636,998,64,12,0,4,0,0,0,4,0,998,1.4,49,49,76,24.0,4.0,24.3,1009.45208313029,2,6
24319,73,96,1-73-2021-096-04,4,1,1GCVKREC4EZ2,17,467,1850,60,0,20,481,2014,34,5,31,0,1,F,9,2378,5,9999,9,0,998,5,40,1,8,0,995,0,7,0,04976,9,9,2,4,2,1,2,1,1,4,1,2,0,0,1,1,8,2,1,0,1,4,62,99,1,1,4,J,69,0,0,0,0,0,0,0,0,0,0,15,170,0,0,0,1,0,999,999,999,9999999,999,999,999,9,0,95,95,95,95,0,995,9.8,998,998,998,99.8,99.8,99.8,459.297042655344,3,6
24319,73,96,1-73-2021-096-04,4,2,JA4AZ3A33KZ0,17,481,2163,7,0,52,404,2019,14,3,14,0,1,F,1,1895,5,0,1,1,7,2,40,1,0,0,995,0,7,0,04911,9,9,2,4,2,1,2,1,1,1,1,2,0,0,1,1,8,2,1,0,1,3,56,99,1,1,6,M,98,0,0,0,0,0,0,0,0,0,0,195,195,0,0,0,3,3,15,-15,0,11162,998,-41,12,0,4,0,0,0,0,0,995,9.8,998,998,998,99.8,99.8,99.8,459.297042655344,3,6
24319,73,96,1-73-2021-096-04,4,3,1GNSKBKC4FR1,17,467,1852,7,0,20,421,2015,15,3,15,0,1,F,9,2515,5,9999,9,0,998,5,40,1,0,0,995,0,7,0,04978,9,9,2,4,2,1,2,1,1,1,1,2,0,0,1,1,8,2,1,0,11,2,15,99,1,1,4,J,68,0,0,0,0,0,0,0,0,0,0,170,15,0,0,0,1,0,999,999,999,9999999,999,999,999,9,0,95,95,95,95,0,995,9.8,998,998,998,99.8,99.8,99.8,459.297042655344,3,6
24319,73,96,1-73-2021-096-04,4,4,1GTHK23183F2,17,472,1857,60,0,23,481,2003,34,5,31,0,1,B,1,2498,5,9999,9,0,998,2,40,1,8,0,995,0,7,0,04924,9,9,2,4,2,1,2,1,1,1,1,2,0,0,1,1,8,2,1,0,1,4,62,99,1,1,6,M,98,0,0,0,0,0,0,0,0,0,0,195,195,0,0,0,3,3,11,11,0,18804,998,0,14,0,4,0,0,0,0,0,995,9.8,998,998,998,99.8,99.8,99.8,459.297042655344,3,6
24320,73,97,1-73-2021-097-09,9,1,4T1BE46K58U1,17,448,2469,13,0,49,40,2008,4,1,4,0,1,9,9,1500,5,9999,9,0,998,2,113,1,8,0,995,0,7,0,04357,9,9,0,3,2,1,2,3,1,1,3,2,1,3,1,4,0,0,1,1,1,1,6,99,2,4,1,B,7,0,0,0,0,0,0,0,0,0,0,998,998,0,0,9,1,0,999,999,999,9999999,999,999,999,9,0,1,1,0,4,0,998,3.1,999,999,999,99.9,99.9,99.9,797.222176756759,3,6
24321,77,104,1-77-2021-104-05,5,1,999999999999,99,99999,99999,999,0,99,999,9999,49,6,49,0,1,F,9,9999,9,9999,9,0,998,5,40,1,8,0,995,0,7,0,99999,9,9,0,4,2,1,2,2,1,2,1,2,0,0,3,2,0,0,9,1,1,2,10,99,1,2,3,G,50,0,0,0,0,0,0,0,0,0,0,20,210,0,0,0,1,0,999,999,999,9999999,999,999,999,9,0,95,95,95,95,0,995,9.8,998,998,998,99.8,99.8,99.8,97.5254123452954,9,6
24321,77,104,1-77-2021-104-05,5,2,5TDZK3DC3DS3,17,448,2468,2,0,49,442,2013,20,4,20,0,1,F,1,1965,5,0,1,1,5,2,40,1,0,0,995,0,0,0,22901,9,9,0,4,2,1,2,2,1,4,0,2,0,0,3,2,0,0,1,0,2,4,62,2,1,1,3,G,51,0,0,0,0,0,0,0,0,0,0,210,20,0,0,0,1,5,999,999,999,9999999,999,999,15,2,0,1,1,0,4,0,995,9.8,998,998,998,99.8,99.8,99.8,97.5254123452954,9,6
24322,32,135,1-32-2021-135-06,6,1,1GNUCCE06AR2,17,467,1852,7,0,20,421,2010,15,3,15,0,1,B,1,2506,5,9999,9,0,998,5,72,1,0,0,995,0,0,0,75060,9,9,0,3,4,4,1,1,1,5,3,0,0,0,3,1,0,0,9,1,15,2,11,1,1,2,2,D,25,0,0,0,0,0,0,0,0,0,0,90,80,0,0,0,1,3,12,12,0,15662,998,0,13,0,4,95,95,95,95,0,995,9.8,998,998,998,99.8,99.8,99.8,3944.6593258398,7,6
24322,32,135,1-32-2021-135-06,6,2,1HGCR2F70EA1,17,474,1861,13,0,37,32,2014,4,1,4,0,1,F,1,1496,5,0,1,1,17,2,72,1,0,0,995,0,0,0,75038,2,9,0,3,4,1,1,1,1,5,0,3,0,0,3,1,0,0,9,0,1,3,51,3,1,1,2,D,24,0,0,0,0,0,0,0,0,0,0,80,90,0,0,0,1,3,19,-18,-3,18519,998,3,17,0,4,9,97,0,0,0,995,9.8,998,998,998,99.8,99.8,99.8,3944.6593258398,7,6
24323,32,136,1-32-2021-136-04,4,1,1GTG5BEA4H12,17,472,4093,60,0,23,472,2017,34,5,30,0,1,R,1,1932,5,9999,9,0,998,2,56,1,0,0,995,0,0,0,75050,1,9,2,4,7,1,2,1,1,2,0,1,0,0,1,1,1,2,9,0,1,2,17,99,1,1,5,L,87,0,0,0,0,0,0,0,0,0,0,355,265,0,0,0,1,3,23,-12,-20,96048,998,58,33,0,4,0,0,0,0,0,995,9.8,998,998,998,99.8,99.8,99.8,7960.14901214382,7,6
24323,32,136,1-32-2021-136-04,4,2,5N1AT3CA8MC8,17,478,1913,7,0,35,404,2021,14,3,14,0,1,F,2,1536,5,0,1,1,28,2,56,1,0,0,995,0,0,0,75051,9,1,2,1,4,1,1,1,1,1,0,2,0,0,1,1,1,2,9,0,1,4,66,4,1,1,5,L,86,0,0,0,0,0,0,0,0,0,0,265,355,0,0,0,1,3,29,-25,15,32144,998,105,18,0,4,0,0,0,0,0,995,9.8,998,998,998,99.8,99.8,99.8,7960.14901214382,7,6
24324,27,102,1-27-2021-102-07,7,1,2C4RDGBG5GR3,17,476,14832,2,0,7,442,2016,20,4,20,0,1,F,1,2050,5,0,1,1,12,2,64,1,8,0,995,0,7,0,01247,9,9,0,4,2,1,2,1,2,1,1,2,0,0,3,1,0,0,1,0,14,6,87,99,1,1,1,C,13,0,0,0,0,0,0,0,0,0,0,998,998,0,0,0,1,10,999,999,999,9999999,999,16,12,2,0,0,0,0,0,0,998,9.8,998,998,998,99.8,99.8,99.8,306.829073474614,3,6
24325,27,103,1-27-2021-103-03,3,1,3CZRU6H37KG7,17,474,9212,7,0,37,404,2019,14,3,14,0,1,L,1,1393,5,0,1,1,5,2,40,1,0,0,995,0,0,0,01201,2,9,2,4,2,1,2,1,1,4,1,2,0,0,1,1,3,2,9,0,16,2,17,4,1,1,4,K,78,0,0,0,0,0,0,0,0,0,0,280,340,0,0,0,1,1,12,-8,9,8581,998,50,11,0,4,2,5,0,4,0,995,9.8,998,998,998,99.8,99.8,99.8,45.0683967454281,3,6
24325,27,103,1-27-2021-103-03,3,2,1GNDT13S9822,17,467,4548,7,0,20,403,2008,14,3,14,0,1,R,1,2052,5,227,2,1,6,2,40,1,0,0,995,0,0,0,12125,1,2,2,3,1,1,2,1,3,2,1,2,0,0,1,1,0,0,1,0,14,4,66,3,1,1,4,K,79,0,0,0,0,0,0,0,0,0,0,340,280,0,0,0,1,1,8,-3,-7,6859,998,-33,8,0,4,1,1,0,6,0,995,9.8,998,998,998,99.8,99.8,99.8,45.0683967454281,3,6
24326,13,129,1-13-2021-129-01,1,1,1FMCU03G89KD,17,460,1798,7,0,12,402,2009,14,3,14,0,1,L,2,1540,5,0,1,1,10,2,113,1,8,0,995,0,7,0,76119,9,1,1,2,2,2,2,1,2,9,3,1,0,0,1,1,0,0,9,1,14,3,53,99,1,2,2,D,25,1,4,2,2,5,4,31,6,2,999,997,997,0,0,0,2,6,999,999,999,9999999,999,999,999,7,0,5,43,1,1,2,997,9.8,998,998,998,99.8,99.8,99.8,264.803387490421,7,6
24326,13,129,1-13-2021-129-01,1,2,1XKWD69X8YJ8,17,532,9716,66,0,85,881,2000,66,8,68,0,1,F,9,,,,,,,5,113,1,8,0,995,0,7,0,80631,9,9,1,2,6,1,2,1,2,9,1,3,0,0,1,1,0,0,9,0,14,3,51,99,1,1,2,D,24,,,,,,,,,,,,,,,,,,,,,,,,,,,95,95,95,95,,,9.8,998,998,998,99.8,99.8,99.8,264.803387490421,7,6
24327,24,192,1-24-2021-192-10,10,1,JTJHF10U6202,17,515,2214,7,0,59,401,2002,14,3,14,0,1,F,2,1780,5,0,1,1,20,2,40,1,0,0,995,0,0,0,08401,9,9,2,3,2,1,2,1,1,1,0,1,0,0,1,1,1,2,1,1,1,2,13,1,1,4,1,A,1,0,0,0,0,0,0,0,0,0,0,998,998,0,0,1,3,1,26,-26,0,48727,998,19,26,0,4,0,0,0,0,0,998,0.0,999,999,999,0.0,0.0,0.0,1626.50977481385,1,6
24328,31,95,1-31-2021-095-06,6,1,2G1WF52E5293,17,467,1833,13,0,20,2,2002,4,1,4,0,1,F,1,1552,5,9999,9,0,998,2,48,1,0,0,995,0,0,0,61265,9,9,2,4,2,1,2,1,1,1,0,0,0,0,3,1,2,2,1,0,1,2,17,99,1,1,5,L,88,0,0,0,0,0,0,0,0,0,0,25,295,0,0,0,1,3,8,-7,-4,2923,998,-106,5,0,4,0,0,0,0,0,995,9.8,998,998,998,99.8,99.8,99.8,246.351314593914,6,6
24328,31,95,1-31-2021-095-06,6,2,1GCRCPEH0FZ4,17,467,1850,60,0,20,481,2015,34,5,30,0,1,L,1,2269,5,9999,9,1,5,2,48,1,0,0,995,0,0,0,62867,9,9,2,4,2,1,2,1,1,1,0,4,0,0,3,1,0,0,9,0,1,4,66,1,1,1,5,L,89,0,0,0,0,0,0,0,0,0,0,295,25,0,0,0,1,3,6,-3,5,7693,998,-77,8,0,4,0,0,0,4,0,995,9.8,998,998,998,99.8,99.8,99.8,246.351314593914,6,6
24329,31,96,1-31-2021-096-04,4,1,WDCTG4GB1JJ5,17,449,2084,7,0,42,55,2018,5,1,3,0,1,R,1,1505,5,9999,9,1,6,2,40,1,0,0,995,0,0,0,62821,9,9,2,1,2,1,2,1,1,1,0,0,0,0,1,1,0,0,9,0,11,2,15,1,1,1,4,J,68,0,0,0,0,0,0,0,0,0,0,95,5,0,0,0,1,1,13,-4,-12,7153,998,-86,9,0,4,0,0,0,0,0,995,9.8,998,998,998,99.8,99.8,99.8,407.471286463091,6,6
24329,31,96,1-31-2021-096-04,4,2,2CNBJ13C6369,17,467,1854,7,0,20,402,2003,14,3,14,0,1,F,1,1355,5,9999,9,1,5,2,40,1,0,0,995,0,0,0,62827,9,9,2,1,2,1,2,1,1,1,0,0,0,0,1,1,0,0,9,0,1,4,62,99,1,1,4,J,69,0,0,0,0,0,0,0,0,0,0,5,95,0,0,0,1,1,15,-14,5,19516,998,13,19,0,4,0,0,0,0,0,995,9.8,998,998,998,99.8,99.8,99.8,407.471286463091,6,6
24330,52,209,1-52-2021-209-03,3,1,3HAEUMML0LL6,17,526,20856,11,0,84,881,2020,62,8,60,0,1,F,9,,,,,,,8,56,1,0,0,995,0,0,0,59072,9,9,2,4,6,1,2,3,1,1,1,1,0,0,1,1,1,2,2,0,1,2,17,99,1,1,4,J,69,,,,,,,,,,,,,,,,,,,,,,,,,,,95,95,95,95,,,9.8,998,998,998,99.8,99.8,99.8,23.9026976809091,12,6
24330,52,209,1-52-2021-209-03,3,2,1C4PJMBN4KD4,17,483,1945,7,0,2,404,2019,14,3,14,0,1,R,1,1797,5,0,1,1,14,2,56,1,0,0,995,0,0,0,59101,9,9,2,4,6,4,2,3,1,1,1,2,0,0,1,1,1,2,9,0,11,4,63,3,1,1,4,J,68,0,0,0,0,0,0,0,0,0,0,280,180,0,0,0,1,5,999,999,999,9999999,999,999,12,2,0,1,1,0,4,0,995,9.8,998,998,998,99.8,99.8,99.8,23.9026976809091,12,6
24331,24,193,1-24-2021-193-04,4,1,1C4RJFAG0JC2,17,483,1949,7,0,2,422,2018,15,3,15,0,1,F,2,2121,5,0,1,1,17,2,72,1,1,1,130,1,0,0,08241,9,9,0,4,2,1,2,1,1,1,1,2,0,0,1,1,0,0,9,1,1,2,13,1,1,4,1,A,1,0,0,0,0,0,0,0,0,0,0,998,998,0,0,0,1,10,999,999,999,9999999,999,-37,34,3,0,0,0,0,0,0,998,0.6,999,999,999,2.7,0.5,2.9,208.375109030047,1,6
24332,18,109,1-18-2021-109-07,7,1,JF1GV7E61DG0,17,523,2235,13,0,48,38,2013,4,1,2,0,1,F,9,1455,5,0,1,3,7,2,64,1,0,0,995,0,0,0,54729,1,9,0,4,2,1,2,99,1,1,1,2,0,0,5,99,0,0,9,0,1,6,87,99,1,1,1,C,13,0,0,0,0,0,0,0,0,0,0,998,998,0,0,0,1,12,999,999,999,9999999,999,999,999,9,0,0,0,0,0,0,998,9.8,998,998,998,99.8,99.8,99.8,2195.37877526258,6,6
24333,18,110,1-18-2021-110-01,1,1,2HNYD182X4H5,17,475,2147,7,0,54,421,2004,15,3,15,0,1,F,9,1992,5,9999,9,0,998,2,72,1,0,0,995,0,0,0,54751,1,9,0,4,2,1,2,1,1,1,1,2,0,0,2,1,0,0,3,1,1,2,10,99,9,2,3,G,50,0,0,0,0,0,0,0,0,0,0,265,90,0,1,0,1,0,999,999,999,9999999,999,999,999,9,0,9,97,0,8,0,995,9.8,998,998,998,99.8,99.8,99.8,62.2666828171456,6,6
24333,18,110,1-18-2021-110-01,1,2,4T1BE46K47U0,17,448,2469,13,0,49,40,2007,4,1,4,0,1,F,9,1500,5,9999,9,0,998,2,72,1,0,8,997,8,0,3,54703,1,9,0,4,2,1,2,1,1,1,1,2,0,0,2,1,0,0,9,0,1,4,62,99,1,1,3,G,51,0,0,0,0,0,0,0,0,0,0,90,265,0,0,0,1,0,999,999,999,9999999,999,999,999,9,0,9,0,0,1,0,995,9.8,998,998,998,99.8,99.8,99.8,62.2666828171456,6,6
24334,26,189,1-26-2021-189-02,2,1,1FMCU0F72JUC,17,460,1798,7,0,12,402,2018,14,3,14,0,1,F,3,1611,5,0,1,1,18,2,56,1,1,1,171,2,0,1,95673,1,9,0,2,3,3,2,1,1,9,0,3,0,0,2,1,0,0,9,1,1,2,12,98,2,4,1,B,7,0,0,0,0,0,0,0,0,0,0,140,330,0,0,0,2,3,49,-48,9,164970,998,15,50,0,4,1,1,0,4,0,995,0.0,999,999,999,0.0,0.0,0.0,14.5546235673295,10,6
24334,26,189,1-26-2021-189-02,2,2,WAUDFAFC6DN1,17,582,3148,13,0,32,42,2013,4,1,5,0,1,F,3,1670,5,9999,9,4,52,2,56,1,0,1,0,2,0,2,95834,2,9,0,2,3,2,2,1,1,1,3,3,0,0,2,1,0,0,9,0,1,4,62,99,1,1,6,M,98,0,0,0,0,0,0,0,0,0,0,330,140,0,0,0,2,3,48,-45,17,192755,998,77,48,0,4,2,12,0,4,0,995,9.8,998,998,998,99.8,99.8,99.8,14.5546235673295,10,6
24335,26,190,1-26-2021-190-03,3,1,1G1JF12F1373,17,467,8834,3,0,20,16,2003,2,1,2,0,1,R,9,1188,5,9999,9,0,998,2,999,1,0,0,995,0,0,0,95826,1,9,2,4,3,2,2,1,1,1,1,2,0,0,3,1,1,2,1,0,11,2,15,99,1,1,4,J,68,0,0,0,0,0,0,0,0,0,0,220,185,0,0,0,1,0,999,999,999,9999999,999,999,999,9,0,99,99,0,0,0,995,9.8,998,998,998,99.8,99.8,99.8,338.645886505972,10,6
24335,26,190,1-26-2021-190-03,3,2,1HGCV1F34JA0,17,474,1861,13,0,37,32,2018,4,1,4,0,1,F,9,1462,5,9999,9,0,998,2,999,1,0,0,995,0,0,0,96001,1,9,2,5,3,1,2,1,1,1,1,2,0,0,3,1,1,2,1,0,1,4,62,99,1,1,4,J,69,0,0,0,0,0,0,0,0,0,0,185,220,0,0,0,1,0,999,999,999,9999999,999,999,999,9,0,99,99,0,0,0,995,9.8,998,998,998,99.8,99.8,99.8,338.645886505972,10,6
24337,26,192,1-26-2021-192-09,9,1,1GTDS1964482,17,472,4093,60,0,23,472,2004,34,5,30,0,1,F,9,1636,5,9999,9,0,998,2,72,1,9,0,995,0,9,0,99999,9,9,0,4,2,1,2,1,1,1,0,2,0,0,3,1,0,0,9,1,6,2,10,99,9,2,3,G,52,0,0,0,0,0,0,0,0,0,0,60,260,0,0,0,1,0,999,999,999,9999999,999,999,999,9,0,0,0,0,0,0,995,9.8,998,998,998,99.8,99.8,99.8,2002.36022772566,10,6
24337,26,192,1-26-2021-192-09,9,2,3C4PDCABXJT5,17,476,1939,7,0,7,27,2018,6,1,4,0,1,L,9,1735,5,9999,9,0,998,5,72,1,0,0,995,0,0,0,95832,9,9,0,4,2,1,2,1,1,1,0,2,0,0,3,1,0,0,1,0,1,4,62,8,9,1,3,G,52,0,0,0,0,0,0,0,0,0,0,260,60,0,0,0,1,0,999,999,999,9999999,999,999,999,9,0,95,95,95,95,0,995,9.8,998,998,998,99.8,99.8,99.8,2002.36022772566,10,6
24338,20,171,1-20-2021-171-06,6,1,999999999999,99,99999,99999,999,0,99,999,9999,99,10,99,99,1,9,9,,,,,,,5,89,1,9,0,995,0,7,0,99999,9,9,0,4,2,1,2,1,2,1,1,2,0,0,2,8,0,0,9,1,14,2,10,99,9,2,3,I,64,,,,,,,,,,,,,,,,,,,,,,,,,,,95,95,95,95,,,9.8,998,998,998,99.8,99.8,99.8,427.448545075123,11,6