CASEID,PSU,CASENO,CASENUMBER,CATEGORY,VEHNO,VIN,VINLENGTH,VPICMAKE,VPICMODEL,VPICBODYCLASS,ICFINALBODY,MAKE,MODEL,MODELYR,BODYTYPE,BODYCAT,VEHCLASS,SPECUSE,TRANSTAT,DAMPLANE,DAMSEV,CURBWT,CURBSRC,CARGOWT,CARGOSRC,INSPTYPE,INSPLAG,TOWED,SPEEDLIMIT,DRPRESENT,PARALCOHOL,ALCTEST,ALCTESTRESULT,ALCTESTSRC,PARDRUG,DRUGTEST,ZIP,RACE,ETHNICITY,RELTOJUNCT,TRAFFLOW,RDLANES,INITLANE,SURFTYPE,SURFCOND,ALIGNMENT,PROFILE,LINERIGHT,LINELEFT,RUMBINIT,RUMBROAD,LIGHTCOND,WEATHER,TRAFDEV,TRAFFUNCT,DISTRACT,PREFHE,PREMOVE,CRITCAT,CRITEVENT,MANEUVER,PRESTAB,PRELOC,CRASHCAT,CRASHCONF,CRASHTYPE,ROLLTYPE,ROLLTURN,ROLLINTRPT,ROLLPREMAN,ROLLINITYP,ROLLINLOC,ROLLOBJ,ROLLTRIP,ROLLDIR,ROLLDIST,DVANGTHIS,DVANGOTH,TOWHITCH,TRAJDOC,TREEPOLE,DVEVENT,DVBASIS,DVTOTAL,DVLONG,DVLAT,DVENERGY,DVSPEED,DVMOMENT,DVBES,DVEST,DVCONF,VAIS,VISS,VINJURED,VTREAT,INITOBJCLASS,HEADANGLECAT,SHLDRWIDTH,STRKLENGTH,STRKWIDTH,STRKHEIGHT,EDGEDISTX,EDGEDISTY,EDGEDISTZ,CASEWGT,PSUSTRAT,VERSION
24406,17,102,1-17-2021-102-04,4,1,3GNAXSEV8JS5,17,467,1847,7,0,20,404,2018,14,3,14,0,1,R,1,1580,5,0,1,1,8,2,48,1,9,0,995,0,9,0,61282,1,2,2,4,2,1,1,1,1,1,0,4,0,0,3,1,2,2,1,0,1,2,17,1,1,1,5,L,87,0,0,0,0,0,0,0,0,0,0,270,180,0,0,0,1,3,7,-3,-6,3888,998,-102,6,0,4,0,0,0,0,0,995,9.8,998,998,998,99.8,99.8,99.8,59.5314826828554,4,6
24406,17,102,1-17-2021-102-04,4,2,1FMFK18539EA,17,460,1820,7,0,12,422,2009,15,3,15,0,1,F,1,2792,5,0,1,1,26,2,48,1,9,0,995,0,9,0,61265,1,2,2,4,2,1,1,1,1,2,0,4,0,0,3,1,0,0,1,0,1,4,66,1,1,1,5,L,86,0,0,0,0,0,0,0,0,0,0,180,270,0,0,0,1,3,4,-3,2,2109,998,69,4,0,4,0,0,0,0,0,995,9.8,998,998,998,99.8,99.8,99.8,59.5314826828554,4,6
24407,54,86,1-54-2021-086-09,9,1,1HGCG1651YA0,17,474,1861,13,0,37,32,2000,4,1,3,0,1,R,9,1480,5,9999,9,0,998,2,72,1,0,0,995,0,0,0,35653,1,9,2,1,3,3,2,1,1,1,3,2,0,2,3,1,0,0,2,0,11,2,15,99,1,1,4,J,68,0,0,0,0,0,0,0,0,0,0,305,225,0,0,0,1,0,999,999,999,9999999,999,999,999,9,0,9,97,0,5,0,995,9.8,998,998,998,99.8,99.8,99.8,474.384279999313,9,6
24407,54,86,1-54-2021-086-09,9,2,1YVHP80C175M,17,473,2078,13,0,41,50,2007,4,1,3,0,1,F,9,1387,5,9999,9,0,998,3,72,1,0,0,995,0,0,0,35653,9,9,2,1,3,2,2,1,1,1,1,3,2,2,3,1,0,0,9,0,1,4,62,99,1,1,4,J,69,0,0,0,0,0,0,0,0,0,0,225,305,0,0,0,1,0,999,999,999,9999999,999,999,999,9,0,0,0,0,0,0,995,9.8,998,998,998,99.8,99.8,99.8,474.384279999313,9,6
24409,31,97,1-31-2021-097-04,4,1,1C6SRFJT4LN4,17,496,13620,60,0,7,482,2020,34,5,31,0,1,B,1,2327,5,9999,9,1,12,2,89,1,0,0,995,0,0,0,62824,9,9,2,4,2,1,2,1,1,1,1,4,0,0,1,1,0,0,9,0,3,3,53,1,1,1,2,D,25,0,0,0,0,0,0,0,0,0,0,255,255,0,0,0,1,1,17,17,0,18961,998,-11,14,0,4,0,0,0,0,0,995,9.8,998,998,998,99.8,99.8,99.8,223.387528164507,6,6
24409,31,97,1-31-2021-097-04,4,2,4TAWN72N2WZ1,17,448,2223,60,0,49,472,1998,34,5,30,0,1,F,1,1817,5,9999,9,1,12,2,89,1,0,0,995,0,0,0,62821,9,9,2,4,2,1,2,1,1,1,1,4,0,0,1,1,0,0,1,0,1,3,51,2,1,1,2,D,24,0,0,0,0,0,0,0,0,0,0,255,255,0,0,0,1,1,22,-22,0,43506,998,-5,24,0,4,0,0,0,0,0,995,9.8,998,998,998,99.8,99.8,99.8,223.387528164507,6,6
24410,31,98,1-31-2021-098-06,6,1,1G1JA5SH2D42,17,467,1835,13,0,20,28,2013,4,1,1,0,1,F,2,1237,5,9999,9,5,8,2,89,1,0,0,995,0,0,0,62844,9,9,2,4,2,1,2,1,1,1,1,4,0,0,1,1,0,0,9,0,11,2,15,99,1,1,4,J,68,0,0,0,0,0,0,0,0,0,0,260,110,0,0,0,1,5,999,999,999,9999999,999,999,999,7,0,9,97,0,8,0,995,9.8,998,998,998,99.8,99.8,99.8,230.285897347917,6,6
24410,31,98,1-31-2021-098-06,6,2,1FDWE3FL0GDC,17,460,1818,62,95,12,870,2016,61,8,60,0,1,F,9,,,,,,,5,89,1,0,0,995,0,0,0,42001,9,9,2,4,2,1,2,1,1,1,1,4,0,0,1,1,0,0,9,0,1,4,62,99,1,1,4,J,69,,,,,,,,,,,,,,,,,,,,,,,,,,,95,95,95,95,,,0.4,14,14,999,27.8,3.9,27.9,230.285897347917,6,6
24411,16,116,1-16-2021-116-02,2,1,KNAFK4A62G55,17,499,2462,13,0,63,38,2016,4,1,3,0,1,F,3,1272,5,0,1,1,44,2,89,1,1,2,996,1,0,0,45229,9,9,0,2,4,98,2,2,1,9,3,3,0,3,3,2,0,0,1,1,1,2,11,99,1,2,3,G,52,0,0,0,0,0,0,0,0,0,0,10,195,0,0,0,1,12,999,999,999,9999999,999,999,999,8,0,99,99,0,99,0,995,9.8,998,998,998,99.8,99.8,99.8,18.934323890091,5,6
24411,16,116,1-16-2021-116-02,2,2,JH4CU2F60BC0,17,475,1874,13,0,54,39,2011,4,1,3,0,1,F,3,1545,5,0,1,1,16,2,89,1,8,0,995,0,0,0,45214,2,9,0,2,4,3,2,2,1,9,3,3,0,3,3,2,0,0,1,0,1,4,63,99,1,1,3,G,52,0,0,0,0,0,0,0,0,0,0,195,10,0,0,0,1,12,999,999,999,9999999,999,999,999,8,0,3,14,1,3,0,995,9.8,998,998,998,99.8,99.8,99.8,18.934323890091,5,6
24414,23,145,1-23-2021-145-01,1,1,5J6RM4H7XCL0,17,474,1865,7,0,37,402,2012,14,3,14,0,1,L,3,1583,5,0,1,4,13,2,113,1,0,8,997,8,0,3,43334,9,9,4,2,3,98,2,1,1,1,0,1,1,3,4,1,0,0,9,0,12,2,21,2,1,2,6,M,98,0,0,0,0,0,0,0,0,0,0,130,200,0,0,0,1,5,999,999,999,9999999,999,999,999,8,0,9,0,0,1,0,995,9.8,998,998,998,99.8,99.8,99.8,117.092241463848,5,6
24414,23,145,1-23-2021-145-01,1,2,4V4NC9GF07N4,17,487,1967,66,0,51,881,2007,66,8,67,0,1,F,9,,,,,,,2,113,1,0,1,0,1,0,3,44901,9,9,4,2,3,2,2,1,1,1,3,3,0,3,4,1,0,0,1,1,1,4,64,7,1,1,6,M,98,,,,,,,,,,,,,,,,,,,,,,,,,,,95,95,95,95,,,9.8,998,998,998,99.8,99.8,99.8,117.092241463848,5,6
24416,54,87,1-54-2021-087-05,5,1,2G1WA5E38C11,17,467,1833,13,0,20,2,2012,4,1,4,0,1,T,1,1658,5,0,1,1,30,2,72,1,0,0,995,0,0,0,35654,1,9,0,4,2,1,2,1,3,1,0,2,0,0,2,1,0,0,9,1,14,2,13,99,1,4,1,A,1,1,2,2,2,1,4,61,1,1,9,997,997,0,1,0,2,6,999,999,999,9999999,999,999,999,6,0,1,3,0,4,3,997,0.0,999,999,999,18.0,3.0,18.0,145.454151439287,9,6
24417,54,88,1-54-2021-088-03,3,1,1FATP8UH6L51,17,460,1781,1,0,12,3,2020,1,1,3,0,1,F,1,1765,5,0,1,1,23,2,105,1,0,0,995,0,0,0,35653,1,9,0,1,2,1,2,2,1,1,1,3,2,3,2,8,0,0,9,1,1,6,87,3,2,4,1,B,8,0,0,0,0,0,0,0,0,0,0,998,998,0,1,0,1,1,15,-15,3,18765,998,56,15,0,4,1,1,0,6,0,998,1.5,119,38,62,45.0,3.0,45.0,320.216122599292,9,6
24418,59,76,1-59-2021-076-08,8,1,1B7GL23Y3RS6,17,476,1941,60,0,7,472,1994,34,5,31,0,1,T,1,1595,5,100,1,1,4,2,89,1,1,1,30,1,1,2,61944,9,9,0,4,2,1,2,1,1,1,0,0,0,0,2,1,0,0,3,1,1,2,13,99,9,4,1,A,1,1,8,2,2,1,3,61,1,2,32,997,997,0,0,0,2,6,999,999,999,9999999,999,999,999,6,0,1,1,0,4,3,997,0.0,999,999,999,99.9,99.9,99.9,118.678948412194,6,6
24420,17,103,1-17-2021-103-09,9,1,1G4GC5EG3AF2,17,468,1821,13,0,18,22,2010,4,1,4,0,1,L,1,1822,5,0,1,1,14,2,48,1,9,0,995,0,9,0,61201,9,9,2,4,2,1,1,3,1,1,0,0,0,0,1,4,2,2,9,0,99,1,6,2,2,1,6,M,98,0,0,0,0,0,0,0,0,0,0,110,170,0,0,0,1,1,18,3,18,5249,998,35,8,0,1,0,0,0,0,0,995,9.8,998,998,998,99.8,99.8,99.8,353.668851272648,4,6
24420,17,103,1-17-2021-103-09,9,2,2CNDL63F6660,17,467,1847,7,0,20,404,2006,14,3,14,0,1,F,1,1660,5,0,1,1,13,2,64,1,9,0,995,0,9,0,61238,9,9,2,4,2,1,2,3,3,4,1,2,0,0,1,4,0,0,9,0,14,4,78,2,2,1,6,M,98,0,0,0,0,0,0,0,0,0,0,170,110,0,0,0,1,1,19,-18,-7,47918,998,-20,26,0,2,1,1,0,4,0,995,9.8,998,998,998,99.8,99.8,99.8,353.668851272648,4,6
24421,17,104,1-17-2021-104-04,4,1,1FM5K8F81FGA,17,460,1800,7,0,12,401,2015,14,3,14,0,1,F,1,2146,5,0,1,1,16,2,999,1,9,0,995,0,9,0,61201,9,9,2,4,2,1,2,1,1,1,0,4,0,0,3,1,2,2,9,0,1,2,17,1,1,1,5,L,86,0,0,0,0,0,0,0,0,0,0,270,350,0,0,0,1,1,12,-6,10,23745,998,195,10,0,1,0,0,0,0,0,995,9.8,998,998,998,99.8,99.8,99.8,170.485099199414,4,6
24421,17,104,1-17-2021-104-04,4,2,2FMPK3J9XLBA,17,460,1797,7,0,12,424,2020,15,3,15,0,1,R,1,1800,5,0,1,1,9,2,89,1,9,0,995,0,9,0,61264,1,2,2,1,2,1,2,1,1,1,1,3,0,0,3,1,0,0,1,0,1,4,66,3,1,1,5,L,87,0,0,0,0,0,0,0,0,0,0,350,270,0,0,0,1,1,14,-10,-9,24605,998,77,16,0,1,0,0,0,0,0,995,9.8,998,998,998,99.8,99.8,99.8,170.485099199414,4,6
24422,12,73,1-12-2021-073-04,4,1,KNDPN3AC2H71,17,499,2770,7,0,63,401,2017,14,3,14,0,1,T,2,1631,5,0,1,1,11,2,72,1,0,0,995,0,0,0,73401,9,9,0,4,2,1,2,2,3,1,1,2,0,0,1,1,0,0,3,1,14,2,13,99,2,4,1,A,1,1,2,1,2,1,4,61,1,1,10,997,997,0,0,0,3,6,999,999,999,9999999,999,999,999,7,0,0,0,0,0,3,997,0.0,120,15,40,7.7,3.2,8.3,1704.20632060708,9,6
24426,19,190,1-19-2021-190-09,9,1,1N4AA51E79C8,17,478,2302,13,0,35,39,2009,4,1,4,0,1,9,9,1630,5,9999,9,0,998,2,40,1,0,0,995,0,0,0,35903,2,9,0,4,2,1,2,1,1,1,0,0,0,0,2,1,6,2,9,1,1,2,14,2,2,4,1,C,14,0,0,0,0,0,0,0,0,0,0,998,998,0,1,0,99,0,999,999,999,9999999,999,999,999,9,0,1,2,0,4,0,998,0.0,100,120,999,25.3,2.8,25.8,338.83017291982,9,6
24427,19,191,1-19-2021-191-09,9,1,1J8FT28W37D4,17,483,1947,7,0,2,407,2007,14,3,14,0,1,L,1,1410,5,0,1,1,13,3,56,1,0,0,995,0,0,0,35905,1,9,2,4,2,1,2,1,1,2,1,2,0,0,1,1,2,2,2,0,1,2,17,99,1,1,5,L,89,0,0,0,0,0,0,0,0,0,0,195,290,0,0,0,1,1,6,0,6,877,998,-202,2,0,4,1,1,0,4,0,995,9.8,998,998,998,99.8,99.8,99.8,338.830173011636,9,6
24427,19,191,1-19-2021-191-09,9,2,1FAHP35N68W1,17,460,1779,13,0,12,37,2008,4,1,2,0,1,F,1,1189,5,0,2,1,14,2,89,1,0,0,995,0,0,0,35903,1,2,2,1,4,3,2,1,1,1,3,3,0,0,1,1,0,0,1,0,1,4,71,4,2,1,5,L,88,0,0,0,0,0,0,0,0,0,0,290,195,0,1,0,1,1,7,-7,1,8882,998,-22,13,0,4,0,0,0,0,0,995,9.8,998,998,998,99.8,99.8,99.8,338.830173011636,9,6
24428,19,192,1-19-2021-192-04,4,1,1FTEW1EG8JFB,17,460,1801,60,0,12,481,2018,34,5,31,0,1,F,2,2130,5,0,1,1,6,2,80,1,0,0,995,0,0,0,36277,1,2,3,4,2,1,2,1,1,1,1,2,0,0,2,1,0,0,1,0,1,3,51,2,1,1,2,D,24,0,0,0,0,0,0,0,0,0,0,115,100,0,1,0,1,1,28,-28,0,36657,998,22,20,0,3,0,0,0,0,0,995,9.8,998,998,998,99.8,99.8,99.8,184.539744109971,9,6
24428,19,192,1-19-2021-192-04,4,2,2G4WS52J6511,17,468,8843,13,0,18,7,2005,4,1,3,0,1,B,2,1528,5,0,1,2,6,5,80,1,0,0,995,0,0,0,35903,9,9,3,4,2,1,2,1,1,1,1,2,0,0,2,1,0,0,9,0,11,2,15,1,1,1,2,D,26,0,0,0,0,0,0,0,0,0,0,100,115,0,1,0,1,1,39,38,7,133952,998,-23,45,0,3,95,95,95,95,0,995,9.8,998,998,998,99.8,99.8,99.8,184.539744109971,9,6
24432,24,196,1-24-2021-196-03,3,1,3KPF24AD2KE1,17,499,2462,13,0,63,38,2019,4,1,3,0,1,B,2,1256,5,0,1,1,22,2,80,1,0,0,995,0,0,0,08234,9,9,0,1,3,2,2,1,3,1,1,3,0,0,1,1,0,0,1,0,2,3,53,99,1,1,2,D,29,0,0,0,0,0,0,0,0,0,0,285,285,0,0,0,1,1,34,34,0,83330,998,0,40,0,1,99,99,0,0,0,995,9.8,998,998,998,99.8,99.8,99.8,129.440455404005,1,6
24432,24,196,1-24-2021-196-03,3,2,1FMCU0F79DUA,17,460,1798,7,0,12,402,2013,14,3,14,0,1,F,2,1588,5,0,1,1,22,2,80,1,0,0,995,0,0,0,08210,9,9,0,1,3,2,2,1,3,1,1,3,0,0,1,1,0,0,3,0,14,3,52,2,1,1,2,D,28,0,0,0,0,0,0,0,0,0,0,285,285,0,0,0,1,1,28,-28,0,27316,998,0,21,0,1,0,0,0,0,0,995,9.8,998,998,998,99.8,99.8,99.8,129.440455404005,1,6
24432,24,196,1-24-2021-196-03,3,3,2T2BK1BA1BC0,17,515,2214,7,0,59,403,2011,14,3,14,0,1,B,9,1970,5,9999,9,0,998,5,80,1,0,0,995,0,0,0,08244,9,9,0,1,3,2,2,1,3,1,1,3,0,0,1,1,0,0,1,0,5,3,53,1,1,1,6,M,98,0,0,0,0,0,0,0,0,0,0,285,285,0,0,0,2,0,999,999,999,9999999,999,999,999,9,0,95,95,95,95,0,995,9.8,998,998,998,99.8,99.8,99.8,129.440455404005,1,6
24432,24,196,1-24-2021-196-03,3,4,1GKKNULS4MZ1,17,472,1855,7,0,23,423,2021,15,3,15,0,1,B,9,1923,5,9999,9,0,998,5,80,1,0,0,995,0,0,0,08330,9,9,0,1,3,2,2,1,3,1,1,3,0,0,1,1,0,0,1,0,5,3,53,1,1,1,6,M,98,0,0,0,0,0,0,0,0,0,0,285,285,0,0,0,3,0,999,999,999,9999999,999,999,999,9,0,95,95,95,95,0,995,9.8,998,998,998,99.8,99.8,99.8,129.440455404005,1,6
24433,24,197,1-24-2021-197-04,4,1,1N4AL3AP0FC1,17,478,1904,13,0,35,47,2015,4,1,4,0,1,F,2,1524,5,0,1,1,48,2,80,1,0,0,995,0,0,0,08330,9,9,3,4,2,1,2,1,1,1,1,2,1,0,1,1,0,0,1,0,1,3,50,99,1,1,2,D,20,0,0,0,0,0,0,0,0,0,0,265,265,0,0,0,1,9,999,999,999,9999999,999,999,999,7,0,0,0,0,0,0,995,9.8,998,998,998,99.8,99.8,99.8,465.381031706468,1,6
24433,24,197,1-24-2021-197-04,4,2,5XYPKDA5XLG6,17,499,2769,7,0,63,402,2020,14,3,14,0,1,B,1,1860,5,0,1,3,20,2,80,1,0,0,995,0,0,0,34668,1,2,3,4,2,1,2,1,1,1,1,2,1,0,1,1,0,0,9,0,5,3,53,99,1,1,2,D,21,0,0,0,0,0,0,0,0,0,0,265,265,0,0,0,1,9,999,999,999,9999999,999,999,999,6,0,0,0,0,99,0,995,9.8,998,998,998,99.8,99.8,99.8,465.381031706468,1,6
24434,24,198,1-24-2021-198-03,3,1,3GYFNEE30CS6,17,469,1844,7,0,19,20,2012,6,1,4,0,1,F,2,1981,5,0,1,1,49,2,80,1,0,0,995,0,0,0,08330,9,9,0,4,2,1,2,1,1,1,1,2,1,0,1,1,0,0,3,0,1,3,52,1,1,1,2,D,28,0,0,0,0,0,0,0,0,0,0,70,70,0,0,0,1,1,39,-39,0,39700,998,-22,22,0,1,0,0,0,0,0,995,9.8,998,998,998,99.8,99.8,99.8,129.440455404005,1,6
24434,24,198,1-24-2021-198-03,3,2,3KPF34AD1LE2,17,499,2462,13,0,63,38,2020,4,1,3,0,1,B,3,1366,5,0,1,1,19,2,80,1,0,0,995,0,0,0,08330,1,2,0,4,2,1,2,1,1,1,1,2,1,0,1,1,0,0,1,0,2,3,53,1,1,1,2,D,29,0,0,0,0,0,0,0,0,0,0,70,70,0,0,0,1,1,54,54,0,248290,998,0,66,0,1,1,1,0,6,0,995,9.8,998,998,998,99.8,99.8,99.8,129.440455404005,1,6
24435,24,199,1-24-2021-199-03,3,1,1C6RR7LT6ES4,17,496,13620,60,0,7,482,2014,34,5,30,0,1,R,1,2430,5,0,1,5,17,2,80,1,0,0,995,0,0,0,08205,9,9,2,4,2,1,2,1,1,1,1,2,0,0,1,1,0,0,1,0,1,4,67,99,1,1,4,K,83,0,0,0,0,0,0,0,0,0,0,30,290,0,0,0,1,1,15,-5,-14,20148,998,65,13,0,1,0,0,0,5,0,995,9.8,998,998,998,99.8,99.8,99.8,129.440455404005,1,6
24435,24,199,1-24-2021-199-03,3,2,1N4AL3AP9HN3,17,478,1904,13,0,35,47,2017,4,1,4,0,1,F,2,1453,5,0,1,1,47,2,40,1,0,0,995,0,0,0,08330,9,9,2,4,2,1,2,1,1,1,0,2,0,0,1,1,2,2,9,0,11,2,15,1,1,1,4,K,82,0,0,0,0,0,0,0,0,0,0,290,30,0,0,0,1,1,25,-25,4,44088,998,37,27,0,1,0,0,0,5,0,995,9.8,998,998,998,99.8,99.8,99.8,129.440455404005,1,6
24436,13,134,1-13-2021-134-06,6,1,2C3CDXBG4CH1,17,476,1895,13,0,7,24,2012,4,1,5,0,1,F,2,1797,5,0,1,5,10,2,64,1,8,0,995,0,7,0,76134,2,9,2,1,4,3,2,1,1,1,3,1,0,0,1,1,1,2,9,0,1,3,50,99,1,1,2,D,20,0,0,0,0,0,0,0,0,0,0,0,0,0,0,0,1,3,32,-32,0,72962,998,-32,31,0,4,99,99,0,8,0,995,9.8,998,998,998,99.8,99.8,99.8,1100.37696924166,7,6
24436,13,134,1-13-2021-134-06,6,2,1G1PE5SB3F72,17,467,1832,13,0,20,25,2015,4,1,3,0,1,B,3,1399,5,9999,9,0,998,2,64,1,8,0,995,0,7,0,75051,2,9,2,1,4,3,2,1,1,1,3,1,0,0,1,1,1,2,9,0,5,3,53,99,1,1,2,D,21,0,0,0,0,0,0,0,0,0,0,0,0,0,0,0,1,3,42,42,0,104035,998,0,43,0,4,99,99,0,99,0,995,9.8,998,998,998,99.8,99.8,99.8,1100.37696924166,7,6
24437,13,135,1-13-2021-135-03,3,1,2C3CDXGJ0JH2,17,476,1895,13,0,7,24,2018,4,1,5,0,1,F,1,1996,5,9999,9,0,998,2,64,1,8,0,995,0,7,0,76132,2,9,2,4,7,3,1,1,1,1,3,1,0,0,1,1,1,2,9,0,1,2,17,99,1,1,4,K,83,0,0,0,0,0,0,0,0,0,0,350,260,0,0,0,1,3,12,-9,-7,9808,998,-143,8,0,4,3,19,1,3,0,995,9.8,998,998,998,99.8,99.8,99.8,623.483397446892,7,6
24437,13,135,1-13-2021-135-03,3,2,3GTP1VE04DG1,17,472,1857,60,0,23,481,2013,34,5,31,0,1,L,1,2338,5,0,1,1,19,2,64,1,8,0,995,0,7,0,76134,2,9,2,4,3,2,2,1,1,1,1,2,0,0,1,1,1,2,9,0,11,4,66,2,1,1,4,K,82,0,0,0,0,0,0,0,0,0,0,260,350,0,0,0,1,3,10,-7,8,25946,998,104,14,0,4,0,0,0,0,0,995,9.8,998,998,998,99.8,99.8,99.8,623.483397446892,7,6
24437,13,135,1-13-2021-135-03,3,3,1HGCP2F87BA1,17,474,1861,13,0,37,32,2011,4,1,4,0,1,F,2,1523,5,0,1,4,43,2,64,1,8,0,995,0,7,0,76134,1,1,2,4,7,4,1,1,3,1,1,2,0,0,1,1,1,2,9,0,5,4,62,1,1,1,6,M,98,0,0,0,0,0,0,0,0,0,0,180,230,0,0,0,2,12,999,999,999,9999999,999,999,999,7,0,2,5,0,3,0,995,9.8,998,998,998,99.8,99.8,99.8,623.483397446892,7,6
24437,13,135,1-13-2021-135-03,3,4,2G1FT1EW2C91,17,467,1829,3,0,20,9,2012,2,1,4,0,1,F,2,1755,5,0,1,4,44,2,64,1,8,0,995,0,7,0,76028,1,9,2,4,7,4,1,1,3,1,1,2,0,0,1,1,1,2,9,0,5,3,54,1,1,1,6,M,98,0,0,0,0,0,0,0,0,0,0,185,120,0,0,0,3,12,999,999,999,9999999,999,999,999,7,0,0,0,0,0,0,995,9.8,998,998,998,99.8,99.8,99.8,623.483397446892,7,6
24437,13,135,1-13-2021-135-03,3,5,1LNHM87A12Y7,17,464,2367,13,0,13,12,2002,4,1,5,0,1,L,9,2119,5,9999,9,0,998,5,64,1,0,0,995,0,7,0,76123,9,9,2,4,7,4,1,1,3,1,1,2,0,0,1,1,1,2,9,0,5,3,56,1,1,1,6,M,98,0,0,0,0,0,0,0,0,0,0,180,185,0,0,0,4,0,999,999,999,9999999,999,999,999,9,0,95,95,95,95,0,995,9.8,998,998,998,99.8,99.8,99.8,623.483397446892,7,6
24437,13,135,1-13-2021-135-03,3,6,4F4YR16V93TM,17,473,2741,60,0,41,471,2003,34,5,30,0,1,F,9,1581,5,9999,9,0,998,5,64,1,8,0,995,0,7,0,76115,9,9,2,4,7,4,1,1,3,1,1,2,0,0,1,1,1,2,9,0,4,6,92,1,1,1,6,M,98,0,0,0,0,0,0,0,0,0,0,998,998,0,0,0,5,0,999,999,999,9999999,999,999,999,9,0,95,95,95,95,0,998,9.8,998,998,998,99.8,99.8,99.8,623.483397446892,7,6
24438,13,136,1-13-2021-136-05,5,1,1FTFW1CF8EKD,17,460,1801,60,0,12,481,2014,34,5,31,0,1,F,9,2402,5,0,1,1,8,2,48,1,8,8,997,8,7,0,76179,1,9,0,4,2,1,2,1,3,1,1,2,0,0,2,1,0,0,9,1,14,2,13,3,2,4,1,A,2,0,0,0,0,0,0,0,0,0,0,998,998,0,0,9,1,11,999,999,999,9999999,999,999,999,9,0,1,1,0,4,0,998,0.0,38,38,120,23.6,4.2,24.0,77.7542768691706,7,6
24439,52,217,1-52-2021-217-09,9,1,1FTWW33F02ED,17,460,1806,60,0,12,880,2002,67,8,60,0,1,R,9,,,,,,,5,56,1,0,0,995,0,0,0,59101,9,9,2,1,4,4,2,1,2,1,1,0,0,0,1,1,1,2,9,0,11,2,15,99,1,1,4,J,68,,,,,,,,,,,,,,,,,,,,,,,,,,,95,95,95,95,,,9.8,998,998,998,99.8,99.8,99.8,188.63944895629,12,6
24439,52,217,1-52-2021-217-09,9,2,2G1WC58R0791,17,467,1833,13,0,20,2,2007,4,1,4,0,1,F,1,1630,5,0,1,1,52,2,56,1,0,0,995,0,0,0,59105,9,9,2,2,4,1,2,1,3,1,1,1,0,0,1,1,1,2,9,0,14,4,62,2,1,1,4,J,69,0,0,0,0,0,0,0,0,0,0,280,15,0,0,0,1,5,999,999,999,9999999,999,999,19,2,0,9,97,0,99,0,995,9.8,998,998,998,99.8,99.8,99.8,188.63944895629,12,6
24440,52,218,1-52-2021-218-04,4,1,1G2WK52J82F1,17,536,4262,13,0,22,20,2002,4,1,4,0,1,R,1,1531,5,0,1,1,14,2,40,1,0,0,995,0,0,0,59101,9,9,2,4,5,1,2,2,1,1,0,1,0,0,1,1,1,2,9,0,1,2,17,99,1,1,5,L,87,0,0,0,0,0,0,0,0,0,0,150,80,0,0,0,1,1,19,-10,-16,8158,998,-41,11,0,1,99,99,0,99,0,995,9.8,998,998,998,99.8,99.8,99.8,95.5213529177841,12,6
24440,52,218,1-52-2021-218-04,4,2,4T3D6RFV3MU0,17,448,2217,7,0,49,402,2021,14,3,14,0,1,F,1,1703,5,0,1,1,14,2,40,1,0,0,995,0,0,0,59105,1,2,2,3,3,1,2,2,1,1,0,1,0,0,1,1,1,2,1,0,1,4,66,4,1,1,5,L,86,0,0,0,0,0,0,0,0,0,0,80,150,0,0,0,1,1,18,-11,14,57508,998,126,21,0,4,0,0,0,6,0,995,9.8,998,998,998,99.8,99.8,99.8,95.5213529177841,12,6
24442,52,220,1-52-2021-220-03,3,1,MAJ6S3JL4LC3,17,460,17774,7,0,12,403,2020,14,3,14,0,1,R,1,1497,5,0,1,1,18,2,40,1,0,0,995,0,0,0,59063,9,9,2,4,2,1,2,5,1,1,0,0,0,0,1,1,0,0,9,0,1,2,17,99,9,1,5,L,87,0,0,0,0,0,0,0,0,0,0,270,180,0,0,0,1,3,7,-4,-5,5132,998,-55,8,0,4,9,97,0,99,0,995,9.8,998,998,998,99.8,99.8,99.8,31.5968942382498,12,6
24442,52,220,1-52-2021-220-03,3,2,1FMHK8F83BGA,17,460,1800,7,0,12,401,2011,14,3,14,0,1,F,1,2146,5,9999,9,0,998,5,40,1,0,0,995,0,0,0,59044,9,9,2,4,2,1,2,5,1,1,0,0,0,0,1,1,0,0,9,0,1,4,66,99,9,1,5,L,86,0,0,0,0,0,0,0,0,0,0,180,270,0,0,0,1,3,5,-4,3,2490,998,147,4,0,4,95,95,95,95,0,995,9.8,998,998,998,99.8,99.8,99.8,31.5968942382498,12,6
24443,28,104,1-28-2021-104-01,1,1,1G1BE5SM0J71,17,467,1832,13,0,20,25,2018,4,1,3,0,1,F,3,1250,5,0,1,1,36,2,89,1,0,8,997,8,0,3,14094,9,9,0,4,2,1,2,2,2,1,1,2,1,0,2,2,0,0,9,1,14,2,10,2,1,2,3,G,50,0,0,0,0,0,0,0,0,0,0,65,270,0,0,0,1,3,76,-75,-13,243280,998,-15,69,0,4,9,97,0,1,0,995,9.8,998,998,998,99.8,99.8,99.8,49.2071087049636,3,6
24443,28,104,1-28-2021-104-01,1,2,1FTFW1EG0JKC,17,460,1801,60,0,12,481,2018,34,5,31,0,1,F,3,2130,5,46,1,5,36,2,89,1,0,0,995,0,0,0,16928,9,9,0,4,2,1,2,2,3,1,1,4,1,0,2,2,0,0,1,0,14,4,62,98,1,1,3,G,51,0,0,0,0,0,0,0,0,0,0,270,65,0,0,0,1,3,44,-44,8,238651,998,44,51,0,4,0,0,0,0,0,995,9.8,998,998,998,99.8,99.8,99.8,49.2071087049636,3,6