CASEID,PSU,CASENO,CASENUMBER,CATEGORY,VEHNO,VIN,VINLENGTH,VPICMAKE,VPICMODEL,VPICBODYCLASS,ICFINALBODY,MAKE,MODEL,MODELYR,BODYTYPE,BODYCAT,VEHCLASS,SPECUSE,TRANSTAT,DAMPLANE,DAMSEV,CURBWT,CURBSRC,CARGOWT,CARGOSRC,INSPTYPE,INSPLAG,TOWED,SPEEDLIMIT,DRPRESENT,PARALCOHOL,ALCTEST,ALCTESTRESULT,ALCTESTSRC,PARDRUG,DRUGTEST,ZIP,RACE,ETHNICITY,RELTOJUNCT,TRAFFLOW,RDLANES,INITLANE,SURFTYPE,SURFCOND,ALIGNMENT,PROFILE,LINERIGHT,LINELEFT,RUMBINIT,RUMBROAD,LIGHTCOND,WEATHER,TRAFDEV,TRAFFUNCT,DISTRACT,PREFHE,PREMOVE,CRITCAT,CRITEVENT,MANEUVER,PRESTAB,PRELOC,CRASHCAT,CRASHCONF,CRASHTYPE,ROLLTYPE,ROLLTURN,ROLLINTRPT,ROLLPREMAN,ROLLINITYP,ROLLINLOC,ROLLOBJ,ROLLTRIP,ROLLDIR,ROLLDIST,DVANGTHIS,DVANGOTH,TOWHITCH,TRAJDOC,TREEPOLE,DVEVENT,DVBASIS,DVTOTAL,DVLONG,DVLAT,DVENERGY,DVSPEED,DVMOMENT,DVBES,DVEST,DVCONF,VAIS,VISS,VINJURED,VTREAT,INITOBJCLASS,HEADANGLECAT,SHLDRWIDTH,STRKLENGTH,STRKWIDTH,STRKHEIGHT,EDGEDISTX,EDGEDISTY,EDGEDISTZ,CASEWGT,PSUSTRAT,VERSION
24447,13,137,1-13-2021-137-04,4,1,1N4AL3AP5HC4,17,478,1904,13,0,35,47,2017,4,1,4,0,1,F,9,1453,5,9999,9,0,998,2,97,1,8,0,995,0,7,0,76006,2,9,0,2,3,1,2,1,1,9,1,3,2,2,1,1,0,0,9,0,1,3,52,99,1,1,2,D,28,0,0,0,0,0,0,0,0,0,0,270,270,0,0,0,1,0,999,999,999,9999999,999,999,999,9,0,0,0,0,0,0,995,9.8,998,998,998,99.8,99.8,99.8,2021.40279784718,7,6
24447,13,137,1-13-2021-137-04,4,2,1GC1KWEY0HF2,17,467,1850,60,0,20,481,2017,34,5,31,0,1,B,9,2918,5,9999,9,0,998,5,97,1,8,0,995,0,7,0,76001,9,9,0,2,3,1,2,1,1,9,1,3,2,2,1,1,0,0,9,0,2,3,53,99,1,1,2,D,29,0,0,0,0,0,0,0,0,0,0,270,270,0,0,0,1,0,999,999,999,9999999,999,999,999,9,0,95,95,95,95,0,995,9.8,998,998,998,99.8,99.8,99.8,2021.40279784718,7,6
24448,66,100,1-66-2021-100-09,9,1,5FNRL3H73AB0,17,474,1869,2,0,37,441,2010,20,4,20,0,1,F,1,2062,5,0,1,1,5,2,113,1,0,0,995,0,7,1,72701,9,9,0,2,2,1,2,1,1,1,1,3,2,3,1,1,0,0,9,1,1,1,8,99,1,4,1,A,1,0,0,0,0,0,0,0,0,0,0,998,998,0,1,0,1,1,13,-13,0,13765,998,0,13,0,4,0,0,0,4,0,998,2.9,120,120,0,13.1,5.9,14.4,144.174066612041,6,6
24449,66,101,1-66-2021-101-09,9,1,1D7HA18D13S3,17,476,1938,60,0,7,482,2003,34,5,31,0,1,F,2,2225,5,68,1,1,20,2,64,1,9,0,995,0,7,0,99999,9,9,0,4,2,1,2,1,1,1,0,0,0,0,1,8,0,0,9,1,1,2,13,99,1,4,1,A,1,0,0,0,0,0,0,0,0,0,0,998,998,0,1,0,2,11,999,999,999,9999999,999,999,999,7,0,99,99,0,99,0,998,0.0,7,7,999,3.6,0.6,3.7,144.174066612041,6,6
24453,10,79,1-10-2021-079-03,3,1,ML32F3FJ4JHF,17,481,13842,13,0,52,48,2018,4,1,2,0,1,L,2,975,5,0,1,1,7,2,72,1,0,0,995,0,0,0,45458,1,2,3,3,1,1,2,2,1,1,0,0,0,0,1,2,0,0,1,0,10,2,16,1,1,1,4,K,78,0,0,0,0,0,0,0,0,0,0,135,195,0,0,0,1,1,28,-5,27,15524,998,46,18,0,1,1,1,0,3,0,995,9.8,998,998,998,99.8,99.8,99.8,1175.14080231362,4,6
24453,10,79,1-10-2021-079-03,3,2,1FAFP40644F1,17,460,1781,3,0,12,3,2004,2,1,2,0,1,F,1,1492,5,0,1,1,7,2,72,1,0,0,995,0,0,0,45431,9,9,3,4,3,1,2,2,1,1,1,1,0,0,1,2,0,0,1,0,1,4,70,1,1,1,4,K,79,0,0,0,0,0,0,0,0,0,0,195,135,0,0,0,1,1,18,-14,-12,59237,998,-137,22,0,1,0,0,0,0,0,995,9.8,998,998,998,99.8,99.8,99.8,1175.14080231362,4,6
24454,25,118,1-25-2021-118-02,2,1,1FTEX1EB3MFC,17,460,1801,60,0,12,481,2021,34,5,30,0,1,F,2,2086,5,0,1,1,6,2,56,1,8,0,995,0,7,0,04210,9,9,0,4,2,1,2,2,2,1,1,2,0,0,2,2,0,0,1,1,14,1,6,99,9,4,1,B,7,0,0,0,0,0,0,0,0,0,0,998,998,0,1,2,2,10,999,999,999,9999999,999,-39,39,3,0,1,2,0,8,0,998,0.0,107,30,35,7.7,5.0,9.1,85.7165713451162,2,6
24456,73,100,1-73-2021-100-09,9,1,1GDHG31R4112,17,472,1856,62,9,23,461,2001,21,4,21,0,1,F,9,2321,5,9999,9,0,998,2,80,1,8,0,995,0,7,0,04479,9,9,0,4,2,1,2,5,2,1,1,2,0,0,2,1,0,0,1,1,14,2,10,99,1,2,3,H,62,0,0,0,0,0,0,0,0,0,0,25,190,0,0,0,1,0,999,999,999,9999999,999,999,999,9,0,0,0,0,0,0,995,9.8,998,998,998,99.8,99.8,99.8,1380.64820295721,3,6
24456,73,100,1-73-2021-100-09,9,2,1GTHK39D06E1,17,472,1857,60,0,23,481,2006,34,5,31,0,1,R,9,1965,5,9999,9,0,998,2,80,1,8,0,995,0,7,0,04942,9,9,0,4,2,1,2,5,3,4,1,2,0,0,2,1,0,0,1,0,14,4,62,7,1,1,3,H,62,0,0,0,0,0,0,0,0,0,0,190,25,0,0,0,1,0,999,999,999,9999999,999,999,999,9,0,99,99,0,99,0,995,9.8,998,998,998,99.8,99.8,99.8,1380.64820295721,3,6
24458,16,118,1-16-2021-118-10,10,1,5NPDH4AE4BH0,17,498,2735,13,0,55,35,2011,4,1,3,0,1,L,1,1265,5,0,1,1,16,2,48,1,0,0,995,0,0,0,45242,9,9,1,3,2,2,2,1,2,4,1,3,0,0,1,1,6,2,1,1,14,2,10,99,1,2,2,F,47,0,0,0,0,0,0,0,0,0,0,320,350,0,0,0,1,5,999,999,999,9999999,999,999,17,2,0,0,0,0,0,0,995,0.8,999,51,999,4.0,1.0,4.4,3705.11073585324,5,6
24458,16,118,1-16-2021-118-10,10,2,3HSDZAPR0NN8,17,526,20852,66,0,84,881,2022,66,8,68,0,1,F,9,,,,,,,5,48,1,0,0,995,0,0,0,45414,9,9,1,3,2,1,2,1,2,4,3,2,0,0,1,1,6,2,1,0,14,4,61,99,1,1,2,F,45,,,,,,,,,,,,,,,,,,,,,,,,,,,95,95,95,95,,,9.8,998,998,998,99.8,99.8,99.8,3705.11073585324,5,6
24459,14,95,1-14-2021-095-02,2,1,JN1BJ1CP2KW5,17,478,17214,5,0,35,404,2019,14,3,14,0,1,F,2,1466,5,0,1,1,11,2,72,1,1,1,100,1,0,0,78133,1,2,2,4,2,1,2,1,2,2,1,2,0,0,3,1,2,2,3,1,14,2,12,4,2,4,1,B,6,0,0,0,0,0,0,0,0,0,0,998,998,0,0,1,1,1,31,-29,-11,74627,998,-56,31,0,4,1,1,0,4,0,998,1.1,999,30,38,9.0,2.4,9.4,428.860318493084,8,6
24461,31,99,1-31-2021-099-04,4,1,3FA6P0HD8HR2,17,460,1780,13,0,12,23,2017,4,1,4,0,1,F,1,1558,5,9999,9,1,41,2,89,1,0,0,995,0,0,0,62979,9,9,0,4,2,1,2,1,1,1,1,4,0,0,1,1,0,0,9,0,1,6,87,99,1,1,1,C,13,0,0,0,0,0,0,0,0,0,0,998,998,0,0,0,1,10,999,999,999,9999999,999,4,17,2,0,0,0,0,0,0,998,9.8,998,998,998,99.8,99.8,99.8,223.387528164507,6,6
24463,31,101,1-31-2021-101-09,9,1,3FADP4AJ7BM2,17,460,3267,13,0,12,32,2011,4,1,1,0,1,T,2,1160,5,9999,9,1,13,2,89,1,0,0,995,0,0,0,61523,9,9,0,4,2,1,2,2,2,1,1,2,0,0,1,2,0,0,9,1,14,2,12,99,2,4,1,B,7,1,4,2,6,1,4,61,1,2,17,997,997,0,0,0,1,6,999,999,999,9999999,999,999,999,7,0,9,97,0,99,3,997,9.8,998,998,998,99.8,99.8,99.8,298.659012686652,6,6
24464,27,104,1-27-2021-104-04,4,1,KNDCE3LC7H50,17,499,15705,7,0,63,403,2017,14,3,14,0,1,F,1,1436,5,0,1,1,8,2,64,1,0,9,998,8,0,9,12534,1,2,2,4,2,1,2,1,1,4,0,0,0,0,1,8,2,2,2,0,11,2,15,1,1,1,4,K,82,0,0,0,0,0,0,0,0,0,0,310,50,0,0,0,1,1,13,-12,4,14526,998,72,14,0,4,0,0,0,0,0,995,9.8,998,998,998,99.8,99.8,99.8,194.575704009047,3,6
24464,27,104,1-27-2021-104-04,4,2,1FTER4FH1KLA,17,460,1803,60,0,12,471,2019,34,5,30,0,1,R,1,2014,5,0,1,1,8,2,64,1,0,9,998,8,0,9,01201,1,2,2,4,4,2,2,1,1,1,3,2,0,0,1,8,0,0,1,0,1,4,67,7,1,1,4,K,83,0,0,0,0,0,0,0,0,0,0,50,310,0,0,0,1,1,10,-5,-8,7058,998,58,9,0,4,1,1,0,0,0,995,9.8,998,998,998,99.8,99.8,99.8,194.575704009047,3,6
24465,52,221,1-52-2021-221-03,3,1,1FADP3F20JL2,17,460,1779,13,0,12,37,2018,4,1,3,0,1,L,3,1340,5,0,1,1,12,2,40,1,1,1,137,2,9,0,59101,1,2,2,3,4,2,2,2,1,1,3,3,0,0,3,8,1,2,9,0,1,2,17,4,1,1,5,L,89,1,5,2,2,1,4,63,1,2,21,998,998,0,0,6,4,11,999,999,999,9999999,999,999,999,8,0,1,1,0,4,3,998,0.0,38,14,17,0.0,0.0,0.0,31.5968942382498,12,6
24465,52,221,1-52-2021-221-03,3,2,1HGCB7655LA1,17,474,1861,13,0,37,32,1990,4,1,3,0,1,F,9,1253,5,9999,9,0,998,2,40,1,0,0,995,0,0,0,59102,9,9,2,4,2,1,2,2,1,1,0,2,0,0,3,8,1,2,9,0,1,4,66,1,1,1,5,L,88,0,0,0,0,0,0,0,0,0,0,0,280,0,0,0,1,0,999,999,999,9999999,999,999,999,9,0,0,0,0,0,0,995,9.8,998,998,998,99.8,99.8,99.8,31.5968942382498,12,6
24466,28,106,1-28-2021-106-06,6,1,1FMJK1JT4GEF,17,460,1820,7,0,12,422,2016,15,3,15,0,1,L,2,2768,5,0,1,1,8,2,72,1,0,0,995,0,0,0,16901,1,2,0,4,2,1,2,3,1,1,1,2,0,0,2,9,0,0,1,1,1,1,5,4,2,4,1,B,7,0,0,0,0,0,0,0,0,0,0,996,996,0,0,1,1,7,999,999,999,9999999,999,999,999,7,0,1,1,0,4,0,996,0.6,26,26,118,24.2,3.4,24.3,47.2659314025208,3,6
24468,30,126,1-30-2021-126-06,6,1,WBA3B1C58EK1,17,452,2172,13,0,34,34,2014,4,1,4,0,1,F,2,1495,5,9999,9,0,998,2,89,1,9,0,995,0,9,0,85326,9,9,1,1,2,1,2,1,1,1,1,3,0,0,1,8,0,0,9,0,1,3,52,99,1,1,2,D,28,0,0,0,0,0,0,0,0,0,0,90,90,0,0,0,1,3,29,-28,5,59396,998,36,28,0,4,9,97,0,99,0,995,9.8,998,998,998,99.8,99.8,99.8,772.241726036765,10,6
24468,30,126,1-30-2021-126-06,6,2,4T3ZF13C92U4,17,448,2468,2,0,49,442,2002,20,4,20,0,1,B,2,1775,5,0,1,1,35,2,89,1,0,0,995,0,0,0,85326,9,9,1,1,2,1,2,1,1,1,1,3,0,0,1,8,0,0,1,0,2,3,53,99,1,1,2,D,29,0,0,0,0,0,0,0,0,0,0,90,90,0,0,0,1,3,28,28,-5,62251,998,43,28,0,4,0,0,0,0,0,995,9.8,998,998,998,99.8,99.8,99.8,772.241726036765,10,6
24469,30,127,1-30-2021-127-06,6,1,3VW5T7AJ1EM2,17,482,3137,13,0,30,40,2014,4,1,3,0,1,F,1,1307,8,0,1,1,26,2,64,1,0,0,995,0,0,0,85306,9,9,2,4,6,1,2,1,1,1,0,1,0,0,1,1,1,2,1,0,1,3,51,2,1,1,2,D,24,0,0,0,0,0,0,0,0,0,0,280,270,0,0,0,1,3,18,-18,0,14837,998,0,17,0,4,1,1,0,8,0,995,9.8,998,998,998,99.8,99.8,99.8,772.241725914386,10,6
24469,30,127,1-30-2021-127-06,6,2,JTJGZKCA9J20,17,515,2214,7,0,59,403,2018,14,3,14,0,1,B,1,2095,5,9999,9,0,998,5,64,1,0,0,995,0,0,0,85303,9,9,2,4,6,1,2,1,1,1,0,1,0,0,1,1,1,2,1,0,1,3,53,1,1,1,2,D,26,0,0,0,0,0,0,0,0,0,0,270,280,0,0,0,1,3,12,12,2,15279,998,-45,13,0,4,95,95,95,95,0,995,9.8,998,998,998,99.8,99.8,99.8,772.241725914386,10,6
24471,20,177,1-20-2021-177-07,7,1,3N1AB7APXEY3,17,478,1907,13,0,35,43,2014,4,1,3,0,1,F,3,1293,5,0,1,1,22,2,105,1,0,0,995,0,0,0,93906,9,1,0,2,2,2,2,2,1,1,3,2,0,0,2,8,0,0,2,0,1,3,50,8,1,1,2,F,48,0,0,0,0,0,0,0,0,0,0,330,200,0,0,0,1,3,57,-56,10,89784,998,36,40,0,4,0,0,0,0,0,995,9.9,999,999,999,99.9,99.9,99.9,350.462295612448,11,6
24471,20,177,1-20-2021-177-07,7,2,1B7HC16Y31S1,17,476,1938,60,0,7,482,2001,34,5,30,0,1,L,3,1932,5,9999,9,4,43,2,105,0,7,7,887,6,8,8,99998,8,8,0,2,2,2,2,2,1,1,3,2,0,0,2,8,0,0,0,8,0,3,53,0,0,0,2,F,48,0,0,0,0,0,0,0,0,0,0,200,330,0,0,0,1,3,41,-20,35,235301,998,-60,52,0,4,0,0,0,0,0,995,9.8,998,998,998,99.8,99.8,99.8,350.462295612448,11,6
24472,20,178,1-20-2021-178-09,9,1,2HGES267X3H6,17,474,1863,13,0,37,31,2003,4,1,2,0,1,F,9,1151,5,9999,9,0,998,2,56,1,0,0,995,0,0,0,93901,9,1,2,4,5,2,2,1,1,1,3,2,0,0,3,1,1,2,1,0,1,2,17,1,1,1,4,J,69,0,0,0,0,0,0,0,0,0,0,220,0,0,0,0,1,0,999,999,999,9999999,999,999,999,9,0,99,99,0,99,0,995,9.8,998,998,998,99.8,99.8,99.8,398.790095410269,11,6
24472,20,178,1-20-2021-178-09,9,2,1HGCG66862A0,17,474,1861,13,0,37,32,2002,4,1,3,0,1,F,9,1375,5,9999,9,0,998,7,56,1,0,0,995,0,0,0,93905,9,1,2,4,5,3,2,1,1,1,1,2,0,0,3,1,1,2,1,0,11,4,63,1,1,1,4,J,68,0,0,0,0,0,0,0,0,0,0,0,220,0,0,0,1,0,999,999,999,9999999,999,999,999,9,0,1,1,0,4,0,995,9.8,998,998,998,99.8,99.8,99.8,398.790095410269,11,6
24473,20,179,1-20-2021-179-03,3,1,1G1YU2D6XH56,17,467,1831,3,0,20,4,2017,2,1,3,0,1,F,1,1599,5,0,1,1,28,2,64,1,0,0,995,0,0,0,93933,2,9,2,4,5,2,2,2,1,2,3,1,0,0,1,2,0,0,1,1,1,1,6,99,4,2,3,I,64,0,0,0,0,0,0,0,0,0,0,20,230,0,0,0,1,3,13,-12,4,8928,998,72,10,0,4,99,99,0,99,0,995,9.8,998,998,998,99.8,99.8,99.8,46.6258975441124,11,6
24473,20,179,1-20-2021-179-03,3,2,5UXWX9C5XE0D,17,452,1719,7,0,34,402,2014,14,3,14,0,1,L,1,1845,5,0,1,1,25,2,64,1,0,0,995,0,0,0,93940,1,9,2,4,5,2,2,2,1,1,3,2,0,0,1,2,0,0,1,1,1,4,62,4,1,2,3,I,65,0,0,0,0,0,0,0,0,0,0,230,20,0,0,0,1,3,11,-7,9,14433,998,-20,14,0,4,1,1,0,99,0,995,0.0,15,85,9,0.0,0.0,0.0,46.6258975441124,11,6
24475,76,93,1-76-2021-093-07,7,1,2T2BC1BA5FC0,17,515,2214,7,0,59,403,2015,14,3,14,0,1,F,1,2110,5,0,1,1,14,2,89,1,8,9,998,8,7,9,11968,9,9,0,4,2,1,2,1,2,1,1,2,1,0,2,1,0,0,9,0,14,6,87,1,1,1,1,C,13,0,0,0,0,0,0,0,0,0,0,998,998,0,0,0,1,10,999,999,999,9999999,999,63,12,2,0,0,0,0,0,0,998,9.8,998,998,998,99.8,99.8,99.8,35.9791688105861,3,6
24476,26,198,1-26-2021-198-03,3,1,KNDJT2A6XD77,17,499,2460,7,0,63,37,2013,6,1,2,0,1,F,1,1260,5,0,1,1,30,2,56,1,0,0,995,0,0,0,95834,1,1,2,3,4,1,2,2,1,2,1,3,0,0,3,2,1,2,9,1,10,1,6,99,9,4,1,B,7,0,0,0,0,0,0,0,0,0,0,10,260,0,0,0,2,3,18,-18,-3,11339,998,-32,14,0,1,1,2,0,4,0,995,0.0,15,120,17,0.0,0.0,0.0,804.830079720976,10,6
24476,26,198,1-26-2021-198-03,3,2,5YFBURHEXHP6,17,448,2208,13,0,49,32,2017,4,1,3,0,1,L,1,1265,5,0,1,1,43,2,72,1,0,0,995,0,0,0,95834,9,1,2,1,4,3,2,2,1,2,3,0,0,0,3,2,1,2,1,0,2,4,67,4,1,1,6,M,98,0,0,0,0,0,0,0,0,0,0,260,10,0,0,0,2,3,17,-9,15,26939,998,77,20,0,1,99,99,0,99,0,995,9.8,998,998,998,99.8,99.8,99.8,804.830079720976,10,6
24477,26,199,1-26-2021-199-07,7,1,3TMJU4GN3FM1,17,448,2223,60,0,49,472,2015,34,5,30,0,1,F,1,1914,5,0,1,1,24,2,64,1,0,0,995,0,0,0,95691,9,9,2,1,4,4,2,1,1,4,1,0,0,0,2,8,1,2,1,0,11,2,15,2,1,1,4,J,68,0,0,0,0,0,0,0,0,0,0,230,90,0,0,0,1,1,20,-18,-10,53347,998,-100,23,0,1,0,0,0,0,0,995,9.8,998,998,998,99.8,99.8,99.8,4182.1301399063,10,6
24477,26,199,1-26-2021-199-07,7,2,JN1CV6AP9BM5,17,480,2337,13,0,58,37,2011,4,1,4,0,1,F,1,1602,5,0,1,1,24,2,64,1,0,1,0,2,0,0,95838,9,9,2,1,4,2,2,1,1,1,1,3,0,0,2,8,1,2,1,0,1,4,62,1,1,1,4,J,69,0,0,0,0,0,0,0,0,0,0,90,230,0,0,0,1,1,23,-23,4,26390,998,27,19,0,1,2,9,0,4,0,995,9.8,998,998,998,99.8,99.8,99.8,4182.1301399063,10,6
24478,77,108,1-77-2021-108-04,4,1,1FMCU9GD5JUB,17,460,1798,7,0,12,402,2018,14,3,14,0,1,F,1,1668,5,0,1,1,22,3,89,1,0,0,995,0,0,0,22937,9,9,0,4,2,1,2,1,2,4,1,2,1,0,2,1,0,0,1,0,14,6,87,7,1,1,1,C,13,0,0,0,0,0,0,0,0,0,0,998,998,0,0,0,1,12,999,999,999,9999999,999,999,999,6,0,0,0,0,0,0,998,9.8,998,998,998,99.8,99.8,99.8,1024.99370644963,9,6
24479,76,94,1-76-2021-094-04,4,1,5NPEG4JA4MH1,17,498,2459,13,0,55,33,2021,4,1,4,0,1,9,9,1527,5,9999,9,0,998,2,89,1,8,0,995,0,7,0,23666,9,9,0,4,2,1,2,5,2,4,1,2,0,0,1,10,0,0,9,1,14,1,5,99,3,4,1,A,2,0,0,0,0,0,0,0,0,0,0,998,998,0,0,0,1,0,999,999,999,9999999,999,999,999,9,0,0,0,0,0,0,998,1.0,999,999,999,6.2,1.0,6.4,19.365240388347,3,6
24480,16,119,1-16-2021-119-03,3,1,5TDZZ3DC3LS0,17,448,2468,2,0,49,442,2020,20,4,20,0,1,L,1,2010,5,0,1,1,46,2,56,1,0,0,995,0,0,0,45224,9,9,2,4,6,3,2,1,1,1,1,1,0,0,3,1,1,2,1,0,1,2,17,4,1,1,5,L,89,0,0,0,0,0,0,0,0,0,0,305,50,0,0,0,1,3,7,-4,6,8958,998,95,9,0,4,99,99,0,8,0,995,9.8,998,998,998,99.8,99.8,99.8,218.343230403461,5,6
24480,16,119,1-16-2021-119-03,3,2,1N4AL21E48C2,17,478,1904,13,0,35,47,2008,4,1,4,0,1,F,1,1429,5,9999,9,0,998,2,56,1,0,0,995,0,0,0,45224,9,9,2,1,5,4,2,1,1,1,3,1,0,0,3,1,1,2,1,0,1,2,17,99,1,1,5,L,88,0,0,0,0,0,0,0,0,0,0,50,305,0,0,0,1,3,10,-9,-3,4031,998,-75,7,0,4,0,0,0,0,0,995,9.8,998,998,998,99.8,99.8,99.8,218.343230403461,5,6
24481,15,113,1-15-2021-113-06,6,1,5N1AT2MV7GC8,17,478,1913,8,0,35,51,2016,6,1,3,0,1,L,1,1610,5,0,1,2,59,5,48,1,8,0,995,0,7,0,06810,9,9,2,4,2,1,2,1,1,1,1,2,0,0,3,1,0,0,9,0,1,2,17,99,1,1,5,L,89,0,0,0,0,0,0,0,0,0,0,180,270,0,0,0,1,3,12,-2,12,13322,998,22,14,0,4,95,95,95,95,0,995,9.8,998,998,998,99.8,99.8,99.8,80.8401984618146,1,6
24481,15,113,1-15-2021-113-06,6,2,1C4RJFBG3EC1,17,483,1949,7,0,2,422,2014,15,3,15,0,1,F,1,1862,5,9999,9,4,65,2,48,1,8,0,995,0,7,0,11550,1,1,2,4,2,1,2,1,1,1,0,0,0,0,3,1,2,2,9,0,1,4,66,1,1,1,5,L,88,0,0,0,0,0,0,0,0,0,0,270,180,0,0,0,1,3,10,-10,-2,5036,998,-38,8,0,4,0,0,0,4,0,995,9.8,998,998,998,99.8,99.8,99.8,80.8401984618146,1,6
24481,15,113,1-15-2021-113-06,6,3,JTJBT20X0601,17,515,2215,7,0,59,402,2006,14,3,14,0,2,B,9,2150,5,9999,9,0,998,,,,,,,,,,,,,,,,,,,,,,,,,,,,,,,,,,,,,,,,,,,,,,,,,,,,,,,,,,,,,,,,,,95,95,95,95,,,,,,,,,,80.8401984618146,1,6
24485,23,146,1-23-2021-146-02,2,1,2T3H1RFV6LC0,17,448,2217,7,0,49,402,2020,14,3,14,0,1,F,2,1528,5,0,1,1,33,2,89,1,1,0,995,0,7,0,43315,1,9,0,4,2,1,4,3,1,4,9,9,0,0,1,1,0,0,1,1,1,1,6,98,3,4,1,A,2,0,0,0,0,0,0,0,0,0,0,998,998,0,0,1,1,1,25,-24,9,39431,998,8,25,0,4,9,97,0,8,0,998,9.9,999,999,999,10.2,3.2,10.7,66.3082507877633,5,6
24486,23,147,1-23-2021-147-10,10,1,1G1ZG57B9842,17,467,1834,13,0,20,37,2008,4,1,4,0,1,F,9,1569,5,9999,9,0,998,2,72,1,8,0,995,0,7,0,48833,9,9,0,4,2,1,2,2,1,1,1,2,0,0,2,8,0,0,1,0,1,3,50,99,1,1,2,D,20,0,0,0,0,0,0,0,0,0,0,90,90,0,0,0,1,0,999,999,999,9999999,999,999,999,9,0,0,0,0,5,0,995,9.8,998,998,998,99.8,99.8,99.8,2232.78932005458,5,6
24486,23,147,1-23-2021-147-10,10,2,1GC1KVE87GF1,17,467,1850,60,0,20,481,2016,34,5,31,0,1,B,9,3349,4,9999,9,0,998,5,72,1,0,0,995,0,0,0,44904,9,9,0,4,2,1,2,2,1,1,1,2,0,0,2,8,0,0,1,0,5,3,53,99,1,1,2,D,21,0,0,0,0,0,0,0,0,0,0,90,90,0,0,0,1,0,999,999,999,9999999,999,999,999,9,0,95,95,95,95,0,995,9.8,998,998,998,99.8,99.8,99.8,2232.78932005458,5,6
24492,17,105,1-17-2021-105-01,1,1,1J8HG58NX8C2,17,483,1948,7,0,2,406,2008,14,3,14,0,1,F,3,2326,5,0,1,1,15,2,89,1,9,1,182,4,9,2,61283,9,9,2,4,2,1,2,2,1,1,1,4,0,0,2,5,0,0,9,1,1,2,13,99,9,4,1,A,1,0,0,0,0,0,0,0,0,0,0,998,998,0,0,0,1,1,61,-61,0,339877,998,0,60,0,1,9,97,0,1,0,998,3.8,999,999,999,7.1,42.1,43.0,76.4601659136161,4,6
24498,13,138,1-13-2021-138-05,5,1,19XFB2F59FE0,17,474,1863,13,0,37,31,2015,4,1,3,0,1,L,3,1230,5,0,1,1,23,2,56,1,8,1,101,2,7,2,76011,2,9,0,5,5,1,2,1,1,1,1,3,0,0,3,1,0,0,9,1,12,2,10,1,1,2,6,M,98,0,0,0,0,0,0,0,0,0,0,300,0,0,0,0,1,1,43,15,41,110812,998,31,46,0,1,1,1,0,4,0,995,9.8,998,998,998,99.8,99.8,99.8,115.164878168096,7,6
24498,13,138,1-13-2021-138-05,5,2,KM8SC13D25U9,17,498,2057,7,0,55,401,2005,14,3,14,0,1,F,2,1585,5,0,1,1,18,2,56,1,8,1,27,2,7,0,75050,2,9,0,5,5,2,2,1,1,1,3,2,0,0,3,1,0,0,9,0,1,4,61,99,1,1,6,M,98,0,0,0,0,0,0,0,0,0,0,0,300,0,0,0,1,1,34,-33,-6,60085,998,3,31,0,1,3,10,1,3,0,995,9.8,998,998,998,99.8,99.8,99.8,115.164878168096,7,6
24499,13,139,1-13-2021-139-02,2,1,KMHRC8A33NU1,17,498,26441,15,0,55,406,2022,14,3,14,0,1,F,2,1201,5,0,1,1,19,2,113,1,1,1,244,1,7,0,76140,2,9,0,2,4,3,2,1,1,9,3,3,0,0,3,1,0,0,9,1,1,1,9,99,9,4,1,B,7,0,0,0,0,0,0,0,0,0,0,998,998,0,0,0,1,12,999,999,999,9999999,999,999,999,7,0,2,5,0,4,0,998,3.7,999,999,999,9.7,4.5,10.7,40.4810613193328,7,6
24502,52,222,1-52-2021-222-03,3,1,KNDPMCAC9J74,17,499,2770,7,0,63,401,2018,14,3,14,0,1,F,2,1696,5,0,1,1,28,2,105,1,0,0,995,0,0,0,59014,9,9,0,4,2,1,2,1,1,1,1,2,3,3,4,1,0,0,9,0,1,6,87,4,1,1,1,C,13,0,0,0,0,0,0,0,0,0,0,998,998,0,0,0,1,10,999,999,999,9999999,999,999,999,7,0,9,97,0,99,0,998,9.8,998,998,998,99.8,99.8,99.8,91.6048874041232,12,6
24508,16,120,1-16-2021-120-10,10,1,JTKKT6048601,17,448,2206,5,0,49,48,2006,5,1,1,0,1,R,1,1080,5,0,1,1,48,2,40,1,0,0,995,0,0,0,45241,9,9,2,4,2,1,2,2,1,1,0,0,0,0,1,1,2,2,9,0,11,2,15,99,1,1,4,K,76,0,0,0,0,0,0,0,0,0,0,110,105,0,0,0,1,5,999,999,999,9999999,999,999,7,1,0,0,0,0,0,0,995,9.8,998,998,998,99.8,99.8,99.8,5507.7834813638,5,6
24508,16,120,1-16-2021-120-10,10,2,1M2AV04C6HM0,17,490,2032,11,0,86,882,2017,63,8,60,0,1,L,9,,,,,,,5,48,1,0,0,995,0,0,0,41011,9,9,2,4,2,1,2,2,1,1,0,2,0,0,1,1,0,0,1,0,1,4,65,99,1,1,4,K,77,,,,,,,,,,,,,,,,,,,,,,,,,,,95,95,95,95,,,9.8,998,998,998,99.8,99.8,99.8,5507.7834813638,5,6